$MeshFormat
4.1 0 8
$EndMeshFormat
$PhysicalNames
5
1 2 "Inflow"
1 3 "Outflow"
1 4 "Walls"
1 5 "Obstacle"
2 1 "Volume"
$EndPhysicalNames
$Entities
10 8 1 0
1 0 0 0 0 
2 2 0 0 0 
3 2 1 0 0 
4 0 1 0 0 
5 0.4 0.6 0 0 
6 0.4 0.5 0 0 
7 0.4 0.4 0 0 
8 0.6 0.6 0 0 
9 0.6 0.5 0 0 
10 0.6 0.4 0 0 
1 0 0 0 0 1 0 1 2 2 4 -1 
2 0 0 0 2 0 0 1 4 2 1 -2 
3 2 0 0 2 1 0 1 3 2 2 -3 
4 0 1 0 2 1 0 1 4 2 3 -4 
5 0.3015192246987792 0.4 0 0.4 0.6 0 1 5 2 5 -7 
6 0.4 0.4 0 0.6 0.4 0 1 5 2 7 -10 
7 0.6 0.4 0 0.6 0.6 0 1 5 2 10 -8 
8 0.4 0.6 0 0.6 0.6 0 1 5 2 8 -5 
1 0 0 0 2 1 0 1 1 8 1 2 3 4 -8 -7 -6 -5 
$EndEntities
$Nodes
17 1294 1 1294
0 1 0 1
1
0 0 0
0 2 0 1
2
2 0 0
0 3 0 1
3
2 1 0
0 4 0 1
4
0 1 0
0 5 0 1
5
0.4 0.6 0
0 7 0 1
6
0.4 0.4 0
0 8 0 1
7
0.6 0.6 0
0 10 0 1
8
0.6 0.4 0
1 1 0 24
9
10
11
12
13
14
15
16
17
18
19
20
21
22
23
24
25
26
27
28
29
30
31
32
0 0.9599999999998334 0
0 0.9199999999996669 0
0 0.879999999999508 0
0 0.8399999999997222 0
0 0.7999999999999997 0
0 0.7600000000002772 0
0 0.7200000000005549 0
0 0.6800000000008324 0
0 0.6400000000011098 0
0 0.6000000000013872 0
0 0.5600000000016645 0
0 0.5200000000019419 0
0 0.4800000000019974 0
0 0.4400000000018309 0
0 0.4000000000016645 0
0 0.360000000001498 0
0 0.3200000000013316 0
0 0.2800000000011651 0
0 0.2400000000009987 0
0 0.2000000000008322 0
0 0.1600000000006658 0
0 0.1200000000004994 0
0 0.08000000000033292 0
0 0.04000000000016646 0
1 2 0 34
33
34
35
36
37
38
39
40
41
42
43
44
45
46
47
48
49
50
51
52
53
54
55
56
57
58
59
60
61
62
63
64
65
66
0.04000322269215344 0 0
0.08080658052262484 0 0
0.1224260574313414 0 0
0.1648779952141355 0 0
0.2081790391214131 0 0
0.252346169506404 0 0
0.297396712655437 0 0
0.3433483484014548 0 0
0.3902190862038197 0 0
0.4380273112509778 0 0
0.4867917799216221 0 0
0.5365316225248589 0 0
0.5872663394378069 0 0
0.6390158302318308 0 0
0.6918003914789916 0 0
0.7456407274959466 0 0
0.8005579686172803 0 0
0.8565736326708723 0 0
0.9137097028179194 0 0
0.9719885873377224 0 0
1.031433142108212 0 0
1.092066684080929 0 0
1.1539129909914 0 0
1.216996329432946 0 0
1.281341430106934 0 0
1.346973542866382 0 0
1.413918399186389 0 0
1.482202262893303 0 0
1.551851909302373 0 0
1.622894675930336 0 0
1.695358387943037 0 0
1.769271521540618 0 0
1.844663000342679 0 0
1.921562466491743 0 0
1 3 0 12
67
68
69
70
71
72
73
74
75
76
77
78
2 0.0769230769229268 0
2 0.1538461538458463 0
2 0.230769230768699 0
2 0.3076923076915516 0
2 0.3846153846144044 0
2 0.4615384615372571 0
2 0.5384615384603233 0
2 0.6153846153836027 0
2 0.6923076923068823 0
2 0.7692307692301616 0
2 0.8461538461534411 0
2 0.9230769230767206 0
1 4 0 34
79
80
81
82
83
84
85
86
87
88
89
90
91
92
93
94
95
96
97
98
99
100
101
102
103
104
105
106
107
108
109
110
111
112
1.921562466491703 1 0
1.8446630003426 1 0
1.769271521540503 1 0
1.695358387943489 1 0
1.622894675931539 1 0
1.551851909304297 1 0
1.482202262895919 1 0
1.41391839918967 1 0
1.3469735428703 1 0
1.281341430111462 1 0
1.21699632943806 1 0
1.153912990997074 1 0
1.092066684087142 1 0
1.031433142114939 1 0
0.9719885873444747 1 0
0.9137097028241896 1 0
0.8565736326766762 1 0
0.8005579686226343 1 0
0.7456407275008645 1 0
0.6918003914834885 1 0
0.6390158302359232 1 0
0.5872663394415074 1 0
0.5365316225281827 1 0
0.486791779924582 1 0
0.4380273112535873 1 0
0.3902190862060915 1 0
0.3433483484033997 1 0
0.2973967126570667 1 0
0.2523461695077307 1 0
0.2081790391225056 1 0
0.1648779952150052 1 0
0.1224260574319957 1 0
0.0808065805230449 1 0
0.0400032226923559 1 0
1 5 0 15
113
114
115
116
117
118
119
120
121
122
123
124
125
126
127
0.3804909677617771 0.5980785280330408 0
0.3617316566716815 0.5923879532130999 0
0.3444429765577807 0.5831469611365364 0
0.3292893217341906 0.5707106779715001 0
0.3168530386430857 0.5555570231124004 0
0.3076120466533535 0.5382683430059083 0
0.3019214719034234 0.5195090319188068 0
0.3 0.4999999996230667 0
0.301921472023558 0.4804909674772357 0
0.3076120468609178 0.461731656492987 0
0.3168530389234728 0.4444429764679706 0
0.3292893220313216 0.4292893217313689 0
0.3444429768078954 0.4168530386963424 0
0.3617316568531661 0.4076120467117267 0
0.3804909678623072 0.4019214719469625 0
1 6 0 9
128
129
130
131
132
133
134
135
136
0.4199999999999589 0.4 0
0.4399999999999176 0.4 0
0.4599999999998547 0.4 0
0.4799999999997919 0.4 0
0.4999999999997615 0.4 0
0.5199999999997962 0.4 0
0.5399999999998635 0.4 0
0.559999999999896 0.4 0
0.5799999999999546 0.4 0
1 7 0 9
137
138
139
140
141
142
143
144
145
0.6 0.4199999999999589 0
0.6 0.4399999999999176 0
0.6 0.4599999999998547 0
0.6 0.4799999999997919 0
0.6 0.4999999999997615 0
0.6 0.5199999999997962 0
0.6 0.5399999999998635 0
0.6 0.559999999999896 0
0.6 0.5799999999999546 0
1 8 0 9
146
147
148
149
150
151
152
153
154
0.5799999999999436 0.6 0
0.5599999999999956 0.6 0
0.5400000000000477 0.6 0
0.520000000000143 0.6 0
0.5000000000002927 0.6 0
0.4800000000002471 0.6 0
0.4600000000001734 0.6 0
0.4400000000001301 0.6 0
0.4200000000000563 0.6 0
2 1 0 1140
155
156
157
158
159
160
161
162
163
164
165
166
167
168
169
170
171
172
173
174
175
176
177
178
179
180
181
182
183
184
185
186
187
188
189
190
191
192
193
194
195
196
197
198
199
200
201
202
203
204
205
206
207
208
209
210
211
212
213
214
215
216
217
218
219
220
221
222
223
224
225
226
227
228
229
230
231
232
233
234
235
236
237
238
239
240
241
242
243
244
245
246
247
248
249
250
251
252
253
254
255
256
257
258
259
260
261
262
263
264
265
266
267
268
269
270
271
272
273
274
275
276
277
278
279
280
281
282
283
284
285
286
287
288
289
290
291
292
293
294
295
296
297
298
299
300
301
302
303
304
305
306
307
308
309
310
311
312
313
314
315
316
317
318
319
320
321
322
323
324
325
326
327
328
329
330
331
332
333
334
335
336
337
338
339
340
341
342
343
344
345
346
347
348
349
350
351
352
353
354
355
356
357
358
359
360
361
362
363
364
365
366
367
368
369
370
371
372
373
374
375
376
377
378
379
380
381
382
383
384
385
386
387
388
389
390
391
392
393
394
395
396
397
398
399
400
401
402
403
404
405
406
407
408
409
410
411
412
413
414
415
416
417
418
419
420
421
422
423
424
425
426
427
428
429
430
431
432
433
434
435
436
437
438
439
440
441
442
443
444
445
446
447
448
449
450
451
452
453
454
455
456
457
458
459
460
461
462
463
464
465
466
467
468
469
470
471
472
473
474
475
476
477
478
479
480
481
482
483
484
485
486
487
488
489
490
491
492
493
494
495
496
497
498
499
500
501
502
503
504
505
506
507
508
509
510
511
512
513
514
515
516
517
518
519
520
521
522
523
524
525
526
527
528
529
530
531
532
533
534
535
536
537
538
539
540
541
542
543
544
545
546
547
548
549
550
551
552
553
554
555
556
557
558
559
560
561
562
563
564
565
566
567
568
569
570
571
572
573
574
575
576
577
578
579
580
581
582
583
584
585
586
587
588
589
590
591
592
593
594
595
596
597
598
599
600
601
602
603
604
605
606
607
608
609
610
611
612
613
614
615
616
617
618
619
620
621
622
623
624
625
626
627
628
629
630
631
632
633
634
635
636
637
638
639
640
641
642
643
644
645
646
647
648
649
650
651
652
653
654
655
656
657
658
659
660
661
662
663
664
665
666
667
668
669
670
671
672
673
674
675
676
677
678
679
680
681
682
683
684
685
686
687
688
689
690
691
692
693
694
695
696
697
698
699
700
701
702
703
704
705
706
707
708
709
710
711
712
713
714
715
716
717
718
719
720
721
722
723
724
725
726
727
728
729
730
731
732
733
734
735
736
737
738
739
740
741
742
743
744
745
746
747
748
749
750
751
752
753
754
755
756
757
758
759
760
761
762
763
764
765
766
767
768
769
770
771
772
773
774
775
776
777
778
779
780
781
782
783
784
785
786
787
788
789
790
791
792
793
794
795
796
797
798
799
800
801
802
803
804
805
806
807
808
809
810
811
812
813
814
815
816
817
818
819
820
821
822
823
824
825
826
827
828
829
830
831
832
833
834
835
836
837
838
839
840
841
842
843
844
845
846
847
848
849
850
851
852
853
854
855
856
857
858
859
860
861
862
863
864
865
866
867
868
869
870
871
872
873
874
875
876
877
878
879
880
881
882
883
884
885
886
887
888
889
890
891
892
893
894
895
896
897
898
899
900
901
902
903
904
905
906
907
908
909
910
911
912
913
914
915
916
917
918
919
920
921
922
923
924
925
926
927
928
929
930
931
932
933
934
935
936
937
938
939
940
941
942
943
944
945
946
947
948
949
950
951
952
953
954
955
956
957
958
959
960
961
962
963
964
965
966
967
968
969
970
971
972
973
974
975
976
977
978
979
980
981
982
983
984
985
986
987
988
989
990
991
992
993
994
995
996
997
998
999
1000
1001
1002
1003
1004
1005
1006
1007
1008
1009
1010
1011
1012
1013
1014
1015
1016
1017
1018
1019
1020
1021
1022
1023
1024
1025
1026
1027
1028
1029
1030
1031
1032
1033
1034
1035
1036
1037
1038
1039
1040
1041
1042
1043
1044
1045
1046
1047
1048
1049
1050
1051
1052
1053
1054
1055
1056
1057
1058
1059
1060
1061
1062
1063
1064
1065
1066
1067
1068
1069
1070
1071
1072
1073
1074
1075
1076
1077
1078
1079
1080
1081
1082
1083
1084
1085
1086
1087
1088
1089
1090
1091
1092
1093
1094
1095
1096
1097
1098
1099
1100
1101
1102
1103
1104
1105
1106
1107
1108
1109
1110
1111
1112
1113
1114
1115
1116
1117
1118
1119
1120
1121
1122
1123
1124
1125
1126
1127
1128
1129
1130
1131
1132
1133
1134
1135
1136
1137
1138
1139
1140
1141
1142
1143
1144
1145
1146
1147
1148
1149
1150
1151
1152
1153
1154
1155
1156
1157
1158
1159
1160
1161
1162
1163
1164
1165
1166
1167
1168
1169
1170
1171
1172
1173
1174
1175
1176
1177
1178
1179
1180
1181
1182
1183
1184
1185
1186
1187
1188
1189
1190
1191
1192
1193
1194
1195
1196
1197
1198
1199
1200
1201
1202
1203
1204
1205
1206
1207
1208
1209
1210
1211
1212
1213
1214
1215
1216
1217
1218
1219
1220
1221
1222
1223
1224
1225
1226
1227
1228
1229
1230
1231
1232
1233
1234
1235
1236
1237
1238
1239
1240
1241
1242
1243
1244
1245
1246
1247
1248
1249
1250
1251
1252
1253
1254
1255
1256
1257
1258
1259
1260
1261
1262
1263
1264
1265
1266
1267
1268
1269
1270
1271
1272
1273
1274
1275
1276
1277
1278
1279
1280
1281
1282
1283
1284
1285
1286
1287
1288
1289
1290
1291
1292
1293
1294
0.6138258268485198 0.5096249558446406 0
0.6176013163221037 0.4096753605082582 0
1.064192440433552 0.9481182592566061 0
1.060652273670825 0.0515740555330552 0
0.6178822914924051 0.5897376971967885 0
0.3461675039940899 0.3965462282570035 0
0.3450843827278054 0.6027398933372359 0
1.307322212738775 0.05377060662746076 0
1.316436805603136 0.9455482046363853 0
0.4071980568840521 0.3788516399464008 0
0.488690526816031 0.3824051448200796 0
0.5709383064710142 0.3827131889701458 0
0.4083177484495713 0.6177897040736736 0
0.4900000000002637 0.616578851610425 0
0.5687021552936993 0.6183623480594412 0
0.6188620411430342 0.611255440461838 0
0.6369382367147991 0.6000865731279487 0
0.6180079736807382 0.3891407248932356 0
0.636898302568278 0.4000214452492309 0
1.933055404290415 0.501435528603152 0
0.03384557445642715 0.2190006271604313 0
0.03239127766591977 0.7861544054144722 0
0.637170763104266 0.6229236847176483 0
0.6576226738633776 0.6112212719261487 0
0.6370686846185023 0.3771434149535496 0
0.6577317921089274 0.3887842743161747 0
0.2972601068181223 0.4450843826117614 0
0.2987669415407915 0.5540028251183413 0
0.281973688704244 0.516451897620445 0
0.6576446179573634 0.635789952793391 0
0.6806256483324421 0.6224460988604117 0
0.6580082575292516 0.3639178942721206 0
0.68040581381679 0.3765376183868889 0
1.51446983898542 0.05776853916513081 0
1.515337923317312 0.9400009790595153 0
0.2703154923792397 0.03504161510754573 0
0.2721824642578201 0.9648377078675079 0
0.67952619831871 0.6487503488992206 0
0.7047790513248775 0.6353104654284172 0
0.6548794140619827 0.6610499207266246 0
0.680398405238596 0.3500062543496633 0
0.7043313678146644 0.3633563106725578 0
0.6570349553827011 0.3396004136181195 0
0.7037686747828303 0.3952936314198101 0
0.7287040464519916 0.3779290805117167 0
0.7296959186728964 0.3478827514696613 0
0.7562646958584824 0.3637841734932383 0
0.7559901649644856 0.3935253268823318 0
0.7844933277042898 0.3804595651101038 0
0.7840585132656648 0.4128661118908211 0
0.8140850726950363 0.3983532537610661 0
0.8121235014001341 0.4337293778759079 0
0.844290051000661 0.4180916950291326 0
0.8423865733938751 0.4558849344983243 0
0.8767335531376199 0.4379503635807691 0
0.8742660564260715 0.4784651629338966 0
0.9111506886415015 0.4585538843259183 0
0.9080695353893399 0.5021618073645534 0
0.9474058769996672 0.4802153914004062 0
0.7032710141673174 0.6640940028182231 0
0.03052829808568969 0.3416387858129817 0
0.02882854683871853 0.6606334240196973 0
0.9450499230614 0.5251564968146001 0
0.9859728355697592 0.5029503483726463 0
0.4181868917657611 0.04643243202618171 0
0.4120204861139731 0.9640880991491977 0
0.8154586624378177 0.3635085105405799 0
0.9075453321044801 0.4162958957041157 0
0.9834950578801467 0.5492352688094151 0
1.025918322617324 0.5280485525888051 0
1.027662926142555 0.4794572550290367 0
1.068734004120471 0.5039264470439062 0
1.070455765514701 0.453672772918423 0
1.114501636843462 0.4822291789512664 0
0.879660809871908 0.943995748716394 0
1.066997486769212 0.5487481066651843 0
0.7299353341046567 0.6497557166832543 0
0.7299067042376995 0.6802294144817689 0
0.03092021134782937 0.4548109189607856 0
0.5637265747726247 0.9559568767398312 0
0.5594301331052154 0.04142827418989233 0
1.115781282271479 0.4283066034518405 0
1.160245418870144 0.4603464639310842 0
0.6815831016461815 0.5963635286749986 0
0.757811067699702 0.6640332875771862 0
0.7572156026589009 0.6979876746109753 0
0.7304553200845746 0.7138880813492843 0
0.7158484119456596 0.04411034402095582 0
0.7901240504012581 0.6748837386534291 0
0.8826106419898991 0.04877772008413279 0
1.163203558905138 0.4038604425316253 0
1.209654383984518 0.4328279754925701 0
1.206325501562342 0.4909463036903589 0
1.257234579845985 0.4629488812919274 0
1.255418416511866 0.5195682244842496 0
1.30679474088071 0.492289616325973 0
1.304766590324074 0.5509226242456693 0
1.357187097730335 0.5223477455057055 0
1.308302730015208 0.4337707259460502 0
1.737523620924514 0.9304853512732253 0
1.721643612920505 0.06370510512316922 0
1.355804696274588 0.5824218501629996 0
1.409473076649344 0.5537377169189384 0
1.305943966209702 0.6108038521450372 0
1.116174155415107 0.3743010471023804 0
0.7586218078835306 0.7320980493352303 0
0.7280588463731359 0.7506183103860893 0
0.1462762506930606 0.04188076113818609 0
0.1436520263235005 0.963596009572333 0
0.7533036122860874 0.636041127393372 0
0.7820775944668259 0.4472079884473363 0
1.165042679305104 0.3497275197896824 0
1.406865506866473 0.6167385355801183 0
1.462582742015404 0.588718206547027 0
1.464778892547234 0.5236201046673021 0
1.51967321651372 0.5581927842621334 0
1.521535111980449 0.49322489802411 0
1.516939469872514 0.6241337337695074 0
1.575631498966939 0.5930161084353679 0
0.7580220118981321 0.7698889393699977 0
0.7239445827970692 0.7885551710294791 0
0.6920279212684618 0.7627839942057176 0
1.116814033139487 0.3195812159889257 0
1.937784090610835 0.7353316702746079 0
1.941633793779964 0.2700902956940527 0
0.6892047661708207 0.8056970833046688 0
0.6562226750778953 0.7851895845607112 0
1.166881571263385 0.293932385101576 0
0.942029956672184 0.5702629416106932 0
1.57277433987497 0.6594315893377148 0
1.632857340430064 0.6285028890319833 0
1.183366634278074 0.9478029947597753 0
0.03368728406281443 0.5401486880575386 0
0.0334867267546802 0.1400929595016506 0
0.03449185293620098 0.8597897336067473 0
0.8393912388367077 0.49505810365229 0
1.635239250271854 0.5606637949504044 0
0.7565957799108581 0.8088048222357186 0
0.7935045313594615 0.7892716274583265 0
0.4499439777972746 0.3837302122008236 0
0.4498221284284017 0.6189440299864667 0
0.5298291604034807 0.6185224041406494 0
0.5302699653999106 0.3824571086765953 0
0.6156031066387918 0.4703131385249995 0
0.6550003780219317 0.4092207856384465 0
0.9807920826028168 0.5958560122839744 0
0.939420374487786 0.6161189284787534 0
0.9778363877097275 0.6425179667561561 0
0.9367933072245396 0.6615956428039004 0
0.9764244937278473 0.6887385859335444 0
0.7571751630584143 0.3312318081152371 0
1.513388473688711 0.6905464874248814 0
0.6180179741772968 0.5478462453458414 0
1.183922627152911 0.05428598933410746 0
0.7285440133457723 0.3152819849830589 0
0.756873727309349 0.2975484898857486 0
0.7285713496463417 0.2800869004546421 0
0.7569429657577956 0.2612871556390624 0
0.727109408777341 0.243166807354545 0
0.7569682057973048 0.2238349052002597 0
0.7872360062665337 0.247505080647677 0
0.7233772231320632 0.2048527412803004 0
0.6906967318552764 0.2304666212304798 0
0.6884872325511653 0.187322640461793 0
0.6551021334325995 0.2077264875537767 0
1.019233757574325 0.6685304545331772 0
1.015986333047323 0.7187795167862396 0
1.061949524829778 0.6960344970751835 0
0.9707178621988203 0.7397917201159515 0
1.117892775229415 0.2642574184520208 0
1.069420261111786 0.2907425619126726 0
0.7540113965149967 0.1852128551277704 0
1.05840534028714 0.7489263869480949 0
1.10652683638932 0.724718227718212 0
1.693645901257442 0.5966378168681602 0
1.695946406044775 0.5272922830654524 0
1.691089095966819 0.6659213416683183 0
0.6535761488781029 0.824777050143652 0
0.6214706381326529 0.8027288122146438 0
1.569465855661903 0.7264132001632091 0
0.6237438379586985 0.7654808420307836 0
0.5913210485593465 0.781462603492876 0
0.5944368143590247 0.746393290481999 0
0.5628269789579067 0.7617992058978706 0
0.5593489845762704 0.7967088909427774 0
0.5302672134073373 0.7768284810047217 0
0.527284769335525 0.8118948712563947 0
0.4988065462988654 0.7910948184972946 0
0.5016914050492509 0.7575129626895789 0
0.4715442220398709 0.7709915607515773 0
0.4733480560996628 0.7405470366674989 0
0.4452173236698158 0.7524183417242846 0
0.4416163353559899 0.7842401366804943 0
0.4156687696390962 0.7649869884180918 0
0.4114866365714046 0.7975281512846957 0
0.3854376544368867 0.7775417850013326 0
0.3891298057928493 0.7454957770454018 0
0.3596072419116906 0.7578157777426974 0
0.3537857818721285 0.7897775913898188 0
0.3294271798175262 0.7696944201856546 0
0.3347034264614011 0.738777196683682 0
0.3042006852056315 0.7499470821041319 0
0.2995795867619827 0.781006418011099 0
0.2748629730311853 0.7600410191311254 0
0.2792972032622816 0.7295339244033788 0
0.2497826885887626 0.7401091226112531 0
0.2550664480554823 0.7093765857158607 0
0.2486756342814417 0.7731981381247907 0
0.2255975003058794 0.7199263022598071 0
0.230911919460675 0.6893378148605721 0
0.2012441782722805 0.7000010377305974 0
0.2070534313118486 0.669321975096303 0
0.2356349723062933 0.6590513204370327 0
0.2131049831229723 0.6392758600120809 0
0.1838133541342887 0.6493719246443407 0
0.1903800594080685 0.6191272332077272 0
0.4955550316224044 0.8258467896701323 0
0.2873487788759791 0.6959611324199536 0
0.4995912331225312 0.7295005845741419 0
0.1607747877991461 0.6287533608078956 0
0.1669988035316304 0.5986670137551791 0
0.1962407738922808 0.5893436731886299 0
0.1734245348085258 0.5691059284684066 0
0.153265581415325 0.6582418613144742 0
0.4486106698625709 0.7262367128271334 0
0.1955509834986832 0.7315121225087881 0
0.2012630337598458 0.5601727729479155 0
0.1796237721519872 0.5401761352927419 0
0.1367632480199672 0.6084174782471657 0
0.2412146268310217 0.6299081124487168 0
0.6535522326480836 0.1684888082663272 0
0.6214477790651002 0.1904158435439324 0
0.6219910526226375 0.2272797439759985 0
0.5905228107076725 0.2115440162143593 0
0.5914772822700357 0.2467556839827401 0
0.5609771696340297 0.2307092286927127 0
0.56145767558575 0.2638591373621333 0
0.5328329112455181 0.2487545882721421 0
0.5305730478984563 0.215434871020585 0
0.5027858988841798 0.2341855597275294 0
0.5000772463080647 0.2006522523028239 0
0.4723873691947272 0.2199053438626777 0
0.4750462402682759 0.2567825858466343 0
0.4450423110418636 0.2393416188573563 0
0.4404682298636002 0.2061076291433394 0
0.4152526744594685 0.2260180084710215 0
0.4184689194423625 0.2573935715016046 0
0.3893034941874262 0.2451378496369364 0
0.3856449528063712 0.2132477967594931 0
0.3595151480637999 0.2330972105802664 0
0.3558697810000621 0.2005080322161014 0
0.3297477897064902 0.2210542877050057 0
0.3338251236292877 0.2529585946554791 0
0.3044459672154498 0.2413347622216683 0
0.3096581380424634 0.2775912575673624 0
0.2796277352431314 0.2616777090114774 0
0.2743265852804638 0.2304814598080465 0
0.2498140180172506 0.2499508518299809 0
0.2547243924089059 0.2814889898875313 0
0.2257214468488885 0.2700561236704804 0
0.2304027307890502 0.3018539124943276 0
0.2208365823194936 0.2364745995097824 0
0.201387629444605 0.2886694660013922 0
0.2063910666907514 0.3213686216903234 0
0.2350813258509502 0.3327276870327523 0
0.211609858658146 0.352802034514364 0
0.3421224950292501 0.2834905782346738 0
0.3237070076837545 0.1901122013466333 0
0.182460554128173 0.3417862364470475 0
0.1880572848876232 0.3734040198829543 0
0.3797950179937286 0.1793881484462296 0
0.5289053869194698 0.1805473463151033 0
0.5351910924108285 0.2806034018686998 0
0.2399694991323925 0.3625052880297191 0
0.1583498876980248 0.3623431609193571 0
0.1642844913765401 0.3936445995777116 0
0.1937227976598689 0.4041991202429817 0
0.1496103471191039 0.3286076295692753 0
0.1709972060386244 0.4240510506858423 0
0.1995404107690403 0.4332327038400149 0
0.496496282276626 0.1647166745640039 0
0.6151660239488819 0.6349988697935437 0
0.6163954978704527 0.3658839674427321 0
0.2621421676382491 0.3440721462855719 0
0.6877457058899746 0.846723036029269 0
0.1513152741997745 0.548847194285273 0
1.070607874681073 0.2366513941845309 0
1.022859569040454 0.2634225109321408 0
0.1338082594213015 0.38329423104092 0
1.023953032785966 0.2102004717024043 0
0.9778105389132628 0.2348265642750665 0
0.2069840098940323 0.5320844691443767 0
0.9017398342433952 0.5901913181635948 0
0.1579455555388926 0.519493273852297 0
1.167743958373208 0.2364773764491083 0
1.217784302024491 0.2670421799613213 0
0.2669323858866791 0.3709858908635514 0
0.2875936838101805 0.3543401050646546 0
1.103078727951508 0.7786544358945725 0
1.152922937174715 0.754397686133182 0
0.7893144073130978 0.8302724883877579 0
0.8295080470824822 0.8112895916143023 0
0.5614035115714089 0.2949313121299091 0
0.5567245108802999 0.8326927306670922 0
1.020535613926346 0.3132234246334055 0
1.466101900245478 0.4587275455032688 0
1.523104836937664 0.4279223526228676 0
1.46721703539121 0.3934646228155385 0
1.524733039107536 0.3619481993654362 0
1.468399601078405 0.3275555030114525 0
1.526645220608774 0.2955477556778489 0
1.583172208559016 0.3290466671157788 0
1.469640484392079 0.2613190510984085 0
1.585810707219609 0.2622728740466521 0
1.643936804101524 0.2967695663074021 0
1.411630781487476 0.2933302754025385 0
0.9788334410705138 0.1837849947685403 0
0.9344486691629316 0.2087926745824498 0
0.9333618675734797 0.2583484080232823 0
1.205005223565268 0.5473762938399499 0
1.415557223315855 0.2274893025394188 0
1.753338754216312 0.6335531323926871 0
1.750441202404764 0.7042946595535773 0
1.509422067683015 0.7564695242354493 0
0.8297503179941279 0.767633248351082 0
1.217700892858908 0.2093442766661832 0
0.6503267259413235 0.8661082305293308 0
1.054110244636623 0.8030278081783131 0
1.155812014464406 0.6988318344349989 0
1.204168199578002 0.7289251888980586 0
1.200660659385097 0.7866010465300202 0
1.253459844721819 0.7604115973948272 0
0.5367438418610248 0.3110511878750886 0
0.2272642932367916 0.5505257627340191 0
0.1282973895973609 0.5281052106477719 0
0.1351444203606568 0.4971652234591666 0
0.620501794994452 0.1535516219736661 0
1.646256376877437 0.2286504494049378 0
1.70601964250335 0.2651839699384004 0
1.702386211757365 0.3322686970156255 0
1.565073879858151 0.7951573380438091 0
0.6216252591365177 0.2644887044053549 0
0.5266409010392288 0.1446087004269423 0
0.4921649351678433 0.1281338329129436 0
0.8687024207044304 0.7895287221796869 0
1.069664409297536 0.1843874001022687 0
0.2923337376387552 0.3803558148855787 0
0.2723734614572275 0.3963319253520253 0
0.7737997854191387 0.9532420830251056 0
0.5614792027341002 0.3237488389673454 0
0.1028419682152603 0.5071116365689528 0
0.1113674246541717 0.4744947834710135 0
0.8688173007026833 0.8354389278986419 0
0.3135836614379489 0.3664593831789477 0
1.098148551129795 0.8318104443409182 0
0.2622021744985263 0.6475632724464815 0
0.266823518108895 0.621012923027674 0
0.2866891643633713 0.637338482908328 0
0.2908870100196649 0.61189307669843 0
0.2719830342078578 0.5968846356075718 0
0.6863349710546074 0.8887715955773181 0
0.6243169158561319 0.7310731390145022 0
0.5967607113866844 0.7131200509255062 0
0.2322651024451756 0.5239417244449943 0
0.2124438445267724 0.5062172597285473 0
0.2371930108847756 0.495801753790017 0
0.5860216712483572 0.3092527488170255 0
0.5111807911323086 0.2974083915846963 0
0.5124743379126635 0.32525337070507 0
0.4886129902628882 0.3134307389239241 0
0.688117865659153 0.1439147130890803 0
1.766629056783334 0.3015534704319967 0
1.761993941614395 0.369279131164433 0
1.765519987332734 0.2323764566346841 0
1.02752853074808 0.4281362155109316 0
0.8677756819377558 0.7449135354103527 0
1.267233136777841 0.2387302136391142 0
1.267280465936814 0.2984612172847831 0
0.3084838936011945 0.3385121071682444 0
0.3323896921786798 0.347791191444794 0
0.9346246123451449 0.1580012253377512 0
0.8912272689636365 0.1826181995179227 0
0.3937186797906811 0.2756110701861463 0
0.4199434310727299 0.2874021526500566 0
0.3976887391731783 0.3040129380369002 0
0.4219482660955395 0.3155138121350719 0
0.4006701341846766 0.3308712080231672 0
1.880403811808816 0.06404879766657795 0
1.877750334538562 0.932042305653084 0
0.9098533893441024 0.8122711288508089 0
1.249840068491096 0.8200851356529301 0
1.304275715786108 0.7931958078661163 0
0.03691438886328782 0.05821128824908278 0
0.03464101615151848 0.9399999999997508 0
1.586664340563839 0.193145825760784 0
1.456718976549889 0.7161356114285344 0
1.457209734770424 0.7824604450954489 0
1.307712093968967 0.7324571344762069 0
0.1656299046350466 0.4889324629739856 0
0.9797306949955625 0.1327316662829819 0
0.309332383881596 0.6272428292759679 0
0.3063287948524367 0.6525227855144369 0
0.3294560552186802 0.6430976713726306 0
0.3261651031706255 0.6677281442910683 0
0.3487328531980007 0.6595827274484203 0
0.3459900973847286 0.6839295771447758 0
0.3696349141014268 0.6740908558756036 0
0.3730754420946353 0.6484650788583317 0
0.3934921770237459 0.6633242143380842 0
0.3764037893936111 0.3203016671659796 0
0.3798773698237589 0.3466724033024566 0
0.2531616324306069 0.5430037515652684 0
1.164732048708497 0.178727241366734 0
0.39044369161121 0.6892161397392235 0
0.4138014255775649 0.6785197711708442 0
1.47065956445863 0.1941980371040143 0
1.413779833251353 0.1615534025429988 0
1.267864875116368 0.1802905574053326 0
0.4231251082712595 0.3414890813488541 0
0.9095848516537511 0.8602581177458763 0
0.9540938313162998 0.8385248127767619 0
0.9502469573002787 0.8909347924637558 0
1.687874732088926 0.7354629017951688 0
1.747422836070758 0.7753541344826044 0
1.683672923981997 0.80771235657078 0
1.637167701016701 0.4927427468170041 0
0.2257211655030805 0.4136024383859163 0
0.2260916773723744 0.4431320740738262 0
0.4611863945981234 0.1495228735143814 0
0.09828279113960328 0.5413798185830464 0
0.6473567197669421 0.9092389045467005 0
1.206532565344747 0.6716099369738111 0
1.158313352293006 0.641951545940826 0
0.1706345517578948 0.710862263748242 0
0.164698000286934 0.743392951021373 0
0.1386027569787646 0.7219799391587505 0
0.1324917763248571 0.755633848339329 0
0.1597731710786048 0.7776748764177155 0
0.1263875898967297 0.7904021003680823 0
0.1549169102840789 0.8130812468353605 0
0.1057726657460085 0.7331672382824754 0
0.1220632460064327 0.8265284728378669 0
0.1491815227546859 0.8495899249378986 0
0.1836635254075586 0.8358533843140353 0
0.1779163356957331 0.872803574241952 0
0.2135059463071614 0.8591307004995117 0
0.1137348850296133 0.8642161322472151 0
0.2076627152969403 0.8969905848556385 0
0.2431271117709933 0.8827060863067901 0
0.2487632226895111 0.8453418751226232 0
0.2780615051372262 0.8682796004422532 0
0.112152730728176 0.6990444777756428 0
0.07884482363329265 0.7103669942762489 0
0.4568972923017936 0.1113346833972916 0
0.4907620143136631 0.0851385679446901 0
0.6111879524698489 0.8854062938571656 0
0.437914871548372 0.8175647094034597 0
0.4065385790154444 0.8316970574797511 0
0.4347915514218049 0.8532416164687058 0
0.4013549007943624 0.8678854380991152 0
0.3719267207141516 0.8446394667867499 0
0.3665885760143329 0.8822755802609286 0
0.2956279580506469 0.4080202478824005 0
0.7001134026033713 0.2967554475904097 0
0.4907943188496794 0.3388259837147155 0
1.813110170256044 0.6711078622440968 0
1.816465330066718 0.599102431479395 0
0.7270489689203995 0.871585140851729 0
0.4316524573699936 0.890505922484645 0
0.4257304769212283 0.1320603064487134 0
0.4672918500769451 0.3290501078089785 0
0.4654512069292112 0.3050958429903379 0
1.826103426876877 0.3389824767852834 0
1.8218792916412 0.4061710848503406 0
0.7868012203283665 0.3120715837426583 0
1.646680660555258 0.1590846371883942 0
1.064174612188483 0.6444403494668366 0
0.6383860131712107 0.5771749077497699 0
1.049220951291754 0.8551170490058531 0
0.206289133206589 0.4609683260733721 0
0.4167167012162554 0.6539369414917138 0
0.436712896660195 0.6679545099056495 0
0.4649242532209593 0.8753431230193237 0
0.4636110625780089 0.9145047257464426 0
0.4984696422755839 0.898925632229267 0
1.191538187168087 0.8493209951181302 0
1.878377087280893 0.6290756299087199 0
0.09197614767071811 0.8075598697402526 0
0.8923097890115117 0.1337586092668827 0
0.8487729908540382 0.1569533126599558 0
1.410179813217784 0.4254182777961887 0
0.624009279468996 0.6995300719801243 0
0.6524514436387128 0.7150937144281801 0
0.5983526164287192 0.6830666396647984 0
0.5725371803412597 0.696031682081522 0
0.5741665649733561 0.6679819786546212 0
0.5500799079863106 0.6795673796958074 0
0.5541811584900846 0.653833386745591 0
0.5276785633743196 0.6636424594578095 0
0.5469661485632223 0.7066686131348258 0
0.2445312202335784 0.5642737790732669 0
0.5855816871304391 0.3359928948444818 0
0.6099570197950811 0.3236602637112281 0
0.08597286012333913 0.6733520175939858 0
0.3366178873717281 0.8586517462130016 0
0.3335452437264582 0.8957440383981018 0
0.3617988762384199 0.9207362421279339 0
0.2754889173587226 0.4214025521794657 0
0.8516154045053562 0.2062158819525584 0
0.5155782011594811 0.3488508433655593 0
0.292830053585336 0.5878415276991769 0
0.4113661415929949 0.7048101757171158 0
0.47252485975477 0.3531690390813296 0
0.2786811909160355 0.8334792509085411 0
1.697900844403749 0.4576978632878251 0
1.757861857567235 0.4942064175516572 0
1.638259233323663 0.4228292960067773 0
0.8527010142428937 0.09828034925721119 0
0.8019655660446799 0.1332673880031423 0
0.8058002308395293 0.08400824322527571 0
0.7641353416764167 0.1028773468605788 0
1.247127509465505 0.8783441358243561 0
1.317541285730742 0.2771439543354049 0
1.316472360733687 0.3353863037237048 0
1.264271491498813 0.3584866718242857 0
0.8288753515875835 0.7232481969617596 0
0.8649916081472969 0.6994090413695365 0
0.1716373859708377 0.9094959951510521 0
0.1992121553859809 0.9328755981117747 0
0.5609981619583294 0.1610586197587901 0
0.5562509006101565 0.1150566735118502 0
0.3211378056293281 0.693221548540738 0
1.357470425576909 0.7698131683256634 0
1.356130768762334 0.8305699375460927 0
1.358354235130683 0.7031377221463767 0
0.5614881789063991 0.3484060248261565 0
1.885425681828932 0.3755846655299271 0
0.901696431333222 0.7216572335129443 0
0.3295031535546824 0.324454135897741 0
0.3042717637122112 0.3123878022280274 0
0.8725583914182338 0.8861487925506366 0
0.07713420340219181 0.4856115623996822 0
0.08784643067985949 0.4514245326603469 0
0.1205569573221407 0.4379517295153762 0
0.09283337580196234 0.4147189490373607 0
0.3629576051815061 0.6112462612992565 0
0.3835839362001902 0.6205518507993872 0
0.3273305768209209 0.5903612165311547 0
0.36565661623581 0.3887129496323374 0
0.3493699334461099 0.3764940092675106 0
0.3287617439896905 0.4051096966802717 0
0.2886729010974709 0.4637187058032627 0
0.2823594559376781 0.4837280712102475 0
0.2680309434618968 0.4698690101998155 0
0.2892564272389933 0.5351373154507826 0
0.2706485517144899 0.9015230012393989 0
1.589369155563651 0.1269653732068593 0
1.364122935247804 0.1910931591193195 0
0.4942596240897548 0.942816834787693 0
0.3271627452811467 0.9336673108351656 0
0.2755120568083814 0.5756218902698629 0
0.07096307387487341 0.7435617856601581 0
0.685056267034579 0.9340126246475086 0
1.367039736645825 0.1271581376178774 0
1.414283417228946 0.09830763668759482 0
0.4388154338339063 0.6407659635253974 0
0.4587458627189075 0.6574289569084444 0
0.4565588925012292 0.6812686892124883 0
0.4795176229088121 0.6713851634380046 0
0.4801379277362073 0.6482480607516781 0
0.4764662501291343 0.6946774943214501 0
0.5014871233736157 0.6822738967745352 0
1.743179355280565 0.8498116102785903 0
1.808362421332729 0.8146448136209714 0
0.4209928901226141 0.09328641245037866 0
0.388971492115504 0.1154061949418877 0
0.06191070070749873 0.4326950302330261 0
0.06306194042395578 0.3971070441016933 0
1.208025897083554 0.613531535248509 0
1.651207178479256 0.09485645673932731 0
0.2547618300971736 0.4130990732305286 0
0.2596691167660268 0.4347632110008712 0
0.4038137631031508 0.3546085947913476 0
1.807363582654713 0.8883815182608847 0
1.095595335428522 0.8905582545588264 0
0.3851833521868512 0.3837318339037868 0
0.3991736372528397 0.6396824992763258 0
0.3306457539490438 0.3841624292518376 0
0.2175687615659888 0.3824313724601258 0
0.3840175287273068 0.07516546629349788 0
0.351370700088801 0.09962452507799169 0
0.3476825520259915 0.05991470252586677 0
0.3153712450174285 0.08338504123283837 0
0.3181135356814133 0.1220468084376767 0
0.2829173796096595 0.1080241385303894 0
0.286094829519162 0.144335602276909 0
0.2522469896610828 0.1303279379495583 0
0.2571962779835342 0.1669137244618253 0
0.2220189289424984 0.1527366059919492 0
0.2178621873669372 0.1150849618183768 0
0.1877442770529935 0.1378426969146083 0
0.1917350700864576 0.1752090232906829 0
0.1579207662463397 0.1605000955369902 0
0.162274437925536 0.1972664264597585 0
0.1287421084997999 0.1828314526885202 0
0.1337598758176996 0.2192107804879147 0
0.1235217135913157 0.1457769987605755 0
0.183039953000014 0.1010273030595645 0
0.2135331173292768 0.07385573268221585 0
0.09524295089034407 0.1708657010858584 0
0.1664593102539994 0.2351930167733713 0
0.1385651878116549 0.2562011569636009 0
0.1041633204570346 0.2423354459536069 0
0.1101091478146185 0.2783570983563239 0
0.07315794091582561 0.2656430879805937 0
0.08172625481997504 0.2999181595413971 0
0.09018976497460436 0.1328919658455934 0
0.1189220075461617 0.1079320393574652 0
0.08615237640590374 0.09367673561349577 0
0.04707018415808981 0.2859750369316603 0
0.1155476356122081 0.314293434468742 0
0.08867769687916478 0.3363225233699755 0
1.872945876377641 0.8517658977524702 0
0.3085924386138516 0.4268542734226894 0
0.6245188267465676 0.6687903292040427 0
0.2312269465332326 0.4693510058871005 0
0.6072398765625584 0.9284637178657987 0
0.5709225459516977 0.905037032565521 0
0.2607362465396486 0.6795376250223784 0
0.813226900264637 0.1823310333736607 0
0.8916613872068485 0.2317594535816386 0
0.8911848672602659 0.27987398220655 0
0.9311674490356832 0.3047404158796682 0
0.8910091490368861 0.3258272096981725 0
0.9307897120375973 0.3501824328696245 0
0.8529398205903329 0.3033703069498461 0
0.8904349069058373 0.3723393798319761 0
0.8542943645158394 0.2554373693875969 0
0.4442579038568374 0.2702155889573491 0
0.5335285992102442 0.7389659216445646 0
0.3650277037074123 0.2639013388964871 0
0.6533523027906223 0.2453453683883531 0
0.6514108291404609 0.2809671073912045 0
0.5129576000965668 0.0428940513583772 0
0.4663938043852117 0.04170229232908965 0
0.5871487278741866 0.3634706794752708 0
0.04377781755972907 0.7209055689057587 0
0.5371985810246548 0.3369903407130761 0
0.2582894108893996 0.3131799572765189 0
0.2553826940226578 0.8089131027251423 0
1.068695462803549 0.3437952433952827 0
1.016456242106682 0.3728729515494122 0
0.9739147845762706 0.3344086672402872 0
0.9702733184160263 0.3824582103824233 0
0.8155350223692112 0.2800488533598175 0
1.676895539880562 0.8810802728384945 0
0.610453370604583 0.2957067968683745 0
0.6344339195144733 0.3090386613911992 0
0.1712515518351272 0.2741224831293071 0
0.5986181030810859 0.6547650945393043 0
0.2586303859247189 0.5145578172870567 0
0.1243860167283384 0.3502666426509693 0
0.1436230146525954 0.2937251161896069 0
0.534595104263865 0.07865136589094704 0
0.904065983352783 0.546080388303151 0
0.8657898665440289 0.5665583272615446 0
0.8632217675222646 0.6078389153911297 0
0.8294478418293985 0.5849872819706186 0
0.8258415973777918 0.622420892522598 0
0.7940905343475881 0.600304906798483 0
0.7964234613349872 0.5657557357574015 0
0.764160075017177 0.5789239382718884 0
0.7660340994068506 0.5476727865218294 0
0.7370725580179381 0.5613658200889597 0
0.7387164089035396 0.5296209751898898 0
0.7114721243722866 0.5433046047586558 0
0.7129230711557324 0.5134053650031256 0
0.6874909872167244 0.5265747628164927 0
0.6890724449061275 0.4981394478702744 0
0.7139415904200641 0.484525250110362 0
0.6902680496674831 0.4698325052932053 0
0.7150829986647673 0.4557063978835252 0
0.6663832070815932 0.4829958394888383 0
0.7692956243797111 0.5183346195256272 0
0.6671449531025476 0.4566356731277065 0
0.6850195114003839 0.5540915248823952 0
0.6631699827436681 0.5385786240328995 0
0.7338949140515887 0.5914555759886053 0
0.7397089874317797 0.4712578749909789 0
0.7368653878889357 0.439734940917222 0
0.8567889383293213 0.6531877758285604 0
0.7137816637439975 0.4258849389391499 0
0.6458482343427483 0.4687183178544238 0
0.6445620641207586 0.4466061479734891 0
0.6433129635653028 0.4911813810201928 0
0.6606042741712203 0.5647695150294333 0
0.6608033125837717 0.5099155535173421 0
0.6417054844817562 0.5238140401686584 0
0.7051052467241559 0.5752982865942146 0
0.8281326052824176 0.5415086639450806 0
0.868278188840621 0.523915698319651 0
0.8053896490674169 0.5127822172876089 0
0.5068279650275538 0.2665896207143332 0
1.881085723054367 0.5639779814130231 0
0.8251253150762109 0.9529710057756045 0
0.799109880628758 0.9093351515790709 0
0.574167586043962 0.6419388790196976 0
0.3574854260426887 0.1417796679780625 0
0.2187437137715986 0.8233325956934279 0
0.1880288500517371 0.8010580675922914 0
0.246747630272157 0.6038725983993598 0
0.2185545184118676 0.6104720678699298 0
0.2270707237938701 0.5804243658725649 0
0.6789337619038716 0.2691415222372379 0
0.03848397723422761 0.4946655122134136 0
0.8092159018281012 0.4710261683426348 0
1.160389439841731 0.584027981235444 0
1.15292541989313 0.5215400728175443 0
1.111417245030333 0.6175948865967751 0
0.3451523997168018 0.6233878077483248 0
0.6664022090156292 0.044772520227966 0
0.6882338388237559 0.09424201103396025 0
0.6399139514465193 0.08671693584573516 0
0.607755190215258 0.04819582836766699 0
0.595905091145488 0.09304923535746179 0
0.3539638793156482 0.3344001376569867 0
0.4182449703699985 0.7315469122399475 0
0.8293135533743835 0.6812043804426391 0
0.5392192752128587 0.3622061325013771 0
0.1755940462725872 0.4568133901833801 0
0.1203148720999941 0.6664931539597643 0
0.09274235925410074 0.6396233456690296 0
0.6908825804004574 0.4428171571724016 0
0.8527489211949941 0.3453131418288881 0
0.9444391764124718 0.9434429711593442 0
1.006173048785541 0.9514380689923121 0
0.1940805203347248 0.2156519003454524 0
0.2273470250004073 0.1939695540756197 0
1.00234420025981 0.0484779973349878 0
1.029186526174471 0.1021720326318133 0
1.090442255138252 0.1011432129399463 0
1.122271237943678 0.05228709531929245 0
1.157983829229111 0.1151037928066218 0
1.215534815763405 0.09912089405365125 0
0.9396418154282449 0.05459002263159172 0
0.1860983852894069 0.5121923732098101 0
0.114314842541874 0.06897509587752315 0
0.07725248517809592 0.05784475288014522 0
1.123587347927271 0.9460745992263194 0
1.246773155364433 0.05311366431038765 0
1.272596092221786 0.1133500259297542 0
1.414097540905431 0.3595092309653286 0
0.0685268561098818 0.5211347099606576 0
0.03381148210704191 0.5803258182931421 0
0.03160254856106721 0.6200472484262043 0
0.06807694443610993 0.6012660550018636 0
0.06730738621636473 0.5598164146278117 0
0.09793843587908692 0.5755373607810796 0
0.03268865393427875 0.1799569313671539 0
0.06495099366777871 0.1946852079203938 0
0.03297456304832232 0.8224127305880704 0
0.06453493671736982 0.8363894003507621 0
0.073581149700416 0.8747620141607279 0
0.1038721139150992 0.9015885767487508 0
0.03050898666328588 0.379769974864738 0
1.619813582108485 0.838101635349673 0
1.616730843534598 0.9132628624786996 0
1.553583177189305 0.8767701223559872 0
0.3716812815440288 0.2931127300854209 0
1.356432654498046 0.3917447888621433 0
0.1069113510795589 0.9644733337967321 0
0.2302522575472026 0.03509167916140798 0
0.1899432074512252 0.0365351812911216 0
0.5012993666356168 0.6568494523232197 0
0.5189749624204291 0.6409178239013485 0
0.3633565991192473 0.7275835726520216 0
1.448452920796223 0.9402993297693413 0
1.482521612429355 0.8830200967496176 0
1.415113100019388 0.8813453969231853 0
1.381771424233188 0.9425037739692886 0
0.6555124423944076 0.7484028390926456 0
0.6819296134614367 0.7237505771841675 0
0.6757227649101097 0.6961862599268143 0
0.4338951813256741 0.1697701231260481 0
0.1429955553728344 0.4657954592058703 0
1.24819886200425 0.9391123072786589 0
0.6414200488973446 0.5501823081441539 0
1.80487078600036 0.06445378620356287 0
1.845717635887454 0.1288853292134819 0
1.775149290424838 0.1251587837158362 0
1.9284099315177 0.1241093802433071 0
1.883676228393111 0.1824668312439716 0
0.4247643617435838 0.3637660965630866 0
0.4449198287051114 0.3537450056201669 0
0.7070560860401031 0.6048522152043029 0
1.873647625777696 0.7794168250249603 0
0.7852106986932458 0.6367302660720044 0
0.3256022992245793 0.6113440272988856 0
0.0351124441917431 0.8990889674718272 0
1.068364743194932 0.39669317102237 0
0.7713162025111779 0.05153017419336989 0
0.370191963102895 0.3690846190026413 0
0.1426941080412844 0.413570147238735 0
0.2920129128480565 0.1782980995821146 0
1.530444129379048 0.1631054424285076 0
0.1937484395643497 0.4852442283239404 0
0.7526657346594856 0.9125874371462986 0
0.03324311325132624 0.0999941125702888 0
1.254437352904865 0.5790641918612534 0
1.410866398165953 0.4913767073515853 0
1.155900094566387 0.8979154994536153 0
0.2610720078793535 0.4926755196929165 0
0.2822843537029401 0.2942981009325832 0
0.2762344880222929 0.5512653532529009 0
0.282985533403294 0.6630322029223316 0
0.8991178427970864 0.6338566758845025 0
0.2463319635548216 0.3880753337048196 0
1.460437625436633 0.6512043952116837 0
0.6363739369333602 0.4230763087593475 0
0.6227593116836219 0.4409286949068395 0
1.005513705311312 0.8257566590096022 0
1.528310741103663 0.2282648310193692 0
0.9529007162016634 0.7858750970063535 0
0.3458483495522522 0.8233106843034066 0
1.629522237790207 0.6957149923554427 0
1.3067541094456 0.6719661592880437 0
0.7924838272227908 0.7493833424301495 0
1.70414035669895 0.1983206704611455 0
0.4540484389262263 0.9579794556789114 0
0.56930715269548 0.7271383532277357 0
1.00960570028048 0.7703595313407591 0
0.1914357885266333 0.7659200418453689 0
0.3105517524421027 0.7195757021046143 0
0.3665910778273019 0.6997425287612886 0
0.09817393001916168 0.3775016704852195 0
1.810656671020797 0.7427225323718848 0
0.616926654325517 0.8435105253820329 0
0.2455008027326676 0.2189648114321036 0
0.9873963197857345 0.4558597746233629 0
0.469469243343758 0.383699448881097 0
0.4699703547382593 0.616891355981526 0
0.4297288375208539 0.6179670944046358 0
1.823131618058442 0.2695871703454287 0
1.754658504596966 0.564164378715757 0
0.225085441725794 0.964129864698684 0
1.576915129488329 0.5276804025672088 0
0.5088204496104274 0.382352282349572 0
0.5098006871374876 0.6184413982113942 0
0.5494294435692579 0.6176757550295195 0
0.1418991204915517 0.887036840689249 0
0.1325896805764558 0.9285603751703358 0
1.299512856456263 0.8518908865177052 0
1.118018969770927 0.2089034282298114 0
0.589115367477648 0.3842556207052574 0
0.5499999999998798 0.3826794919242683 0
0.5868668866732629 0.6197096102374633 0
0.3099477301204769 0.5739039876275027 0
0.09971309778708418 0.7676813697609535 0
1.215225028637164 0.3245074268201856 0
0.1532711954009366 0.1236937495299519 0
1.022873501587541 0.5738621565956705 0
0.6200120262305413 0.526615026359174 0
0.6180362077406837 0.5690853473296666 0
1.25668729450976 0.7018570612137854 0
1.110662216024919 0.1545834758230284 0
0.6198104378786178 0.4913206078018886 0
1.14876283486291 0.8093282264925894 0
0.2486010497073428 0.09393269311014096 0
0.3495071598395342 0.3094420400063748 0
0.9759391804416893 0.2842986850582268 0
0.9363176371253521 0.1094304846040974 0
0.4674184505944692 0.1851124827522124 0
0.06778961442904137 0.9190261184634149 0
0.2442626517447004 0.9251739165330128 0
0.1757873606450593 0.3080465921711587 0
1.477061904778019 0.1194661676264702 0
0.4867984229250332 0.2869513937906007 0
1.109698930865888 0.6705952235388053 0
0.6591287885178997 0.5875450888449807 0
1.937151132886411 0.8842471435858682 0
0.1457349037528412 0.5783393456455479 0
1.818871120748453 0.5295185118902903 0
0.5264967499468602 0.6895790578026842 0
0.9059323223190332 0.7661853612059808 0
1.579118164517745 0.4606500705223779 0
1.625903868581611 0.7664270707130136 0
1.023414790380896 0.1585718739052501 0
0.3651366614035579 0.9623577899561897 0
0.6464157669723994 0.9564924756573584 0
0.3968235869017035 0.9041663002152738 0
0.6759540644954442 0.4037128193602239 0
0.1772014995528289 0.6797626812438453 0
0.4629152845759965 0.6354135251748043 0
1.256396864249705 0.6414721227884066 0
0.4344609368575724 0.6925612445394405 0
0.3797826907363151 0.8105841292676688 0
1.50439340540013 0.8221090818324123 0
0.8248308900199726 0.8654026492360131 0
1.020885991637806 0.6208163672141487 0
0.7868891818261164 0.3464881497914283 0
0.2218848011428434 0.7536946533670765 0
0.7042356631455978 0.3352555800346805 0
1.587373292616353 0.05646466580032873 0
0.4682454703267662 0.8045223239267876 0
1.580559360433552 0.394455100570334 0
0.7212473449399376 0.1657073669213915 0
0.7230301511054116 0.1234524858464695 0
1.358293905751339 0.4594913102979409 0
0.586430516842114 0.2799799493573086 0
0.5880022490860496 0.816664092164876 0
0.06459917599120892 0.9623555002580165 0
0.5602577138797382 0.1961445882216319 0
0.1454624113183327 0.6896931949849426 0
0.771671795655916 0.4824145709260863 0
0.283649218535426 0.3283360623133227 0
0.5237020587110371 0.8458062203352641 0
0.9497290041422257 0.4280288454749417 0
0.7213353485642123 0.8273097188472021 0
0.1058693421100512 0.608293465705153 0
0.1487274723307183 0.08531531062126843 0
0.7410429129911238 0.4999264426243449 0
0.8475748109464086 0.3830576112586616 0
0.6516760226421598 0.1269816023684712 0
1.938191202743246 0.8093923337012147 0
0.3403884598106849 0.7104716876478535 0
0.634379146107844 0.3540405789565726 0
0.9112980373313285 0.9049560845272012 0
1.880690103134213 0.4462967870887911 0
0.5315558390013702 0.9250802512728044 0
0.6343619534218932 0.6459473181105846 0
0.3047932031863327 0.6744931627377058 0
0.4945889485271396 0.3617758277227629 0
0.8211420215693289 0.3278732577467529 0
0.389855381052267 0.7163991843591664 0
1.343155709064405 0.8921964648870954 0
1.212286051394192 0.3799275222066092 0
0.3084631424730688 0.04194088629086569 0
0.4437392066385937 0.3275455856378147 0
0.5398417205761917 0.6368283495628286 0
0.678166404545453 0.3225235994377228 0
0.4302393016537964 0.3828037511609206 0
0.09863418444199293 0.2071178905938103 0
0.9973433986045757 0.871233416132316 0
0.7741806922853224 0.8723441743692285 0
0.5363027440307075 0.8780928243278875 0
0.726153619284554 0.9570858921802762 0
0.7310156392172502 0.6205807601514592 0
0.5780949352105138 0.8635037619800388 0
0.05370143257107007 0.6837263211618217 0
0.4967021573217169 0.6352063951155631 0
0.2987568523078016 0.2104601727848753 0
0.4085188743014981 0.1907109152497794 0
1.876292184088428 0.7019167789449186 0
0.8324211485590894 0.04576832568165012 0
0.6661713595081746 0.4286942663832103 0
1.709356125786774 0.1367600514457203 0
0.8975034332739549 0.6753507160851435 0
0.06444819919536779 0.7771344509912876 0
0.0315991636351666 0.2547313568936236 0
1.374220085967385 0.05767622566634242 0
1.355959297859517 0.6397944277944951 0
0.3235030227154922 0.8014609098989987 0
0.06159770364372798 0.3598740192688429 0
0.2774890660915195 0.4456341727322088 0
0.1820894601020256 0.9664909369295638 0
1.25887273861155 0.4091117875569081 0
1.944177459584303 0.6538461538452424 0
1.639437847569456 0.3607639370691412 0
0.3093216756087623 0.6004311108551863 0
0.4189234279055298 0.6340280878521823 0
0.1282883651164307 0.6349704442839136 0
0.4660125726317501 0.8392003380362515 0
1.451493240670587 0.05507821150474679 0
0.02903252132637334 0.4190514436456526 0
0.2500603165082221 0.4533615007210975 0
0.3213136918249993 0.1578029912379954 0
0.3968404277911581 0.1510662443750603 0
0.05973012769223006 0.6393372633677654 0
0.1966228401728064 0.2533612649049642 0
0.7538638995579559 0.1455161802146446 0
0.7927723655214077 0.7098008970723637 0
0.6501024714675896 0.6866206304552209 0
0.1239541708779108 0.5600927124884991 0
1.669880613642941 0.9449656973180839 0
1.11743564638636 0.5629321260723568 0
0.100246852995731 0.03232957591347756 0
0.3122234415129467 0.3932781497678536 0
1.697727228039777 0.3961385315907407 0
0.06772519626237092 0.2305856027504099 0
1.060405608163942 0.5996912636490772 0
0.4424615599691033 0.2989528850742665 0
1.946058239818137 0.576923076921963 0
0.5899512473427193 0.1760958162989709 0
0.3624697328470494 0.6288927289737501 0
1.818659845795383 0.1937109249539069 0
0.3120864464788554 0.8373279816857162 0
0.3476341849090467 0.1739182082450044 0
0.2204834065419656 0.7895552066478078 0
0.2718513244641712 0.5320832270352908 0
0.2790084048508296 0.07088730051219039 0
1.941912462947354 0.3431472586105134 0
0.06184754225301902 0.1584865445202432 0
1.943297315105437 0.4160441679831479 0
0.3534057186011416 0.3566376428883486 0
0.8733157308190015 0.4055469890809311 0
0.7308712388426543 0.4073164939995725 0
1.032838555369889 0.9047810239021663 0
1.941505601698425 0.1992016987201899 0
1.406534077048456 0.6741469513711049 0
0.3766157680617328 0.03539909342475531 0
1.756911871475445 0.4325789948494325 0
1.883221333177282 0.3079776304802448 0
0.4246870622142609 0.9280620078672258 0
0.6070656146168744 0.3457038966699086 0
1.408898025803169 0.8121528056237624 0
0.2658567426921551 0.1998479703574308 0
1.807314412000179 0.9501818350374388 0
0.7325127892124844 0.08324247239106686 0
0.6782881844919683 0.5756135888052044 0
0.05713125081616722 0.321984385127594 0
0.7806777884062512 0.2796922326549928 0
0.5205727796925331 0.7140761455114124 0
0.7019587733481383 0.6953422945938208 0
0.4516372289626793 0.07574870264528887 0
1.214780160522285 0.153650047806103 0
1.407530912479922 0.7429744506651483 0
0.3125496748362586 0.8725365055689229 0
0.1496805789924034 0.4394151656322997 0
1.370725359759667 0.3255419179041106 0
0.9753868943637426 0.08731989832706082 0
0.4974943837487403 0.8605358212696875 0
0.3192840895543585 0.9703727675521714 0
1.302797644798389 0.3852728986851419 0
0.2159198384348311 0.4839261739114138 0
0.2500777453753039 0.4769415044144196 0
0.5905572747220236 0.1356312484837995 0
0.9322642292256282 0.3879986729038687 0
0.936300137025235 0.7050000581212036 0
0.6730537590999577 0.2969160249349742 0
0.5926496281384092 0.6364247278631094 0
0.2753203519859526 0.7863558395472849 0
1.371881316826488 0.259608792530713 0
1.818404400461034 0.4690252456719666 0
0.753695039398778 0.8420632689383272 0
0.6197181485018051 0.1179830988618929 0
0.9902766830397497 0.4134711995082143 0
0.6916642584130589 0.4190407634692767 0
0.254908956156832 0.5823917412539127 0
0.8985100589301889 0.0895620732224319 0
0.7871720745578346 0.2078858699912668 0
0.5199999999997769 0.3679196395223188 0
0.02926119313661664 0.7493181267972921 0
0.06065210030001433 0.02837280133751859 0
0.5574875364871136 0.6336895863983417 0
0.2919201220608844 0.9331545726512969 0
0.459353366493845 0.3686344468435194 0
0.0251601031580868 0.6953598037106676 0
0.6080255167509057 0.9672396068841428 0
0.05985475078199695 0.1182506258011869 0
0.3270125420356282 0.3014731627868359 0
0.630701866629282 0.3319938867830055 0
0.05977247637502778 0.8072041194125421 0
1.870237256229268 0.5036812763381027 0
0.176304000160859 0.0677228577584713 0
1.317677113606328 0.2177759895218145 0
1.318243747092759 0.1552129051853511 0
0.5599999999999091 0.3681394784816658 0
0.8216235471689963 0.2297187949882059 0
0.7579620792711514 0.4248960251998991 0
0.2914727645564584 0.4291293929466944 0
0.5252595663522652 0.9642788198031853 0
0.2421500242790746 0.4294959119427275 0
1.942945081405801 0.05664884731048005 0
0.7579459558078214 0.607267737552319 0
1.571321483997922 0.9486318482735659 0
0.3884239226090803 0.3657537639374741 0
1.105935694480582 0.5231702420491281 0
1.063131784005191 0.1392357794927885 0
1.20522625749646 0.9024991864869073 0
0.02694594661198934 0.3099196415749465 0
0.5200827710789513 0.1103178281374746 0
1.943625724401065 0.9440451961401629 0
0.2928565934855911 0.8082419940670265 0
0.2934336264790139 0.5712053739555466 0
0.7150139895714254 0.9122207720377454 0
0.8396400388619154 0.9132780094178168 0
0.6311885436804245 0.4778457708836167 0
0.6297692758190632 0.4582543523574726 0
0.02928234841049356 0.02928148478842433 0
0.02928234841051235 0.9707185152116107 0
0.4649222890997355 0.2809741636518172 0
0.8179908781430782 0.6534435600717347 0
0.6151938530203566 0.4263165253939942 0
0.6765993172381828 0.6718262032826987 0
0.3358789519225848 0.3663089312062877 0
0.7930550878942768 0.5372108046075095 0
0.1168371550966963 0.4030641069802605 0
0.09515238719827282 0.9352007808874502 0
0.3899663413956605 0.9371275439288841 0
1.289969299312123 0.9013205897299156 0
1.138732638763375 0.8539938997021759 0
0.0592591046743214 0.4638415112934509 0
0.6344881180912297 0.5081247792240393 0
0.4769253889871088 0.3699367814697577 0
0.9346652943930254 0.7428664502757378 0
0.3024372914670251 0.9026791611055424 0
0.3497211257221746 0.6407476240802059 0
0.1220817945767791 0.5867678646919998 0
1.538608251315197 0.1067292130003986 0
0.1640174863126955 0.9406529304223687 0
0.4744200683526197 0.7163244717391578 0
0.4407104103248951 0.3705058563279122 0
0.4799451448744887 0.6304676377267993 0
0.312600988592433 0.4108023146994835 0
0.05691031134899102 0.08154061625523511 0
0.2483616834103506 0.06236798763469795 0
0.6136263388282954 0.4538992371578168 0
0.4998390341028823 0.7044052751205636 0
0.9845061576753874 0.9122210954670836 0
0.09317807302490999 0.841891177867365 0
1.456038335579696 0.8374711485604496 0
1.657876130202434 0.03964935444183512 0
1.881554886955617 0.2436874410812478 0
0.2764495578451598 0.499627285473817 0
0.7581032198489777 0.4559759472537611 0
0.6566443973066323 0.3151924480182962 0
0.7815267728764346 0.1667696461677302 0
0.6304651285967409 0.2878188701886175 0
0.4530932513711089 0.7031579999724704 0
0.4309183807619888 0.7121298680201575 0
1.757315655641836 0.1794346554464494 0
0.7082419799101889 0.7313256580752474 0
0.6302888834467347 0.537114405004457 0
0.2622547504404837 0.56277901302236 0
1.322976104796749 0.1015454283865756 0
0.6038904233974973 0.3794218527756913 0
0.7074577014376793 0.2629831358078124 0
0.6181662267996071 0.6511254029118688 0
0.5666623668496823 0.07526250441193101 0
0.6045984831499902 0.6211476041460371 0
$EndNodes
$Elements
9 2588 1 2588
1 1 1 25
1 4 9 
2 9 10 
3 10 11 
4 11 12 
5 12 13 
6 13 14 
7 14 15 
8 15 16 
9 16 17 
10 17 18 
11 18 19 
12 19 20 
13 20 21 
14 21 22 
15 22 23 
16 23 24 
17 24 25 
18 25 26 
19 26 27 
20 27 28 
21 28 29 
22 29 30 
23 30 31 
24 31 32 
25 32 1 
1 2 1 35
26 1 33 
27 33 34 
28 34 35 
29 35 36 
30 36 37 
31 37 38 
32 38 39 
33 39 40 
34 40 41 
35 41 42 
36 42 43 
37 43 44 
38 44 45 
39 45 46 
40 46 47 
41 47 48 
42 48 49 
43 49 50 
44 50 51 
45 51 52 
46 52 53 
47 53 54 
48 54 55 
49 55 56 
50 56 57 
51 57 58 
52 58 59 
53 59 60 
54 60 61 
55 61 62 
56 62 63 
57 63 64 
58 64 65 
59 65 66 
60 66 2 
1 3 1 13
61 2 67 
62 67 68 
63 68 69 
64 69 70 
65 70 71 
66 71 72 
67 72 73 
68 73 74 
69 74 75 
70 75 76 
71 76 77 
72 77 78 
73 78 3 
1 4 1 35
74 3 79 
75 79 80 
76 80 81 
77 81 82 
78 82 83 
79 83 84 
80 84 85 
81 85 86 
82 86 87 
83 87 88 
84 88 89 
85 89 90 
86 90 91 
87 91 92 
88 92 93 
89 93 94 
90 94 95 
91 95 96 
92 96 97 
93 97 98 
94 98 99 
95 99 100 
96 100 101 
97 101 102 
98 102 103 
99 103 104 
100 104 105 
101 105 106 
102 106 107 
103 107 108 
104 108 109 
105 109 110 
106 110 111 
107 111 112 
108 112 4 
1 5 1 16
109 5 113 
110 113 114 
111 114 115 
112 115 116 
113 116 117 
114 117 118 
115 118 119 
116 119 120 
117 120 121 
118 121 122 
119 122 123 
120 123 124 
121 124 125 
122 125 126 
123 126 127 
124 127 6 
1 6 1 10
125 6 128 
126 128 129 
127 129 130 
128 130 131 
129 131 132 
130 132 133 
131 133 134 
132 134 135 
133 135 136 
134 136 8 
1 7 1 10
135 8 137 
136 137 138 
137 138 139 
138 139 140 
139 140 141 
140 141 142 
141 142 143 
142 143 144 
143 144 145 
144 145 7 
1 8 1 10
145 7 146 
146 146 147 
147 147 148 
148 148 149 
149 149 150 
150 150 151 
151 151 152 
152 152 153 
153 153 154 
154 154 5 
2 1 2 2434
155 625 667 948 
156 1169 687 1180 
157 307 941 1017 
158 1028 710 1209 
159 941 632 1017 
160 191 1028 1209 
161 562 701 741 
162 717 98 1043 
163 243 882 1135 
164 735 581 971 
165 874 557 952 
166 765 891 1133 
167 794 654 984 
168 237 247 872 
169 5 167 701 
170 951 264 1228 
171 694 409 1214 
172 416 892 992 
173 290 854 856 
174 551 1169 1180 
175 416 891 892 
176 891 416 1133 
177 882 680 1135 
178 876 525 1077 
179 409 694 967 
180 625 948 1092 
181 807 806 808 
182 295 720 996 
183 919 732 1128 
184 1070 458 1099 
185 40 746 1091 
186 557 555 952 
187 299 1045 1109 
188 824 951 1228 
189 856 838 1068 
190 372 686 987 
191 862 425 1151 
192 504 690 802 
193 653 726 928 
194 686 372 1085 
195 244 672 1108 
196 701 562 1148 
197 658 1103 1132 
198 732 731 1128 
199 746 40 1164 
200 803 967 1069 
201 567 897 1179 
202 854 290 855 
203 1099 458 1102 
204 553 884 960 
205 425 862 1131 
206 459 806 807 
207 844 846 1160 
208 695 229 1240 
209 881 351 1088 
210 853 238 1173 
211 886 1073 1125 
212 210 212 855 
213 713 102 983 
214 886 910 1073 
215 808 1071 1191 
216 228 237 872 
217 696 869 1256 
218 975 977 985 
219 1109 1045 1201 
220 191 999 1028 
221 238 853 949 
222 1091 747 1154 
223 666 881 1088 
224 164 740 1230 
225 254 727 738 
226 910 886 1132 
227 861 169 1010 
228 581 743 971 
229 884 553 939 
230 869 696 907 
231 229 695 1081 
232 737 164 1230 
233 338 794 984 
234 98 717 1100 
235 1106 425 1131 
236 1073 383 1125 
237 870 856 1068 
238 716 1112 1206 
239 967 694 1069 
240 892 752 1170 
241 938 1106 1131 
242 845 681 882 
243 1052 860 1098 
244 701 167 741 
245 936 937 1177 
246 844 1160 1223 
247 183 815 1278 
248 605 668 1150 
249 672 244 1203 
250 501 508 1141 
251 802 690 883 
252 726 653 1037 
253 508 742 1141 
254 653 929 1093 
255 897 898 1179 
256 290 210 855 
257 102 713 1225 
258 850 632 941 
259 848 973 1109 
260 776 989 1117 
261 243 239 951 
262 813 417 1029 
263 496 811 1063 
264 67 68 945 
265 786 790 792 
266 664 883 1205 
267 975 575 977 
268 727 254 810 
269 1103 216 1132 
270 1096 767 1143 
271 1118 708 1129 
272 865 867 1202 
273 955 49 1108 
274 1071 808 1200 
275 884 634 960 
276 800 437 1290 
277 525 876 1061 
278 389 496 1063 
279 654 794 1176 
280 815 183 1153 
281 113 5 701 
282 1064 991 1102 
283 121 120 707 
284 381 488 867 
285 247 474 872 
286 905 572 1179 
287 1112 176 1206 
288 98 99 1043 
289 936 1177 1286 
290 907 584 911 
291 817 813 1029 
292 1114 59 1127 
293 529 806 954 
294 664 802 883 
295 729 219 1178 
296 849 837 851 
297 219 729 744 
298 999 108 1119 
299 420 428 743 
300 429 443 816 
301 563 562 741 
302 206 208 870 
303 992 892 1170 
304 973 299 1109 
305 986 1055 1152 
306 843 1068 1075 
307 605 1150 1181 
308 235 45 878 
309 372 783 969 
310 674 955 1108 
311 370 376 866 
312 917 601 918 
313 212 819 855 
314 230 1139 1144 
315 164 737 947 
316 652 653 1093 
317 781 234 782 
318 877 876 1077 
319 849 851 1257 
320 601 917 1274 
321 432 429 816 
322 775 432 816 
323 474 733 871 
324 720 295 1047 
325 488 655 867 
326 372 969 1085 
327 681 845 1111 
328 437 800 1168 
329 239 264 951 
330 861 1010 1194 
331 768 766 817 
332 543 738 777 
333 397 857 1031 
334 263 925 1005 
335 860 1052 1240 
336 287 907 911 
337 798 609 799 
338 432 775 817 
339 1001 1086 1205 
340 487 504 802 
341 265 206 870 
342 736 1118 1129 
343 803 413 967 
344 1139 873 1144 
345 1016 155 1257 
346 809 315 1222 
347 355 987 1079 
348 806 529 1200 
349 955 675 1172 
350 626 625 1092 
351 1196 677 1219 
352 776 816 989 
353 190 1091 1154 
354 421 923 1023 
355 188 1030 1127 
356 865 866 867 
357 193 185 949 
358 683 999 1119 
359 296 929 1002 
360 235 878 1293 
361 840 830 853 
362 164 6 740 
363 367 510 783 
364 198 846 1201 
365 987 686 1079 
366 1068 838 1075 
367 402 537 795 
368 674 675 955 
369 837 833 851 
370 459 807 1024 
371 635 563 741 
372 804 1195 1237 
373 1011 702 1123 
374 458 1064 1102 
375 157 739 903 
376 712 1196 1219 
377 851 852 1257 
378 1005 925 1252 
379 792 790 809 
380 910 911 912 
381 663 785 792 
382 878 879 1293 
383 921 83 1229 
384 733 474 963 
385 67 945 1227 
386 785 786 792 
387 672 674 1108 
388 185 238 949 
389 719 1114 1127 
390 707 120 1278 
391 421 795 923 
392 708 707 966 
393 685 879 1190 
394 898 905 1179 
395 922 189 932 
396 278 1107 1121 
397 726 1037 1272 
398 705 124 1268 
399 83 921 1138 
400 534 693 880 
401 897 567 1019 
402 924 645 1062 
403 626 1092 1145 
404 1107 641 1121 
405 455 1052 1098 
406 442 459 1024 
407 852 1016 1257 
408 866 376 867 
409 663 536 785 
410 629 809 1087 
411 766 813 817 
412 581 735 1226 
413 688 933 1089 
414 867 655 1202 
415 774 26 1113 
416 789 807 808 
417 873 587 1032 
418 688 687 1169 
419 668 804 1237 
420 319 317 796 
421 219 42 799 
422 996 720 1124 
423 368 370 866 
424 1001 165 1086 
425 124 778 1268 
426 555 513 1123 
427 743 428 971 
428 399 938 1026 
429 236 227 954 
430 830 828 853 
431 631 873 1032 
432 364 367 783 
433 424 420 743 
434 792 809 1222 
435 505 584 907 
436 775 768 817 
437 769 1113 1143 
438 738 543 1171 
439 809 790 1087 
440 253 924 1062 
441 901 262 1074 
442 886 658 1132 
443 293 274 981 
444 26 774 1234 
445 404 402 795 
446 696 505 907 
447 189 922 1229 
448 1030 188 1263 
449 914 1096 1143 
450 1121 641 1146 
451 398 397 793 
452 859 503 860 
453 888 791 1076 
454 45 46 878 
455 869 233 1256 
456 910 912 1073 
457 208 290 870 
458 714 661 1042 
459 846 198 1160 
460 415 413 803 
461 1037 1176 1272 
462 796 317 868 
463 977 323 985 
464 276 935 936 
465 1074 262 1218 
466 609 798 818 
467 868 618 1193 
468 541 573 737 
469 938 583 1026 
470 376 381 867 
471 343 373 794 
472 397 394 857 
473 575 975 1097 
474 814 650 861 
475 183 709 1153 
476 579 920 1040 
477 779 648 814 
478 641 858 1146 
479 952 555 1123 
480 576 889 1081 
481 255 734 1276 
482 219 799 1178 
483 978 353 1050 
484 274 260 981 
485 769 774 1113 
486 227 529 954 
487 734 255 1110 
488 1055 362 1152 
489 926 763 927 
490 917 916 1274 
491 222 791 1191 
492 852 841 941 
493 875 242 876 
494 933 688 1169 
495 96 503 859 
496 968 182 1238 
497 880 693 1023 
498 646 517 648 
499 753 752 892 
500 699 732 989 
501 782 234 1083 
502 1070 1099 1185 
503 348 351 881 
504 516 337 517 
505 714 1042 1186 
506 495 920 922 
507 1099 639 1185 
508 254 738 1171 
509 731 233 1128 
510 665 1011 1123 
511 262 36 927 
512 653 928 929 
513 791 222 1159 
514 495 922 1051 
515 908 287 911 
516 504 656 690 
517 800 166 1221 
518 863 598 864 
519 576 575 1097 
520 733 963 1048 
521 427 457 487 
522 55 308 896 
523 594 592 864 
524 516 647 935 
525 648 649 650 
526 487 457 504 
527 448 553 900 
528 832 840 841 
529 618 309 1056 
530 1065 1027 1252 
531 885 378 1067 
532 829 828 830 
533 212 217 819 
534 827 826 828 
535 896 308 897 
536 828 842 853 
537 277 259 805 
538 1114 718 1289 
539 1183 677 1196 
540 822 825 854 
541 833 832 851 
542 813 765 1133 
543 851 841 852 
544 488 518 566 
545 565 541 737 
546 831 830 832 
547 920 495 1040 
548 451 452 501 
549 808 806 1200 
550 779 194 1136 
551 839 837 847 
552 650 651 652 
553 541 540 573 
554 719 718 1114 
555 287 20 869 
556 518 520 815 
557 335 336 337 
558 632 850 1033 
559 335 516 935 
560 397 1031 1245 
561 885 886 1125 
562 700 113 701 
563 678 677 1183 
564 825 824 826 
565 565 956 1158 
566 502 501 617 
567 34 1140 1207 
568 47 242 875 
569 512 511 513 
570 362 804 1152 
571 615 978 1050 
572 648 650 814 
573 706 121 707 
574 619 523 664 
575 928 724 1104 
576 1071 222 1191 
577 606 885 1067 
578 1190 879 1199 
579 539 540 541 
580 388 387 389 
581 488 446 518 
582 783 510 969 
583 125 124 705 
584 646 648 779 
585 690 656 800 
586 427 391 457 
587 924 678 1183 
588 114 113 700 
589 43 798 799 
590 216 17 909 
591 516 517 646 
592 381 446 488 
593 522 487 523 
594 918 601 1004 
595 536 472 785 
596 6 127 740 
597 335 337 516 
598 788 791 888 
599 343 345 373 
600 122 121 706 
601 989 732 1117 
602 911 584 912 
603 566 518 815 
604 390 389 391 
605 244 51 899 
606 822 823 824 
607 875 876 877 
608 513 514 665 
609 510 384 511 
610 600 598 863 
611 1020 849 1257 
612 392 391 427 
613 102 103 983 
614 389 387 496 
615 795 537 923 
616 434 431 581 
617 427 522 857 
618 895 896 897 
619 93 889 890 
620 737 573 947 
621 524 523 619 
622 434 581 582 
623 835 833 837 
624 539 538 540 
625 815 966 1278 
626 598 594 864 
627 997 1149 1277 
628 359 372 987 
629 287 869 907 
630 409 407 421 
631 812 797 1280 
632 841 840 850 
633 343 344 345 
634 852 941 1287 
635 579 727 810 
636 42 43 799 
637 819 447 820 
638 832 830 840 
639 281 333 335 
640 338 340 794 
641 847 837 849 
642 243 951 1246 
643 553 490 939 
644 345 346 379 
645 1080 437 1168 
646 785 473 786 
647 673 644 784 
648 537 401 538 
649 820 821 822 
650 675 673 1134 
651 805 259 954 
652 963 258 1048 
653 386 319 387 
654 340 343 794 
655 474 871 872 
656 359 361 372 
657 428 438 451 
658 537 538 539 
659 625 619 667 
660 667 619 1086 
661 321 327 985 
662 19 287 908 
663 367 368 384 
664 340 342 343 
665 828 826 842 
666 929 296 1093 
667 501 452 508 
668 194 779 1084 
669 94 229 889 
670 827 828 829 
671 352 355 930 
672 786 788 790 
673 86 87 934 
674 825 826 827 
675 822 824 825 
676 1186 191 1209 
677 512 513 555 
678 510 511 512 
679 420 419 428 
680 644 536 663 
681 1052 695 1240 
682 832 841 851 
683 367 384 510 
684 746 747 1091 
685 829 830 831 
686 472 445 473 
687 44 235 798 
688 648 517 649 
689 839 847 848 
690 650 652 861 
691 36 37 927 
692 798 235 818 
693 820 822 854 
694 831 832 833 
695 290 856 870 
696 57 162 904 
697 472 473 785 
698 323 321 985 
699 564 541 565 
700 835 839 887 
701 840 853 1173 
702 91 157 903 
703 259 236 954 
704 451 501 502 
705 617 778 1224 
706 816 443 989 
707 862 730 1131 
708 745 730 862 
709 806 805 954 
710 554 894 1041 
711 723 724 928 
712 400 398 401 
713 376 377 381 
714 548 1027 1065 
715 229 95 859 
716 835 837 839 
717 644 663 784 
718 396 394 397 
719 895 897 1019 
720 428 419 438 
721 372 361 783 
722 402 401 537 
723 904 162 905 
724 909 908 910 
725 431 424 743 
726 579 810 920 
727 636 635 720 
728 451 438 452 
729 361 364 783 
730 217 283 819 
731 364 366 367 
732 650 649 651 
733 903 739 965 
734 381 382 446 
735 72 174 1157 
736 283 301 447 
737 244 899 1203 
738 407 404 795 
739 893 158 894 
740 739 157 1161 
741 87 163 934 
742 887 1109 1201 
743 351 352 930 
744 899 1025 1203 
745 1034 777 1078 
746 634 582 780 
747 702 161 952 
748 337 338 984 
749 433 431 434 
750 373 1265 1272 
751 276 281 935 
752 384 368 866 
753 502 617 662 
754 523 487 802 
755 1177 241 1286 
756 282 450 1013 
757 513 511 514 
758 748 745 862 
759 269 257 964 
760 442 325 459 
761 427 487 522 
762 756 753 892 
763 418 415 419 
764 37 926 927 
765 747 745 748 
766 283 447 819 
767 922 932 1051 
768 297 883 1009 
769 936 647 937 
770 462 645 906 
771 335 333 336 
772 520 780 1189 
773 43 44 798 
774 504 521 656 
775 430 424 431 
776 13 176 915 
777 408 407 409 
778 786 787 788 
779 95 96 859 
780 1140 902 1207 
781 889 576 1273 
782 749 748 750 
783 337 336 338 
784 333 332 991 
785 53 158 893 
786 386 387 388 
787 822 821 823 
788 451 502 971 
789 530 479 680 
790 561 559 562 
791 665 514 715 
792 699 989 1251 
793 392 427 857 
794 668 604 804 
795 388 389 390 
796 54 55 896 
797 569 563 635 
798 100 101 234 
799 47 48 242 
800 44 45 235 
801 709 182 968 
802 46 47 875 
803 910 908 911 
804 41 42 219 
805 103 104 220 
806 268 272 972 
807 21 233 869 
808 115 161 702 
809 820 447 821 
810 46 875 878 
811 652 651 653 
812 880 565 1158 
813 878 877 879 
814 373 345 1265 
815 780 520 1188 
816 703 160 704 
817 348 350 351 
818 401 398 793 
819 790 788 888 
820 15 801 1206 
821 441 325 442 
822 343 342 344 
823 257 252 964 
824 94 95 229 
825 51 52 899 
826 419 415 803 
827 52 893 899 
828 182 117 1011 
829 618 868 1291 
830 522 523 524 
831 784 663 1222 
832 276 936 1286 
833 38 39 190 
834 106 107 191 
835 649 517 984 
836 157 92 890 
837 92 93 890 
838 126 160 703 
839 96 97 503 
840 444 442 445 
841 1162 279 1277 
842 118 182 709 
843 587 483 1032 
844 906 645 924 
845 18 908 909 
846 931 86 934 
847 390 391 392 
848 352 354 355 
849 1080 1168 1215 
850 123 181 778 
851 723 721 724 
852 56 57 904 
853 220 104 1042 
854 715 968 1238 
855 359 360 361 
856 788 789 791 
857 708 966 1189 
858 502 735 971 
859 387 319 796 
860 929 928 1104 
861 370 375 376 
862 961 622 1098 
863 90 91 903 
864 871 587 873 
865 345 344 346 
866 654 649 984 
867 751 750 752 
868 406 404 407 
869 821 447 970 
870 396 397 398 
871 367 366 368 
872 1149 946 1277 
873 777 950 1078 
874 116 702 1011 
875 518 519 520 
876 524 619 625 
877 183 119 709 
878 1134 673 1281 
879 968 566 1153 
880 681 680 882 
881 21 22 233 
882 19 20 287 
883 900 553 960 
884 766 765 813 
885 471 445 472 
886 266 282 1013 
887 605 604 668 
888 918 1004 1005 
889 942 943 944 
890 479 293 981 
891 29 288 913 
892 50 51 244 
893 570 959 976 
894 535 472 536 
895 935 647 936 
896 24 25 215 
897 16 17 216 
898 379 346 881 
899 758 756 891 
900 325 277 805 
901 110 111 925 
902 841 850 941 
903 242 955 1172 
904 760 758 765 
905 643 536 644 
906 356 358 359 
907 747 748 749 
908 255 64 942 
909 922 921 1229 
910 1204 784 1222 
911 778 617 1268 
912 267 268 972 
913 286 90 903 
914 604 600 863 
915 815 520 966 
916 324 277 325 
917 18 19 908 
918 959 549 976 
919 618 1056 1094 
920 891 756 892 
921 400 401 402 
922 85 86 931 
923 488 566 655 
924 434 634 884 
925 391 389 1063 
926 845 821 970 
927 262 927 1218 
928 394 392 857 
929 93 94 889 
930 765 758 891 
931 27 28 175 
932 13 14 176 
933 459 805 806 
934 421 407 795 
935 884 939 1182 
936 946 1162 1277 
937 496 796 797 
938 776 775 816 
939 53 54 158 
940 91 92 157 
941 52 53 893 
942 917 918 1027 
943 175 913 914 
944 37 38 926 
945 38 190 926 
946 64 65 942 
947 412 410 413 
948 864 986 1152 
949 470 464 906 
950 490 506 939 
951 786 473 787 
952 603 600 604 
953 311 309 618 
954 229 859 1240 
955 860 503 961 
956 858 174 1146 
957 175 28 913 
958 464 462 906 
959 819 820 855 
960 606 658 885 
961 255 942 944 
962 581 431 743 
963 566 968 1288 
964 672 644 673 
965 281 335 935 
966 916 642 1274 
967 539 541 564 
968 89 286 940 
969 462 460 645 
970 752 750 958 
971 849 1020 1241 
972 263 110 925 
973 530 680 681 
974 289 915 916 
975 1086 664 1205 
976 932 931 933 
977 410 409 967 
978 864 592 986 
979 418 419 420 
980 430 431 433 
981 193 949 1101 
982 664 523 802 
983 434 582 634 
984 20 21 869 
985 355 356 987 
986 318 317 319 
987 561 562 563 
988 24 215 919 
989 381 377 382 
990 376 375 377 
991 432 817 1029 
992 757 756 758 
993 755 753 756 
994 17 18 909 
995 543 777 1034 
996 760 765 766 
997 834 833 835 
998 799 609 1178 
999 506 698 939 
1000 324 325 441 
1001 749 750 751 
1002 467 464 470 
1003 853 842 949 
1004 920 921 922 
1005 532 678 679 
1006 306 478 550 
1007 569 635 636 
1008 448 490 553 
1009 770 768 775 
1010 690 800 1221 
1011 301 303 970 
1012 346 348 881 
1013 733 587 871 
1014 1030 719 1127 
1015 571 475 712 
1016 189 85 931 
1017 289 12 915 
1018 355 354 356 
1019 445 442 1024 
1020 748 862 1130 
1021 441 442 444 
1022 89 90 286 
1023 909 910 1132 
1024 414 413 415 
1025 879 685 1293 
1026 233 731 1256 
1027 351 350 352 
1028 933 931 934 
1029 460 269 964 
1030 55 56 308 
1031 406 407 408 
1032 564 565 880 
1033 504 457 521 
1034 422 958 1130 
1035 120 183 1278 
1036 624 583 938 
1037 548 10 953 
1038 674 673 675 
1039 804 604 863 
1040 636 720 721 
1041 361 363 364 
1042 218 213 993 
1043 65 542 942 
1044 242 48 955 
1045 166 800 1008 
1046 12 13 915 
1047 875 877 878 
1048 920 810 921 
1049 163 88 940 
1050 204 206 265 
1051 854 825 1250 
1052 538 401 793 
1053 539 564 923 
1054 408 409 410 
1055 671 580 1039 
1056 586 483 587 
1057 794 373 1176 
1058 276 280 281 
1059 327 482 985 
1060 678 924 1187 
1061 845 970 1111 
1062 550 478 551 
1063 189 931 932 
1064 726 723 928 
1065 35 36 262 
1066 109 110 263 
1067 902 547 1207 
1068 957 698 1251 
1069 65 66 542 
1070 88 89 940 
1071 511 384 865 
1072 433 434 884 
1073 316 313 317 
1074 779 814 1292 
1075 79 80 543 
1076 459 325 805 
1077 506 697 698 
1078 107 108 999 
1079 160 705 742 
1080 846 836 887 
1081 897 308 898 
1082 359 358 360 
1083 467 470 475 
1084 824 823 951 
1085 885 658 886 
1086 81 82 254 
1087 63 64 255 
1088 537 539 923 
1089 692 1111 1192 
1090 751 752 753 
1091 788 787 789 
1092 10 11 953 
1093 603 604 605 
1094 385 319 386 
1095 580 291 1000 
1096 571 712 718 
1097 724 721 1047 
1098 961 503 1100 
1099 60 61 188 
1100 84 85 189 
1101 261 275 276 
1102 283 300 301 
1103 281 332 333 
1104 948 573 1092 
1105 556 555 557 
1106 23 919 1128 
1107 48 49 955 
1108 518 446 519 
1109 272 306 972 
1110 72 73 174 
1111 944 943 1149 
1112 444 445 471 
1113 338 339 340 
1114 57 58 162 
1115 87 88 163 
1116 75 76 278 
1117 23 24 919 
1118 894 158 895 
1119 759 758 760 
1120 610 781 782 
1121 797 868 1193 
1122 942 542 943 
1123 836 835 887 
1124 69 70 279 
1125 340 341 342 
1126 103 220 983 
1127 577 579 1040 
1128 667 1086 1258 
1129 930 355 1079 
1130 28 29 913 
1131 642 916 1216 
1132 746 745 747 
1133 364 365 366 
1134 508 533 534 
1135 755 756 757 
1136 351 930 1088 
1137 770 775 776 
1138 29 30 288 
1139 11 12 289 
1140 234 781 1212 
1141 393 392 394 
1142 1160 202 1223 
1143 474 249 963 
1144 308 56 904 
1145 844 836 846 
1146 208 210 290 
1147 158 54 896 
1148 428 451 971 
1149 645 460 964 
1150 346 347 348 
1151 767 769 1143 
1152 289 916 917 
1153 332 481 991 
1154 471 472 535 
1155 413 410 967 
1156 221 1054 1087 
1157 767 766 768 
1158 744 730 745 
1159 399 398 400 
1160 787 473 1024 
1161 288 30 962 
1162 450 532 1013 
1163 286 903 965 
1164 301 302 303 
1165 535 536 643 
1166 801 716 1206 
1167 330 291 580 
1168 669 580 671 
1169 481 585 610 
1170 217 223 283 
1171 894 554 1184 
1172 271 269 460 
1173 711 549 959 
1174 161 874 952 
1175 395 394 396 
1176 577 578 579 
1177 857 522 1031 
1178 586 587 733 
1179 764 914 1156 
1180 608 583 624 
1181 615 616 659 
1182 461 460 462 
1183 382 448 900 
1184 31 547 962 
1185 680 479 981 
1186 496 387 796 
1187 943 945 946 
1188 729 624 730 
1189 30 31 962 
1190 736 662 1118 
1191 882 243 1246 
1192 804 863 1152 
1193 247 249 474 
1194 331 477 577 
1195 447 301 970 
1196 630 549 711 
1197 306 334 478 
1198 315 809 1175 
1199 953 917 1027 
1200 11 289 953 
1201 517 337 984 
1202 950 278 1078 
1203 570 475 571 
1204 465 464 467 
1205 1002 929 1104 
1206 889 229 1081 
1207 265 870 1068 
1208 1054 629 1087 
1209 757 758 759 
1210 417 415 418 
1211 272 284 306 
1212 463 462 464 
1213 800 656 1168 
1214 793 397 1245 
1215 492 468 549 
1216 820 854 855 
1217 31 32 547 
1218 9 10 548 
1219 421 1023 1214 
1220 973 848 974 
1221 331 577 979 
1222 368 369 370 
1223 111 112 1065 
1224 516 646 647 
1225 438 419 803 
1226 643 644 672 
1227 692 681 1111 
1228 645 964 1062 
1229 227 225 529 
1230 656 521 657 
1231 361 360 363 
1232 583 435 1026 
1233 597 594 598 
1234 549 468 976 
1235 599 598 600 
1236 97 98 1100 
1237 430 433 957 
1238 306 550 972 
1239 498 435 583 
1240 251 256 258 
1241 838 829 1075 
1242 943 542 945 
1243 324 441 1007 
1244 233 22 1128 
1245 698 697 699 
1246 191 107 999 
1247 484 586 1018 
1248 999 683 1028 
1249 991 610 1102 
1250 412 413 414 
1251 423 420 424 
1252 1076 791 1159 
1253 356 359 987 
1254 558 557 559 
1255 225 218 993 
1256 698 699 1251 
1257 735 662 736 
1258 590 595 606 
1259 760 766 767 
1260 925 1065 1252 
1261 512 555 556 
1262 868 317 1291 
1263 304 321 323 
1264 789 808 1191 
1265 615 659 978 
1266 330 580 669 
1267 480 449 567 
1268 485 545 640 
1269 409 421 1214 
1270 429 424 430 
1271 612 614 615 
1272 282 277 324 
1273 1118 662 1224 
1274 769 768 770 
1275 1155 71 1157 
1276 266 259 277 
1277 827 829 838 
1278 887 839 1109 
1279 998 670 1036 
1280 579 578 727 
1281 482 509 633 
1282 914 764 1096 
1283 577 477 578 
1284 327 453 482 
1285 1145 793 1245 
1286 348 349 350 
1287 804 362 1195 
1288 807 787 1024 
1289 571 718 719 
1290 482 633 975 
1291 467 475 570 
1292 630 711 734 
1293 174 1082 1157 
1294 606 607 658 
1295 934 163 1089 
1296 700 701 1148 
1297 492 549 630 
1298 646 779 1136 
1299 271 460 461 
1300 245 236 259 
1301 980 1018 1048 
1302 831 833 834 
1303 562 559 1261 
1304 777 728 950 
1305 856 854 1250 
1306 49 50 1108 
1307 532 677 678 
1308 947 573 948 
1309 289 917 953 
1310 478 334 495 
1311 155 1020 1257 
1312 1130 862 1151 
1313 672 673 674 
1314 306 284 334 
1315 494 526 527 
1316 469 493 494 
1317 481 610 991 
1318 485 640 1021 
1319 838 856 1250 
1320 621 998 1036 
1321 687 552 689 
1322 251 258 963 
1323 441 500 1007 
1324 754 753 755 
1325 417 813 1133 
1326 508 452 533 
1327 356 357 358 
1328 980 552 1018 
1329 527 627 628 
1330 617 501 1141 
1331 403 402 404 
1332 450 531 532 
1333 463 464 465 
1334 602 600 603 
1335 352 353 354 
1336 461 462 463 
1337 624 938 1131 
1338 689 552 980 
1339 221 888 1076 
1340 635 741 1124 
1341 620 476 621 
1342 546 486 552 
1343 316 317 318 
1344 249 251 963 
1345 465 467 976 
1346 767 768 769 
1347 797 796 868 
1348 499 479 530 
1349 285 273 291 
1350 456 293 479 
1351 333 991 1064 
1352 714 1186 1209 
1353 411 410 412 
1354 641 621 858 
1355 826 824 1228 
1356 727 728 738 
1357 671 1039 1059 
1358 329 291 330 
1359 39 40 1091 
1360 761 759 764 
1361 486 484 1018 
1362 526 493 528 
1363 529 225 993 
1364 188 61 1057 
1365 560 559 561 
1366 484 483 586 
1367 703 704 956 
1368 331 476 477 
1369 568 563 569 
1370 741 167 1124 
1371 873 631 1144 
1372 469 468 492 
1373 370 374 375 
1374 414 415 417 
1375 901 773 902 
1376 278 76 1078 
1377 898 904 905 
1378 527 526 627 
1379 997 528 1149 
1380 494 493 526 
1381 680 981 1135 
1382 738 728 777 
1383 958 750 1130 
1384 106 191 1186 
1385 285 329 331 
1386 727 578 728 
1387 628 627 691 
1388 466 465 468 
1389 368 366 369 
1390 532 679 1013 
1391 283 223 300 
1392 589 380 986 
1393 405 404 406 
1394 898 308 904 
1395 1223 265 1279 
1396 1016 852 1287 
1397 446 382 900 
1398 467 570 976 
1399 959 570 1030 
1400 364 363 365 
1401 597 598 599 
1402 468 465 976 
1403 591 589 592 
1404 454 328 483 
1405 330 669 670 
1406 640 545 676 
1407 469 492 493 
1408 436 814 1194 
1409 276 275 280 
1410 477 476 620 
1411 865 384 866 
1412 620 621 641 
1413 270 269 271 
1414 473 445 1024 
1415 466 468 469 
1416 268 270 272 
1417 318 319 385 
1418 463 465 466 
1419 272 273 284 
1420 823 821 845 
1421 761 764 771 
1422 567 449 1007 
1423 593 596 642 
1424 285 291 329 
1425 266 277 282 
1426 268 257 269 
1427 282 324 449 
1428 301 300 302 
1429 237 246 247 
1430 331 329 476 
1431 245 259 266 
1432 772 771 773 
1433 443 430 957 
1434 514 511 865 
1435 284 273 285 
1436 422 406 1105 
1437 575 544 977 
1438 834 835 836 
1439 923 564 1023 
1440 606 595 607 
1441 685 818 1293 
1442 510 512 969 
1443 580 1000 1039 
1444 883 297 1205 
1445 751 753 754 
1446 546 552 687 
1447 256 257 267 
1448 40 41 1164 
1449 532 531 677 
1450 659 616 660 
1451 128 6 164 
1452 5 154 167 
1453 338 336 339 
1454 761 771 772 
1455 570 571 1030 
1456 757 759 761 
1457 950 728 990 
1458 251 252 256 
1459 548 953 1027 
1460 744 745 746 
1461 441 444 500 
1462 578 477 990 
1463 699 731 732 
1464 797 812 1282 
1465 633 509 739 
1466 322 320 631 
1467 482 453 509 
1468 564 880 1023 
1469 772 773 901 
1470 346 344 347 
1471 281 280 332 
1472 492 630 982 
1473 396 398 399 
1474 610 585 781 
1475 546 687 688 
1476 958 422 1105 
1477 340 339 341 
1478 895 158 896 
1479 906 924 1183 
1480 250 248 253 
1481 249 250 251 
1482 34 35 1140 
1483 247 248 249 
1484 334 284 979 
1485 754 755 762 
1486 303 302 304 
1487 423 424 429 
1488 256 252 257 
1489 267 257 268 
1490 429 430 443 
1491 888 221 1087 
1492 272 270 273 
1493 268 269 270 
1494 502 662 735 
1495 390 392 393 
1496 360 358 362 
1497 722 721 723 
1498 797 1193 1280 
1499 603 605 710 
1500 400 402 403 
1501 593 592 594 
1502 348 347 349 
1503 721 720 1047 
1504 607 595 716 
1505 251 250 252 
1506 418 420 423 
1507 385 386 491 
1508 599 600 602 
1509 342 341 371 
1510 1148 562 1261 
1511 126 125 160 
1512 115 114 161 
1513 237 245 246 
1514 356 354 357 
1515 249 248 250 
1516 615 614 616 
1517 521 457 1063 
1518 651 649 654 
1519 528 493 982 
1520 477 620 990 
1521 393 394 395 
1522 154 153 996 
1523 507 574 695 
1524 512 556 969 
1525 814 861 1194 
1526 590 591 595 
1527 592 589 986 
1528 382 440 448 
1529 769 770 774 
1530 729 730 744 
1531 317 313 1291 
1532 608 624 729 
1533 493 492 982 
1534 538 793 1145 
1535 101 102 1225 
1536 485 486 545 
1537 237 236 245 
1538 933 934 1089 
1539 545 486 546 
1540 228 236 237 
1541 408 410 411 
1542 370 369 374 
1543 531 480 572 
1544 596 597 601 
1545 621 476 998 
1546 596 594 597 
1547 285 331 979 
1548 591 592 593 
1549 284 285 979 
1550 130 129 294 
1551 153 152 295 
1552 725 723 726 
1553 482 975 985 
1554 247 246 248 
1555 59 60 1127 
1556 123 122 181 
1557 118 117 182 
1558 282 449 450 
1559 352 350 353 
1560 258 980 1048 
1561 204 265 1223 
1562 590 589 591 
1563 454 483 484 
1564 450 449 480 
1565 728 578 990 
1566 506 696 697 
1567 706 708 1118 
1568 612 615 1050 
1569 478 495 1051 
1570 450 480 531 
1571 185 178 238 
1572 498 583 608 
1573 454 484 485 
1574 131 130 994 
1575 152 151 995 
1576 187 196 198 
1577 342 371 1058 
1578 365 380 588 
1579 291 273 1000 
1580 471 535 554 
1581 588 589 590 
1582 801 15 1211 
1583 626 1145 1245 
1584 228 227 236 
1585 173 180 299 
1586 791 789 1191 
1587 485 484 486 
1588 526 528 997 
1589 1023 693 1214 
1590 530 681 692 
1591 552 486 1018 
1592 405 406 422 
1593 593 594 596 
1594 927 763 1218 
1595 1007 500 1019 
1596 590 606 1067 
1597 534 533 693 
1598 330 670 998 
1599 132 131 165 
1600 151 150 168 
1601 224 218 225 
1602 329 330 998 
1603 845 882 1246 
1604 790 888 1087 
1605 588 380 589 
1606 556 557 558 
1607 133 132 1001 
1608 150 149 1002 
1609 219 744 1164 
1610 108 109 1119 
1611 599 602 682 
1612 734 711 1057 
1613 619 664 1086 
1614 524 625 626 
1615 270 271 1000 
1616 134 133 297 
1617 149 148 296 
1618 938 399 1106 
1619 261 276 1286 
1620 627 526 997 
1621 120 119 183 
1622 704 160 742 
1623 135 134 1009 
1624 148 147 1003 
1625 1163 550 1180 
1626 490 505 506 
1627 403 404 405 
1628 607 716 801 
1629 117 116 1011 
1630 602 603 1028 
1631 136 135 166 
1632 147 146 169 
1633 412 414 416 
1634 26 27 1113 
1635 979 577 1040 
1636 116 115 702 
1637 382 377 440 
1638 369 366 1046 
1639 754 762 763 
1640 623 613 637 
1641 925 111 1065 
1642 449 324 1007 
1643 75 278 1121 
1644 448 489 490 
1645 682 602 683 
1646 961 1100 1239 
1647 119 118 709 
1648 327 328 453 
1649 571 719 1030 
1650 476 329 998 
1651 689 980 1115 
1652 124 123 778 
1653 453 328 454 
1654 977 544 1038 
1655 127 126 703 
1656 173 299 973 
1657 699 697 731 
1658 171 159 632 
1659 937 647 1136 
1660 156 173 973 
1661 375 374 383 
1662 914 913 1156 
1663 789 787 807 
1664 972 550 1163 
1665 561 563 568 
1666 164 947 1095 
1667 143 142 1016 
1668 142 141 155 
1669 145 144 1017 
1670 144 143 307 
1671 7 145 159 
1672 226 227 228 
1673 273 270 1000 
1674 305 200 309 
1675 423 429 432 
1676 638 637 639 
1677 202 203 204 
1678 141 140 1020 
1679 762 1014 1074 
1680 572 905 1220 
1681 550 551 1180 
1682 755 757 1014 
1683 204 205 206 
1684 310 309 311 
1685 558 559 560 
1686 762 755 1014 
1687 662 617 1224 
1688 58 59 1114 
1689 224 226 230 
1690 321 322 327 
1691 140 139 298 
1692 104 105 1042 
1693 77 78 1034 
1694 304 320 321 
1695 223 218 224 
1696 515 439 622 
1697 483 328 1032 
1698 426 497 684 
1699 365 363 380 
1700 495 334 1040 
1701 593 642 1012 
1702 760 767 1096 
1703 199 201 202 
1704 206 207 208 
1705 915 176 1216 
1706 858 621 1036 
1707 716 595 1012 
1708 239 231 264 
1709 271 461 1039 
1710 327 322 328 
1711 411 412 992 
1712 456 479 499 
1713 595 591 1012 
1714 505 489 584 
1715 217 218 223 
1716 676 545 1006 
1717 771 1156 1213 
1718 174 73 1146 
1719 321 320 322 
1720 226 225 227 
1721 546 688 1006 
1722 304 302 320 
1723 232 240 241 
1724 771 764 1156 
1725 535 643 1025 
1726 334 979 1040 
1727 395 396 1026 
1728 417 418 1029 
1729 660 661 714 
1730 292 274 293 
1731 499 530 1038 
1732 312 311 313 
1733 378 1046 1067 
1734 591 593 1012 
1735 519 900 960 
1736 597 599 1004 
1737 494 527 1142 
1738 1000 271 1039 
1739 545 546 1006 
1740 601 597 1004 
1741 757 761 1014 
1742 8 136 1008 
1743 809 629 1175 
1744 1046 588 1067 
1745 780 582 1129 
1746 657 811 812 
1747 603 710 1028 
1748 137 8 156 
1749 208 209 210 
1750 412 416 992 
1751 543 80 1171 
1752 366 365 1046 
1753 749 751 1022 
1754 506 505 696 
1755 224 225 226 
1756 160 125 705 
1757 567 1007 1019 
1758 374 369 378 
1759 314 313 316 
1760 712 475 1196 
1761 157 890 1161 
1762 161 114 700 
1763 527 628 1165 
1764 636 721 722 
1765 586 733 1048 
1766 61 62 1057 
1767 761 772 1014 
1768 811 521 1063 
1769 574 544 575 
1770 736 1129 1226 
1771 212 213 217 
1772 1014 772 1074 
1773 1018 586 1048 
1774 210 211 212 
1775 146 7 1010 
1776 322 631 1032 
1777 631 320 1053 
1778 418 423 1029 
1779 964 252 1062 
1780 980 258 1115 
1781 551 478 1051 
1782 457 391 1063 
1783 241 260 261 
1784 181 122 706 
1785 438 803 1069 
1786 463 466 1059 
1787 676 940 1233 
1788 764 759 1096 
1789 69 279 1162 
1790 490 489 505 
1791 509 453 1021 
1792 568 569 666 
1793 513 665 1123 
1794 66 2 1227 
1795 574 575 576 
1796 573 540 1092 
1797 599 682 1004 
1798 530 692 1038 
1799 211 209 222 
1800 660 616 661 
1801 77 1034 1078 
1802 261 274 275 
1803 533 452 1069 
1804 706 707 708 
1805 560 561 988 
1806 332 439 481 
1807 350 349 1050 
1808 638 713 983 
1809 217 213 218 
1810 195 186 197 
1811 751 754 1022 
1812 683 602 1028 
1813 454 485 1021 
1814 1129 582 1226 
1815 169 861 1208 
1816 481 515 585 
1817 204 203 205 
1818 214 1177 1248 
1819 893 894 1184 
1820 403 405 425 
1821 179 172 437 
1822 378 369 1046 
1823 448 440 489 
1824 507 499 544 
1825 940 286 1233 
1826 184 192 194 
1827 70 71 1155 
1828 206 205 207 
1829 453 454 1021 
1830 986 380 1055 
1831 127 703 740 
1832 843 836 844 
1833 507 695 1052 
1834 1004 682 1005 
1835 426 395 435 
1836 507 544 574 
1837 208 207 209 
1838 612 613 614 
1839 258 256 1115 
1840 1013 679 1090 
1841 353 350 1050 
1842 653 651 1037 
1843 252 250 1062 
1844 693 533 694 
1845 170 177 436 
1846 497 435 498 
1847 455 293 456 
1848 810 254 1138 
1849 974 138 1247 
1850 81 254 1171 
1851 378 885 1125 
1852 300 223 1015 
1853 554 535 1025 
1854 456 499 507 
1855 500 444 1041 
1856 349 611 612 
1857 722 723 725 
1858 14 15 1206 
1859 63 255 1276 
1860 396 399 1026 
1861 710 605 1260 
1862 216 909 1132 
1863 312 314 315 
1864 190 39 1091 
1865 353 978 1116 
1866 349 347 611 
1867 138 974 1271 
1868 519 446 900 
1869 365 588 1046 
1870 153 295 996 
1871 444 471 1041 
1872 25 26 1234 
1873 205 203 221 
1874 561 568 988 
1875 623 637 638 
1876 167 154 996 
1877 435 395 1026 
1878 829 831 1075 
1879 776 1117 1174 
1880 202 201 203 
1881 212 211 213 
1882 1008 800 1290 
1883 210 209 211 
1884 452 438 1069 
1885 377 375 1035 
1886 292 293 455 
1887 238 178 1033 
1888 223 224 1015 
1889 310 311 312 
1890 305 309 310 
1891 187 195 196 
1892 558 560 686 
1893 224 230 1015 
1894 341 339 458 
1895 318 385 525 
1896 638 639 713 
1897 498 608 609 
1898 375 383 1035 
1899 469 494 1122 
1900 312 313 314 
1901 192 185 193 
1902 328 322 1032 
1903 180 186 187 
1904 332 280 439 
1905 461 463 1059 
1906 423 432 1029 
1907 393 395 426 
1908 130 294 994 
1909 295 152 995 
1910 614 613 623 
1911 890 889 1273 
1912 184 178 185 
1913 1033 850 1173 
1914 684 497 685 
1915 314 316 326 
1916 275 274 292 
1917 187 198 1045 
1918 261 260 274 
1919 782 1099 1102 
1920 752 958 1170 
1921 657 521 811 
1922 336 333 1064 
1923 522 524 1031 
1924 834 836 843 
1925 2 67 1227 
1926 344 342 1058 
1927 360 362 1055 
1928 399 400 1106 
1929 245 266 1090 
1930 3 79 1236 
1931 945 68 1162 
1932 811 496 1282 
1933 754 763 1022 
1934 503 97 1100 
1935 651 654 1037 
1936 1039 461 1059 
1937 177 171 178 
1938 173 179 180 
1939 165 131 994 
1940 151 168 995 
1941 266 1013 1090 
1942 612 611 613 
1943 585 515 717 
1944 481 439 515 
1945 1059 466 1122 
1946 311 618 1291 
1947 620 641 1107 
1948 1042 105 1186 
1949 241 240 260 
1950 471 554 1041 
1951 83 84 1229 
1952 912 584 1137 
1953 544 499 1038 
1954 250 253 1062 
1955 132 165 1001 
1956 168 150 1002 
1957 76 77 1078 
1958 993 213 1071 
1959 171 632 1033 
1960 129 128 1095 
1961 426 435 497 
1962 732 919 1117 
1963 440 377 1035 
1964 694 533 1069 
1965 1045 198 1201 
1966 491 386 1147 
1967 297 133 1001 
1968 149 296 1002 
1969 691 1155 1157 
1970 305 310 629 
1971 304 323 1192 
1972 388 390 1066 
1973 742 508 1249 
1974 198 196 199 
1975 162 1114 1289 
1976 134 297 1009 
1977 296 148 1003 
1978 383 1073 1262 
1979 1142 527 1165 
1980 1111 303 1192 
1981 278 950 1107 
1982 616 614 1044 
1983 166 135 1009 
1984 147 169 1003 
1985 982 630 1110 
1986 720 635 1124 
1987 534 880 1158 
1988 299 180 1045 
1989 628 691 1082 
1990 781 585 1043 
1991 1136 194 1248 
1992 1197 1082 1217 
1993 715 514 1202 
1994 232 239 240 
1995 192 193 214 
1996 970 303 1111 
1997 455 456 1052 
1998 1116 978 1150 
1999 302 300 1053 
2000 1068 843 1279 
2001 161 700 874 
2002 426 684 1066 
2003 588 590 1067 
2004 187 186 195 
2005 363 360 1055 
2006 772 901 1074 
2007 184 185 192 
2008 180 179 186 
2009 309 200 1056 
2010 174 858 1217 
2011 569 636 1049 
2012 524 626 1031 
2013 255 944 1110 
2014 201 200 305 
2015 1098 622 1198 
2016 610 782 1102 
2017 178 171 1033 
2018 177 178 184 
2019 78 3 1236 
2020 1113 175 1143 
2021 520 519 1188 
2022 622 439 1072 
2023 16 216 1211 
2024 354 353 1116 
2025 844 1223 1279 
2026 628 1082 1197 
2027 240 239 243 
2028 759 760 1096 
2029 142 155 1016 
2030 307 143 1016 
2031 144 307 1017 
2032 159 145 1017 
2033 349 612 1050 
2034 406 408 1105 
2035 1 33 1243 
2036 112 4 1244 
2037 32 1 1243 
2038 4 9 1244 
2039 155 141 1020 
2040 937 1136 1248 
2041 7 159 170 
2042 666 569 1049 
2043 294 129 1095 
2044 253 248 1120 
2045 347 344 1058 
2046 740 703 956 
2047 199 196 200 
2048 82 83 1138 
2049 199 200 201 
2050 128 164 1095 
2051 232 231 239 
2052 140 298 1020 
2053 689 1115 1163 
2054 170 159 171 
2055 170 171 177 
2056 180 187 1045 
2057 1092 540 1145 
2058 173 172 179 
2059 320 302 1053 
2060 637 613 1126 
2061 136 166 1008 
2062 231 193 1101 
2063 295 995 1047 
2064 380 363 1055 
2065 214 193 231 
2066 246 245 1090 
2067 633 739 1161 
2068 50 244 1108 
2069 196 195 1056 
2070 238 1033 1173 
2071 214 231 232 
2072 640 965 1255 
2073 747 749 1154 
2074 390 393 1066 
2075 316 318 1060 
2076 339 336 1064 
2077 818 685 1235 
2078 156 172 173 
2079 945 542 1227 
2080 169 146 1010 
2081 1090 679 1120 
2082 614 623 1044 
2083 156 8 172 
2084 605 1181 1260 
2085 456 507 1052 
2086 609 818 1235 
2087 671 1059 1122 
2088 860 961 1098 
2089 300 1015 1053 
2090 661 616 1044 
2091 574 576 1081 
2092 982 1110 1285 
2093 695 574 1081 
2094 959 1030 1263 
2095 27 175 1113 
2096 632 159 1017 
2097 585 717 1043 
2098 1116 1150 1237 
2099 1006 688 1089 
2100 691 627 1166 
2101 709 968 1153 
2102 607 801 1103 
2103 280 275 1072 
2104 547 902 1269 
2105 950 990 1107 
2106 326 316 1060 
2107 197 186 1080 
2108 919 215 1117 
2109 636 722 1049 
2110 254 82 1138 
2111 993 1071 1200 
2112 181 1118 1224 
2113 831 834 1075 
2114 655 566 1288 
2115 275 292 1072 
2116 744 746 1164 
2117 734 1057 1276 
2118 814 436 1292 
2119 262 901 1140 
2120 566 815 1153 
2121 774 770 1174 
2122 188 1057 1263 
2123 1122 494 1142 
2124 1165 628 1197 
2125 823 845 1246 
2126 1058 371 1126 
2127 184 194 1084 
2128 100 234 1212 
2129 872 871 1139 
2130 371 341 1070 
2131 572 480 1179 
2132 1204 326 1281 
2133 228 872 1231 
2134 981 260 1135 
2135 584 489 1137 
2136 203 201 1054 
2137 211 222 1071 
2138 296 1003 1093 
2139 197 1215 1280 
2140 611 347 1058 
2141 622 961 1239 
2142 713 639 1083 
2143 385 491 1077 
2144 742 705 1141 
2145 318 525 1060 
2146 1161 890 1273 
2147 433 884 1182 
2148 1060 525 1061 
2149 969 556 1085 
2150 71 72 1157 
2151 1117 215 1174 
2152 975 633 1097 
2153 750 748 1130 
2154 871 873 1139 
2155 220 1042 1253 
2156 232 241 1177 
2157 863 864 1152 
2158 213 211 1071 
2159 778 181 1224 
2160 182 1011 1238 
2161 966 520 1189 
2162 458 339 1064 
2163 221 203 1054 
2164 393 426 1066 
2165 1025 899 1184 
2166 965 640 1233 
2167 639 637 1185 
2168 658 607 1103 
2169 408 411 1105 
2170 630 734 1110 
2171 414 417 1133 
2172 439 280 1072 
2173 179 437 1080 
2174 138 137 1247 
2175 207 205 1076 
2176 848 847 1242 
2177 403 425 1106 
2178 400 403 1106 
2179 201 305 1054 
2180 200 196 1056 
2181 556 558 1085 
2182 362 358 1195 
2183 582 581 1226 
2184 663 792 1222 
2185 990 620 1107 
2186 839 848 1109 
2187 162 58 1114 
2188 199 202 1160 
2189 341 458 1070 
2190 139 138 1271 
2191 634 780 1188 
2192 540 538 1145 
2193 388 1066 1147 
2194 715 1202 1288 
2195 949 842 1101 
2196 374 378 1125 
2197 913 288 1156 
2198 827 838 1250 
2199 944 1149 1285 
2200 195 197 1094 
2201 988 930 1079 
2202 205 221 1076 
2203 673 784 1281 
2204 730 624 1131 
2205 941 307 1287 
2206 834 843 1075 
2207 677 531 1219 
2208 558 686 1085 
2209 109 263 1119 
2210 560 988 1079 
2211 305 629 1054 
2212 525 385 1077 
2213 965 739 1255 
2214 565 737 1230 
2215 436 177 1084 
2216 176 1112 1216 
2217 638 983 1167 
2218 246 1090 1120 
2219 895 1019 1232 
2220 222 209 1159 
2221 1057 62 1276 
2222 940 676 1254 
2223 686 560 1079 
2224 643 672 1203 
2225 988 568 1088 
2226 8 1008 1290 
2227 642 596 1274 
2228 60 188 1127 
2229 1207 547 1243 
2230 568 666 1088 
2231 256 267 1115 
2232 74 75 1121 
2233 948 667 1210 
2234 1019 500 1232 
2235 264 231 1101 
2236 175 914 1143 
2237 74 1121 1146 
2238 41 219 1164 
2239 1089 163 1254 
2240 422 1130 1151 
2241 557 874 1261 
2242 1177 937 1248 
2243 973 974 1247 
2244 660 714 1260 
2245 1021 640 1255 
2246 186 179 1080 
2247 357 354 1116 
2248 1066 684 1147 
2249 35 262 1140 
2250 1041 894 1232 
2251 425 405 1151 
2252 248 246 1120 
2253 731 697 1256 
2254 22 23 1128 
2255 876 242 1172 
2256 861 652 1208 
2257 466 469 1122 
2258 1110 944 1285 
2259 312 315 1175 
2260 181 706 1118 
2261 716 1012 1112 
2262 177 184 1084 
2263 739 509 1255 
2264 939 698 1182 
2265 253 1120 1187 
2266 921 810 1138 
2267 1010 7 1294 
2268 440 1035 1137 
2269 647 646 1136 
2270 956 704 1158 
2271 847 849 1241 
2272 172 8 1290 
2273 1012 642 1112 
2274 260 240 1135 
2275 899 893 1184 
2276 702 952 1123 
2277 918 1005 1252 
2278 156 973 1247 
2279 163 940 1254 
2280 216 1103 1211 
2281 491 1147 1190 
2282 943 946 1149 
2283 168 1002 1104 
2284 983 220 1167 
2285 669 671 1142 
2286 7 170 1294 
2287 383 374 1125 
2288 230 226 1231 
2289 930 988 1088 
2290 1083 639 1099 
2291 73 74 1146 
2292 1056 195 1094 
2293 1057 711 1263 
2294 679 678 1187 
2295 279 70 1155 
2296 611 1058 1126 
2297 689 1163 1180 
2298 637 1126 1185 
2299 345 379 1265 
2300 946 945 1162 
2301 879 877 1199 
2302 1156 288 1213 
2303 292 455 1198 
2304 773 771 1213 
2305 508 534 1249 
2306 386 388 1147 
2307 698 957 1182 
2308 763 926 1270 
2309 901 902 1140 
2310 167 996 1124 
2311 924 253 1187 
2312 416 414 1133 
2313 724 1047 1267 
2314 515 622 1239 
2315 960 634 1188 
2316 1150 659 1181 
2317 881 666 1284 
2318 763 762 1218 
2319 631 1053 1144 
2320 99 100 1212 
2321 784 1204 1281 
2322 498 609 1235 
2323 1044 623 1167 
2324 1155 691 1166 
2325 609 608 1178 
2326 267 972 1163 
2327 1139 230 1231 
2328 489 440 1137 
2329 1065 112 1244 
2330 1009 883 1221 
2331 656 657 1168 
2332 613 611 1126 
2333 234 101 1225 
2334 905 162 1289 
2335 665 715 1238 
2336 496 797 1282 
2337 470 1183 1196 
2338 405 422 1151 
2339 80 81 1171 
2340 977 1038 1259 
2341 68 69 1162 
2342 1215 812 1280 
2343 323 977 1259 
2344 859 860 1240 
2345 671 1122 1142 
2346 883 690 1221 
2347 974 848 1242 
2348 314 326 1204 
2349 773 1213 1269 
2350 782 1083 1099 
2351 629 310 1175 
2352 978 659 1150 
2353 850 840 1173 
2354 1083 234 1225 
2355 966 707 1278 
2356 470 906 1183 
2357 669 1142 1165 
2358 932 933 1275 
2359 1105 411 1170 
2360 1053 1015 1144 
2361 989 443 1251 
2362 240 243 1135 
2363 818 235 1293 
2364 682 683 1264 
2365 1101 842 1228 
2366 894 895 1232 
2367 207 1076 1159 
2368 455 1098 1198 
2369 1061 876 1172 
2370 685 497 1235 
2371 176 14 1206 
2372 379 881 1284 
2373 670 669 1165 
2374 916 915 1216 
2375 1044 1167 1253 
2376 105 106 1186 
2377 874 700 1148 
2378 197 1080 1215 
2379 640 676 1233 
2380 957 433 1182 
2381 1061 675 1134 
2382 1192 323 1259 
2383 749 1022 1154 
2384 1126 371 1185 
2385 215 25 1234 
2386 1100 717 1239 
2387 1115 267 1163 
2388 926 190 1270 
2389 1220 905 1289 
2390 209 207 1159 
2391 1006 1089 1254 
2392 1015 230 1144 
2393 475 470 1196 
2394 192 214 1248 
2395 770 776 1174 
2396 1241 298 1242 
2397 15 16 1211 
2398 1097 1161 1273 
2399 627 997 1166 
2400 1120 679 1187 
2401 956 565 1230 
2402 713 1083 1225 
2403 33 34 1207 
2404 326 1060 1134 
2405 718 712 1220 
2406 1003 169 1208 
2407 623 638 1167 
2408 480 567 1179 
2409 1168 657 1215 
2410 659 660 1181 
2411 559 557 1261 
2412 1060 1061 1134 
2413 1137 1035 1262 
2414 519 960 1188 
2415 947 948 1266 
2416 722 725 1283 
2417 687 689 1180 
2418 411 992 1170 
2419 1042 661 1253 
2420 902 773 1269 
2421 1047 995 1267 
2422 846 887 1201 
2423 491 1190 1199 
2424 1265 725 1272 
2425 514 865 1202 
2426 608 729 1178 
2427 288 962 1213 
2428 1082 691 1157 
2429 958 1105 1170 
2430 774 1174 1234 
2431 310 312 1175 
2432 303 304 1192 
2433 1104 724 1267 
2434 842 826 1228 
2435 198 199 1160 
2436 542 66 1227 
2437 79 543 1236 
2438 657 812 1215 
2439 264 1101 1228 
2440 1086 165 1258 
2441 825 827 1250 
2442 358 357 1195 
2443 202 204 1223 
2444 84 189 1229 
2445 675 1061 1172 
2446 948 1210 1266 
2447 1036 670 1197 
2448 714 1209 1260 
2449 1129 708 1189 
2450 1213 962 1269 
2451 436 1194 1294 
2452 214 232 1177 
2453 1025 643 1203 
2454 547 32 1243 
2455 9 548 1244 
2456 529 993 1200 
2457 1022 763 1270 
2458 1043 99 1212 
2459 1037 654 1176 
2460 1036 1197 1217 
2461 1073 912 1262 
2462 1097 633 1161 
2463 1147 684 1190 
2464 62 63 1276 
2465 534 1158 1249 
2466 670 1165 1197 
2467 683 1119 1264 
2468 684 685 1190 
2469 286 965 1233 
2470 1176 373 1272 
2471 531 572 1219 
2472 548 1065 1244 
2473 226 228 1231 
2474 554 1025 1184 
2475 165 994 1258 
2476 315 1204 1222 
2477 265 1068 1279 
2478 962 547 1269 
2479 168 1104 1267 
2480 847 1241 1242 
2481 711 959 1263 
2482 1158 704 1249 
2483 437 172 1290 
2484 735 736 1226 
2485 315 314 1204 
2486 543 1034 1236 
2487 263 1005 1264 
2488 622 1072 1198 
2489 313 311 1291 
2490 693 694 1214 
2491 1005 682 1264 
2492 170 436 1294 
2493 307 1016 1287 
2494 1195 357 1237 
2495 877 1077 1199 
2496 858 1036 1217 
2497 1072 292 1198 
2498 1034 78 1236 
2499 297 1001 1205 
2500 371 1070 1185 
2501 443 957 1251 
2502 279 1155 1166 
2503 781 1043 1212 
2504 1077 491 1199 
2505 1027 918 1252 
2506 241 261 1286 
2507 717 515 1239 
2508 1103 801 1211 
2509 1093 1003 1208 
2510 951 823 1246 
2511 497 498 1235 
2512 994 294 1210 
2513 912 1137 1262 
2514 500 1041 1232 
2515 762 1074 1218 
2516 596 601 1274 
2517 697 696 1256 
2518 1167 220 1253 
2519 676 1006 1254 
2520 1150 668 1237 
2521 725 1265 1283 
2522 1202 655 1288 
2523 618 1094 1193 
2524 137 156 1247 
2525 740 956 1230 
2526 166 1009 1221 
2527 509 1021 1255 
2528 551 1051 1275 
2529 194 192 1248 
2530 704 742 1249 
2531 1011 665 1238 
2532 1038 692 1259 
2533 1082 174 1217 
2534 652 1093 1208 
2535 528 982 1285 
2536 1035 383 1262 
2537 780 1129 1189 
2538 1210 294 1266 
2539 1031 626 1245 
2540 298 139 1271 
2541 1084 779 1292 
2542 725 726 1272 
2543 933 1169 1275 
2544 1020 298 1241 
2545 1094 197 1280 
2546 1112 642 1216 
2547 661 1044 1253 
2548 1051 932 1275 
2549 843 844 1279 
2550 357 1116 1237 
2551 872 1139 1231 
2552 995 168 1267 
2553 812 811 1282 
2554 294 1095 1266 
2555 436 1084 1292 
2556 666 1049 1284 
2557 1174 215 1234 
2558 190 1154 1270 
2559 1149 528 1285 
2560 692 1192 1259 
2561 968 715 1288 
2562 576 1097 1273 
2563 1194 1010 1294 
2564 1049 722 1283 
2565 718 1220 1289 
2566 1119 263 1264 
2567 994 1210 1258 
2568 874 1148 1261 
2569 1219 572 1220 
2570 1095 947 1266 
2571 712 1219 1220 
2572 1141 705 1268 
2573 1169 551 1275 
2574 1049 1283 1284 
2575 1154 1022 1270 
2576 1209 710 1260 
2577 33 1207 1243 
2578 1193 1094 1280 
2579 326 1134 1281 
2580 617 1141 1268 
2581 1166 997 1277 
2582 1283 379 1284 
2583 1210 667 1258 
2584 279 1166 1277 
2585 1181 660 1260 
2586 1265 379 1283 
2587 1242 298 1271 
2588 974 1242 1271 
$EndElements
