$MeshFormat
4.1 0 8
$EndMeshFormat
$PhysicalNames
5
1 1 "outer"
1 2 "inner"
2 1 "host"
2 2 "cloak"
2 3 "pml"
$EndPhysicalNames
$Entities
10 10 7 0
1 -6 -6 0 0 
2 6 -6 0 0 
3 6 6 0 0 
4 -6 6 0 0 
5 -5 -5 0 0 
6 5 -5 0 0 
7 5 5 0 0 
8 -5 5 0 0 
9 3 0 0 0 
10 1 0 0 0 
1 -6.0000001 -6.0000001 -1e-07 6.0000001 -5.9999999 1e-07 1 1 2 1 -2 
2 5.9999999 -6.0000001 -1e-07 6.0000001 6.0000001 1e-07 1 1 2 2 -3 
3 -6.0000001 5.9999999 -1e-07 6.0000001 6.0000001 1e-07 1 1 2 3 -4 
4 -6.0000001 -6.0000001 -1e-07 -5.9999999 6.0000001 1e-07 1 1 2 4 -1 
5 -5.0000001 -5.0000001 -1e-07 5.0000001 -4.9999999 1e-07 0 2 5 -6 
6 4.9999999 -5.0000001 -1e-07 5.0000001 5.0000001 1e-07 0 2 6 -7 
7 -5.0000001 4.9999999 -1e-07 5.0000001 5.0000001 1e-07 0 2 7 -8 
8 -5.0000001 -5.0000001 -1e-07 -4.9999999 5.0000001 1e-07 0 2 8 -5 
9 -3.0000001 -3.0000001 -1e-07 3.0000001 3.0000001 1e-07 0 2 9 -9 
10 -1.0000001 -1.0000001 -1e-07 1.0000001 1.0000001 1e-07 1 2 2 10 -10 
1 -6.0000001 -6.0000001 -1e-07 6.0000001 6.0000001 1e-07 0 4 1 2 3 4 
2 -5.0000001 -5.0000001 -1e-07 5.0000001 5.0000001 1e-07 0 4 5 6 7 8 
3 -3.0000001 -3.0000001 -1e-07 3.0000001 3.0000001 1e-07 0 1 9 
4 -1.0000001 -1.0000001 -1e-07 1.0000001 1.0000001 1e-07 0 1 10 
5 -3.0000001 -3.0000001 -1e-07 3.0000001 3.0000001 1e-07 1 2 2 9 -10 
6 -5.0000001 -5.0000001 -1e-07 5.0000001 5.0000001 1e-07 1 1 5 5 6 7 8 -9 
7 -6.0000001 -6.0000001 -1e-07 6.0000001 6.0000001 1e-07 1 0 8 1 2 3 4 -5 -8 -7 -6 
$EndEntities
$Nodes
23 4940 1 4940
0 1 0 1
1
-6 -6 0
0 2 0 1
2
6 -6 0
0 3 0 1
3
6 6 0
0 4 0 1
4
-6 6 0
0 5 0 1
5
-5 -5 0
0 6 0 1
6
5 -5 0
0 7 0 1
7
5 5 0
0 8 0 1
8
-5 5 0
0 9 0 1
9
3 0 0
0 10 0 1
10
1 0 0
1 1 0 63
11
12
13
14
15
16
17
18
19
20
21
22
23
24
25
26
27
28
29
30
31
32
33
34
35
36
37
38
39
40
41
42
43
44
45
46
47
48
49
50
51
52
53
54
55
56
57
58
59
60
61
62
63
64
65
66
67
68
69
70
71
72
73
-5.8125 -6 0
-5.625 -6 0
-5.4375 -6 0
-5.25 -6 0
-5.0625 -6 0
-4.875 -6 0
-4.6875 -6 0
-4.5 -6 0
-4.3125 -6 0
-4.125 -6 0
-3.9375 -6 0
-3.75 -6 0
-3.5625 -6 0
-3.375 -6 0
-3.1875 -6 0
-3 -6 0
-2.8125 -6 0
-2.625 -6 0
-2.4375 -6 0
-2.25 -6 0
-2.0625 -6 0
-1.875 -6 0
-1.6875 -6 0
-1.5 -6 0
-1.3125 -6 0
-1.125 -6 0
-0.9375 -6 0
-0.75 -6 0
-0.5625 -6 0
-0.375 -6 0
-0.1875 -6 0
0 -6 0
0.1875 -6 0
0.375 -6 0
0.5625 -6 0
0.75 -6 0
0.9375 -6 0
1.125 -6 0
1.3125 -6 0
1.5 -6 0
1.6875 -6 0
1.875 -6 0
2.0625 -6 0
2.25 -6 0
2.4375 -6 0
2.625 -6 0
2.8125 -6 0
3 -6 0
3.1875 -6 0
3.375 -6 0
3.5625 -6 0
3.75 -6 0
3.9375 -6 0
4.125 -6 0
4.3125 -6 0
4.5 -6 0
4.6875 -6 0
4.875 -6 0
5.0625 -6 0
5.25 -6 0
5.4375 -6 0
5.625 -6 0
5.8125 -6 0
1 2 0 63
74
75
76
77
78
79
80
81
82
83
84
85
86
87
88
89
90
91
92
93
94
95
96
97
98
99
100
101
102
103
104
105
106
107
108
109
110
111
112
113
114
115
116
117
118
119
120
121
122
123
124
125
126
127
128
129
130
131
132
133
134
135
136
6 -5.8125 0
6 -5.625 0
6 -5.4375 0
6 -5.25 0
6 -5.0625 0
6 -4.875 0
6 -4.6875 0
6 -4.5 0
6 -4.3125 0
6 -4.125 0
6 -3.9375 0
6 -3.75 0
6 -3.5625 0
6 -3.375 0
6 -3.1875 0
6 -3 0
6 -2.8125 0
6 -2.625 0
6 -2.4375 0
6 -2.25 0
6 -2.0625 0
6 -1.875 0
6 -1.6875 0
6 -1.5 0
6 -1.3125 0
6 -1.125 0
6 -0.9375 0
6 -0.75 0
6 -0.5625 0
6 -0.375 0
6 -0.1875 0
6 0 0
6 0.1875 0
6 0.375 0
6 0.5625 0
6 0.75 0
6 0.9375 0
6 1.125 0
6 1.3125 0
6 1.5 0
6 1.6875 0
6 1.875 0
6 2.0625 0
6 2.25 0
6 2.4375 0
6 2.625 0
6 2.8125 0
6 3 0
6 3.1875 0
6 3.375 0
6 3.5625 0
6 3.75 0
6 3.9375 0
6 4.125 0
6 4.3125 0
6 4.5 0
6 4.6875 0
6 4.875 0
6 5.0625 0
6 5.25 0
6 5.4375 0
6 5.625 0
6 5.8125 0
1 3 0 63
137
138
139
140
141
142
143
144
145
146
147
148
149
150
151
152
153
154
155
156
157
158
159
160
161
162
163
164
165
166
167
168
169
170
171
172
173
174
175
176
177
178
179
180
181
182
183
184
185
186
187
188
189
190
191
192
193
194
195
196
197
198
199
5.8125 6 0
5.625 6 0
5.4375 6 0
5.25 6 0
5.0625 6 0
4.875 6 0
4.6875 6 0
4.5 6 0
4.3125 6 0
4.125 6 0
3.9375 6 0
3.75 6 0
3.5625 6 0
3.375 6 0
3.1875 6 0
3 6 0
2.8125 6 0
2.625 6 0
2.4375 6 0
2.25 6 0
2.0625 6 0
1.875 6 0
1.6875 6 0
1.5 6 0
1.3125 6 0
1.125 6 0
0.9375 6 0
0.75 6 0
0.5625 6 0
0.375 6 0
0.1875 6 0
0 6 0
-0.1875 6 0
-0.375 6 0
-0.5625 6 0
-0.75 6 0
-0.9375 6 0
-1.125 6 0
-1.3125 6 0
-1.5 6 0
-1.6875 6 0
-1.875 6 0
-2.0625 6 0
-2.25 6 0
-2.4375 6 0
-2.625 6 0
-2.8125 6 0
-3 6 0
-3.1875 6 0
-3.375 6 0
-3.5625 6 0
-3.75 6 0
-3.9375 6 0
-4.125 6 0
-4.3125 6 0
-4.5 6 0
-4.6875 6 0
-4.875 6 0
-5.0625 6 0
-5.25 6 0
-5.4375 6 0
-5.625 6 0
-5.8125 6 0
1 4 0 63
200
201
202
203
204
205
206
207
208
209
210
211
212
213
214
215
216
217
218
219
220
221
222
223
224
225
226
227
228
229
230
231
232
233
234
235
236
237
238
239
240
241
242
243
244
245
246
247
248
249
250
251
252
253
254
255
256
257
258
259
260
261
262
-6 5.8125 0
-6 5.625 0
-6 5.4375 0
-6 5.25 0
-6 5.0625 0
-6 4.875 0
-6 4.6875 0
-6 4.5 0
-6 4.3125 0
-6 4.125 0
-6 3.9375 0
-6 3.75 0
-6 3.5625 0
-6 3.375 0
-6 3.1875 0
-6 3 0
-6 2.8125 0
-6 2.625 0
-6 2.4375 0
-6 2.25 0
-6 2.0625 0
-6 1.875 0
-6 1.6875 0
-6 1.5 0
-6 1.3125 0
-6 1.125 0
-6 0.9375 0
-6 0.75 0
-6 0.5625 0
-6 0.375 0
-6 0.1875 0
-6 0 0
-6 -0.1875 0
-6 -0.375 0
-6 -0.5625 0
-6 -0.75 0
-6 -0.9375 0
-6 -1.125 0
-6 -1.3125 0
-6 -1.5 0
-6 -1.6875 0
-6 -1.875 0
-6 -2.0625 0
-6 -2.25 0
-6 -2.4375 0
-6 -2.625 0
-6 -2.8125 0
-6 -3 0
-6 -3.1875 0
-6 -3.375 0
-6 -3.5625 0
-6 -3.75 0
-6 -3.9375 0
-6 -4.125 0
-6 -4.3125 0
-6 -4.5 0
-6 -4.6875 0
-6 -4.875 0
-6 -5.0625 0
-6 -5.25 0
-6 -5.4375 0
-6 -5.625 0
-6 -5.8125 0
1 5 0 53
263
264
265
266
267
268
269
270
271
272
273
274
275
276
277
278
279
280
281
282
283
284
285
286
287
288
289
290
291
292
293
294
295
296
297
298
299
300
301
302
303
304
305
306
307
308
309
310
311
312
313
314
315
-4.814814814814815 -5 0
-4.62962962962963 -5 0
-4.444444444444446 -5 0
-4.25925925925926 -5 0
-4.074074074074075 -5 0
-3.888888888888891 -5 0
-3.703703703703706 -5 0
-3.518518518518521 -5 0
-3.333333333333336 -5 0
-3.148148148148151 -5 0
-2.962962962962965 -5 0
-2.777777777777781 -5 0
-2.592592592592596 -5 0
-2.40740740740741 -5 0
-2.222222222222225 -5 0
-2.03703703703704 -5 0
-1.851851851851856 -5 0
-1.666666666666671 -5 0
-1.481481481481487 -5 0
-1.296296296296302 -5 0
-1.111111111111118 -5 0
-0.9259259259259336 -5 0
-0.7407407407407494 -5 0
-0.5555555555555651 -5 0
-0.37037037037038 -5 0
-0.1851851851851958 -5 0
-1.154631945610163e-14 -5 0
0.1851851851851727 -5 0
0.3703703703703569 -5 0
0.5555555555555411 -5 0
0.7407407407407263 -5 0
0.9259259259259105 -5 0
1.111111111111096 -5 0
1.296296296296282 -5 0
1.481481481481467 -5 0
1.666666666666653 -5 0
1.851851851851839 -5 0
2.037037037037026 -5 0
2.222222222222212 -5 0
2.407407407407397 -5 0
2.592592592592583 -5 0
2.777777777777769 -5 0
2.962962962962954 -5 0
3.148148148148142 -5 0
3.333333333333327 -5 0
3.518518518518514 -5 0
3.703703703703699 -5 0
3.888888888888884 -5 0
4.074074074074071 -5 0
4.259259259259258 -5 0
4.444444444444443 -5 0
4.629629629629628 -5 0
4.814814814814815 -5 0
1 6 0 53
316
317
318
319
320
321
322
323
324
325
326
327
328
329
330
331
332
333
334
335
336
337
338
339
340
341
342
343
344
345
346
347
348
349
350
351
352
353
354
355
356
357
358
359
360
361
362
363
364
365
366
367
368
5 -4.814814814814815 0
5 -4.62962962962963 0
5 -4.444444444444446 0
5 -4.25925925925926 0
5 -4.074074074074075 0
5 -3.888888888888891 0
5 -3.703703703703706 0
5 -3.518518518518521 0
5 -3.333333333333336 0
5 -3.148148148148151 0
5 -2.962962962962965 0
5 -2.777777777777781 0
5 -2.592592592592596 0
5 -2.40740740740741 0
5 -2.222222222222225 0
5 -2.03703703703704 0
5 -1.851851851851856 0
5 -1.666666666666671 0
5 -1.481481481481487 0
5 -1.296296296296302 0
5 -1.111111111111118 0
5 -0.9259259259259336 0
5 -0.7407407407407494 0
5 -0.5555555555555651 0
5 -0.37037037037038 0
5 -0.1851851851851958 0
5 -1.154631945610163e-14 0
5 0.1851851851851727 0
5 0.3703703703703569 0
5 0.5555555555555411 0
5 0.7407407407407263 0
5 0.9259259259259105 0
5 1.111111111111096 0
5 1.296296296296282 0
5 1.481481481481467 0
5 1.666666666666653 0
5 1.851851851851839 0
5 2.037037037037026 0
5 2.222222222222212 0
5 2.407407407407397 0
5 2.592592592592583 0
5 2.777777777777769 0
5 2.962962962962954 0
5 3.148148148148142 0
5 3.333333333333327 0
5 3.518518518518514 0
5 3.703703703703699 0
5 3.888888888888884 0
5 4.074074074074071 0
5 4.259259259259258 0
5 4.444444444444443 0
5 4.629629629629628 0
5 4.814814814814815 0
1 7 0 53
369
370
371
372
373
374
375
376
377
378
379
380
381
382
383
384
385
386
387
388
389
390
391
392
393
394
395
396
397
398
399
400
401
402
403
404
405
406
407
408
409
410
411
412
413
414
415
416
417
418
419
420
421
4.814814814814815 5 0
4.62962962962963 5 0
4.444444444444446 5 0
4.25925925925926 5 0
4.074074074074075 5 0
3.888888888888891 5 0
3.703703703703706 5 0
3.518518518518521 5 0
3.333333333333336 5 0
3.148148148148151 5 0
2.962962962962965 5 0
2.777777777777781 5 0
2.592592592592596 5 0
2.40740740740741 5 0
2.222222222222225 5 0
2.03703703703704 5 0
1.851851851851856 5 0
1.666666666666671 5 0
1.481481481481487 5 0
1.296296296296302 5 0
1.111111111111118 5 0
0.9259259259259336 5 0
0.7407407407407494 5 0
0.5555555555555651 5 0
0.37037037037038 5 0
0.1851851851851958 5 0
1.154631945610163e-14 5 0
-0.1851851851851727 5 0
-0.3703703703703569 5 0
-0.5555555555555411 5 0
-0.7407407407407263 5 0
-0.9259259259259105 5 0
-1.111111111111096 5 0
-1.296296296296282 5 0
-1.481481481481467 5 0
-1.666666666666653 5 0
-1.851851851851839 5 0
-2.037037037037026 5 0
-2.222222222222212 5 0
-2.407407407407397 5 0
-2.592592592592583 5 0
-2.777777777777769 5 0
-2.962962962962954 5 0
-3.148148148148142 5 0
-3.333333333333327 5 0
-3.518518518518514 5 0
-3.703703703703699 5 0
-3.888888888888884 5 0
-4.074074074074071 5 0
-4.259259259259258 5 0
-4.444444444444443 5 0
-4.629629629629628 5 0
-4.814814814814815 5 0
1 8 0 53
422
423
424
425
426
427
428
429
430
431
432
433
434
435
436
437
438
439
440
441
442
443
444
445
446
447
448
449
450
451
452
453
454
455
456
457
458
459
460
461
462
463
464
465
466
467
468
469
470
471
472
473
474
-5 4.814814814814815 0
-5 4.62962962962963 0
-5 4.444444444444446 0
-5 4.25925925925926 0
-5 4.074074074074075 0
-5 3.888888888888891 0
-5 3.703703703703706 0
-5 3.518518518518521 0
-5 3.333333333333336 0
-5 3.148148148148151 0
-5 2.962962962962965 0
-5 2.777777777777781 0
-5 2.592592592592596 0
-5 2.40740740740741 0
-5 2.222222222222225 0
-5 2.03703703703704 0
-5 1.851851851851856 0
-5 1.666666666666671 0
-5 1.481481481481487 0
-5 1.296296296296302 0
-5 1.111111111111118 0
-5 0.9259259259259336 0
-5 0.7407407407407494 0
-5 0.5555555555555651 0
-5 0.37037037037038 0
-5 0.1851851851851958 0
-5 1.154631945610163e-14 0
-5 -0.1851851851851727 0
-5 -0.3703703703703569 0
-5 -0.5555555555555411 0
-5 -0.7407407407407263 0
-5 -0.9259259259259105 0
-5 -1.111111111111096 0
-5 -1.296296296296282 0
-5 -1.481481481481467 0
-5 -1.666666666666653 0
-5 -1.851851851851839 0
-5 -2.037037037037026 0
-5 -2.222222222222212 0
-5 -2.407407407407397 0
-5 -2.592592592592583 0
-5 -2.777777777777769 0
-5 -2.962962962962954 0
-5 -3.148148148148142 0
-5 -3.333333333333327 0
-5 -3.518518518518514 0
-5 -3.703703703703699 0
-5 -3.888888888888884 0
-5 -4.074074074074071 0
-5 -4.259259259259258 0
-5 -4.444444444444443 0
-5 -4.629629629629628 0
-5 -4.814814814814815 0
1 9 0 100
475
476
477
478
479
480
481
482
483
484
485
486
487
488
489
490
491
492
493
494
495
496
497
498
499
500
501
502
503
504
505
506
507
508
509
510
511
512
513
514
515
516
517
518
519
520
521
522
523
524
525
526
527
528
529
530
531
532
533
534
535
536
537
538
539
540
541
542
543
544
545
546
547
548
549
550
551
552
553
554
555
556
557
558
559
560
561
562
563
564
565
566
567
568
569
570
571
572
573
574
2.994196791400783 0.1865089122944416 0
2.976809617089829 0.372296257839778 0
2.947905744666791 0.5566432614884798 0
2.907596997598998 0.738836720496004 0
2.85603932259819 0.9181717637636619 0
2.793432186292979 1.093954578847966 0
2.720017803531218 1.265505096186187 0
2.636080200297807 1.432159620153381 0
2.541944114873333 1.593273396771825 0
2.437973741484751 1.748223108138903 0
2.32457132130867 1.896409283922979 0
2.20217558627838 2.037258620597658 0
2.071260061715241 2.170226199441749 0
1.932331234351194 2.294797594723943 0
1.785926592829998 2.410490863916027 0
1.632612548268082 2.516858412234903 0
1.472982242919967 2.613488724299851 0
1.307653255426114 2.70000795620559 0
1.137265211521138 2.776081381851724 0
0.9624773094461034 2.841414687933 0
0.7839657696385822 2.895755112580307 0
0.602421218567156 2.938892423247245 0
0.4185460168317694 2.970659730059008 0
0.2330515418670187 2.990934131476888 0
0.04665543576105304 2.999637189780449 0
-0.1399211711622524 2.996735234527832 0
-0.3259564502564231 2.982239492820158 0
-0.5107306671671956 2.956206045866044 0
-0.6935289663449083 2.918735612014312 0
-0.8736441366817558 2.869973157094259 0
-1.050379347574171 2.810107333571025 0
-1.223050844825066 2.739369750685857 0
-1.390990595955981 2.658034078404945 0
-1.553548874694976 2.566414988643491 0
-1.710096774641348 2.464866937861202 0
-1.860028642382325 2.353782795739098 0
-2.00276442064846 2.233592325243047 0
-2.137751892442521 2.10476051995433 0
-2.264468817459771 1.96778580509982 0
-2.38242495253426 1.823198109241596 0
-2.491163948294393 1.671556814086286 0
-2.59026511468999 1.51344859034592 0
-2.679345048560374 1.349485128022908 0
-2.758059116946709 1.180300769900258 0
-2.826102790409967 1.006550057392575 0
-2.883212821196174 0.8289051982524914 0
-2.929168261690821 0.6480534659294515 0
-2.96379131922227 0.4646945406422541 0
-2.986948043907056 0.2795378024522152 0
-2.998548846875964 0.09329958680951159 0
-2.998548846875964 -0.09329958680950952 0
-2.986948043907056 -0.2795378024522144 0
-2.96379131922227 -0.4646945406422534 0
-2.929168261690821 -0.6480534659294495 0
-2.883212821196174 -0.8289051982524894 0
-2.826102790409967 -1.006550057392575 0
-2.758059116946709 -1.180300769900256 0
-2.679345048560375 -1.349485128022906 0
-2.590265114689991 -1.513448590345919 0
-2.491163948294393 -1.671556814086285 0
-2.382424952534261 -1.823198109241594 0
-2.264468817459772 -1.967785805099819 0
-2.137751892442521 -2.104760519954329 0
-2.002764420648462 -2.233592325243045 0
-1.860028642382326 -2.353782795739098 0
-1.71009677464135 -2.464866937861201 0
-1.553548874694977 -2.566414988643491 0
-1.390990595955982 -2.658034078404945 0
-1.223050844825068 -2.739369750685856 0
-1.050379347574173 -2.810107333571024 0
-0.8736441366817584 -2.869973157094258 0
-0.6935289663449103 -2.918735612014312 0
-0.5107306671671963 -2.956206045866044 0
-0.3259564502564258 -2.982239492820157 0
-0.1399211711622538 -2.996735234527832 0
0.04665543576105231 -2.999637189780449 0
0.2330515418670166 -2.990934131476888 0
0.4185460168317681 -2.970659730059008 0
0.6024212185671552 -2.938892423247245 0
0.7839657696385802 -2.895755112580307 0
0.9624773094461021 -2.841414687933001 0
1.137265211521138 -2.776081381851724 0
1.307653255426112 -2.700007956205591 0
1.472982242919966 -2.613488724299851 0
1.63261254826808 -2.516858412234905 0
1.785926592829997 -2.410490863916028 0
1.932331234351193 -2.294797594723943 0
2.071260061715239 -2.170226199441751 0
2.202175586278379 -2.037258620597659 0
2.324571321308669 -1.89640928392298 0
2.43797374148475 -1.748223108138904 0
2.541944114873332 -1.593273396771826 0
2.636080200297807 -1.432159620153381 0
2.720017803531217 -1.265505096186189 0
2.793432186292979 -1.093954578847967 0
2.856039322598189 -0.9181717637636621 0
2.907596997598998 -0.7388367204960059 0
2.947905744666791 -0.5566432614884806 0
2.976809617089829 -0.3722962578397807 0
2.994196791400783 -0.1865089122944433 0
1 10 0 33
575
576
577
578
579
580
581
582
583
584
585
586
587
588
589
590
591
592
593
594
595
596
597
598
599
600
601
602
603
604
605
606
607
0.9829730996839018 0.1837495178165701 0
0.9324722294043559 0.3612416661871526 0
0.8502171357296145 0.5264321628773552 0
0.7390089172206596 0.6736956436465567 0
0.6026346363792573 0.7980172272802388 0
0.4457383557765395 0.8951632913550617 0
0.2736629900720845 0.9618256431728186 0
0.092268359463304 0.9957341762950344 0
-0.09226835946329991 0.9957341762950347 0
-0.2736629900720808 0.9618256431728197 0
-0.4457383557765363 0.8951632913550633 0
-0.6026346363792542 0.7980172272802412 0
-0.7390089172206569 0.6736956436465596 0
-0.8502171357296121 0.5264321628773591 0
-0.9324722294043543 0.361241666187157 0
-0.9829730996839009 0.1837495178165752 0
-1 4.563356778415361e-15 0
-0.9829730996839027 -0.1837495178165653 0
-0.9324722294043571 -0.3612416661871494 0
-0.8502171357296162 -0.5264321628773525 0
-0.7390089172206615 -0.6736956436465545 0
-0.6026346363792593 -0.7980172272802373 0
-0.4457383557765404 -0.8951632913550612 0
-0.2736629900720848 -0.9618256431728185 0
-0.09226835946330457 -0.9957341762950342 0
0.09226835946329978 -0.9957341762950347 0
0.2736629900720811 -0.9618256431728196 0
0.4457383557765369 -0.895163291355063 0
0.6026346363792562 -0.7980172272802397 0
0.7390089172206585 -0.6736956436465578 0
0.8502171357296139 -0.5264321628773562 0
0.9324722294043558 -0.361241666187153 0
0.982973099683902 -0.1837495178165692 0
2 5 0 812
608
609
610
611
612
613
614
615
616
617
618
619
620
621
622
623
624
625
626
627
628
629
630
631
632
633
634
635
636
637
638
639
640
641
642
643
644
645
646
647
648
649
650
651
652
653
654
655
656
657
658
659
660
661
662
663
664
665
666
667
668
669
670
671
672
673
674
675
676
677
678
679
680
681
682
683
684
685
686
687
688
689
690
691
692
693
694
695
696
697
698
699
700
701
702
703
704
705
706
707
708
709
710
711
712
713
714
715
716
717
718
719
720
721
722
723
724
725
726
727
728
729
730
731
732
733
734
735
736
737
738
739
740
741
742
743
744
745
746
747
748
749
750
751
752
753
754
755
756
757
758
759
760
761
762
763
764
765
766
767
768
769
770
771
772
773
774
775
776
777
778
779
780
781
782
783
784
785
786
787
788
789
790
791
792
793
794
795
796
797
798
799
800
801
802
803
804
805
806
807
808
809
810
811
812
813
814
815
816
817
818
819
820
821
822
823
824
825
826
827
828
829
830
831
832
833
834
835
836
837
838
839
840
841
842
843
844
845
846
847
848
849
850
851
852
853
854
855
856
857
858
859
860
861
862
863
864
865
866
867
868
869
870
871
872
873
874
875
876
877
878
879
880
881
882
883
884
885
886
887
888
889
890
891
892
893
894
895
896
897
898
899
900
901
902
903
904
905
906
907
908
909
910
911
912
913
914
915
916
917
918
919
920
921
922
923
924
925
926
927
928
929
930
931
932
933
934
935
936
937
938
939
940
941
942
943
944
945
946
947
948
949
950
951
952
953
954
955
956
957
958
959
960
961
962
963
964
965
966
967
968
969
970
971
972
973
974
975
976
977
978
979
980
981
982
983
984
985
986
987
988
989
990
991
992
993
994
995
996
997
998
999
1000
1001
1002
1003
1004
1005
1006
1007
1008
1009
1010
1011
1012
1013
1014
1015
1016
1017
1018
1019
1020
1021
1022
1023
1024
1025
1026
1027
1028
1029
1030
1031
1032
1033
1034
1035
1036
1037
1038
1039
1040
1041
1042
1043
1044
1045
1046
1047
1048
1049
1050
1051
1052
1053
1054
1055
1056
1057
1058
1059
1060
1061
1062
1063
1064
1065
1066
1067
1068
1069
1070
1071
1072
1073
1074
1075
1076
1077
1078
1079
1080
1081
1082
1083
1084
1085
1086
1087
1088
1089
1090
1091
1092
1093
1094
1095
1096
1097
1098
1099
1100
1101
1102
1103
1104
1105
1106
1107
1108
1109
1110
1111
1112
1113
1114
1115
1116
1117
1118
1119
1120
1121
1122
1123
1124
1125
1126
1127
1128
1129
1130
1131
1132
1133
1134
1135
1136
1137
1138
1139
1140
1141
1142
1143
1144
1145
1146
1147
1148
1149
1150
1151
1152
1153
1154
1155
1156
1157
1158
1159
1160
1161
1162
1163
1164
1165
1166
1167
1168
1169
1170
1171
1172
1173
1174
1175
1176
1177
1178
1179
1180
1181
1182
1183
1184
1185
1186
1187
1188
1189
1190
1191
1192
1193
1194
1195
1196
1197
1198
1199
1200
1201
1202
1203
1204
1205
1206
1207
1208
1209
1210
1211
1212
1213
1214
1215
1216
1217
1218
1219
1220
1221
1222
1223
1224
1225
1226
1227
1228
1229
1230
1231
1232
1233
1234
1235
1236
1237
1238
1239
1240
1241
1242
1243
1244
1245
1246
1247
1248
1249
1250
1251
1252
1253
1254
1255
1256
1257
1258
1259
1260
1261
1262
1263
1264
1265
1266
1267
1268
1269
1270
1271
1272
1273
1274
1275
1276
1277
1278
1279
1280
1281
1282
1283
1284
1285
1286
1287
1288
1289
1290
1291
1292
1293
1294
1295
1296
1297
1298
1299
1300
1301
1302
1303
1304
1305
1306
1307
1308
1309
1310
1311
1312
1313
1314
1315
1316
1317
1318
1319
1320
1321
1322
1323
1324
1325
1326
1327
1328
1329
1330
1331
1332
1333
1334
1335
1336
1337
1338
1339
1340
1341
1342
1343
1344
1345
1346
1347
1348
1349
1350
1351
1352
1353
1354
1355
1356
1357
1358
1359
1360
1361
1362
1363
1364
1365
1366
1367
1368
1369
1370
1371
1372
1373
1374
1375
1376
1377
1378
1379
1380
1381
1382
1383
1384
1385
1386
1387
1388
1389
1390
1391
1392
1393
1394
1395
1396
1397
1398
1399
1400
1401
1402
1403
1404
1405
1406
1407
1408
1409
1410
1411
1412
1413
1414
1415
1416
1417
1418
1419
1.130276474226124 -0.09244566095940318 0
1.097831546503798 0.3040594464262155 0
1.030967709921567 -0.5388345460454015 0
0.9175816547425781 0.6849944068257715 0
0.7958639240670692 -0.8874217369841189 0
0.6105854111113342 0.9772738723075377 0
0.3916764811567814 -1.107757985460982 0
0.2342964989086773 1.132360736710771 0
-0.01477948347005919 -1.16473232107636 0
-0.2371084727509086 1.137882501508516 0
-0.4142456908280145 -1.091897917482728 0
-0.6048633078059178 0.9838688669249059 0
-0.7745073671282574 -0.8431185156405357 0
-0.9145669877391394 0.703378933513703 0
-1.032321351867827 -0.5105196433131145 0
-1.113454202744961 0.312448933758521 0
-1.147840218016268 -0.1016823982169082 0
2.824606643301367 0.2643448504137957 0
2.729525537074228 -0.7733068438506761 0
2.549488927732418 1.273955396149064 0
2.260824665241122 -1.737024880748814 0
1.895168009596556 2.132799601805229 0
1.46867599214297 -2.421185412354604 0
0.9931858386158798 2.63693413849698 0
0.4854807988029388 -2.809854121350127 0
-0.04576858029104788 2.851211468195205 0
-0.5695960881402919 -2.783541654249187 0
-1.076645309515675 2.629572028114605 0
-1.566790844581915 -2.379904545990724 0
-1.985392817353989 2.045657366938937 0
-2.294754002004204 -1.675169420652771 0
-2.572184130696362 1.196724566103792 0
-2.749568346933322 -0.6986807531805008 0
-2.815027343817909 0.1681168808412286 0
-2.587965524308557 -1.203896702933993 0
-2.766605071854701 0.7031214885042061 0
-2.299771041899256 1.661357925001743 0
-1.075454552418758 -2.625200638999672 0
-1.946534842168849 -2.060046506843546 0
-0.5715010222749857 2.794809036561502 0
-1.547318724227255 2.373401727656925 0
-0.04091124006724006 -2.851208944699144 0
0.9933545250969551 -2.66594235267652 0
0.4813025391482127 2.805258525847849 0
1.481901811696599 2.419690548914732 0
1.894607405903884 -2.106565902010071 0
2.52937513804949 -1.270956242686787 0
2.726509456840021 0.7838539858190715 0
2.247554882785718 1.722367015941507 0
2.836823680226066 -0.256167746669164 0
-2.831461419489445 -0.1763721045554889 0
-1.134336589050495 -0.3066438338265851 0
-1.306213669493929 -0.2079711067083778 0
-1.315955581055347 -0.02265422509040747 0
-1.469784345825899 -0.1340211881868955 0
-1.458329927314862 -0.3117714855758109 0
-1.486045251720714 0.04960053316426766 0
-1.621554790458816 -0.2410806742926881 0
-1.604559088087814 -0.4256045232760187 0
-1.772109359448577 -0.3491793354081786 0
-1.754850299874722 -0.5340624846461244 0
-1.923188258070558 -0.4567155521907104 0
-1.940253074038738 -0.2720006846329827 0
-1.906029688448112 -0.6415000592801986 0
-1.737436032757574 -0.7190816431163115 0
-1.888802910437799 -0.8263373845343276 0
-1.720165812247145 -0.9038630242578696 0
-1.871697765344911 -1.011108531346058 0
-1.70296008164983 -1.088700056651814 0
-1.551360184712792 -0.9815323392230696 0
-1.534180084302372 -1.166280798696854 0
-1.685700271833471 -1.273575118603112 0
-1.516958328954259 -1.351055357643271 0
-1.365497761924582 -1.243747288112242 0
-1.348251150072601 -1.428479084147209 0
-2.091699573585159 -0.3792653210507562 0
-2.10874915278668 -0.1944346289826065 0
-1.196879143841649 -1.321137606801857 0
-1.179535522752425 -1.505891429334436 0
-1.33097460660161 -1.613300439674436 0
-1.162214360379164 -1.690693341147426 0
-1.010810785717175 -1.58327159343766 0
-0.9934600100887016 -1.768064167932317 0
-0.8468940784910786 -1.667296892267447 0
-0.8255264957746427 -1.84652988862116 0
-0.6625872214961056 -1.722237412745661 0
-0.6543360863679347 -1.920333330403352 0
-0.5046406897311497 -1.815308208940674 0
-0.4869898628796893 -1.999720530004966 0
-0.335836509584503 -1.89260548190191 0
-0.3184575314003127 -2.077434563484454 0
-0.1670706960737718 -1.970005672218088 0
-0.1496838311752945 -2.15492373817418 0
0.001721599636559173 -2.047388210096886 0
-0.02039363305525104 -1.860102709169553 0
0.1501298231469373 -1.944238191603039 0
0.1700443005707472 -2.125444229185839 0
0.3213428026308253 -2.01801069319294 0
0.3143021061156904 -1.828826918862258 0
0.4802491588855107 -1.916766312532872 0
0.4918499343668559 -2.095822317907719 0
0.6434790304624485 -1.988240930639939 0
0.6314170491292843 -1.811040731273849 0
0.7948058677332009 -1.880920325367627 0
0.7774524171311228 -1.696146335401145 0
0.9451833013063692 -1.772125161717075 0
0.9276897539353137 -1.587150303416886 0
1.096102099880611 -1.664098840649518 0
1.078451322794101 -1.479237733584448 0
1.247156285496846 -1.556329239761801 0
1.229649835281183 -1.371611587682467 0
1.398356659278675 -1.44871202295036 0
1.380871041623091 -1.264005308148397 0
1.549651026599692 -1.341192132101963 0
1.532110572470913 -1.156401639143674 0
1.700939448642406 -1.233610328216325 0
1.683384768546024 -1.048757272482814 0
1.265100509447051 -1.740849399806895 0
1.852272812120174 -1.125986123104642 0
1.83467330096493 -0.9411068759124089 0
1.665059955218279 -0.8540407926869945 0
1.818266154398708 -0.7544681850112226 0
1.986196801620262 -0.8331338191691621 0
1.968556081959079 -0.6481883415952874 0
1.801004035576377 -0.5709204409401748 0
1.950937725320447 -0.4635609903453967 0
1.782113939988002 -0.3865232524556749 0
1.933053813671312 -0.2789013422009698 0
1.764210500053611 -0.2018688016017856 0
1.915301758560457 -0.09423044816187198 0
1.74652860224502 -0.01719717453475997 0
1.897629771024972 0.09045639934224139 0
2.066461523293956 0.0134048944984464 0
2.048760398474963 0.1981861765452684 0
1.879903240983386 0.2752103096325728 0
2.031037214647654 0.3829874337391204 0
1.862126026579924 0.4600579713552644 0
2.022132182265096 0.5680419962572054 0
1.845833257209524 0.6449303298629137 0
2.018430745172337 0.7535182775360221 0
1.835658229960507 0.83030733825767 0
1.677218409783059 0.72206333811978 0
1.65942426550324 0.906838686561165 0
1.815635641029239 1.015107555900374 0
1.641209625438392 1.091650603120504 0
2.101894101408214 -0.3559159872834029 0
1.796898772528072 1.198613079115722 0
1.62317167119214 1.276241519640552 0
1.471211493689404 1.168521169878033 0
1.453209100603206 1.353264108429926 0
1.302001971240008 1.245446496733503 0
1.28401630699322 1.430193073692144 0
1.435161530682252 1.538078488850062 0
1.266070534769544 1.61499908467223 0
1.114948188718151 1.507051973532878 0
1.097031917306303 1.691848090005247 0
0.9435241127415214 1.578521242082401 0
0.9276451763526505 1.767781607115122 0
0.7740977115447308 1.654318850999752 0
0.7585500357548822 1.844287501765132 0
0.6074998926218024 1.736359651797836 0
0.5901615777730085 1.922338530253023 0
0.4390270549099036 1.814258010846233 0
0.4211852664030789 1.999171908935594 0
0.2701633649180716 1.891278829843545 0
0.2522162681885868 2.076070020493685 0
0.1011283030482764 1.968137072893477 0
0.08317538300334014 2.152983995725957 0
-0.06789959490183288 2.044990253810497 0
-0.0542402807099762 1.866122233861462 0
-0.2197074188993033 1.937981055448917 0
-0.2370906716595962 2.12197125612545 0
-0.388151413642876 2.013988953960783 0
-0.3701679752036142 1.82921308491852 0
-0.539041869585288 1.905835476826212 0
-0.5204912550609808 1.722212407741217 0
-0.6898414557501907 1.797987157757559 0
-0.5572871225904416 2.090491497429622 0
0.9098872350256413 1.953110710560683 0
0.5722686874439237 2.10715536787578 0
0.9627534602507966 -1.956708277437333 0
-2.057484247638635 -0.7485207596348472 0
-0.9762149900184727 -1.953103160627604 0
-0.6384135476514483 -2.107095905665714 0
-0.6738336416492151 1.621693021223378 0
-0.8392403585681925 1.696026832792769 0
-0.8586144198348515 1.875609573321764 0
-1.009527787226495 1.767717043458431 0
-0.9817741077233822 1.559079225359278 0
-1.159057715684682 1.654870045028124 0
-1.142648017593037 1.473710376700351 0
-1.311402315520293 1.549799752921829 0
-1.296909576335079 1.370292658059887 0
-1.463134372613556 1.44302030207623 0
-1.449178244158233 1.264097283375128 0
-1.614462234999793 1.335477428179091 0
-1.597046766725173 1.15165708334713 0
-1.765020756527961 1.22674650909668 0
-1.746785488171041 1.041798132284371 0
-1.57047475692584 0.9700423955351732 0
-1.727191066868901 0.8574952787650015 0
-1.897323865179809 0.9334241300036953 0
-1.878604121735461 0.749458015742115 0
-2.048345162458772 0.8251997038506274 0
-2.02840418703206 0.6423630362355266 0
-1.329533621641299 1.734410526965777 0
-1.027874262108754 1.951709084647555 0
-1.709755690489648 0.6722848724149929 0
1.567154849363611 -1.525787484270162 0
1.248101348349753 1.799882223922455 0
-0.338384148853612 -1.704485157128613 0
-1.668498356314068 -1.458475736914417 0
1.36560365098857 -1.079758570589729 0
2.194465537659627 0.4872994173270755 0
1.775894651488785 1.383062759005681 0
-1.162315120933429 1.297749565257144 0
2.217733019314998 0.1211221329986077 0
-0.8594832864763897 -1.475850274384032 0
-1.631851729646655 1.519268403547442 0
-1.313673913646433 -1.79821917029832 0
1.711048058646745 0.3523048960656196 0
-1.957240595643919 -0.08737900305211566 0
-2.125774140789292 -0.009583781339036791 0
-2.260395329384831 -0.301673916723978 0
1.646834002811643 -0.4933479563595902 0
0.630099898018572 1.533837515874308 0
1.97115585432033 1.122064222895423 0
2.137423530807673 -0.7255714896490035 0
1.507185093849935 0.7989899517783782 0
-2.071057358845834 1.010914166586329 0
0.2772105625750855 1.721584612284337 0
-1.974200141163933 0.09749175941461374 0
0.9174753700788599 -1.41264179522502 0
0.2343359503541176 2.260986258648345 0
0.659712134079357 -2.171780429990701 0
0.6018906988758298 -1.622621258487944 0
-0.3011822450071197 -2.262471027039566 0
-2.142110249520363 0.1743392469137761 0
-1.837359224083207 -1.380980622269466 0
-1.214147454859313 -1.136486745667628 0
1.869857289508282 -1.310936498601802 0
0.9639201635932261 1.399231744549514 0
-2.294397908749461 0.06801685229056549 0
-2.3108172768497 0.2507728799335639 0
-2.199245277569551 0.7171448795145877 0
-0.3514456741664354 1.642232286247083 0
0.5084134267297622 -2.279749124450265 0
0.0651624447180856 2.337956137571023 0
2.15509096334889 -0.9106014485272893 0
-0.1322395260814904 -2.339973588086232 0
-1.820081640689692 -1.566059864969781 0
-1.412999179460958 -0.4966119417545523 0
1.595533590102093 -0.1248015038435677 0
-0.2838719712035351 -2.447616215899501 0
0.2164498833153866 2.446049057696658 0
0.6773499618232419 -2.356967970462397 0
2.306536968899906 -0.8028604287104041 0
1.524778079499709 0.6143901213299541 0
1.355929665856738 0.6912565458925959 0
1.319879465951988 1.060695300279084 0
1.151017167830468 1.137639958269564 0
-1.050955138031141 -1.214341501547768 0
1.577928830325642 0.05969731296143305 0
2.288799800767908 -0.6177394180289409 0
0.828898170175667 -2.249097061891837 0
2.021298148087161 -1.203262324959054 0
2.038909707873593 -1.388338742651506 0
-1.482531553260881 -1.720747555627756 0
-1.465262413685633 -1.905814754335864 0
-1.29630836526458 -1.983249620687652 0
0.385598773772842 2.36900983794669 0
-0.4529141035805705 -2.370049140218757 0
1.88732732506069 -1.49609181544084 0
-2.243186734897875 -0.4864909141697691 0
-2.412113956373213 -0.409022630744916 0
-2.394926271570556 -0.5937838570463764 0
-2.429234196736719 -0.2239374651329798 0
-0.8769046293072624 2.059511245714967 0
-1.046086371878051 2.136384252210751 0
-0.8951235953077091 2.244300403038975 0
-1.197238681084795 2.028228543487548 0
2.235358283679071 -0.06370340677351172 0
2.38679816711414 0.04397191808869263 0
2.404458158002438 -0.1408778477694957 0
2.555881963240876 -0.03300863369296447 0
2.365376024881444 0.2285803022931947 0
-1.634207801327779 -1.828356988839231 0
-1.616979362269614 -2.013536019346162 0
-1.215266063034003 2.212972361769673 0
-1.366523596453088 2.104837226790552 0
-1.990732231822053 0.2820198233613857 0
-1.822572777092299 0.2044592271778341 0
-2.463245567247847 0.1455947371945108 0
-2.4805411189911 0.3281068630481514 0
-1.988037649008146 -1.488367589761513 0
-1.972340526161296 -1.673521523932361 0
-2.006174178009584 -1.303307716774692 0
1.16932613805694 0.9535576587108683 0
1.014983909921653 1.038834235927765 0
2.324156819730897 -0.9880763317771718 0
-1.067129916976768 -1.029728879195957 0
-1.231982942919994 -0.952107874257374 0
2.190496069249942 -1.280545232882393 0
-1.084091313769125 -0.8405884061809793 0
1.375393442745098 0.5108960900100329 0
0.5268011601090266 -2.462433256340989 0
0.3569998756689716 -2.386863486783001 0
0.7077607088480773 -2.566586579704771 0
0.04914037561746923 2.520260804286329 0
-0.1037602646402858 2.414418130911844 0
0.2128311486818328 2.655378937409286 0
-0.1173706243799347 -2.521506832416588 0
-0.2895249850623826 -2.652292726783404 0
-1.252601282737555 -0.7743874655235489 0
-0.8943659815308739 -1.110791389251174 0
0.03622419347764481 -2.416818885823659 0
-2.149537007713564 -1.409494404963255 0
-2.173970936531389 -1.225290136003269 0
1.209893570707308 0.5954611550153203 0
-1.839443733420265 0.388669294176648 0
-1.671318461216889 0.309548128936315 0
-2.574607117378702 -0.3325843724130877 0
-2.178833569540112 0.5346734856806493 0
-2.350126040085768 0.6095965186402255 0
-2.368842254509406 0.7938247579455538 0
-2.327411397478977 -1.335763047825198 0
2.45016629561936 -0.6957272805116661 0
2.438913495702238 -0.5102390894273251 0
-1.335316994159103 0.1549430070074288 0
1.42756871936972 -0.06647658579527302 0
1.45295970974484 -0.25927065491091 0
1.413714861962491 0.1323347412623971 0
0.04722765480741118 -2.589820782060616 0
-0.1188604946919471 2.58837039279592 0
-0.2729733772616132 2.489797395678259 0
-0.29258263719022 2.677646780048294 0
-0.4447672851464421 2.556034240527716 0
-0.4249930976219372 2.381165744273988 0
-0.5960531474135928 2.453845707727121 0
2.564457890635027 -0.2186381897509694 0
2.201481737394951 -1.456400848203835 0
0.3726784788192127 -2.561615494286379 0
-1.02627869428455 0.5561012652300286 0
-1.094776507015513 0.7249973511852306 0
-0.9919857528216374 0.8686612800521339 0
-1.217913301877126 0.5973077438680573 0
-1.167188751628275 0.8942260381135763 0
-0.6420915569188075 -0.9783494735109415 0
-0.5942181694083251 -1.17595457197142 0
-0.4329298192287074 -1.278251783080286 0
-0.5841954284167351 -1.36269980432229 0
-0.4228502073003373 -1.444722489567231 0
-0.2874658475840959 -1.371192684270607 0
-0.4173681683551826 1.068746710803379 0
-0.5841775504565945 1.173186673360074 0
-0.7503645425825897 1.092235989839604 0
-0.7296932351219498 1.281040239241006 0
-0.3658777232621094 1.257200144991786 0
-0.1816977767257328 1.320030133049148 0
-0.530248587463798 1.356654187011943 0
0.1951972654231746 -1.138596051719977 0
0.1157493646726339 -1.308514198713377 0
0.3059814825721879 -1.287906051630967 0
0.5038376027303859 -1.262490187115972 0
0.2131661913781249 -1.456354199136405 0
0.04008306673458526 -1.468403190065955 0
0.5791516879910714 -1.097178084272426 0
0.1393654213172392 -1.613861870645878 0
0.7784874264654389 0.8539600270948856 0
0.4403951107271614 1.088864610975156 0
0.3684677379817615 1.263501729103311 0
0.1886868868216065 1.31688649927296 0
0.6267213121161513 1.165360657847481 0
0.3296723756479711 1.445407417636024 0
0.1528765242776918 1.500850452461223 0
0.9356514096852677 -0.7235273872645975 0
1.114432021503973 -0.7001751763944722 0
0.9900385547968343 -0.9371073964274309 0
1.221786065802293 -0.547587235232791 0
1.299010678176412 -0.7124974937065032 0
1.206390593574672 -0.8281069605523598 0
1.147991362238319 -0.387845970835661 0
-1.086726216409657 1.028539014178067 0
-1.25145501745175 1.051381496684815 0
1.122769516382937 0.1049369891008762 0
0.05640018077802609 1.172828829352518 0
0.401141262043161 -1.459831860135009 0
0.6910479700736605 -1.249768531700019 0
0.756474799778784 -1.076857842987164 0
-2.3319557348759 -1.143125080186261 0
-2.19023977107957 -1.039559771232887 0
-2.357314197395568 -0.9610939107509955 0
-2.628463809956998 -0.1420511813596678 0
-0.03023515147703589 -1.660838199558494 0
2.619582662541573 -0.6105920515682225 0
-0.8881026922537414 1.223349591297632 0
1.393502016298517 -0.5674691181727217 0
0.7600531187834054 1.054868790408825 0
0.8094101208684165 1.248764124735616 0
-0.211736168424798 -1.118306648135583 0
-0.7860193458664994 0.8752994714695249 0
-2.505132151281876 0.6872074649449044 0
-2.537735721828664 0.885738092989508 0
-2.385309679199254 0.9834492968035813 0
-1.213014869134066 -0.4927549413176022 0
-0.7552957111650086 -1.282598827239722 0
-1.369879142027441 0.8927295760551174 0
1.487967760980907 -0.7397730287251267 0
-0.8677009260090467 1.398852649684578 0
-0.9307208571839632 -0.7131431329200963 0
-0.5753069940163964 -1.545814704479522 0
-1.786985586999523 -1.93718212043469 0
-1.754559163712845 -2.122573512467502 0
0.5057624137627467 1.387872641885075 0
-0.002536517660993153 1.36218034619863 0
-0.01944066031485513 1.545833035317372 0
-0.3205610137637354 1.444695988612846 0
-2.634850977533919 0.2280908626138761 0
-2.647793251734327 0.4172202696672772 0
0.5945402470282226 -1.426679785074983 0
0.4073399454561298 -1.656584988988679 0
-1.956466708566707 -1.857362982995143 0
-1.162020952337867 0.1119332556608459 0
2.353674054844227 -1.359284910959658 0
-1.586626313007678 -2.195901453977109 0
1.194308967571331 0.7716023176007443 0
1.541916697161971 0.4299366827960527 0
1.396339890858554 0.3291697181836756 0
0.9823016979120657 1.21427764721227 0
0.7916109616731388 1.455986750434321 0
1.489479134735803 0.9837291895006247 0
0.4377123184041512 1.601410101057731 0
-0.2081550038458628 1.758543306291135 0
1.561649174846394 0.2451334926164267 0
-1.400642162299936 -0.8756794161725471 0
-1.416852114131928 -0.6950812342184401 0
-1.034444738808956 -1.399080328263682 0
-1.568750040338667 -0.7978915106219894 0
0.106659102977012 1.799730261431947 0
1.621775773185595 -0.3134029153913502 0
-0.1791627025856257 -1.789584539866804 0
-1.502995359206399 0.2321851271173278 0
-1.363940433473063 0.338603724080572 0
-1.654356250001552 0.1260510670377548 0
1.064074537292307 -1.29885257910398 0
1.211096047438295 -1.191948029202541 0
1.043828459446507 -1.113137794192763 0
1.517520037997359 -0.9584838007131746 0
1.339351411003789 0.8766384939603823 0
1.693529493319473 0.5372657208191057 0
1.133040737311801 1.322371229863579 0
-0.2741758198335774 -1.541487515176659 0
-1.548230603691794 0.7833894155470945 0
-1.536743613442098 0.5995368148305581 0
-1.382586609612461 0.6931081618784424 0
1.728946710122963 0.1673576044293821 0
-1.788873793478069 -0.1649715170347786 0
-1.58257445910861 -0.6113888896055727 0
-0.4064994131860011 2.198273129068309 0
1.417278694183042 1.722967478304834 0
1.399294706018677 1.908012498535946 0
1.56861298581698 1.830984667158107 0
1.550652170051046 2.016166663925732 0
1.381131144328102 2.092877950936717 0
1.715546191099454 1.929186665590123 0
1.737159265227403 1.75227896509042 0
1.88360635395325 1.849044328049796 0
1.907383215296858 1.676598483639663 0
1.528733438829236 2.20430064590443 0
2.054256430554711 1.783063138985633 0
2.085335695266647 1.600734687332817 0
2.256427175831379 1.524287836461182 0
2.110237140235261 1.413801686429574 0
2.272300456456985 1.342302899571706 0
2.132851967261371 1.231004395652766 0
2.297621425082414 1.158978907814982 0
2.156177917795499 1.048318396335507 0
2.333495864595966 0.9766157963695414 0
2.182838859284304 0.8646616712522917 0
2.354244067441885 0.787512404999175 0
2.512238487800741 0.9019789527189589 0
2.520429914586348 0.6980360062092256 0
2.672324734025693 0.5839125923240647 0
2.505368098380846 0.5039206930320937 0
2.644620444153683 0.4167408739577885 0
1.999844394098134 0.9393861333609801 0
2.186231793275138 0.6728786374076783 0
1.934131249544069 1.487289024510059 0
1.229990628811501 1.984944556070361 0
1.211750308912444 2.169745318976471 0
1.586275770167354 1.645746164291517 0
-1.382968431836498 -1.059305743688286 0
-1.920759861971709 1.117788659641939 0
-1.941514598318802 1.301854963162573 0
2.270654843090463 -0.4330737859593692 0
0.01899864964096192 -2.232339741196364 0
-0.08590088663838466 2.229812332600265 0
2.119654916763116 -0.540703629101954 0
-2.023406601643405 -1.118166878973065 0
2.049246104387385 -1.56340530571651 0
1.903682538337349 -1.678585784386199 0
-1.854549687094068 -1.195973154103035 0
-1.499751856596162 -1.535900819343703 0
2.483036662084817 1.091639362059919 0
0.3394292502307946 -2.202563274555192 0
-0.4499150908706171 -2.545408098541702 0
-0.6078746520414315 -2.47415111264301 0
0.8113583079307513 -2.064346765085916 0
-0.7079556231996338 1.982666080869541 0
0.8483984867282977 -2.428728186896333 0
0.9978054879819391 -2.322302754154515 0
0.9803665010789975 -2.140703471315474 0
1.149745354311817 -2.21856294497394 0
1.158648814596533 -2.405432443300659 0
1.313774298294815 -2.306769087969143 0
1.300327926278083 -2.112436184811592 0
1.484925691591757 -2.225358346517606 0
1.455107218754615 -2.009150181951209 0
1.618451003818461 -2.078063616686292 0
1.603477455430276 -1.895434587688242 0
1.651653725508379 -2.255700789377533 0
1.435299105391894 -1.817137880333505 0
1.131603565209174 -2.033809752993836 0
-1.178881245300231 1.843167491432852 0
2.466571234020161 -0.8810721419030085 0
2.491002158383917 -1.066627620602537 0
2.650746837425305 -0.9484564765949921 0
-1.44546673017491 -2.088699198746238 0
-1.278235204709375 -2.165796666124471 0
-1.144878832182962 -1.875625881288062 0
0.3753850278398199 2.547770418947343 0
0.5369445176391102 2.474464980780799 0
2.201383428409501 0.3052998459776874 0
1.079054187125646 1.876578076641582 0
2.084092792720591 -0.1712735505342081 0
-0.8073441691011466 -2.030194764523533 0
-0.9589569422911564 -2.137636930102777 0
-0.575922636570288 2.27377496400316 0
-1.06678453084067 2.315667330686423 0
-1.234384848228763 2.389976561760592 0
-0.9196184009365762 2.413837897936519 0
2.003704365822266 -1.018282511446808 0
1.702065119588626 2.124318195348932 0
2.529512781788655 0.1508170657991279 0
2.713969765832376 0.0751095390763093 0
0.4033496556608397 2.184040638341001 0
0.7410453786702876 2.030001800365055 0
0.7217234957313465 2.216166295420528 0
-2.556476855251899 -0.5104403961720092 0
-2.733340960655719 -0.4357289762255853 0
-2.557490400337824 -0.7015332054849601 0
-2.681600702256956 -0.8599352703503411 0
-2.222469835609745 0.9054348473980169 0
-1.480701173454665 1.627052623024388 0
-1.6498816276087 1.704013951178269 0
-1.801054427812193 1.595995948953747 0
-1.817181314987726 1.778264855416412 0
-1.665639702935195 1.885705638632842 0
-1.970214064156894 1.67237966463801 0
-1.974814642333662 1.85802679079247 0
-2.120779172206906 1.756996263825312 0
-2.124161095581778 1.569833425685539 0
-2.281619532940918 1.46200885796166 0
-2.114265593581818 1.381592392159037 0
-2.269595647378488 1.279708194061528 0
-2.461789283604035 1.357744196185262 0
-2.100538964222248 1.196662541709815 0
-1.784354944709437 1.411205244607329 0
1.718479158461642 -1.418578624259732 0
-2.277452476014836 -0.1167642185494974 0
-0.4698913710342709 -2.184912601427375 0
-2.074507799735958 -0.5638771241864204 0
-1.637740001117765 -0.05754179218196694 0
1.604016990270936 1.4611249427926 0
-2.208114604207665 -0.8552675662694581 0
-1.347980340201104 1.919808774719099 0
1.735939458170881 -1.602585424105785 0
-0.6221600541673398 -2.291827967719919 0
-0.7741795405425249 -2.399411238260998 0
-0.7616522655458937 -2.575887696574369 0
-0.9258245153324378 -2.507597691424932 0
1.06090800961923 2.061725764918699 0
1.04103274944514 2.249054633211835 0
1.192014097734109 2.365207760258713 0
1.019049035687807 2.442032870276483 0
1.164435826766742 2.573874018584162 0
0.8440774283988873 2.518072648770634 0
0.8171432327861505 2.708631945437957 0
0.8691108274920654 2.326973768047444 0
1.113956616617128 -1.84890549481372 0
-0.2552029518346364 2.305906331443019 0
-1.95592745402682 1.488810273201039 0
2.172694168792178 -1.095604477008293 0
-1.651333952014326 -1.643388629508015 0
0.1878607560348882 -2.309826627828802 0
-1.127460604380756 -2.059998203340691 0
-2.039957650058664 -0.933160148665107 0
-2.451317534526694 -0.03837110525155719 0
1.283565823616324 -1.927048149118459 0
0.5527842309318796 2.291562718965072 0
1.757476856999234 1.567683389888323 0
-1.805830593082923 0.01968495689355688 0
1.034080193106439 0.5149107536778148 0
2.351515037204811 0.4082152383904211 0
2.343566401508442 -1.17684913598614 0
-1.803569369293221 -1.750978685113203 0
-2.118216068380613 -1.763515924665268 0
-1.498448992626011 1.811274591162424 0
0.8906179493306183 2.139505495420707 0
-0.9424986954324506 -2.322644341968642 0
-1.094828458709668 -2.429726457586023 0
-1.242576559553115 -2.54853275380832 0
-1.258810745159924 -2.354848087345451 0
-2.62629160385759 0.05413992139915869 0
2.253101525292019 -0.248384289948981 0
-0.7905921581976777 -2.214801858040263 0
0.2039710003316786 -2.490660336585256 0
1.415981043465115 -1.633067144944763 0
0.7656903927364433 -1.519638656875096 0
-0.72630873390922 2.16717606040151 0
2.420510720227262 -0.3256682833333483 0
-1.516607694939361 1.996306118723381 0
-1.684911452714706 2.074326270424995 0
-2.226036589794748 -0.6710230161971033 0
1.769045068102743 -1.971947974642438 0
2.582166071775888 -0.4074410110351069 0
2.776803912301933 -0.4485495702482295 0
-1.110131775113888 -2.245108447744675 0
-0.7459204816407772 2.34800168539303 0
0.2128226075568258 -2.681132656233945 0
-2.373239076241919 -0.77733905042032 0
1.585321907823183 -1.71016411342375 0
2.705923216638887 -0.1371118588265566 0
-1.383761276127887 2.288545595779409 0
-1.533687571147199 2.182507908785944 0
1.358854203933286 2.286393927652243 0
1.753446065320118 -1.787260322439324 0
-1.697215799741614 2.270710957264183 0
-0.7847616679426016 2.549795098361477 0
-1.518555214938472 0.4142174399959502 0
2.082434796225818 -1.721463351946586 0
1.923209964056274 -1.864844050389528 0
1.002664563838376 0.8474662059883642 0
-1.68903965516413 0.4922262648728619 0
-1.858421217477406 0.5691010388827078 0
-2.798110257602695 -0.004172154123054129 0
-1.42619202591938 1.084173504281206 0
-2.133683624178836 -1.593211762148254 0
-0.9057071757231243 -2.688413939616954 0
-2.007311126151564 0.4618917718260912 0
-0.4999040164105408 1.543016103957209 0
1.953528272562981 1.305972527934871 0
2.017581806397423 1.978255601488953 0
-2.157693504307465 0.3550246833322111 0
2.434573777584926 1.434083586797456 0
1.657496079011618 -0.6748597429091873 0
0.6804658419528837 2.585239228045274 0
-2.328970214098809 0.4310483404376657 0
2.353263178427908 -1.562093920206483 0
1.32847471520918 -0.4025028770106565 0
-2.494358026663756 0.508291407552239 0
0.7008510570243621 2.402079940004959 0
2.674498581641146 0.9714872940445874 0
-2.819344572566909 0.3513348857987875 0
-2.797649681570386 0.5280056824157785 0
-2.652434689851951 1.034395790518791 0
-2.413124703874137 -1.512530260315001 0
-2.502490206417897 -1.35958132952712 0
-0.9137013511638242 2.697418852476865 0
-0.7433431527804752 2.74229194438376 0
-0.3958985571391027 -2.81789514633046 0
-0.2175245198691866 -2.83147373413392 0
0.1329015376450756 2.836608310190933 0
0.309437787360679 2.831107006202616 0
0.6597710658019961 -2.761931149692931 0
0.8293700228443417 -2.724530049388956 0
1.31242382357229 -2.504543815836664 0
1.153538315299003 -2.590694899269364 0
-1.395306972602681 2.477600205101761 0
-0.3970234026354016 2.825351684340839 0
0.1350550831534005 -2.848899340767167 0
-0.2225856343073411 2.844732693572562 0
-2.651878268120086 -1.038632060107853 0
-0.1786597229189573 1.59149002172023 0
1.266676495879663 -0.2158078379698973 0
0.309882449906032 -2.835326783072899 0
-2.248325373175792 1.095238211528356 0
1.37099351977946 -0.872171500650712 0
-2.713621289187294 0.8723866039117044 0
-1.383305967162361 0.522887017798579 0
-0.0315359535401404 -1.334176254425848 0
-1.132142041574665 -0.6577458775226641 0
2.816410686840842 0.448976881758276 0
2.037133612020464 -2.003719104340663 0
0.5211384772675822 -2.645483553320909 0
-1.404750796599217 -2.473637907637027 0
1.645098093783419 2.328561755258195 0
0.6487586047331977 2.762169066749327 0
-0.9167909300144009 1.033464028037752 0
-1.236357581472514 2.561131471932395 0
-0.685451477032159 1.455829400306707 0
-0.7357009805066976 -2.744605500373805 0
-1.423110949824479 -2.264070807932518 0
0.8917893118408835 -1.228520408963652 0
-0.9315661370253491 -0.92403166169391 0
-1.825184415128889 1.949444404562583 0
0.01599707044211353 2.697840235730119 0
2.506646930806286 0.3295079263135873 0
1.003011272806423 -2.499031319424611 0
-1.845550208892544 2.167801963021649 0
-2.407725660133694 1.170723515774239 0
1.256115211149425 0.2156794195662191 0
-0.6001132543403144 2.633091527129066 0
1.23367246496441 0.4235756224241496 0
1.497204398439176 -0.4393408019234423 0
-2.11204181331999 -1.931346039402114 0
-0.1342020048386516 -1.469962832430473 0
-0.09482665818316882 -2.697414040402793 0
1.269520213161726 0.0130368442008198 0
2.352042408091442 0.5929770662276114 0
1.178937369524721 -0.978618443249148 0
1.329640239746136 2.493110489319215 0
0.5159671138695192 2.645792609470329 0
2.643871313176474 0.2473040511121217 0
-2.640363364558836 0.6014147669817588 0
-2.478132648659575 -1.077724283815994 0
2.881757857121046 0.08729526224220661 0
0.1225145664323469 -1.78376655549727 0
-0.810093917436972 1.542703075830139 0
-0.9189089712024738 -1.296532464137276 0
-0.7365546890794353 -1.105141030161831 0
2.644094832256516 1.139308345457545 0
-2.429713767985134 1.526389930724925 0
2.796282970836705 -0.625585689530323 0
0.6518389966230985 -0.947708989411536 0
2.638753964559939 -1.129244589722707 0
2.166963768025999 -1.883055536030997 0
-1.295739218026475 1.209282024220121 0
-1.285521897407834 -0.6233162920673615 0
-2.506295670347621 -0.8922393199271345 0
-1.720261469532632 -2.294640098874721 0
0.6531326544223821 1.348332050347049 0
1.073039870767527 0.664196267277596 0
1.803457263925691 -2.234021409932136 0
-1.089099345796169 2.475654935505718 0
1.792117810029958 2.258193602210465 0
-2.116348283582976 1.939956973492922 0
-2.845306612048443 -0.3235480047860876 0
-0.6008650668933355 -2.634752173920547 0
2.870661319729655 -0.08430086035999854 0
-0.6987612036768331 -1.45204090447117 0
2.172068132780801 1.887491144254478 0
-0.496317489304441 -1.669477268760381 0
2.387670832466254 1.605141953467031 0
-0.04175403817966605 1.700324451095484 0
2.482867337298552 -1.443553618155627 0
0.8735055757993886 -2.578141864084535 0
-2.722635983905861 -0.2820569278679835 0
-2.263702147049944 -1.505233779180896 0
-2.50690509004271 1.064674652814907 0
2.579903459047725 -0.7768177974743891 0
-2.810618848631643 -0.5667723882523478 0
0.3789847233800127 2.697061499575484 0
0.8849531082892677 0.9769021551361637 0
0.2790420210737279 -1.584708703682569 0
0.1144000490186896 1.640015822607741 0
-0.1331954752602753 1.45106265844113 0
-1.019723536977917 1.372950689872436 0
2.819747786384357 0.6238029855813728 0
-1.304978846890862 -0.3631506618365856 0
-1.13816737350457 0.4546815677438255 0
0.8955990099860157 -1.048609035911026 0
-1.244462624444102 0.7611379539204173 0
-1.040927368225926 1.183718043153837 0
-1.249408089632291 0.2730249891700698 0
2.68965111835995 -0.2986836669479985 0
-0.7228343499574943 -1.585736220144309 0
0.4883226362288418 -1.770571577621036 0
1.539680173385281 -0.6000512896954256 0
-0.4603548506862437 -2.688764238856622 0
1.110098218486509 -0.239305975334299 0
-0.9550837792155193 2.556164457703144 0
-0.7997539654845258 -0.9911314506401284 0
0.7750938693693109 -1.372592463644601 0
1.085089989817094 -0.8335070727776017 0
0.5087226104845459 1.250641715320601 0
0.3743386512242423 -2.710480718550259 0
-0.09893141390077932 1.211635662705699 0
0.2702170687170811 1.574669962083624 0
2.402164041236036 1.263634025476182 0
2.190681737306777 -1.601864554407467 0
-1.86681072885331 -2.216986764081274 0
-0.1872274484329071 -1.641205544534392 0
-2.630642004247974 0.764642288806148 0
-0.1342615643087014 2.735211501503046 0
0.05187348945344571 -2.733695152832733 0
-2.247115691498875 1.833220181434742 0
-1.258051247735202 0.4315308743533329 0
-0.1696258089570364 -1.270538389284559 0
-2.444510169102395 -1.234556561659109 0
-0.4602532504837893 2.701773135212821 0
-2.245055933824813 -1.833979383088891 0
1.843291945777337 1.998488106694184 0
0.8949962991825698 1.11132981421762 0
-0.4086908962525647 -1.580686154455786 0
-2.67722535465608 -0.5867042052839496 0
0.5012280383508357 -1.541429473171654 0
-0.3024322350146088 -1.231477866494977 0
0.2481430465768197 -1.700831182099599 0
1.748964169904165 -2.121629070273527 0
1.598299487944054 -2.383570402278862 0
-1.168703197290778 1.157421920221111 0
2 6 0 2305
1420
1421
1422
1423
1424
1425
1426
1427
1428
1429
1430
1431
1432
1433
1434
1435
1436
1437
1438
1439
1440
1441
1442
1443
1444
1445
1446
1447
1448
1449
1450
1451
1452
1453
1454
1455
1456
1457
1458
1459
1460
1461
1462
1463
1464
1465
1466
1467
1468
1469
1470
1471
1472
1473
1474
1475
1476
1477
1478
1479
1480
1481
1482
1483
1484
1485
1486
1487
1488
1489
1490
1491
1492
1493
1494
1495
1496
1497
1498
1499
1500
1501
1502
1503
1504
1505
1506
1507
1508
1509
1510
1511
1512
1513
1514
1515
1516
1517
1518
1519
1520
1521
1522
1523
1524
1525
1526
1527
1528
1529
1530
1531
1532
1533
1534
1535
1536
1537
1538
1539
1540
1541
1542
1543
1544
1545
1546
1547
1548
1549
1550
1551
1552
1553
1554
1555
1556
1557
1558
1559
1560
1561
1562
1563
1564
1565
1566
1567
1568
1569
1570
1571
1572
1573
1574
1575
1576
1577
1578
1579
1580
1581
1582
1583
1584
1585
1586
1587
1588
1589
1590
1591
1592
1593
1594
1595
1596
1597
1598
1599
1600
1601
1602
1603
1604
1605
1606
1607
1608
1609
1610
1611
1612
1613
1614
1615
1616
1617
1618
1619
1620
1621
1622
1623
1624
1625
1626
1627
1628
1629
1630
1631
1632
1633
1634
1635
1636
1637
1638
1639
1640
1641
1642
1643
1644
1645
1646
1647
1648
1649
1650
1651
1652
1653
1654
1655
1656
1657
1658
1659
1660
1661
1662
1663
1664
1665
1666
1667
1668
1669
1670
1671
1672
1673
1674
1675
1676
1677
1678
1679
1680
1681
1682
1683
1684
1685
1686
1687
1688
1689
1690
1691
1692
1693
1694
1695
1696
1697
1698
1699
1700
1701
1702
1703
1704
1705
1706
1707
1708
1709
1710
1711
1712
1713
1714
1715
1716
1717
1718
1719
1720
1721
1722
1723
1724
1725
1726
1727
1728
1729
1730
1731
1732
1733
1734
1735
1736
1737
1738
1739
1740
1741
1742
1743
1744
1745
1746
1747
1748
1749
1750
1751
1752
1753
1754
1755
1756
1757
1758
1759
1760
1761
1762
1763
1764
1765
1766
1767
1768
1769
1770
1771
1772
1773
1774
1775
1776
1777
1778
1779
1780
1781
1782
1783
1784
1785
1786
1787
1788
1789
1790
1791
1792
1793
1794
1795
1796
1797
1798
1799
1800
1801
1802
1803
1804
1805
1806
1807
1808
1809
1810
1811
1812
1813
1814
1815
1816
1817
1818
1819
1820
1821
1822
1823
1824
1825
1826
1827
1828
1829
1830
1831
1832
1833
1834
1835
1836
1837
1838
1839
1840
1841
1842
1843
1844
1845
1846
1847
1848
1849
1850
1851
1852
1853
1854
1855
1856
1857
1858
1859
1860
1861
1862
1863
1864
1865
1866
1867
1868
1869
1870
1871
1872
1873
1874
1875
1876
1877
1878
1879
1880
1881
1882
1883
1884
1885
1886
1887
1888
1889
1890
1891
1892
1893
1894
1895
1896
1897
1898
1899
1900
1901
1902
1903
1904
1905
1906
1907
1908
1909
1910
1911
1912
1913
1914
1915
1916
1917
1918
1919
1920
1921
1922
1923
1924
1925
1926
1927
1928
1929
1930
1931
1932
1933
1934
1935
1936
1937
1938
1939
1940
1941
1942
1943
1944
1945
1946
1947
1948
1949
1950
1951
1952
1953
1954
1955
1956
1957
1958
1959
1960
1961
1962
1963
1964
1965
1966
1967
1968
1969
1970
1971
1972
1973
1974
1975
1976
1977
1978
1979
1980
1981
1982
1983
1984
1985
1986
1987
1988
1989
1990
1991
1992
1993
1994
1995
1996
1997
1998
1999
2000
2001
2002
2003
2004
2005
2006
2007
2008
2009
2010
2011
2012
2013
2014
2015
2016
2017
2018
2019
2020
2021
2022
2023
2024
2025
2026
2027
2028
2029
2030
2031
2032
2033
2034
2035
2036
2037
2038
2039
2040
2041
2042
2043
2044
2045
2046
2047
2048
2049
2050
2051
2052
2053
2054
2055
2056
2057
2058
2059
2060
2061
2062
2063
2064
2065
2066
2067
2068
2069
2070
2071
2072
2073
2074
2075
2076
2077
2078
2079
2080
2081
2082
2083
2084
2085
2086
2087
2088
2089
2090
2091
2092
2093
2094
2095
2096
2097
2098
2099
2100
2101
2102
2103
2104
2105
2106
2107
2108
2109
2110
2111
2112
2113
2114
2115
2116
2117
2118
2119
2120
2121
2122
2123
2124
2125
2126
2127
2128
2129
2130
2131
2132
2133
2134
2135
2136
2137
2138
2139
2140
2141
2142
2143
2144
2145
2146
2147
2148
2149
2150
2151
2152
2153
2154
2155
2156
2157
2158
2159
2160
2161
2162
2163
2164
2165
2166
2167
2168
2169
2170
2171
2172
2173
2174
2175
2176
2177
2178
2179
2180
2181
2182
2183
2184
2185
2186
2187
2188
2189
2190
2191
2192
2193
2194
2195
2196
2197
2198
2199
2200
2201
2202
2203
2204
2205
2206
2207
2208
2209
2210
2211
2212
2213
2214
2215
2216
2217
2218
2219
2220
2221
2222
2223
2224
2225
2226
2227
2228
2229
2230
2231
2232
2233
2234
2235
2236
2237
2238
2239
2240
2241
2242
2243
2244
2245
2246
2247
2248
2249
2250
2251
2252
2253
2254
2255
2256
2257
2258
2259
2260
2261
2262
2263
2264
2265
2266
2267
2268
2269
2270
2271
2272
2273
2274
2275
2276
2277
2278
2279
2280
2281
2282
2283
2284
2285
2286
2287
2288
2289
2290
2291
2292
2293
2294
2295
2296
2297
2298
2299
2300
2301
2302
2303
2304
2305
2306
2307
2308
2309
2310
2311
2312
2313
2314
2315
2316
2317
2318
2319
2320
2321
2322
2323
2324
2325
2326
2327
2328
2329
2330
2331
2332
2333
2334
2335
2336
2337
2338
2339
2340
2341
2342
2343
2344
2345
2346
2347
2348
2349
2350
2351
2352
2353
2354
2355
2356
2357
2358
2359
2360
2361
2362
2363
2364
2365
2366
2367
2368
2369
2370
2371
2372
2373
2374
2375
2376
2377
2378
2379
2380
2381
2382
2383
2384
2385
2386
2387
2388
2389
2390
2391
2392
2393
2394
2395
2396
2397
2398
2399
2400
2401
2402
2403
2404
2405
2406
2407
2408
2409
2410
2411
2412
2413
2414
2415
2416
2417
2418
2419
2420
2421
2422
2423
2424
2425
2426
2427
2428
2429
2430
2431
2432
2433
2434
2435
2436
2437
2438
2439
2440
2441
2442
2443
2444
2445
2446
2447
2448
2449
2450
2451
2452
2453
2454
2455
2456
2457
2458
2459
2460
2461
2462
2463
2464
2465
2466
2467
2468
2469
2470
2471
2472
2473
2474
2475
2476
2477
2478
2479
2480
2481
2482
2483
2484
2485
2486
2487
2488
2489
2490
2491
2492
2493
2494
2495
2496
2497
2498
2499
2500
2501
2502
2503
2504
2505
2506
2507
2508
2509
2510
2511
2512
2513
2514
2515
2516
2517
2518
2519
2520
2521
2522
2523
2524
2525
2526
2527
2528
2529
2530
2531
2532
2533
2534
2535
2536
2537
2538
2539
2540
2541
2542
2543
2544
2545
2546
2547
2548
2549
2550
2551
2552
2553
2554
2555
2556
2557
2558
2559
2560
2561
2562
2563
2564
2565
2566
2567
2568
2569
2570
2571
2572
2573
2574
2575
2576
2577
2578
2579
2580
2581
2582
2583
2584
2585
2586
2587
2588
2589
2590
2591
2592
2593
2594
2595
2596
2597
2598
2599
2600
2601
2602
2603
2604
2605
2606
2607
2608
2609
2610
2611
2612
2613
2614
2615
2616
2617
2618
2619
2620
2621
2622
2623
2624
2625
2626
2627
2628
2629
2630
2631
2632
2633
2634
2635
2636
2637
2638
2639
2640
2641
2642
2643
2644
2645
2646
2647
2648
2649
2650
2651
2652
2653
2654
2655
2656
2657
2658
2659
2660
2661
2662
2663
2664
2665
2666
2667
2668
2669
2670
2671
2672
2673
2674
2675
2676
2677
2678
2679
2680
2681
2682
2683
2684
2685
2686
2687
2688
2689
2690
2691
2692
2693
2694
2695
2696
2697
2698
2699
2700
2701
2702
2703
2704
2705
2706
2707
2708
2709
2710
2711
2712
2713
2714
2715
2716
2717
2718
2719
2720
2721
2722
2723
2724
2725
2726
2727
2728
2729
2730
2731
2732
2733
2734
2735
2736
2737
2738
2739
2740
2741
2742
2743
2744
2745
2746
2747
2748
2749
2750
2751
2752
2753
2754
2755
2756
2757
2758
2759
2760
2761
2762
2763
2764
2765
2766
2767
2768
2769
2770
2771
2772
2773
2774
2775
2776
2777
2778
2779
2780
2781
2782
2783
2784
2785
2786
2787
2788
2789
2790
2791
2792
2793
2794
2795
2796
2797
2798
2799
2800
2801
2802
2803
2804
2805
2806
2807
2808
2809
2810
2811
2812
2813
2814
2815
2816
2817
2818
2819
2820
2821
2822
2823
2824
2825
2826
2827
2828
2829
2830
2831
2832
2833
2834
2835
2836
2837
2838
2839
2840
2841
2842
2843
2844
2845
2846
2847
2848
2849
2850
2851
2852
2853
2854
2855
2856
2857
2858
2859
2860
2861
2862
2863
2864
2865
2866
2867
2868
2869
2870
2871
2872
2873
2874
2875
2876
2877
2878
2879
2880
2881
2882
2883
2884
2885
2886
2887
2888
2889
2890
2891
2892
2893
2894
2895
2896
2897
2898
2899
2900
2901
2902
2903
2904
2905
2906
2907
2908
2909
2910
2911
2912
2913
2914
2915
2916
2917
2918
2919
2920
2921
2922
2923
2924
2925
2926
2927
2928
2929
2930
2931
2932
2933
2934
2935
2936
2937
2938
2939
2940
2941
2942
2943
2944
2945
2946
2947
2948
2949
2950
2951
2952
2953
2954
2955
2956
2957
2958
2959
2960
2961
2962
2963
2964
2965
2966
2967
2968
2969
2970
2971
2972
2973
2974
2975
2976
2977
2978
2979
2980
2981
2982
2983
2984
2985
2986
2987
2988
2989
2990
2991
2992
2993
2994
2995
2996
2997
2998
2999
3000
3001
3002
3003
3004
3005
3006
3007
3008
3009
3010
3011
3012
3013
3014
3015
3016
3017
3018
3019
3020
3021
3022
3023
3024
3025
3026
3027
3028
3029
3030
3031
3032
3033
3034
3035
3036
3037
3038
3039
3040
3041
3042
3043
3044
3045
3046
3047
3048
3049
3050
3051
3052
3053
3054
3055
3056
3057
3058
3059
3060
3061
3062
3063
3064
3065
3066
3067
3068
3069
3070
3071
3072
3073
3074
3075
3076
3077
3078
3079
3080
3081
3082
3083
3084
3085
3086
3087
3088
3089
3090
3091
3092
3093
3094
3095
3096
3097
3098
3099
3100
3101
3102
3103
3104
3105
3106
3107
3108
3109
3110
3111
3112
3113
3114
3115
3116
3117
3118
3119
3120
3121
3122
3123
3124
3125
3126
3127
3128
3129
3130
3131
3132
3133
3134
3135
3136
3137
3138
3139
3140
3141
3142
3143
3144
3145
3146
3147
3148
3149
3150
3151
3152
3153
3154
3155
3156
3157
3158
3159
3160
3161
3162
3163
3164
3165
3166
3167
3168
3169
3170
3171
3172
3173
3174
3175
3176
3177
3178
3179
3180
3181
3182
3183
3184
3185
3186
3187
3188
3189
3190
3191
3192
3193
3194
3195
3196
3197
3198
3199
3200
3201
3202
3203
3204
3205
3206
3207
3208
3209
3210
3211
3212
3213
3214
3215
3216
3217
3218
3219
3220
3221
3222
3223
3224
3225
3226
3227
3228
3229
3230
3231
3232
3233
3234
3235
3236
3237
3238
3239
3240
3241
3242
3243
3244
3245
3246
3247
3248
3249
3250
3251
3252
3253
3254
3255
3256
3257
3258
3259
3260
3261
3262
3263
3264
3265
3266
3267
3268
3269
3270
3271
3272
3273
3274
3275
3276
3277
3278
3279
3280
3281
3282
3283
3284
3285
3286
3287
3288
3289
3290
3291
3292
3293
3294
3295
3296
3297
3298
3299
3300
3301
3302
3303
3304
3305
3306
3307
3308
3309
3310
3311
3312
3313
3314
3315
3316
3317
3318
3319
3320
3321
3322
3323
3324
3325
3326
3327
3328
3329
3330
3331
3332
3333
3334
3335
3336
3337
3338
3339
3340
3341
3342
3343
3344
3345
3346
3347
3348
3349
3350
3351
3352
3353
3354
3355
3356
3357
3358
3359
3360
3361
3362
3363
3364
3365
3366
3367
3368
3369
3370
3371
3372
3373
3374
3375
3376
3377
3378
3379
3380
3381
3382
3383
3384
3385
3386
3387
3388
3389
3390
3391
3392
3393
3394
3395
3396
3397
3398
3399
3400
3401
3402
3403
3404
3405
3406
3407
3408
3409
3410
3411
3412
3413
3414
3415
3416
3417
3418
3419
3420
3421
3422
3423
3424
3425
3426
3427
3428
3429
3430
3431
3432
3433
3434
3435
3436
3437
3438
3439
3440
3441
3442
3443
3444
3445
3446
3447
3448
3449
3450
3451
3452
3453
3454
3455
3456
3457
3458
3459
3460
3461
3462
3463
3464
3465
3466
3467
3468
3469
3470
3471
3472
3473
3474
3475
3476
3477
3478
3479
3480
3481
3482
3483
3484
3485
3486
3487
3488
3489
3490
3491
3492
3493
3494
3495
3496
3497
3498
3499
3500
3501
3502
3503
3504
3505
3506
3507
3508
3509
3510
3511
3512
3513
3514
3515
3516
3517
3518
3519
3520
3521
3522
3523
3524
3525
3526
3527
3528
3529
3530
3531
3532
3533
3534
3535
3536
3537
3538
3539
3540
3541
3542
3543
3544
3545
3546
3547
3548
3549
3550
3551
3552
3553
3554
3555
3556
3557
3558
3559
3560
3561
3562
3563
3564
3565
3566
3567
3568
3569
3570
3571
3572
3573
3574
3575
3576
3577
3578
3579
3580
3581
3582
3583
3584
3585
3586
3587
3588
3589
3590
3591
3592
3593
3594
3595
3596
3597
3598
3599
3600
3601
3602
3603
3604
3605
3606
3607
3608
3609
3610
3611
3612
3613
3614
3615
3616
3617
3618
3619
3620
3621
3622
3623
3624
3625
3626
3627
3628
3629
3630
3631
3632
3633
3634
3635
3636
3637
3638
3639
3640
3641
3642
3643
3644
3645
3646
3647
3648
3649
3650
3651
3652
3653
3654
3655
3656
3657
3658
3659
3660
3661
3662
3663
3664
3665
3666
3667
3668
3669
3670
3671
3672
3673
3674
3675
3676
3677
3678
3679
3680
3681
3682
3683
3684
3685
3686
3687
3688
3689
3690
3691
3692
3693
3694
3695
3696
3697
3698
3699
3700
3701
3702
3703
3704
3705
3706
3707
3708
3709
3710
3711
3712
3713
3714
3715
3716
3717
3718
3719
3720
3721
3722
3723
3724
2.234663140819468 -2.226091029272961 0
2.251871125155504 2.217118580041148 0
-3.250313262007221 -4.824431775788728 0
-3.229491102994349 4.85202492124212 0
-2.3050978632093 -2.137479870572156 0
-2.318751592813032 2.146848045041324 0
3.424732595640099 -4.844897366818151 0
4.840986398909866 3.452466549774273 0
3.240175538763591 4.847860345372148 0
4.839624925225104 -3.240740740740744 0
-4.835465456984484 3.237947506992286 0
-4.833295165580673 -3.243461087123852 0
2.685185185185176 -4.839624925225103 0
-1.889169261801511 -2.564431366872245 0
-1.876161296917484 2.543469469810694 0
4.823354543702259 2.682889556301774 0
2.498650553424448 4.840075528238028 0
4.839624925225104 -2.500000000000003 0
-4.842482606339262 2.520612735076155 0
-4.846674485791846 -2.492692412010479 0
1.786037075611034 -2.580559856371376 0
-2.505038727067306 -4.841963692500067 0
-2.492350186065372 4.836099137583502 0
1.810099308867205 2.581409333029435 0
2.639125659905663 1.743563147976106 0
2.607978877036903 -1.764839110273962 0
-2.6709948668498 1.687259139935183 0
-2.677640269798582 -1.678326829859359 0
-1.375820751368581 -2.839060976843572 0
-1.377758466602555 2.840030869558896 0
1.967245851779787 -4.851722788799267 0
4.847138649813499 1.953642645287554 0
1.758732406096982 4.82967170721965 0
4.837316113198961 -1.741759722764774 0
-4.846135197516535 1.758483756974252 0
-4.838558089486115 -1.763393621951708 0
2.970410005872603 1.05795438933186 0
1.305962779839195 -2.886994785371259 0
-1.763240330372315 -4.832858623127747 0
-1.748251623966517 4.864135589952841 0
1.283103830907379 2.87647511285431 0
2.908400280704045 -1.243675631261504 0
-3.008502766670091 0.9671863652942992 0
-3.002447968807237 -0.9838127182862157 0
-0.8233218595157423 -3.038249548736863 0
-0.8139358283262944 3.050675065318375 0
1.043185038872127 4.856036321670695 0
1.008316863026825 -4.846806527590975 0
4.817343114283406 -1.037249082329974 0
4.858108980555175 0.6444586459409835 0
-3.981481481481477 4.839624925225103 0
-4.837007536789396 -3.979579442639146 0
4.837835208218006 -3.99983029893102 0
3.981481481481484 4.839624925225105 0
-4.851868180295453 -0.6508827286423265 0
-4.84219042476653 0.6799262158655542 0
-3.805450256053938 -4.846889329187773 0
-4.846725602692943 3.780484571416506 0
4.833512789756348 1.384081547718526 0
0.483049293905226 4.836434828150683 0
0.4390687148789112 -4.838645216027554 0
4.839624925225105 -0.4629629629629721 0
-1.20370370370371 -4.842935740330368 0
-1.207367561308463 4.828576535595978 0
-4.831476175333961 1.203398712305181 0
-4.826145670007246 -1.217228739522547 0
-0.4735208032853344 4.848319395562597 0
-0.4633095317502521 -4.838758851527565 0
4.847486060323299 0.06890040260023583 0
-4.853762592245484 0.09863729289813895 0
0.730476279070281 -3.074229234289249 0
0.7536424600304676 3.056596906955792 0
3.085535535036768 -0.6826483899476726 0
-0.04914603467001171 -3.159766293501626 0
-0.04914603467001134 3.159766293501626 0
-3.147322123973649 -0.1928963591608424 0
3.140373943157894 0.2953414302216417 0
-3.129662180672405 0.3992383222240709 0
4.851500932348479 3.992087157738066 0
3.979173889965121 -4.843079397675346 0
-4.353403536241057 -4.845677717059691 0
-4.849828159526703 4.355088444765018 0
3.143576293765994 -0.1061764553351316 0
3.091200559530779 0.6868209998264146 0
-0.4581539405624103 -3.119904128970227 0
0.3466976186894913 3.14081485349101 0
-0.4513887980840096 3.156024189597155 0
0.3466979411922196 -3.140815018304796 0
-2.867348345279903 -1.316235248190268 0
-3.100426547270385 -0.5854142449390276 0
-2.854727771645149 1.333949817185201 0
2.820702970639671 1.436716363982104 0
4.839624925225104 4.351851851851849 0
4.348544454234171 -4.829225376229825 0
3.611111111111114 4.839624925225104 0
4.354195741592872 4.847304456109534 0
4.847531512280686 -3.602591097879989 0
4.850735858264205 -4.348693279948955 0
-4.8556386722373 -4.356607826990962 0
-4.838864957556479 -3.633859954727463 0
-4.351851851851849 4.839624925225104 0
-3.596612653288074 4.833630611251461 0
3.055555555555547 -4.844772393333856 0
2.305303153299582 -4.834115453023177 0
4.831203656349666 -2.884033140235496 0
4.835030261300113 3.060191131811252 0
4.831816820479182 2.299059532118463 0
-4.850436094604923 2.873002340509956 0
-4.821903880181328 -2.861148495823406 0
-2.84383526809808 -4.862582961201059 0
-2.874904541227128 4.83197710751409 0
1.559535096160469 -4.818762249982109 0
4.83572230146925 -1.385995907942883 0
4.827758838094674 -2.155086094666726 0
2.869125761779708 4.849243382424492 0
-4.838889032910227 -2.127735313132889 0
-4.851214115581828 2.12343439234361 0
-2.114305040889408 4.841486635360974 0
-2.130980581787656 -4.835303986053989 0
2.128990122077658 4.835502608517957 0
4.836335798225039 1.037025471157175 0
-4.836295046510211 -0.292979674290498 0
-0.8333333333333183 4.839624925225105 0
-0.8333333333333415 -4.844175268366689 0
-0.09103972980768879 -4.821532821226409 0
-0.1029008423485695 4.858392927473773 0
1.375518014212799 4.842290358525311 0
-4.824929738052767 -4.721968820680006 0
4.714716128831269 -4.827018053353282 0
4.846037474585946 4.717359284847015 0
-4.720066920197659 4.857489865495461 0
0.1520568322360714 -3.15636836450987 0
0.264655199250293 -3.310540425698625 0
0.4631668927303108 -3.287537320545894 0
0.3751674049410267 -3.459849375763066 0
0.5709537506023725 -3.437694578494092 0
0.4891630261008784 -3.6114464415781 0
0.6748833023921086 -3.59150751244961 0
0.2978237469785661 -3.631670535926877 0
0.5986710003627627 -3.762612075946367 0
0.7837231302511654 -3.742433883355945 0
0.7084154322951339 -3.911654320894212 0
0.8934021725528103 -3.892454677403437 0
0.968442219098584 -3.722429912954351 0
1.078477346877693 -3.872357263291685 0
1.153333031366668 -3.702339356883571 0
1.263399903653981 -3.852244667074058 0
1.33821832929671 -3.682233742249499 0
1.448246039507591 -3.832147219055026 0
1.52308008872584 -3.662129735038283 0
1.633096920964269 -3.812030450146968 0
1.707927970542476 -3.642025659064424 0
1.817901400514823 -3.791934147345273 0
1.892752891271441 -3.621928185352486 0
2.002712577307917 -3.771820580377636 0
2.077591597272591 -3.602119725338675 0
2.18748013403056 -3.751775552738616 0
2.262341039255559 -3.581917135235015 0
2.372239266939259 -3.731655272363812 0
2.447126833097052 -3.561954330648053 0
2.556947314226888 -3.711584884863877 0
2.631819447602453 -3.54162779501439 0
2.741636898239618 -3.691440123308187 0
2.81649241080349 -3.521521779089807 0
2.926209142629344 -3.671400568265253 0
3.001119956960414 -3.50147056311068 0
3.11081415660825 -3.651299475325306 0
3.185707821068903 -3.481412936495837 0
3.295385046957332 -3.631178129944997 0
3.370235480609317 -3.461360551381759 0
3.260637200051097 -3.311570933328768 0
3.445113553698652 -3.291562887220149 0
3.335532514659036 -3.141706965833077 0
3.520058622677143 -3.12167858273915 0
3.410420048635713 -2.971790564187562 0
3.479884676404133 -3.611118307901005 0
3.59503200789451 -2.951705214336674 0
3.485349924227325 -2.801848783570819 0
3.669984234870415 -2.781757457477423 0
3.560272953577663 -2.631888547842965 0
3.225677187216123 -2.992092727372017 0
3.744923510991847 -2.611837037000549 0
3.635227537350115 -2.461921852219254 0
2.521753881856196 -3.392517420909956 0
3.704599306925484 -3.101664901008825 0
3.450499264839477 -2.481986579319159 0
3.52549826688861 -2.311958364118321 0
3.710208841876276 -2.29195195792414 0
3.600529180579552 -2.141931379165992 0
3.785234631727145 -2.121913149091795 0
3.675530388097277 -1.971873438725311 0
3.860226777744345 -1.951871903127341 0
3.750555563836738 -1.801857377347044 0
3.405020980632785 -3.780930435667108 0
3.589464153743425 -3.760872356034661 0
2.851640814071706 -3.841233044569579 0
3.935233227338447 -1.781843091025469 0
3.825570686870648 -1.631819456662608 0
2.113357313969753 -3.921581314483654 0
3.340727304486197 -2.331982031263904 0
3.514662064723755 -3.930590052792502 0
3.699021212119136 -3.910521362850333 0
3.773852842880093 -3.740845959700982 0
3.883372750951002 -3.890460995764522 0
3.958195346114911 -3.720801847969501 0
3.969813343254363 -2.102144799957728 0
3.565862850870383 -1.82186000344558 0
4.010278096018063 -1.611791644057542 0
3.900574518704859 -1.461821037582416 0
1.9677425157183 -3.452767887231091 0
1.374683130914361 -4.00200904203197 0
4.085316878519088 -1.441690349688884 0
3.975603811009787 -1.29175915052826 0
3.790820085885225 -1.311839472776032 0
3.865872208143903 -1.141800254932263 0
4.050642473575396 -1.121745647731498 0
3.940941306621597 -0.9717773353027122 0
4.125689131534232 -0.951786736466155 0
4.016001087878875 -0.8017725965856972 0
3.624209807777076 -4.080211915015317 0
3.439888729061483 -4.100291936668629 0
0.5177227515549259 -3.93119789498363 0
2.482581734400327 -3.881380487098743 0
1.744049863323824 -3.961789000646461 0
3.854597400440122 -2.761664397104907 0
0.8129663153919218 -4.0627660369544 0
4.067696708835482 -3.87040245851782 0
3.992923008613776 -4.040026713147516 0
3.681037645995648 -1.161786496119718 0
3.831234664424746 -0.8217646565523091 0
3.906320190445113 -0.6517117152401019 0
4.091133138768527 -0.6317604236947707 0
3.981451751890314 -0.4817120270013646 0
4.166199302822807 -0.4617728663803769 0
4.05656612281855 -0.31174533803866 0
4.142506398107273 -3.700769955008474 0
4.12000598669068 -1.76171678199617 0
3.796701683549538 -0.5016688597254235 0
4.17718467464311 -4.019981192541249 0
4.241333685616045 -0.2916081172040484 0
4.131715662829098 -0.141674445039099 0
3.946934204003913 -0.1616930371031317 0
4.022053365215708 0.008255110724664699 0
3.837234804605841 -0.01165519190127241 0
3.912403520451502 0.1583627099128518 0
4.097191983268498 0.1782648824230245 0
3.987583259822948 0.3283522592730725 0
4.172347029954232 0.3482092395763802 0
4.062767591950831 0.4982886181599384 0
3.878021894461299 0.4784267700689422 0
3.953171281218165 0.6484214565063323 0
4.137952262813084 0.6682214740847263 0
4.028388913746396 0.8183605074170672 0
3.843596140463649 0.7985509986986058 0
3.91883906047534 0.9685085349831956 0
4.103610610767882 0.9883085704592897 0
3.994107506273784 1.138443244879597 0
3.809273771407685 1.118670426799687 0
3.88458689785417 1.28862894423264 0
3.699692165004117 1.268882415084113 0
3.775033800038521 1.438873883429327 0
3.959876324026221 1.45855301543371 0
3.850364104804735 1.608846776249321 0
3.665533505320696 1.589119359075494 0
3.740881164237891 1.759102779473577 0
3.925715203565744 1.778811878850491 0
3.81625739126962 1.929029454612424 0
3.631387115414314 1.909365635183796 0
3.706816915170347 2.079234711218742 0
3.521884706902861 2.059621610955668 0
3.597320701082623 2.229531942442136 0
3.412373418642218 2.20991574375006 0
3.487816070430164 2.379877176980174 0
3.67288614033219 2.399234192916047 0
3.563373607859948 2.549637988372865 0
3.378391653996074 2.530140483653805 0
3.453718833535376 2.700184233296961 0
3.269064975768642 2.680561152900716 0
3.344191553029924 2.850562496383646 0
3.159591179751049 2.830792047016599 0
3.234841216303612 3.000699431919291 0
3.05022288163797 2.981100212776302 0
3.125531232253526 3.150889058488394 0
2.940797050956686 3.131315680418766 0
3.310169589720751 3.17066455684078 0
3.016121903478698 3.301116366804447 0
2.831389964355267 3.281539186005434 0
2.906743647630512 3.451317566757182 0
2.722021081121845 3.431750430652493 0
3.638520766650701 2.719822670255435 0
2.79734885410386 3.601515533049803 0
2.612618772093917 3.581911222327652 0
2.982136240162514 3.621075377822079 0
2.537373681649179 3.412083111671858 0
2.427882522097265 3.562312414716591 0
2.503270650295727 3.73208773931711 0
2.318530153961812 3.712515472326733 0
2.243094315213978 3.542720342666411 0
2.133753107606654 3.69295829232497 0
2.058284195487828 3.523132912560236 0
1.948952851041976 3.673415144873255 0
2.024415809755678 3.84319870003933 0
1.839655294927304 3.823666241706764 0
2.865862499751688 2.961374354285236 0
1.764152036453057 3.653863109427903 0
1.654848352750156 3.804147779585446 0
4.001064378289913 1.9486882271241 0
1.579319608750401 3.634346743603442 0
1.469999515985274 3.784658456562794 0
1.54563098300381 3.954424667735184 0
1.360713685492199 3.934964332464011 0
1.285164062829887 3.765152046655007 0
1.175851200216145 3.915495847697423 0
1.099435198894282 3.753867599997275 0
0.9908272844988636 3.897394738557181 0
4.110470275982401 1.798556251704802 0
2.872705574328715 3.771250730425882 0
3.057379913646203 3.790873682096719 0
2.948044658104176 3.940943384607725 0
3.132667431977575 3.960550925187026 0
3.242018779672033 3.81049983069395 0
3.317232064200976 3.980145023541986 0
3.426500770251567 3.830185569469233 0
3.501724343996096 3.999766592823169 0
3.610946146194662 3.849826855863875 0
3.68616228175302 4.019359052588369 0
3.795361347441018 3.869466463848997 0
3.870568209381017 4.038931614128829 0
3.979740076661799 3.889087249782478 0
3.904563006301645 3.719609758914588 0
4.054983771946422 4.058465719083459 0
4.088930915995723 3.739237593338934 0
4.013748795143395 3.569754848911351 0
1.915098826764261 3.993448533330014 0
2.099810845092808 4.012949601609596 0
3.193800492178696 2.510582850531892 0
2.167688531350233 3.372829917566368 0
1.982791476861859 3.353226121851635 0
1.251424597680216 4.085278448016338 0
0.9148979556320471 3.731101531256381 0
0.8059996104200298 3.877612336664468 0
0.8816531581578663 4.046539667698359 0
0.6967324559158941 4.02716290191712 0
0.62120897590644 3.857323456247718 0
0.5118358573555195 4.007619245330289 0
0.4362758655961617 3.838308699489533 0
0.3270109295106453 3.988212245018327 0
0.2573000088669526 3.817581164830411 0
0.1428700901686069 3.97144594313446 0
0.2178750820362003 4.138935426060875 0
0.03309462696691449 4.119581378601628 0
-0.04281481732338761 3.952700787726665 0
-0.1518673939796208 4.100314940820889 0
-0.2275145932214687 3.930574268402384 0
-0.3367100720173629 4.080501792930174 0
-0.413351848534772 3.920311990151782 0
-0.5217285796751077 4.062573700708881 0
-0.5984529097425682 3.90272127651843 0
-0.7066572030269623 4.043735848909898 0
-0.7823550387876845 3.874071992865244 0
-0.8913719776954636 4.022902893315384 0
-0.967007652324589 3.853110681084433 0
-1.076147781639262 4.003021323762054 0
-1.151821731045576 3.833386246669658 0
-1.261157804916578 3.983382798295281 0
-1.336692573371994 3.813848976728411 0
-1.446054260281554 3.963933105613048 0
-1.521554563240968 3.794438605270037 0
-1.63088159583377 3.944557512427995 0
-1.706392985155799 3.775022754615142 0
-1.815716196564123 3.925172553102315 0
-1.891226906903204 3.755654187956455 0
-2.00050983246006 3.905814073520029 0
-2.076027226749644 3.736166029533653 0
-2.185307567840645 3.886419844079905 0
-2.260797442177851 3.716799739564633 0
-2.370055276426656 3.867062487343134 0
-2.44557347899292 3.697445920877666 0
-2.554807914314297 3.847691212677726 0
-2.63032454165124 3.678097464504532 0
-2.739597983978273 3.828325019322559 0
-2.815127203370337 3.65873595867226 0
-2.705936393594616 3.508470794162981 0
-2.89066109603475 3.489125958820918 0
-2.999837975058716 3.63938782399458 0
-3.075361032176618 3.469822645820735 0
-3.184446589960972 3.62006913947518 0
-3.260049430900298 3.450519603716229 0
-3.150988457027244 3.30025946740157 0
-3.335670458707831 3.280961054836135 0
-3.226608126360682 3.130657280827492 0
-3.411337974945323 3.111345404823155 0
-3.369042442697563 3.60078399592393 0
-3.302324295392791 2.961056966161522 0
-3.487001677510741 2.941712391136619 0
-3.377945290157546 2.791392282039098 0
-3.562670070377408 2.772049494988222 0
-3.453660450319725 2.621732056359591 0
-3.638350271048021 2.602378709573632 0
-3.529392367165562 2.452068868271107 0
-3.596061747423307 3.092031117059413 0
-3.713930857549731 2.432778405718908 0
-3.604899502825851 2.282297105165135 0
-3.117785419379958 2.980213725266355 0
-3.789567559945233 2.263081679116254 0
-3.680718704484263 2.112680845361568 0
-3.29346110469071 3.770310646732598 0
-3.478014665951396 3.750996679187545 0
-3.345082300163487 2.471008756659026 0
-2.151639705060209 3.566476801746942 0
-3.823107156836935 2.583058559821879 0
-3.86537814510446 2.093298993803425 0
-3.756293897303635 1.942912437801652 0
-3.941049998036109 1.923591771125876 0
-3.831963066775896 1.773206996363136 0
-4.016717933742349 1.753893255172561 0
-3.907615672187859 1.603508662479751 0
-3.402491353379358 3.920446372886626 0
-3.58696798405086 3.901130346154878 0
-3.662518597733302 3.731726626040511 0
-3.771438955119929 3.881830693403235 0
-3.846982909927823 3.71246241856831 0
-3.95590001503599 3.862535194480593 0
-3.57185976285548 1.962238591274859 0
-4.031422771129487 3.693192451959695 0
-2.664185733741687 3.99788258049946 0
-4.092388975122616 1.584192584608921 0
-3.983306138317543 1.433790219320554 0
-3.798462063133525 1.453108729627954 0
-3.874185683178218 1.283381433784007 0
-4.059018150912712 1.264083357132924 0
-3.949922740960703 1.113672989108973 0
-4.134759123991247 1.094299820376224 0
-4.025673379593004 0.9439173973825776 0
-3.840797721671505 0.9632191635948459 0
-3.916583523411844 0.7934944112594455 0
-4.050048848240133 2.074586085281567 0
-1.596766209171646 3.625071769102593 0
-3.880317200667988 4.031916153695162 0
-4.064776599572212 4.012597612153055 0
-2.295045117226514 4.036557070236754 0
-4.1014314701485 0.7742256031492097 0
-3.992375574971843 0.6238002509893419 0
-1.925742101603034 4.075295535670865 0
-1.226876903255987 3.664036691788605 0
3.336927696984475 2.039905598102722 0
-3.511456163705988 4.070556471586588 0
-3.326998332506648 4.089870462785699 0
-4.17719287810527 0.6046346114523795 0
-4.068169786763463 0.454169459269588 0
-3.883329953731613 0.4733308817856541 0
-3.959127751495839 0.3036275768313905 0
-1.556386622396889 4.114035721559797 0
-3.689290557863171 1.302670298261372 0
-4.143982016216763 0.2845863633753156 0
-4.0349670351122 0.1339600619550649 0
-3.85006148102197 0.1531016415779167 0
-3.925959743499559 -0.01660325729965612 0
-4.110823284182847 -0.03573202653821632 0
-4.001857409988915 -0.1862688490177808 0
3.023392632319326 4.11057250306839 0
2.838821420909304 4.091003755360024 0
4.185748083795148 1.968382240667133 0
0.7722370890627777 4.1967905809098 0
2.092252770581403 3.202831301594513 0
-3.731646744767663 0.8127176015661774 0
4.178861235381717 1.158179204573604 0
-4.186702915139625 -0.2053382244235661 0
-4.077766853145534 -0.3558721320160181 0
-3.895768205435457 -0.3355323741722825 0
-3.972149423197782 -0.504961333774215 0
-4.154223053477187 -0.5251905888186426 0
-4.04538914957091 -0.6757909406988092 0
-3.8598672420907 -0.6570550028741021 0
-3.93593438500556 -0.8266426055794792 0
-4.120713950558209 -0.8457069158742081 0
-4.01181682963194 -0.9963003394813835 0
-3.826945364849206 -0.977311256187773 0
-3.90294600748196 -1.146941445499855 0
-4.087804827035631 -1.16590860441722 0
-3.978976256924947 -1.316578265635221 0
-3.794060956653494 -1.297605616614492 0
-3.87013066931729 -1.467266046417645 0
-3.685165279311099 -1.448310696436933 0
-3.761269377616362 -1.617950688150135 0
-3.946196443817259 -1.636890243164751 0
-3.837363836437816 -1.787560335664093 0
-3.652432592799487 -1.768670865023214 0
-3.728534810224706 -1.938294014143146 0
-3.543562621993427 -1.919419447273647 0
-3.619688078176631 -2.089076558134759 0
-3.434684546351268 -2.070188463740734 0
-3.510849051889507 -2.239856345147477 0
-3.695805637761309 -2.258724591868714 0
-3.586982941843568 -2.409478191755241 0
-3.402039768197961 -2.390626846336248 0
-3.478182981763608 -2.560225756153818 0
-3.293245684956258 -2.541379601644385 0
-3.369410682117631 -2.710973936168501 0
-3.184462593037126 -2.692132765500006 0
-3.260637629160807 -2.861705835275583 0
-3.445537155680626 -2.880542153962456 0
-3.336772395500475 -3.0312352076489 0
-3.151906457984907 -3.012426778650672 0
-3.22805645685943 -3.181917871477822 0
-3.043196900038646 -3.163125230014244 0
-3.412877299526382 -3.200715360802258 0
-3.119360125387701 -3.332591008418039 0
-2.934504579313202 -3.313811771044367 0
-3.010649718851005 -3.483261150708094 0
-2.825828340183771 -3.464482946180394 0
-2.902003562017126 -3.633886622405113 0
-2.717216153493009 -3.615109901958443 0
-3.086718628642451 -3.652719603645838 0
-2.641020639285298 -3.445712000529305 0
-2.532340732689704 -3.596367360962097 0
-3.771889002041761 -2.428308932473966 0
-2.456200784614825 -3.426913703461734 0
-2.347507565118378 -3.577619831350205 0
-2.423600271595756 -3.747030865934796 0
-2.238813507487746 -3.728316257730503 0
-2.162625594158186 -3.5590345248135 0
-2.053939835507888 -3.709585514262383 0
-2.978161391246485 -3.803286746014738 0
-3.162770415589721 -3.822089916983518 0
-2.130152896042979 -3.879025402203146 0
-1.945327666654999 -3.860304764565077 0
-1.869101561329815 -3.690853100003171 0
-1.760482575144334 -3.841606862246261 0
-1.684222378924911 -3.672136800666073 0
-1.575560936618601 -3.822913039039896 0
-1.499313973723796 -3.653432361374133 0
-1.390647410802434 -3.804225400159781 0
-1.466899655738757 -3.973682473391531 0
-1.282035735162541 -3.95499768823798 0
-4.022259372962069 -1.806531822735715 0
-3.0542181683886 -3.972625362697654 0
-3.23881968676545 -3.991379763871553 0
-3.347392827062081 -3.840907598493509 0
-3.423412030562352 -4.010157828849206 0
-3.53199610288556 -3.859680044048774 0
-3.607996817700724 -4.028931336017538 0
-3.716544332456954 -3.878498906590611 0
-3.792528899251029 -4.047701835680388 0
-3.90098575570061 -3.897360413315054 0
-3.976953511820605 -4.066486715045466 0
-1.205730301254543 -3.785532172066354 0
-1.097124723210825 -3.936336832378055 0
-3.10825828622677 -2.522556732019206 0
-1.020782258263953 -3.766856355834177 0
-0.9121798957652417 -3.917710339386836 0
-2.021555271854569 -4.029684347197623 0
-4.085420090849457 -3.916169067442294 0
-4.009495836381297 -3.747041571439003 0
-2.206277960020102 -4.048390804932129 0
-2.999433914799974 -2.673329386903821 0
-2.858326375719127 -3.144365025029904 0
-1.79287657436746 -3.521458493246501 0
-4.163826630971555 -1.335482581845352 0
-0.9887795119611495 -4.08715931365046 0
-0.8037906852107484 -4.06856082073379 0
-0.72729798920134 -3.899090025698958 0
-0.6186935273305447 -4.049924928461218 0
-0.542346439176649 -3.880477886198816 0
-0.4337311370183398 -4.031312176645065 0
-4.16134681323174 -4.085279651319633 0
-3.358507685523032 -1.900537477856045 0
-1.358271171280107 -4.124441501054143 0
-3.499421391685893 -4.179370987752923 0
-3.13023336800653 -4.141874262666211 0
-2.945678411142115 -4.123127849989098 0
-0.3574030647849749 -3.861871178904855 0
-0.2488389512894935 -4.012730136876993 0
-1.129445225077078 -3.615965125251018 0
1.209626538976163 3.59528773913265 0
1.990574818672217 4.163113704535446 0
2.175143599441521 4.182641869575092 0
3.392432619917804 4.149732333896138 0
1.600110256358721 -3.493264456306663 0
-1.000476593138852 4.172535443585479 0
-2.923225085591121 -2.503644088014322 0
-2.814313243561847 -2.654537651239972 0
1.907212096221432 3.183216022894899 0
-0.3251528013414108 -4.182129913148906 0
-0.1403335361777981 -4.163554903517918 0
4.102430855793703 -4.189549591976387 0
3.624358574561938 1.098835170264276 0
-3.609067948877304 -1.278607974320445 0
-4.052905066451502 -4.235571997183223 0
3.5147110554783 1.24913178583712 0
-4.193954307634058 -3.765823425361006 0
-4.118027385804618 -3.596691927560235 0
3.76142155623728 4.188778355822558 0
-0.6484049715295258 -3.728786922154436 0
-0.6308216760402556 4.211599287709046 0
4.198122079352673 3.589382839451133 0
4.122955512778124 3.419879811576118 0
3.938532789641864 3.400246079817374 0
4.047752312313209 3.250353014226063 0
4.235347586581407 -1.101721300285281 0
4.275850426260477 -0.6117668730213899 0
-4.201440785520976 1.734548671420605 0
-4.277118620389624 1.565265659494545 0
-0.3101566693245791 3.759929547698352 0
-3.989293981900207 4.181926828481791 0
-4.173629169284556 4.162644787988515 0
1.228775310997145 -3.536395322114164 0
-0.6952841956299893 -4.219325571742451 0
-4.237269186767404 -4.254346193695325 0
-0.8658572930649653 3.697072954916053 0
4.232179659373661 3.270008555984147 0
4.156990290261646 3.100469300652604 0
-2.097589185194966 -4.19903898955466 0
-2.282379713154699 -4.217721408146141 0
-3.933632293366696 -3.577897788438835 0
-4.042126303347897 -3.427566480542239 0
-4.226571237652589 -3.446353379725896 0
-4.150690294405091 -3.277234670970844 0
-4.249154120438891 3.993356265877445 0
-0.2610927796589793 4.250102497028668 0
-3.435927238769874 4.239950360307945 0
-3.251510613714559 4.259257812520062 0
4.295118407227658 1.818309452654563 0
-4.286199936062838 0.7549757332530858 0
4.273269832987546 3.758846309846771 0
3.549435440808183 -4.249865597295435 0
3.365140542964794 -4.269946801725307 0
-3.740991116663276 0.002504069667939766 0
0.5449810591100098 3.692804287892299 0
3.727520086631976 0.1384534949294534 0
-3.880678157937851 -2.277659513628703 0
-3.956724792596977 -2.447139659311864 0
-4.065465918260777 -2.296600611858458 0
-4.141474713163496 -2.465983810456896 0
-4.032784885747816 -2.616525589178123 0
-4.217300189302339 -2.635819898144576 0
-4.250159978678017 -2.31547403231227 0
-1.543075617107657 -4.143106879620081 0
-1.434541282623639 -4.293753500483346 0
-1.619190563790199 -4.312409186170291 0
4.076410422462139 2.118464082751975 0
4.261014627657447 2.138135827251824 0
4.151723222742215 2.288168110074422 0
3.929526999333018 -2.591818853090614 0
4.039156362563251 -2.741590075452459 0
4.11406094153962 -2.571808710224032 0
4.223645269159103 -2.721543250909417 0
4.148779866818924 -2.891303173960589 0
-4.272592179603035 -1.184914893173603 0
-4.348561410360499 -1.354348503293075 0
4.033008517248586 -3.551157248382254 0
4.217325289631681 -3.531147458769431 0
-3.922517580217616 3.543102082179526 0
-4.10699727230017 3.523842945500029 0
3.535738516913451 3.680311602305554 0
-2.781550844997272 3.338781619938278 0
-3.998102472141747 3.373758455028852 0
-4.182506019528498 3.354478767831694 0
-4.073624287929416 3.204381831640744 0
-4.25804634350806 3.1851073265 0
-4.291480368778609 3.50454048141822 0
-4.149190898048927 3.035014562096432 0
-3.500112507421145 -1.42938864576745 0
-2.596738533922243 3.358120650765815 0
-2.672422624885569 3.18832315659615 0
-2.487509705618947 3.207726353949572 0
-2.563224959218208 3.037817776963394 0
-2.378140604685556 3.057243924141761 0
-2.453919443981021 2.887276346197197 0
-2.639006669277805 2.86790600827932 0
-2.529694777936077 2.717292839791902 0
-2.714818885838882 2.697939753843122 0
2.89144432852609 -3.351674362300904 0
-3.249582240102921 -2.051320618259456 0
3.265688589236229 -2.50212973907926 0
3.155823038178003 -2.352093737215039 0
3.080777263406545 -2.522310412147792 0
2.970844296399881 -2.372198779352232 0
2.895791336807535 -2.542474618090892 0
3.045950356660449 -2.201873922201518 0
-3.613532832844544 1.472489881638207 0
-3.504271122561911 1.321971841832652 0
-3.428494692658833 1.491893063407348 0
3.605952475493929 -1.331956100951829 0
3.496087158153555 -1.181794790593631 0
3.420961325945606 -1.352111513030546 0
-3.966473394049523 -3.258016685027059 0
3.863294482016216 3.230691095637544 0
0.1086077226320717 4.288865501707105 0
0.293292411639164 4.308261396299706 0
4.298540951168921 -2.551782429987191 0
2.860857264155256 -2.222013266334283 0
4.286637529767612 -4.169518604011019 0
2.914140770917485 4.260572738387754 0
2.729681242534622 4.241000836456083 0
4.288307706383578 1.008140591871202 0
-3.665059893263282 0.1723220694341169 0
4.2819038442144 0.1982035387439459 0
-3.021668185236955 -4.292335361354152 0
-2.836967194222616 -4.273599257094781 0
-4.295610820183118 -0.05488909779723451 0
4.326796614362682 -3.68073692502134 0
-4.361920547176269 0.5854795814676543 0
4.357015561185582 0.368048934634188 0
4.336278533282432 2.307811338488155 0
4.226775412007273 2.458528568219551 0
-2.268815187263086 2.906651803341633 0
-2.193016500303038 3.076691529568564 0
-4.333599745829268 3.015723375816301 0
-4.224771567409046 2.865650803865671 0
-3.173360788863699 -1.881569989182798 0
-3.064380331801527 -2.032445327498293 0
-2.738068165335609 -2.48479747927609 0
-2.629123096910336 -2.635725036045225 0
-4.098114651490306 4.331955576709985 0
-3.913678447049751 4.351317991147856 0
-4.282450274009793 4.312641888967109 0
-4.128845756895059 -4.404614412827106 0
-3.944492537129494 -4.385860989622104 0
4.333203319387934 -2.871249489685559 0
3.652310720187905 -0.03167004873696447 0
4.363495097007329 1.17793784271136 0
2.016705630442983 3.032747527680859 0
2.201808286178542 3.052398515322423 0
2.133677272429059 2.887640007503791 0
2.31266848906 2.902785473936334 0
-0.1724468489764512 -3.843247643490215 0
-0.2810633306160313 -3.692304398304856 0
-0.2166563481940131 -4.33286674090556 0
-0.03188473160356652 -4.314301188953511 0
0.04691454097688672 -4.145402747878345 0
0.153223455201679 -4.296266786164158 0
-2.608747864677206 2.548731663145208 0
-2.791199091464165 2.528155130156485 0
-2.405790146546038 2.546233732650872 0
4.211888124033758 -4.339049781093117 0
4.027701352700017 -4.359101193910351 0
-4.335101746163346 -3.296024144511559 0
-2.694315142819432 2.383030270561174 0
-2.868759218940071 2.358865146360489 0
-2.768784957033923 2.212347753660937 0
-2.944663389553663 2.188819112855825 0
2.06594600253509 4.332717201743339 0
1.88142349149888 4.313211353678608 0
2.250464109623772 4.352241013697348 0
4.401609139307677 -3.51114999385895 0
-4.345704494160411 -4.104078798789708 0
4.341393272501993 3.120131967704418 0
2.2447066797131 2.738141425311629 0
2.422756640509148 2.752561321503968 0
-3.427149872103812 -1.261890541957179 0
-1.511446652973559 -4.455502239780255 0
0.184044528926993 4.458438026795428 0
-4.371446339298051 -0.2243938575219764 0
3.439341890521947 1.078985001816025 0
4.266327853906186 2.950677460893205 0
-4.259239397211287 -3.126892686335832 0
1.831572284992012 3.013139697984364 0
1.722169081590894 3.163650618306349 0
-4.3131888628317 -4.423365433209198 0
4.107980727145121 -3.381325377344606 0
-3.456043992784195 -3.690390033029067 0
3.255578537424573 -4.120377189846979 0
3.18081216799118 -4.290068294771561 0
-2.760929719796026 -4.104312757258107 0
-3.142550219393825 4.10918731520071 0
-3.067065375066623 4.278587446017784 0
4.082229049907263 2.930408417222946 0
-3.319663328349618 -1.413809922949854 0
4.382471318666925 3.608991937033924 0
-1.326232831729118 -4.443092575011264 0
-2.091726238269159 2.929644178409467 0
-2.009226684560164 3.096733446528115 0
-1.895059571329947 2.934054794104334 0
-1.823124391964693 3.12098073238564 0
-4.409142149748831 2.846343873550045 0
-4.300322230234207 2.696278466772997 0
4.410900050011738 2.478899207881136 0
2.93598606810594 -2.051654490582652 0
3.121105135789943 -2.031526581982298 0
3.011146551650949 -1.881287178216522 0
-2.173709205278483 -4.368289825291486 0
-2.358440428671021 -4.386953040840107 0
-3.326871629866004 1.344697937244335 0
-3.400850483284499 1.173979191607506 0
-3.252346632057137 1.515291868305689 0
-4.38611014980852 1.715212035003473 0
-4.46233415609101 1.546720504847066 0
-4.411017501770443 -3.465161719130301 0
-3.3604570937483 4.409291900161429 0
3.329632558792982 1.229369753706095 0
4.396070927593687 -4.319008046294614 0
-3.555898804694569 0.02163433957127804 0
4.445542958004456 2.157842357172645 0
-4.443642955511338 -3.145667150098213 0
2.80496992883065 4.41051461715775 0
2.989382373179881 4.430101491117318 0
0.07657397190531036 -4.465017991220395 0
0.2666777968409738 -4.45035603687038 0
4.45757910472688 3.778446434589573 0
4.450628103455765 2.970257925965123 0
3.542509667938122 0.1185443219136315 0
3.305115083283964 -1.201730771248192 0
3.3852173053696 -1.031491852585892 0
3.229635028643713 -1.372811214743306 0
3.47468470811258 -4.419479294598594 0
-0.09205960264521658 -3.674057517000173 0
1.956633139418378 4.487123105729506 0
1.772102917093135 4.468368248956237 0
0.7486668332312026 -3.422074329820838 0
-0.204835508149032 -3.518171167253581 0
-4.470856516258365 0.735760500572709 0
0.3687548502341457 4.477773226363437 0
4.470818973383176 -4.149504921431761 0
-4.442469562721566 3.165825897723582 0
-1.696166060162611 -4.472929054109843 0
0.3386193527203931 -4.27862486919132 0
0.4459604491037841 -4.427998153822895 0
-2.552841681234492 -2.465851818642385 0
-2.443891107368326 -2.616851264476688 0
-2.520182699131393 -2.786719197206465 0
-2.334952611909453 -2.767875682320554 0
-2.661783767176257 -2.314998662726846 0
-2.411441455798784 -2.937663865886062 0
-2.226074882456436 -2.918874041972385 0
-2.912966307096151 -4.44285713536979 0
-3.097605585152561 -4.461522973875742 0
-4.484944505640478 2.676792495240012 0
-4.37609754327816 2.52663645912039 0
-3.484231616794898 0.1934802529893507 0
-2.263185371770897 -2.603296258653159 0
-4.480323835289346 -0.07404741323917773 0
-2.837309018688215 2.038991085986952 0
-3.019345726526416 2.018623350078657 0
-4.457282981107558 -1.203904014293012 0
-4.53316975682067 -1.373258245979573 0
-4.424466506602762 -1.523976412426016 0
4.466517638810281 0.2181422818468869 0
4.541554579614058 0.3878962713933134 0
-4.206970556534019 4.481935712069752 0
-4.391270641146049 4.462580911934365 0
-4.466717224745807 4.293386475638281 0
4.258379801794566 -3.041064344868972 0
4.442742975300103 -3.021018003210576 0
-4.367814640846672 -2.976572085221214 0
-4.183763605861754 -2.957108850881303 0
-2.727837245957001 -4.424309297591845 0
2.620333933661193 4.39100986656619 0
2.544671548407969 4.221613198923858 0
-4.040554072431362 2.884623798039035 0
-3.12775979031906 2.168539130381972 0
-4.174179156524504 -2.146137894675035 0
-4.35881221067519 -2.165043991636972 0
-4.434758304639841 -2.334323999904059 0
-0.4013829683933051 -4.351451384816485 0
-0.294982573804477 -4.504766733722471 0
4.391477394011351 0.04833210816244557 0
0.9571053060249592 4.216168785243369 0
0.8479262613872642 4.366352905377769 0
1.03252812015611 4.385799016608475 0
-4.310494534817367 1.885025529327579 0
-4.494813919176347 1.865631380947373 0
-4.419539542897016 2.034851033162604 0
2.284438871382733 4.032525133772682 0
-4.395197386243787 0.9052389725209598 0
-4.579765587956779 0.8860075418001415 0
-4.504240039175306 1.056317948756724 0
-4.404515686822767 0.09576387922533036 0
-3.544820807632421 4.389999545697851 0
3.658994178362177 -4.39937307175482 0
4.073779143809752 -3.061284893960693 0
-0.0008349208258418839 4.439073432175338 0
3.923496508981035 -3.401501924256638 0
-4.282879234847618 -1.995711317629521 0
-4.467459310418718 -2.014618293905206 0
4.310331376341291 -0.9318449790452817 0
4.419961648614693 -1.081722589986664 0
4.494891700258711 -0.911945074822508 0
4.344986584209027 -1.251526857905082 0
-4.381387092945658 -1.034498356415507 0
-3.813738191845272 3.392931198388854 0
4.21987044615026 1.648252300218456 0
4.404522901445573 1.668282513671804 0
4.188970080335943 -2.402055125577536 0
4.373410001485541 -2.382052210091022 0
-4.243894677756434 1.245566215898325 0
4.432106784983859 0.537963711925059 0
4.042403949862967 2.438307464290224 0
-2.391068450626631 -4.066975214161005 0
4.416560790978928 3.289633487600655 0
4.348441744220369 3.92824606452066 0
1.696887139799399 4.294580439567265 0
1.587480494705214 4.444844452143133 0
-2.899958093370335 2.678608023877096 0
3.071255755806722 -4.140481376863298 0
2.996465974374552 -4.310191978748084 0
0.02122476715144009 -3.824700544859045 0
-1.93258487534636 3.267151897640924 0
3.227375373495235 2.190242785047744 0
3.151896676479897 2.020171492249862 0
3.049811200457809 2.17572422269871 0
3.261500494417911 1.869769859322843 0
3.076393858772295 1.850017333085987 0
3.186058883432774 1.699594318568144 0
2.387172384472476 3.072141935354844 0
-2.302511048251662 -3.088610290427226 0
-2.117171991231719 -3.069858786523143 0
-2.040829464052468 -2.900063718766181 0
-1.931914544002892 -3.051069437010107 0
-1.863765775517692 -2.88713653921683 0
-1.748612994109488 -3.032984179800774 0
4.263886946471974 -2.232332419272774 0
4.448291491936891 -2.212327939954164 0
4.338773671638352 -2.062609018294924 0
3.617852306195698 0.2885296072781053 0
-3.632322104238997 -0.144220716642721 0
-3.589893927190338 0.3424261127055144 0
-0.942149060071116 -3.595533168436703 0
-1.052743138270284 -3.446014179568653 0
-0.8633938858339737 -3.418175241642393 0
3.549042315765407 0.9287282493580623 0
-3.533511285330149 -1.109230423107979 0
3.00572690885942 -2.692529606724102 0
2.820755601176586 -2.712766835689941 0
2.71080579407274 -2.56264337260269 0
2.635773123327498 -2.732953333675659 0
2.745740484987587 -2.883067330869536 0
2.560761157283975 -2.903280774749549 0
2.450750108526992 -2.753144583019794 0
2.375735310329154 -2.923518175907359 0
2.2656764722753 -2.773354493454634 0
2.190681629257348 -2.943760379497377 0
2.34070591756937 -2.602981914756047 0
-2.564875543248559 -3.276348864189581 0
-2.169431498345745 2.766848489732726 0
3.754085656911232 3.38061447341648 0
-1.238122855596196 -3.464990910706638 0
-1.161819009244415 -3.295214762984916 0
-1.347050504692088 -3.314010226243665 0
3.196226786890709 -1.861442349630852 0
-0.3885272587954356 -3.541170617010192 0
2.886896675585443 -4.160619819244996 0
2.812102936512281 -4.330299614560762 0
2.702512407498316 -4.180710906306922 0
2.627712812950522 -4.350411570743547 0
-3.354536183884491 1.662275507884533 0
2.3006275971792 -3.09384367173923 0
3.678864398586787 3.210992614360463 0
3.788071604390711 3.061043581403217 0
3.569741036285853 3.360783719266122 0
3.405149317338058 1.399401845844985 0
2.51811494608588 -4.200845558530147 0
2.443301709931305 -4.370530717289537 0
2.333696730195927 -4.220952803711521 0
2.258875948717016 -4.390645834523853 0
3.220020679062721 1.379652364323493 0
-4.191573382917975 2.546022197262111 0
-4.26706864999694 2.376702695812109 0
-4.452076177469758 2.356459853087494 0
2.149267946865071 -4.241092114239467 0
2.074436609864464 -4.410764049403308 0
1.964824842056405 -4.261203799960057 0
1.889989184069619 -4.430877732880822 0
-1.747261355054788 3.286615291447273 0
-1.637537787234732 3.135050162316561 0
-1.56198732852295 3.305173813874041 0
2.921682816219069 -4.479892414673619 0
1.780377638970333 -4.281345647668715 0
1.706251990448147 -4.457524097055066 0
1.596040478611659 -4.302547309762993 0
1.521916546809248 -4.478906838758068 0
3.345230483274176 -1.522208894342191 0
3.086367754234237 -1.71136346310186 0
1.41162340153677 -4.323084069266327 0
1.336777891309801 -4.492769088976594 0
1.227018813792349 -4.341870398235274 0
2.6711699416388 -3.053106751552708 0
-2.008893902216457 -3.220799137626914 0
2.856083610356567 -3.032871325591854 0
4.13628056125933 -4.51134429041248 0
2.115954965700654 -3.11393965326231 0
2.005652719354839 -2.963987596352887 0
1.931356329780058 -3.134006359277903 0
1.820636879199797 -2.984200357703789 0
-3.203520025013366 1.999634032422234 0
1.746526172724993 -3.154272562973554 0
-3.175750729576488 1.684153500917208 0
0.190754648938924 -4.619850462239153 0
-4.021128301227032 -4.554576711692162 0
4.479666069999556 1.838042235875018 0
4.588980918968637 1.688020044694985 0
4.513864172708305 1.518430121603205 0
2.349631670283062 2.584151871568434 0
2.531677341060614 2.601485034146332 0
1.64637646542104 2.99353068829606 0
1.547853602505813 3.141448268966764 0
-0.4787640813746168 -4.519834174862215 0
4.520842922217664 -2.044313734190855 0
4.413298109772525 -1.89321564354867 0
4.472816869736743 1.02801381379468 0
4.481824327922251 -2.531272721628235 0
1.152024809675904 -4.510070465314618 0
1.042524241686603 -4.361678062145156 0
0.9677000814899178 -4.531415534118114 0
0.8580560397650243 -4.381720329247836 0
0.7811847352999195 -4.559604406338507 0
3.952986553199353 -4.528627487162685 0
2.75640905126382 -2.074238142857696 0
2.676663025290968 -2.242582626767154 0
3.201068307419245 -1.051609447082202 0
1.628215187849064 -3.00819328525118 0
1.555391233492501 -3.182720650481778 0
-1.45234253711287 3.154505911067177 0
-1.376817472502787 3.324472170967135 0
-1.267368834806289 3.176020875530895 0
-1.191359617577773 3.344122171383669 0
-3.319358695377158 -1.088175354932623 0
-3.452234283338831 -0.9387241212028268 0
-3.837059299020393 -4.534127056367808 0
2.156458233006179 -2.623531699230327 0
-2.985193363304184 -1.862267821329123 0
-3.096680695493039 -1.711702270721995 0
-2.875901170179869 -2.013931840461252 0
-4.559199893985685 -1.056553696014235 0
-4.489021425119212 -0.8847045967554439 0
3.363980068381397 0.9087756382918 0
3.473722162686616 0.7584477184694411 0
-2.640332672711392 2.063263621793585 0
0.5281574644825102 -4.25678973938151 0
2.696183400223516 4.55672765610388 0
2.511485042749216 4.537043472514981 0
2.147202315427777 2.572320341705305 0
2.552766128063589 -4.51888410680907 0
4.508171213825315 -3.662821529070643 0
4.550242011975183 1.198201072337761 0
4.514075038937797 -2.849649331542715 0
4.529487505976109 -1.231546747163939 0
4.453175559082363 -1.400662489708759 0
-0.01609873823061195 -3.495155157837926 0
-4.543389469542323 0.5648968067961772 0
4.565667900709103 3.629131718430265 0
1.263201140680973 -4.661633484676174 0
3.585591207945211 -4.564514521155697 0
4.575469525691451 -3.501377013790655 0
-2.250234055907619 -4.534437043920475 0
-2.065239017533575 -4.515408557359462 0
-3.39051651272216 0.05168699555663814 0
0.2533999443268449 4.637000119138929 0
0.9238829299747593 4.531345390222229 0
0.7387357019326961 4.515745478193528 0
1.108487639647378 4.550034832667688 0
1.217134379805184 4.4044045081689 0
2.458737714197151 2.433185083487565 0
2.641105527805098 2.450767428699925 0
2.573081219334723 2.301366809582901 0
2.716013095946726 2.620515197438761 0
2.825479821285403 2.470025157006867 0
4.375512870200149 2.800788443178188 0
4.11756122613294 2.608398181166543 0
-2.927817474826437 1.866753915880754 0
-4.391577696508039 -1.844964451803442 0
4.475026950304558 -3.342891835053718 0
3.933150056882272 2.588355807328827 0
-4.437125906036046 0.4158130831914397 0
-4.618445052426214 0.3952169266169654 0
-1.804077367990026 -4.329608212511761 0
4.397737746588421 0.8581008883547 0
4.573280775059643 0.8821142529688788 0
4.254079886440218 1.327971933716001 0
0.4779342086504599 4.327641276904368 0
1.511637753097437 4.274732731676966 0
-2.958090097084675 4.128516324752914 0
-2.882612981859748 4.297937411294056 0
-2.991448214669049 4.446571037945105 0
-2.807125730063841 4.467095369104991 0
-2.698177537949356 4.317305379600828 0
-2.622708539445952 4.486656291923137 0
-2.513740215253595 4.336689592817762 0
-2.438275785791843 4.506064641323841 0
-2.329295852093926 4.356092203244339 0
-2.253504848946842 4.522379239259455 0
-2.144784625071058 4.374948821847554 0
-2.068911946501391 4.540491311615137 0
-1.960292418169642 4.394049084813409 0
-4.131068670957907 -1.655819037150913 0
-3.760299198211123 -4.366782374126055 0
-3.6519498839652 -4.516731898874065 0
3.603728428070417 3.040970048031941 0
4.435738064698999 -3.830704975834133 0
-2.596862261776534 -2.956318010255682 0
3.145901017063354 -3.970788222958356 0
-3.033534473720681 3.959073460243094 0
4.527914888127432 3.944337131672038 0
4.422814555419192 4.097014963016123 0
-4.082901685532375 2.395321647547644 0
1.11617320563348 -4.192333236404479 0
3.471800048549476 -0.04838231216442643 0
3.577908206887757 -0.2012828289043866 0
3.30601672330518 -2.011673897922279 0
1.688638996672693 3.484009781860128 0
1.505287843283454 3.46556912845741 0
-2.890592971051677 -2.824220057229647 0
-3.65588392113492 0.9824701031853424 0
-3.546642220657642 0.8319247259387803 0
-3.140737042374884 -2.202172061831378 0
3.371150394899603 1.719442465304151 0
-2.857264084032866 3.169044289646547 0
-2.411842606830175 3.377559310442124 0
-3.392040448239173 -1.58070030676856 0
-3.468882777543739 4.55470115357201 0
-3.653135521747914 4.534636581390508 0
-3.622493572454184 0.6621389594781599 0
-3.430868072831097 0.6792616807036432 0
-3.363000979349831 0.8541707087390141 0
-3.241989383026568 0.7242899947759378 0
-3.31234013091653 2.15040579812614 0
-1.856607894335632 3.43624026702977 0
2.900497572391806 2.640773069220816 0
4.591993846303696 4.101758482124745 0
4.49483977082331 4.263437268027425 0
4.313753379082931 4.246664923404125 0
4.388895599556953 4.415974204277 0
4.205209346944025 4.39685529714393 0
-1.270377123101309 -3.147507842662534 0
2.226547717784231 -3.263606095143603 0
-4.677520104109504 -0.9051585339184586 0
3.004559350298884 1.682610464250883 0
-4.607277851748837 -1.541321549565743 0
-1.402129215176295 -4.588978603475096 0
-1.455028498953407 -3.167120736486491 0
-1.531546069376333 -3.33390163286461 0
-1.889434831975249 4.55462265533497 0
-1.77643567354287 4.412949810866349 0
-4.546447659569127 -2.990064149808884 0
-4.475708500886085 -2.823719603485897 0
2.183512647513941 -4.555512147851873 0
4.56607373765966 4.432826586124625 0
2.583171522293998 -2.085557244403495 0
-2.435162900894236 -4.549233302650347 0
4.552148157095042 2.816445523837303 0
-1.70428848238307 4.576894244651509 0
-1.591427336804996 4.433449069292057 0
-1.514488344799086 4.600826735581822 0
-1.406732556918183 4.452607378713089 0
-3.226082145476774 1.225045212334652 0
3.405107544153406 -0.2114692872429749 0
3.504299540264315 -0.370209686015749 0
3.304287684114617 -0.3851613381884673 0
3.429747663247875 -0.5425420562730703 0
-1.684982491213299 -2.850016564953731 0
-4.569782205300424 4.447464580059474 0
-4.54947389262341 -0.2387007051393411 0
-4.446158362975345 -0.3932724160118811 0
-4.5887526031629 -0.7303432843817119 0
-4.412414662675697 -0.7140444938470418 0
1.293924772423827 4.565466150392662 0
-1.085438759412093 3.186513502352086 0
-1.01519458094999 3.361308656768089 0
3.364037516460614 0.1017347002214783 0
2.896180955635171 1.828311357691505 0
-4.655232869964905 -0.3937839598383841 0
3.283846846440795 -0.884835369677179 0
3.462633846801042 -0.8622539888927603 0
4.28122350912116 4.558873899848559 0
4.09686196885616 4.54175291536361 0
4.021194279866853 4.376657409318923 0
3.912695358751284 4.520675151250031 0
-4.50588225842742 4.600144791249189 0
0.7959485986588796 4.68223946759578 0
2.909412382151769 -1.734691274358845 0
2.977692539843532 -1.563072804853468 0
-3.264361581611111 -0.8823864610514405 0
-3.385783736843519 -0.7655683478612305 0
-3.565715884555674 -0.7910153978368468 0
-3.510869048726673 -0.6280959248701254 0
-4.568279817896378 -1.856990261197188 0
-3.283029490839857 4.568183807228521 0
3.402885783717386 -4.577889453131172 0
4.62049599460497 -3.810248307394948 0
-3.063447629397815 1.536459390572403 0
-0.3134283325846438 -3.371558894932551 0
-0.494076169321192 -3.399204891166208 0
-3.410642899013385 0.3561753581072428 0
1.815190639997075 -4.600623508725657 0
-4.687708266739406 4.579086081334975 0
-1.218206495132461 -4.582921073116586 0
-1.141652973310344 -4.423525452824743 0
-1.033576724738035 -4.567876301778967 0
-0.9570741436064055 -4.405372626615629 0
-0.8486545524505351 -4.549636564212214 0
4.652973159671042 -2.992962005424587 0
-1.092054044136236 -3.134119747642282 0
4.566720787004164 0.07238863626183201 0
4.499469024549708 -0.1007318601208053 0
4.586170628850861 -1.875736303414511 0
4.484054034509088 -1.723258689829398 0
4.572862659681485 -4.296306471141341 0
4.503773206562433 -4.468390205333273 0
4.696492217206142 -0.05771636138290682 0
4.608618102683073 -0.2469283608906505 0
-4.591497992136509 2.025781227869959 0
-2.989179356118982 -4.611863142645825 0
-4.664869716423228 -0.09318925218454435 0
1.714745263704659 -2.846073139067711 0
-1.325480085155848 4.662291676876745 0
-1.221478928302705 4.47898777913817 0
-1.297961911661598 4.302698341631493 0
2.502651456199188 -2.260728566092018 0
-4.582968949184318 2.82231683957553 0
1.669633261842519 4.630069292301274 0
-2.731708111421277 4.636709663359238 0
1.749327614233529 2.851085855431802 0
0.6106024512696893 4.670755655107445 0
1.519845697433718 -2.870387470129748 0
4.607137253356501 0.5527045077239349 0
4.711432357139281 0.4092714766678094 0
-1.157630112250843 3.023211298079083 0
-2.892034755919218 -1.689650431254765 0
-3.019586308484214 -1.549038216842989 0
4.668944761644739 -4.113807052525343 0
2.239250873908336 -2.427363039976258 0
1.570656459594435 2.823266232437895 0
3.075054541631817 -0.871332858293222 0
4.171542196818223 4.716129922358064 0
-4.675462664393176 2.643304499381562 0
-2.326466801922342 -4.708001339971372 0
-1.464846359449957 4.788045485475799 0
2.815605568913703 1.660026881345072 0
-0.0003980870282526193 -4.635915726280997 0
0.1218184780450453 -4.820374692594964 0
-4.712668369897043 -1.384156415061842 0
-4.688675974667637 1.036208744327619 0
-4.620501695303829 1.211481952328395 0
-4.726224391469832 1.380704053092692 0
-4.753598643075625 0.861753772417484 0
-4.654152053845144 -3.152763279680235 0
-1.199546533402396 -2.9511201671051 0
-3.172123672128436 -4.644515182290888 0
-3.281812293610673 -4.482608194210892 0
-3.357883196731509 -4.658872997891725 0
3.117643223615661 1.192249160675671 0
4.632684813699339 -2.192287245539927 0
3.019253363526057 1.38415423057085 0
-1.147035307622287 4.641597321948207 0
-1.03791307782027 4.493045082526667 0
-0.9578063680951292 4.662258621483451 0
-0.8521347499716951 4.510577535319371 0
-2.370432776144487 4.674086091715275 0
4.657809511456107 2.974155268846411 0
-2.480671969113525 -2.298916208455479 0
-2.585580741770779 -2.144841191948123 0
2.804146728583936 -1.592696241669336 0
4.787482668754188 -0.2151383056340282 0
2.054996373226424 -2.46882273514555 0
-4.678885039773998 4.277251960472604 0
-4.546825698006884 4.124726399647256 0
-4.716046460290248 4.065191421212765 0
-4.602678679009076 3.939884021757321 0
-4.669081075663322 -2.02772170854983 0
3.288569835412106 0.7385007357662752 0
3.399018290604334 0.5891207295584823 0
3.58358148177648 0.6086173493534431 0
3.185301696060833 0.8824072138605656 0
0.6529761163162706 -4.410758700319874 0
0.5941234387313989 -4.58011756372078 0
0.7258210826094074 -4.726566810337621 0
0.3972078364535145 -4.630531658604299 0
0.7279474983067458 -4.235506240524572 0
-1.974060870757084 -2.739675145835893 0
0.4226356586408264 -4.105534452188857 0
-0.1916763244032231 -4.664796212608929 0
0.1520567921424319 3.156368310726666 0
0.05810197891277297 3.320444131278079 0
-0.1363189511500447 3.323322715416643 0
-0.03649160339691159 3.480095014449966 0
0.1506126833523261 3.478339003837308 0
-0.2235075245480953 3.48584568279104 0
0.02452892732348159 3.632680955414847 0
-0.3210807431201207 3.332324525654471 0
-0.4097688713828725 3.488068913738144 0
-0.5072801688907354 3.33771249788604 0
-0.5939183564820196 3.509589081352134 0
-0.6812617415624889 3.359714991249865 0
-0.4656801131468871 3.648074787447005 0
-0.7818870277962743 3.507014665571932 0
0.2503120458667035 3.312880372346538 0
0.4443016516855753 3.307322716209929 0
0.3453700063522141 3.49217700636975 0
0.5442295874850417 3.461696540031597 0
0.6384505723018989 3.317763466151027 0
0.7338346577834609 3.467269270970981 0
0.8280065164818914 3.333178378485472 0
0.917742224377873 3.477626208427175 0
1.011704958004751 3.334106405076317 0
0.9247938607623121 3.170393049628825 0
1.121383032392419 3.193582820288894 0
1.202991605086375 3.353852963346468 0
1.28491745433694 3.198516036641324 0
-0.2624030704791696 -3.175341195340025 0
-3.131767891633378 -0.3892735486013461 0
-3.325203547528285 -0.2898609720337195 0
-3.264117848943346 -0.5064057681367836 0
3.116079512559666 0.483752671988584 0
3.303301071427921 0.4138354786462731 0
-0.6428228473580893 -3.0864917073132 0
-0.7894380369486486 -3.229076570219986 0
-0.6375087298781948 3.086770465316365 0
-3.078264092158574 -0.8053639167497667 0
-2.930479406343339 1.150948147535692 0
-3.036980699267562 1.314560235993764 0
-2.94136390941709 -1.155192108437701 0
-3.056426881655681 -1.289059993223352 0
-3.139068066595998 -1.138119659622099 0
-2.814266161075388 -1.501526872779843 0
-2.76312198241636 1.50706163456403 0
-3.139827160821861 0.002664650745326516 0
-3.155918260817126 0.2071873100196158 0
3.121637068607953 -0.4775513067882224 0
0.9136792526121769 -3.024762955232054 0
0.854469875238976 -3.246130523533339 0
1.040048019280307 -3.16696645597967 0
1.009922383947757 -3.35376896682469 0
1.175482241224783 -3.290848159871813 0
1.230572203643016 -3.1019456764982 0
1.362645053832077 -3.229073860031067 0
1.097798757517836 2.934995857318859 0
-1.545316570146567 2.761339641623062 0
-1.71267092898858 2.662784430741794 0
-1.877090412746154 2.73425894646817 0
-1.713293567296168 2.841568121162429 0
1.959322223757812 2.479434368109295 0
1.971572434053053 2.664862422521672 0
2.107712198620479 2.359213997240033 0
-2.561168259474434 1.857674042492008 0
-2.578540497443797 -1.836396655520386 0
2.520181443140047 1.915701879670659 0
2.403245250529023 2.075857557671269 0
2.691510412767342 1.930006478594552 0
-2.182199301556683 2.284596350916793 0
-2.362773296304327 2.335321622660334 0
-2.211781719832044 2.470899477493527 0
-2.030902371919887 2.423695187052333 0
-2.174579314425812 -2.274484185042388 0
-2.041319415073211 -2.411961926407003 0
-1.701844384774084 -2.655577374287972 0
-1.541177688643111 2.965289036795684 0
-2.444426233137374 2.009507769756328 0
4.698282217040621 1.538167995131888 0
4.779951930452644 1.687843177630509 0
-2.484765470750607 2.20186555718164 0
-4.815264878993685 -1.561434126397695 0
-3.062325796156528 0.7819392772248114 0
-2.785221532008074 -1.841826405659583 0
1.2001221587247 4.72344957841022 0
2.987411104205571 -1.066635983895767 0
3.099121179311199 -1.221534849432261 0
-3.44099565057633 -0.4584719437676973 0
-3.626171368883973 -0.4878683810946497 0
-3.436201351082778 -4.833592869897366 0
4.636865629997638 -1.387085323435171 0
4.71594812512409 -1.217914719277962 0
4.735302975108269 -1.557521318830749 0
0.06108796074029141 -3.320737987914143 0
-2.46619187682822 -2.010412393048747 0
2.598224216334513 2.060790994160305 0
2.788362853737319 2.095635609086605 0
1.106451563263229 -2.960118798363529 0
1.433772026014928 -3.046552621293872 0
0.5636568947685694 3.135201915023904 0
0.5423486871736071 -3.112629091330457 0
3.17151984982723 0.0952246068252922 0
4.674279323368953 -3.335328471265225 0
-0.2413136818185521 3.154579985187688 0
3.132218977218337 -0.2883853349704343 0
-3.542749417304292 -4.672476127565149 0
0.1753544518570263 -3.476320074941301 0
0.1100179431046228 -3.655794888835099 0
0.2194641916492247 -3.80250979431146 0
0.1320563126110157 -3.973792702971283 0
-3.396920990185682 4.723821700102186 0
-4.523751703155008 2.18928414356956 0
-4.342671560294693 2.206657207136742 0
-4.627681606596677 2.336334199912137 0
4.482840729608228 2.64978405786596 0
4.007638050798595 2.759673434967514 0
1.48349357804071 4.590797552090668 0
-4.497932729141912 -1.691707191039017 0
-4.108832803564977 -2.785874022032134 0
-3.923872494232144 -2.767375000598856 0
-4.54061053360449 1.380143599943326 0
1.485835372524558 -4.152157774807527 0
4.183101699054029 -3.211376578300508 0
3.998522579495241 -3.231572082577839 0
0.4441528218224775 4.647265445453946 0
4.630160264969305 1.367584301697648 0
4.73279818062941 1.20643357117451 0
-4.521989317525958 -0.5576347756237016 0
3.713351502696382 2.890327446727276 0
-2.543148424516121 -4.404465021631903 0
-2.619841314508435 -4.567144259767032 0
-2.805225725131259 -4.58224443208942 0
-2.694312085206255 -4.733249511090649 0
-1.666890801839828 4.263974336069967 0
1.854694809051911 -4.111691376045982 0
-1.880197922230167 -4.498016463665418 0
-1.748663019426527 -4.632593738681816 0
-1.955309739815472 -4.67488689026306 0
-1.622482726447694 -4.733630583924827 0
-2.870945451452632 1.668344902036605 0
-2.651792946499165 -4.254867404791186 0
-2.57624832861504 -4.085319001528591 0
-2.685025954239771 -3.934986493369879 0
-3.46678662577796 -4.501508947378412 0
4.229266713982688 -1.912587844228231 0
4.503976865737805 0.7084350109548496 0
-4.098252877662251 -1.976783272820735 0
-4.512659985767378 0.2460608545953179 0
-4.708595126482024 0.209369305331353 0
-4.7944044363801 0.3768362627750813 0
-2.03546970762225 4.225306503585355 0
2.223727247646861 -4.071415480856665 0
-3.182290737055569 0.9152449083526611 0
-1.912716838770173 -4.180168729219148 0
1.403308397067542 4.42258507854152 0
4.552261509614393 -3.170488620863362 0
3.768725266288773 -4.547079703278467 0
3.691316583912904 -4.702546802724903 0
-4.429399521462206 1.229514303380819 0
-3.390808210301776 -4.330611031412424 0
-0.5866679649446472 -4.369860748704095 0
-0.6635994711418127 -4.534224797324578 0
3.823119785217142 2.739659655122568 0
3.889193624651277 -3.08151690855472 0
0.5505018132194869 4.497706364897052 0
0.6624121128394158 4.34695247972287 0
-3.23649646673295 2.319768788771338 0
2.592751915219411 -4.031098545081481 0
4.079418417790615 -2.252313784732059 0
-3.729095379475198 4.369791409026401 0
-3.837836412371828 4.518498981705207 0
-3.734230685032472 4.681540296667219 0
-4.022404572943008 4.49978675457842 0
-4.125155855010692 4.653347062444266 0
3.843396202228623 -4.378934979492835 0
-2.40460184444671 4.186684731005677 0
-0.7720158696141295 -4.386088743731762 0
4.385388603850228 -0.7620918972866266 0
4.569872317747892 -0.7422129810214463 0
4.680759061731523 -0.8901134034746891 0
4.721424916315618 -0.7345563671652219 0
4.668786624073124 -0.5651571099606615 0
-3.804755543639705 4.201146245345306 0
-4.234824528017273 2.055656908601972 0
3.85782739126012 2.418591285230998 0
-1.065361522678665 -4.25629837474014 0
2.393916790281463 3.882276720535642 0
2.578628925717124 3.901842954295258 0
4.425411470215756 -0.2705577632122397 0
4.535548617797208 -0.4208567393920653 0
4.350848378049739 -0.441678301666059 0
4.438704261600727 1.347692688068587 0
4.329300448090245 1.497893400512119 0
4.269755535028944 -1.421387067923272 0
4.376998887108187 -1.571276946639682 0
-4.319665875681219 1.075910352672617 0
-4.337837097607993 -0.5433443560622953 0
-0.4459879338061515 4.23100539905584 0
-0.3702784445460784 4.400297633838783 0
-0.185566949725524 4.419648622737496 0
-0.2944131043242685 4.56687477376007 0
-0.4789564976721036 4.545149913009564 0
-0.1016968301651746 4.57896098511663 0
0.08281898834579995 4.605108522806715 0
0.1506348764773581 4.778130561893105 0
-0.8164153681202653 4.192495075399911 0
-0.7413866263711736 4.361568367819123 0
-0.5553152215669447 4.380124249937766 0
-0.6652334248241809 4.528170760813086 0
-0.5736134286873582 4.690402242516034 0
-0.1098373488547037 -4.486277432281976 0
1.621148659362727 4.124336099134809 0
3.814026363725844 -3.251681764358286 0
3.739124675209854 -3.421459490890148 0
4.63901470437491 0.2453973873246442 0
-4.055019912541463 -1.486142982492873 0
-4.650338215371084 0.7111734592455341 0
-4.541910456922437 -2.1848920489657 0
-4.60119473355502 -2.362634979060426 0
-4.510703697070918 -2.503535803452455 0
-4.641861031037688 -1.222824410686412 0
4.322075873313345 0.6881528815413411 0
1.998592317579954 -4.571114900914738 0
2.113424282628255 -4.724605460094722 0
4.556500919161845 -2.36145209211115 0
4.733915018898507 -2.33874160158024 0
-4.168112786202425 1.415066170544588 0
4.194452290326343 -1.591863813874208 0
-1.651773634199607 -3.992353307540778 0
4.516723200340323 2.329441890927757 0
4.654430804682017 2.188368287925514 0
4.578470401122329 2.507033804296702 0
4.55415771240018 2.011151943105714 0
-4.56435903776438 1.695029927651717 0
1.066420364253213 4.066097988632903 0
-1.988788617354885 -4.348835635934692 0
1.447963713076036 -4.653752667039124 0
1.373372096274442 -4.824189322051976 0
1.634756753943796 -4.647277607410969 0
1.773490351454218 -4.802459974792197 0
-0.07627661576516329 4.269597728845186 0
-4.125762771395702 1.904550370155027 0
2.367846670634831 -4.534364946391866 0
2.446355070185794 -4.681390676513541 0
3.036147575039173 -3.82111391658523 0
-3.974476605040584 2.243660664403782 0
-4.581461403254972 0.0693429998939486 0
-1.186765107769117 4.152984761942925 0
2.688050014198391 3.751665030159492 0
0.587271442139687 4.177355666250369 0
-3.804605507618145 -2.108011479686374 0
4.609731859331422 -1.061748602842623 0
2.9307291093675 -2.862800635067368 0
3.040967129362194 -3.012403785374102 0
3.200896176886623 3.320715246163624 0
3.091539387835132 3.470878533793936 0
3.276093428210934 3.490703563029639 0
4.527206727804517 3.135414964887308 0
4.589650844589324 3.308063846400833 0
4.491743247805577 3.459058892340359 0
-2.549703211564078 4.656982459056362 0
2.606595983276249 2.771390931274108 0
2.496866523477747 2.921795512369783 0
2.571968574832383 3.091793886275235 0
0.4103220629266549 -3.780843251940579 0
-4.552684127633805 2.500910239134554 0
2.141257613150127 4.502964873535781 0
2.033970170569277 4.654820322513315 0
2.224710118021362 4.67041299871144 0
1.943321445300178 4.826143518428641 0
1.855732223386745 4.649366032524769 0
1.544263592631949 4.798255212652982 0
2.314403803074403 4.835010575612925 0
2.327714816712601 4.518807805156955 0
2.43520891223318 4.37133037968057 0
-3.051844487623884 2.338661600668184 0
-2.976158643775698 2.508910282285943 0
-3.084908085134886 2.659518682679639 0
-1.121037397092883 3.515023724222342 0
-4.513991813036259 2.994648393982725 0
-4.653958447512633 3.151302929425826 0
-4.551369293875528 3.315840924154799 0
2.737153064101575 -4.498544752191599 0
2.84477213129122 -4.654995447950627 0
3.032611644105914 -4.618093785254642 0
3.106243341758201 -4.457870491736674 0
3.218940543433964 -4.591551850374946 0
-3.74733152907681 2.752803094796359 0
-3.931893727731419 2.733902181371039 0
-3.671628581261579 2.922481098518677 0
-3.780527389185036 3.073084358148815 0
-3.705058170708939 3.242381913841347 0
-3.520358371694265 3.261705732379453 0
-3.444655689873487 3.431308437255153 0
-2.848961983716597 3.978428195130089 0
4.689847756908673 1.860648204105123 0
-4.519531231495509 -3.314869882569438 0
-4.584529715995377 -3.487230338492039 0
-4.485812959062075 -3.634758330392104 0
2.209174162789443 3.86272603814101 0
2.469282066422843 4.052005210381408 0
-2.117817585434687 3.246890722529768 0
-3.304192812496086 -3.351360389426524 0
-3.488970621158398 -3.370131215155161 0
-3.5975930400122 -3.219521815580643 0
-3.67344680149428 -3.389257163901924 0
-3.564941270359618 -3.539614718058172 0
-3.195436256050699 -3.502054793669722 0
2.880666996907514 4.575935504618479 0
3.065012148598596 4.595800204187954 0
3.173816740254285 4.449080994780214 0
3.249444166785586 4.614519899446175 0
3.358261221896186 4.468381060461411 0
3.433913792243485 4.633111855020714 0
3.542812563630063 4.487373462750511 0
3.283075794800486 4.299576331360961 0
-4.219788559469063 0.1149105919765972 0
4.206824656360471 0.02833754292057221 0
-2.824101058960855 2.8486017736226 0
-3.554293596129544 -2.729811345598183 0
-3.630374625501183 -2.899334230987396 0
-3.739138321416508 -2.748580044034099 0
-3.815061593439226 -2.91814152000313 0
-3.706291196203488 -3.068862519703313 0
-3.890680657860464 -3.08819344699629 0
-3.663084285168537 -2.579018860995181 0
4.367281123343493 -3.191401047906888 0
4.545573582282703 -3.980018507750896 0
-2.705494881802661 -2.805410425872558 0
-3.314804812405731 -4.160764849467573 0
-4.366968167979059 3.335163249737919 0
-4.475910412522669 3.485185531923062 0
-4.400436549505131 3.654527474141024 0
-4.660270114713967 3.465821406678151 0
-4.216025805214477 3.673913262027026 0
-4.324935005063164 3.823915655176022 0
-4.581486508535878 3.633692770518926 0
-4.750973623842802 3.615569370950881 0
3.733729098355648 -4.22980599665535 0
4.213086580158294 0.8381836875866666 0
4.307338768159314 3.439492587331056 0
-2.608547684606473 -3.765713020232591 0
-3.913427053399015 -1.957313339083366 0
-3.380160648189928 -3.520862975395732 0
-3.640707663021708 -3.709087463997662 0
3.576952780012056 4.169284706280653 0
3.65214940401406 4.33859971339416 0
1.003899726626098 -4.042477828515903 0
-4.196659475692281 -1.015421082948234 0
3.891688309112524 2.098823444488262 0
3.808563491089884 -4.060131377617979 0
-4.315604790041271 -1.675937206179505 0
3.207894164714201 4.130139611324559 0
4.251889249394494 -3.850435464575701 0
3.166828936379643 3.640726920800692 0
4.06935580932406 1.308314155957907 0
2.277316398401098 3.222453744366948 0
-1.836606612189369 -4.01098236076131 0
4.407288665484039 -2.701152835940877 0
4.576931728037835 -2.673919866619586 0
4.164091304846045 3.908701344840659 0
4.464382494629778 -0.5906273170580413 0
2.485937481104901 -3.073388750121531 0
3.779686505355864 -2.931578119185993 0
4.035153226749603 1.628521469228111 0
1.436122513828212 4.104833559300682 0
-4.140376425408586 3.843204837274104 0
3.819885118558409 -2.44194909992131 0
-3.521574285404059 -3.050035214780828 0
4.638883470090939 3.791481841009287 0
4.746030112828186 3.637981291364562 0
2.764576761177417 2.286171805476487 0
-4.328604307570389 0.2654962449816633 0
3.19070428438476 -2.672199020997837 0
-3.575788382711147 -4.348381730502289 0
-4.421617204256944 -4.273117888985562 0
-4.497494992649173 -4.442119073775139 0
-4.530035229700252 -4.122869965362871 0
-4.45407399248623 -3.953871645682632 0
-4.382227741235104 -4.582345371937322 0
-4.559602539649113 -4.595917569493404 0
-4.640584136650827 -3.969813872435625 0
-4.714335221911935 -4.141654923491751 0
-4.738691201882412 -3.80681194267239 0
-4.689017193128549 -4.445840634690203 0
-4.598041187153258 -4.282822172943027 0
-4.200308182525375 -4.567581591353528 0
-4.095084775666263 -4.709182719307423 0
-4.302308378671651 -3.615556359153219 0
-4.378123699976696 -3.78476258180249 0
2.763439719887092 3.921373232190222 0
-2.925886413053039 4.622127361330527 0
-3.064115662911311 4.748717894862527 0
-2.669839403441367 4.826961394585532 0
-4.326214244700293 -2.484717599211773 0
-4.401810788198426 -2.654404249184382 0
-4.572282704573181 -2.67883911660224 0
-4.239757986912576 -1.505284453897956 0
4.247377517366822 0.5181474766536055 0
-1.824494222633843 -3.202044183899343 0
4.320128010137884 -4.492681746583305 0
4.430126761354246 -4.640051748072266 0
4.614258173015672 -4.628808514778473 0
4.533119958810398 -4.81128947833388 0
4.242479108536537 -4.67636269454312 0
4.819297974798268 -4.675105789026833 0
-3.175793835704765 4.426898800967438 0
3.291451181329684 -4.434467697723042 0
4.464268869893221 4.576664107344778 0
4.665116348711894 4.613357771125045 0
4.539954491062631 4.755264598104693 0
4.370207976514074 1.988644009454483 0
-4.262513871054519 -0.3746815650680403 0
-2.314902415816971 -3.897684633572894 0
2.791266882514364 2.790776970296869 0
4.200688095479042 -0.7818347122581353 0
3.467614064045109 4.318824601357305 0
3.727828589832074 4.504330742381311 0
-2.194123593199149 -3.239333700410991 0
-3.553588417731178 3.581582011924606 0
-4.229369981378202 -0.6948791139380803 0
-3.075680238325826 -2.84290864305939 0
-2.467179715347113 -4.236050181849821 0
-3.538116916539547 1.642347166448179 0
1.326881380069969 4.254590795048191 0
-1.727906772341172 -4.161438112637228 0
-0.5100613230124873 -4.200686082472234 0
3.530908812118968 -1.502024436223525 0
-3.008883771371226 2.829573392115977 0
2.359760601939258 4.202147752796511 0
-4.536943529903526 4.845058002896114 0
4.839624925225101 4.537037037037038 0
0.4025074015691017 4.15798623546924 0
-4.536494279833591 -4.846725813474084 0
4.850905394044021 4.1721795039414 0
4.841485261848338 -4.169114379385578 0
-4.166666666666669 4.839624925225101 0
-4.269794741695625 -3.934991118330572 0
3.964198817273197 -2.911489594703227 0
3.571285596855759 -1.011795433145565 0
4.361413035719419 -4.00001728053119 0
-4.313177467725875 4.659338374612894 0
-3.325832331486284 -2.220993404332699 0
4.292054154797759 -3.361548715205683 0
4.144606023463434 1.478251045844384 0
4.239303245132572 4.077956904864322 0
3.230948121105661 -2.181808579329757 0
-3.6958540569355 4.051220524193863 0
3.918198212351276 -4.209611206242737 0
-4.358694630670561 4.143506239815128 0
3.720167291503553 3.699979848375462 0
3.788918400577401 4.838010575074867 0
3.425575053690288 4.847195907651866 0
4.810947270437946 -3.800315013244088 0
4.848231841769136 -3.424706529345305 0
-4.849538739173354 -3.430170790925833 0
-3.271420461386513 -3.67150415353623 0
3.240639267076975 -4.848792119571465 0
4.851495603529706 3.246085827546362 0
-2.955127430378547 -2.18336361123747 0
0.8506922609720464 -3.578085389828292 0
-2.966296092272155 3.319532634921577 0
-1.486747448426107 3.47487176432486 0
-3.868560067847323 -4.216750075549516 0
-3.75065977557455 -0.8113599071561534 0
-3.847915630200624 -2.597824681098681 0
3.768449935544271 0.6285267073717467 0
2.870370370370362 -4.839624925225104 0
3.07609475222321 -3.331747826018984 0
4.83695214073574 2.878490697928209 0
4.839384663300732 -3.058207512086579 0
4.844762390572164 -2.701173076477124 0
-4.835572660265592 -3.059145962168497 0
-4.842540557264334 -2.66241155147464 0
-4.854979778158006 -2.311984420555437 0
-4.838126768057588 3.057415691824196 0
-3.62031819835978 4.220444092692992 0
-3.03617670171974 -4.806664887854421 0
-4.433391297537436 3.974281620772168 0
4.849056469036451 -1.945070063946023 0
4.842324247254283 2.482026898515816 0
-2.773542950560468 4.147934404442015 0
3.054083213965171 4.855483052996167 0
2.683418974613972 4.84765416169251 0
-0.0626136078157456 -3.994110785512162 0
-3.206155409119037 -4.311619445497832 0
-4.815745811407567 2.322999383361908 0
-4.852413462781797 1.94250715223093 0
4.84039257473417 2.124818794373676 0
2.706762267272105 -3.372142312820203 0
-4.830814385227983 1.553091664867801 0
-4.845062486433948 -1.943265230729189 0
3.098617079364277 4.280007278339865 0
-1.934427790697987 4.847179181362383 0
4.160354101035308 -1.271593454891521 0
-4.842752226202416 -1.013916163700508 0
4.849906045379145 0.8330506584769563 0
-1.018518518518526 -4.84739614710768 0
-1.018518518518503 4.839624925225104 0
-1.386932911704119 -4.862970895007419 0
-0.6480052749900673 -4.843407382516911 0
-0.2792057887244357 -4.832394305552263 0
-0.2913108246871395 4.84967340499447 0
-4.839054355154127 -0.4722717207559025 0
3.721693700048666 -0.6717548608558866 0
-4.20695397181886 -1.826378400898352 0
-4.210487861953432 0.9247613132257788 0
4.130040232205291 4.227480818509726 0
-2.9670179622294 -2.99364424223026 0
-3.738094396816065 3.562352181838708 0
3.972608863622047 3.080670921411611 0
3.84869354177848 -3.571183774309381 0
-2.748153144633533 3.018546092526842 0
3.30291185682949 2.360219040589327 0
-1.966677282809308 3.586150743023549 0
-2.302607942472274 3.227187352398337 0
-3.989466017295257 -2.127216398266287 0
-3.217999230773693 3.939743428168963 0
-3.576421111212897 -1.599137055778634 0
3.945831202467263 4.20806007801318 0
-4.502802108598955 3.80044699707002 0
3.330307046150262 -3.950685884117499 0
1.783329267248399 -3.47297104805244 0
3.829350373164659 3.550122226728803 0
4.004485643870136 -2.4220585731269 0
3.802811189038249 0.3084274357708086 0
-3.817499091918839 -0.1663029446917805 0
-1.173578978125039 -4.10570048442089 0
3.590153802636481 1.419120926573134 0
1.730459034012433 3.973893421444517 0
2.081628289405008 -2.794050362677639 0
-4.252832573644699 0.4350298906230067 0
3.220595970408525 -3.800999344099749 0
3.4464830507682 1.889645280247752 0
1.416394623863096 -3.520935794377647 0
-3.765030283061442 1.132947868826713 0
2.785966390781782 -2.392412939411456 0
-3.80753728654801 0.6430120060339917 0
1.141915691331608 4.235389923619696 0
1.034912807363856 -3.542243241695066 0
3.871839387254668 -0.3316763214144559 0
-2.521142289707794 3.527821045895109 0
2.525783306568804 -2.582847506634102 0
3.756179457036238 -0.9917801177552446 0
3.897836476105356 2.910297242809188 0
-2.344444518721529 2.740934733339187 0
3.37561979912269 -2.651974590354724 0
-3.217031441197831 -2.371798457129526 0
-3.722828624577515 1.622824395717937 0
2.842134882967161 -1.908512082285128 0
3.715858985368397 -1.481858805561531 0
-3.10895990095094 3.789572311165048 0
3.11963033750839 2.341295026512135 0
-3.718102189428699 -1.128001549602425 0
1.949442385272614 2.846626065878769 0
-2.74969592145779 -3.295073693057499 0
2.352639419841751 3.392384615752342 0
3.967134769920235 2.26853851109422 0
-3.684139322798939 -4.198040341792035 0
3.733995328910013 0.9486891513964283 0
1.806010362858929 4.143706037230686 0
1.873478961491246 3.503569156583906 0
3.894840999512823 -2.272055227458988 0
-1.977741819421057 -3.540256033801443 0
3.836853398528135 4.356183575030026 0
1.397091852670231 3.616731601097732 0
2.960164182741817 2.011124230206273 0
-0.8327593130673985 -3.746027871079615 0
0.7297261918797397 3.714315855396605 0
3.436822207574176 0.2655714951167829 0
-1.31439021991378 -3.634688856528694 0
-3.774337469848847 0.3228966854687986 0
3.554707087735201 -3.44141805665766 0
-3.446760748620832 -0.12910628838618 0
-3.825100009376304 -3.728193677008794 0
-1.249939793291152 -4.274468648089087 0
-2.377059218564683 -2.45405352916161 0
1.446800090821945 2.968955509531883 0
3.254275209721714 1.059162235491688 0
-0.1029690320387978 3.785183506758344 0
-2.151911787952431 -2.753376154021326 0
2.46222085609502 3.242161269229394 0
-3.105484630620375 0.5858446044258818 0
-3.293076365254336 0.516855017015641 0
-0.9767358428904203 -3.27661824409814 0
-0.6850350423164725 -3.392100156413393 0
-0.7564774366308331 -3.574058846193955 0
-0.4641445686448548 -3.711390120001724 0
-1.607929839535431 -3.502992232970515 0
-3.041968439403174 3.149939574900381 0
1.898518062587062 -2.827234333517165 0
-4.304927764728209 -0.8648757599630859 0
3.55603970054665 1.739331964908756 0
3.664287829625197 -3.591149657582306 0
2.654087487313158 4.071473197934475 0
4.316316382657767 -0.1213361168745318 0
3.762237843157362 -0.1815938696420044 0
3.782279037813006 2.2489923478984 0
3.629604934995363 -3.27157761381237 0
3.300570817681139 -2.822034258303102 0
-2.924336586799257 3.808920461421271 0
-2.78198575059603 -2.974946551998249 0
-3.467548943485902 -1.749904395258234 0
3.351277458312197 3.660555314309303 0
-3.629248873111534 3.412043579271353 0
-2.499704185551145 -3.916326202899684 0
3.415803920455134 -2.161996545158774 0
4.154314361247691 -2.082334445468214 0
-2.336411574003596 3.547208519360692 0
3.64496549849194 3.530489759442987 0
-2.86960253855083 -3.953792242004005 0
2.602949706810899 -2.412335312322726 0
-2.379630360869751 -3.257775522580779 0
1.797934724100223 3.333624123928821 0
2.961649252561967 -3.990980378969624 0
3.115729239478522 -2.842343338973088 0
-2.271068500696045 -3.408511691229587 0
-3.647246738009251 1.792546357182817 0
-3.641758404210779 -0.9586628712298505 0
4.044727074348158 -1.932018806323571 0
-3.581060604129647 1.152624307007505 0
-2.793601586491983 -3.784414242694553 0
3.658731227524406 0.7785933624412877 0
3.640942273151615 -1.651916059614453 0
-1.423058910472937 -3.484002703448042 0
-3.713983343815967 -0.3156637862297205 0
-0.8803843214501812 -4.237134241869038 0
3.490791018087096 -1.991790252941898 0
-3.698481830051649 0.4926030569564892 0
3.748146291367061 2.569216933204456 0
4.303012670398251 -1.742319953352726 0
-3.031893810850344 -2.352960476268954 0
3.150904334594587 -3.162004513969583 0
-2.673400275609787 -3.125719246174041 0
-3.749289367445512 -3.558956952785131 0
3.646709468273951 -0.8418901923601598 0
1.6168582085994 3.315140091479523 0
-3.28241349927988 -1.730937517796048 0
3.385353148435839 3.340826008208551 0
3.480672418319048 1.569336692254336 0
2.777085312383986 -4.010968873196345 0
-3.857814220830328 -3.408375957557988 0
3.3811186277384 -1.841702396944411 0
-3.8893686378046 3.223618565170836 0
3.460528181108368 3.510611661093693 0
-3.462821083231972 1.811880585270106 0
2.422198201476511 -2.432428191251759 0
-2.933025986296935 2.999319808013117 0
-2.588973868686635 4.167266909980459 0
-3.476740910656129 1.004638667385794 0
3.687517435121752 -0.351359674905694 0
-0.1322725605555263 -3.331002773232455 0
-3.782049885075047 -3.23870459812787 0
4.656916867859194 1.048005330432263 0
-3.964872964361544 3.054044953192617 0
2.667094039407491 -3.861251817396588 0
3.419282361099762 3.020479770549031 0
-2.846915777338968 -2.334151334669941 0
-3.212116525356065 -1.56685864519234 0
2.646883144592075 3.261878206842589 0
-2.479611625807083 4.017190831957201 0
3.52874246834581 2.870505842366202 0
-2.227188945479181 3.396980156100398 0
-0.6663822947383238 3.715593152224949 0
-3.856088364987567 2.903506111167876 0
-3.509211156676614 0.5092634590484584 0
3.693235309261194 0.4584771661858299 0
3.295668404297262 1.549626367660519 0
-4.075019440198265 -3.107456055274285 0
3.612864927784901 -0.5215878724558362 0
2.408110715135227 -4.05116767807403 0
-3.999269291801468 -2.937289991434382 0
2.410869067501477 -3.24348676488684 0
2.756316170743007 3.111771928210773 0
-2.220029523802795 4.20604749409133 0
-2.042287900537793 3.416566496520976 0
-2.769966756381488 -2.165101618385119 0
3.494523160366568 3.190786119542814 0
-4.116113104488839 2.71521869706353 0
3.112194731230663 1.53690547867278 0
2.297880539708701 -3.901443743953931 0
-2.110311484132454 4.05586559750254 0
-3.193539710733586 2.810506045166106 0
-3.89813118086561 2.413880897818295 0
3.506337431036966 0.4376632756436145 0
3.455941250501088 -1.671962528226953 0
-4.292402150917446 -2.807174869030897 0
-2.488120157592512 -3.107072633252228 0
2.681140787626909 2.941655797003322 0
-3.269262219655396 2.640852893532033 0
-4.158645694370937 2.225830247213093 0
2.039044369577487 -4.091406052799222 0
-1.851074562211194 4.244622442440215 0
-4.836523012646361 3.442924744607162 0
-4.561974187999909 -3.804086313621939 0
-1.781906773210706 3.605759473243795 0
4.300881902198148 2.629656825470278 0
4.191691825523879 2.779933793816445 0
3.537552800270025 -0.6920155716726782 0
1.928560246743515 -3.941631884119172 0
-1.740881642721317 4.094489931484192 0
2.966307587058765 -3.182306622728144 0
-3.16062536718105 2.48978683409936 0
-1.671879501453638 3.455622063170388 0
2.975393935976994 2.811408567272992 0
-1.481770763115168 4.283305527135983 0
1.669985267342845 -4.131853507621369 0
-4.007286706395526 2.56456736348075 0
3.084736293392492 2.660957338513232 0
-1.371344412989228 4.133152063765583 0
2.781497171866637 -3.202491951179387 0
1.559201054090111 -3.981881290788215 0
-1.411956567965621 3.64450298252453 0
-3.420959036806854 2.301767949182089 0
3.271246246844122 -1.691845809741973 0
-2.085984761519654 -3.389946798317404 0
-3.496560900445307 2.131894328271406 0
-1.11229485224755 4.323815465702532 0
1.300782961548846 -4.172196698898023 0
3.365881356714174 -0.717864934671174 0
3.161193225128477 -1.542524171186423 0
-1.302037870870407 3.493922369318659 0
2.596331635206686 -3.222855658578437 0
-0.927947329734363 4.342487359711067 0
1.189417347160802 -4.021867310690977 0
-1.901319037730625 -3.371570095047965 0
3.009715992019152 2.490678579469267 0
-1.716498568794075 -3.353078372019944 0
0.9269278379016451 -4.212746955632056 0
-1.046774381874285 3.684237406013803 0
0.6588351247039328 -3.260012713812778 0
2.944999127033182 2.324383313366861 0
2.337260824255029 -3.413128530372721 0
-4.686817000098923 1.85587673562542 0
2.152566853817291 -3.433262846728862 0
2.389446253827046 -2.103629884947307 0
-1.639590167253117 -3.182588274916327 0
-3.387673026991237 1.98110176315673 0
2.042220458532967 -3.283432458687138 0
-4.352950154715625 1.397498986812259 0
3.621568477497296 4.660548317437714 0
-1.570094070729135 -3.020882861780328 0
1.857420112576776 -3.303584635208578 0
-3.279773306920674 1.831534548973468 0
1.67334593145594 -3.324057495029349 0
2.513994329997409 -1.916566839898619 0
-3.103734264234945 1.852780310063413 0
-4.638601965392998 -2.843202057025954 0
-4.643621786284148 1.531778297206613 0
0.2853254912188319 -4.76195478769494 0
-4.851627958646221 -0.8298783060585075 0
0.3603981540779386 3.671313145978988 0
4.696323686631069 -4.453104402401065 0
0.2387561635107288 -4.124207387881833 0
-2.061008158187068 2.622490694974933 0
-3.911487513882264 -4.696686396909716 0
-3.620052024256022 -4.839485863179025 0
4.162540965094129 -4.839093586487362 0
-2.689912511934288 -2.00004202705467 0
-4.845245029386409 -4.537037037037039 0
-0.9017077029885886 3.215173931823028 0
4.06012623404192 -4.677208909452295 0
-4.824830468663727 -0.09636278695038077 0
-0.5613454484712286 -4.683164669770777 0
-0.3782139580880389 -4.673952491340703 0
3.876391701654188 -4.69125853037948 0
1.95332762639832 -2.645414978567336 0
0.6592315737072139 4.843219537859396 0
2.906909925579698 1.238422303265773 0
0.6196408534453439 -4.083908114154529 0
-4.848496081867176 2.694897224816041 0
4.843030246555469 3.802194485856583 0
-3.935239931988548 4.667868749606662 0
4.825124194534857 0.264982502456516 0
3.044272227672641 -1.394791211468758 0
-4.660777675522818 -3.652291111393909 0
4.661846980717472 3.47000593860727 0
4.650938467769254 -2.506029998629971 0
2.652861017674776 -4.665613332175918 0
-2.297192454579892 4.838026244805206 0
-1.947683908172868 -4.868609899888959 0
4.652226793397748 2.672044068017301 0
-0.7677773691790806 4.67489623549227 0
0.3279485151292797 -3.950902396384588 0
-3.106568845938494 4.585134123293454 0
2.848434963438863 -1.415316767598773 0
1.192216517089475 -4.838828614628444 0
4.686339644000796 4.262963510280973 0
-0.5727775745397189 -3.557785258823318 0
4.558580143847712 -1.558127725802308 0
4.695287972556478 0.7258717440797258 0
1.079808931838583 -4.679439083187303 0
4.658724886340855 -1.715448026164502 0
-4.861881180051577 3.97827049611813 0
-3.728295085965337 -4.682117094092943 0
-4.716421103214987 -4.861684658476029 0
0.8998538169271569 -4.700478606022043 0
-4.850725116879616 4.537037037037041 0
-4.833089875022948 4.714463835838376 0
-2.083800980715169 -2.587906992225588 0
4.706141829799535 4.83993293711228 0
3.821215224531462 4.66903792391908 0
2.410901947902064 4.682458879796599 0
-1.34200679729435 3.013458556477385 0
-4.674335411601774 -1.704130261167576 0
-4.695613606740865 -3.357835649551653 0
-2.751427957333818 1.863714451354181 0
1.485975860952065 -3.359059758920429 0
-1.632808828067137 4.740632086429958 0
-1.540799686462937 -2.741141756193294 0
1.413727986068186 3.290098261545593 0
-0.7468106677188198 -4.692974400173028 0
-4.694536626023018 2.947348082331747 0
3.788606567145659 -4.847908068205431 0
0.8611246800059142 4.843272213032966 0
2.593670639979168 4.694205930452608 0
4.69247824106367 -2.01704124700229 0
0.07708206743126401 3.80251074139936 0
-3.799002615130693 4.851798863816767 0
4.699699388023758 3.176207395470915 0
1.345745165216882 3.464307938715971 0
-2.145646039393333 -4.653607563513671 0
-0.9884668116299641 2.996945147217219 0
2.285717327642407 2.411238903693922 0
-4.861946468842705 0.995288599903446 0
-3.218891834989969 -0.7140334749927113 0
-2.178024937082955 4.678350129575851 0
2.503891799699132 -4.852451512557151 0
-0.9475287675027251 3.535073316621157 0
-3.801087392864841 -0.4796988918260358 0
-0.6515283924321811 4.852664884003918 0
-3.994401161270631 -4.851112592780179 0
-1.002037346311615 -2.98241817276307 0
1.622364308079617 -2.700554942381076 0
-1.387802151182821 -3.006893954996356 0
-3.685728452116069 -0.6425155842763188 0
-4.712228650626884 0.5386959180211393 0
-4.69908742789555 -0.5912603687775237 0
0.9261112093189807 2.995108911365377 0
4.677983933493847 -3.653375128501467 0
-2.526271238550549 2.385584246682853 0
0.8208040445729157 -4.854553843712628 0
-4.68954508294675 -2.546652921024362 0
-4.673884611943047 3.776380440054662 0
1.072325104503786 3.477185679696599 0
3.603082273496853 -4.851009319596902 0
4.866292189256725 -0.07782788992038131 0
3.996759246087723 4.657444167623178 0
4.689463310156414 -2.788755188356688 0
1.680628738500651 2.68642870649284 0
-3.24739061446514 -1.261154439697666 0
-3.529270545959177 -0.2959935719008946 0
3.015854672669473 0.8710299153292652 0
0.2984007853624441 4.851531624205605 0
-0.9320008179783956 -4.702456294876462 0
4.862349387449923 1.551648173725809 0
4.851886976967185 -0.8545718299556635 0
2.106500336804132 -2.317460119712093 0
-0.5870499435126172 -3.252422042145431 0
4.690149098993061 2.393097285142699 0
2.780403175670283 4.706128986406909 0
0.9970061579797243 4.685277777187578 0
4.707102375829372 -0.3820106960546943 0
2.954463196921795 1.540082683764338 0
-3.569956525559576 4.665666068596677 0
0.6392350656314504 -4.858594686369614 0
-2.318423148081388 -4.877053803705085 0
-3.284093319793993 -0.08319544222060921 0
-4.706343111155379 -2.230599536242509 0
-3.326206433999966 0.2103031398393946 0
2.411603692286972 2.267291144087467 0
-4.172712367527122 -4.853783174978997 0
-2.004218522755192 4.695382053967675 0
-0.3941532288941522 4.695683302932519 0
2.28328836485248 -4.665997736775036 0
-4.689906636089914 2.180469019658767 0
-3.288908615272364 1.045698060964238 0
3.253285370949371 -0.5928687289725756 0
-0.1602750109457994 3.625744023814575 0
4.873271503938708 -4.510195509090186 0
4.711704716236045 -3.159545470076099 0
-4.871078673004926 -4.166666666666668 0
4.714067638096786 2.032286495160745 0
1.251512101762186 3.04375622812742 0
4.87380270817535 -1.209713423391648 0
-4.871912532862578 4.166666666666669 0
3.509964879782983 -4.710917428035417 0
4.168110550645183 4.880611860738541 0
4.865345463401002 0.4637311090035922 0
-1.117050426061239 -4.71095318905676 0
3.306533948915095 -0.05546761521612771 0
-4.8723824677514 -1.388496298512901 0
-0.8490167768591427 3.364991823586787 0
-2.212313975859026 -2.4399291941137 0
3.240646380549632 0.5856422810451835 0
-2.238641165449549 2.627145357833262 0
4.690880621196344 3.947640752811199 0
2.676292623847182 -1.92817876079662 0
2.965670814756677 4.717563072944146 0
-4.707517265146595 3.322767502371645 0
-3.028339109897663 1.721698403894077 0
0.2104166802500993 3.629731958024011 0
1.205246523843409 4.884355251721245 0
-4.267523563254397 -4.715480196676021 0
-2.516164365919714 -4.679918421195893 0
-3.41497531966399 4.881895446519153 0
-3.098629782343476 1.102132200008701 0
-4.877702990406355 1.382994441608693 0
-0.1955180831807807 4.714772234333052 0
-1.824991177900851 4.712289952028037 0
-4.699335643850837 -2.981264788901395 0
1.416239175933968 2.796438707065906 0
-3.145045551976581 -1.415516382074752 0
4.692784244468122 -3.943567667408602 0
4.855083478392181 -0.6274968543892151 0
-4.719464631186734 1.666666666666671 0
2.129046509393372 -4.882088740383434 0
3.284436633782571 0.233082131359895 0
-1.230165113709397 2.885235561674449 0
-4.713420771215076 -4.612825771311973 0
4.881148488370497 -1.57407407407408 0
2.690691702926035 1.573147882045698 0
-1.571735868231056 -4.876153899961885 0
-4.726811259962846 4.441987114110406 0
1.29894083205529 -3.395502269885207 0
-1.299628061691776 -4.719950063663656 0
-1.719961933089944 3.003677569839168 0
-2.917844706835904 1.472075196070401 0
3.324218536299926 -4.717890167860165 0
4.722759095655956 4.444444444444441 0
-0.7520209054118631 3.204961790814517 0
-0.3138776378696466 3.601532591097823 0
-4.871352431021522 0.2480796833120298 0
-4.709820701974288 -1.090739338391718 0
4.362236961697621 4.690847396753124 0
-4.721406238744171 -1.85554999719228 0
-1.583065784825398 -4.59504176341186 0
4.724622262417531 -4.268637631660044 0
-3.207754642188144 4.696913312895564 0
3.1507478329135 4.727297918290895 0
4.88470107808185 -2.31738578794073 0
4.704498229277379 2.8048050229862 0
-4.451683505738526 -4.72241049179009 0
-1.591743301111407 4.881181029173995 0
1.375658943311421 4.697324871223541 0
-4.629629629629635 4.727754733573309 0
-4.701081856722075 -0.2339233155260132 0
4.722093646076651 0.9115578262042376 0
-2.685185185185187 -4.888580084819216 0
-0.01071987827901245 4.735774505650719 0
4.727955289740074 -3.517727014334019 0
1.016555789643337 3.620531786710635 0
-4.887483332639038 -3.797929076968415 0
-4.864435035635386 -4.86443503563539 0
-4.864435035635388 4.864435035635385 0
4.864435035635388 -4.864435035635385 0
4.886307940907855 1.204901187591382 0
4.889900151292234 3.611111111111106 0
4.865377913971281 4.865377913971285 0
-4.69984226842459 2.465933928065736 0
-3.181145747213058 1.387210928890169 0
3.212720730154585 -0.7499100563123646 0
3.115456797871921 1.01891099857083 0
-0.9380877779860666 -3.133395032327207 0
-0.4213304688051893 -3.265893118731506 0
1.902976488437372 -2.494381140492637 0
1.929473520428442 -4.706884852940191 0
1.843960520933869 2.730802601542871 0
-4.865491169561477 0.5077646123545609 0
-3.152296848246349 -0.9909408563822574 0
-2.333743492517911 -2.2947875061729 0
-2.021681825739478 2.797088602299793 0
-4.725864938997778 -3.51227756901818 0
2.900780649750924 2.182405089037697 0
2.758377187026071 -1.766675066953084 0
3.139154751572546 -4.727492384830855 0
-1.514758666225826 -2.879395626424969 0
0.5554869362729411 -4.730012502830876 0
-0.6046945888484494 3.231477587616869 0
2.09514720363698 2.744443268505748 0
1.130940730506514 -3.433329958711363 0
-4.727737683742389 2.785402298672252 0
0.8304261486115776 3.605949942398812 0
4.537037037037041 4.895130537146829 0
3.255632164097503 -0.2060433857102682 0
3.336065927187748 4.735389654401766 0
0.7416011653594146 3.210086134926384 0
4.72474926769816 -1.85901107265842 0
-4.73622199839531 -0.7422298909933017 0
-1.343742424291994 4.864817313511692 0
4.868227484474128 1.808800345105059 0
4.728735843154024 3.33056591155993 0
2.358538764904157 -2.306189261748859 0
-0.4940439884238553 3.798643812218823 0
1.393554074347614 3.120620857759732 0
-4.897928019979013 0.8333333333333414 0
-3.35220944396344 -0.6333154686790973 0
0.04443986820699669 4.87445959900352 0
-3.055651590565238 4.895219030196889 0
-4.444444444444439 4.738110294142486 0
1.064319792350747 3.067567373345875 0
2.765931808531669 1.800052541744294 0
-4.629664066492485 -4.734360597411682 0
1.437648466104702 -2.747192272027284 0
-2.877439660203287 -4.714732462998612 0
4.738180738293823 4.074246435452326 0
0.643042409293487 3.589738180057367 0
-3.265766024782512 0.3462712001342946 0
4.747462405401687 0.559207496683209 0
-2.626610848687889 2.250914753767944 0
-4.739034760130161 2.03703703703704 0
0.8955263439306755 -3.431110297081075 0
-1.827008346428768 -2.744923615536685 0
4.704842049572434 0.1127897320844443 0
-3.251851193589583 0.09722811317720192 0
0.2787165059708766 -4.894476511871251 0
-4.722344779290395 0.03488577163658114 0
-1.475400482401326 -4.72987903855172 0
-2.973643284795434 -1.414503664942693 0
2.834194317262122 1.94959232910072 0
-4.742235217210096 -2.407407407407392 0
4.716833887369983 -2.630793709840618 0
0.4614016209179757 3.581946620448397 0
-4.894788924723692 3.611687167605115 0
-4.736602484463694 3.89431735444988 0
-2.452738613935121 -2.163862049692071 0
4.717129120080233 2.552653297071945 0
2.969608612592318 -4.742068745487018 0
3.516539178730043 4.742352000628802 0
-4.711184185161858 -2.719049177162903 0
2.668939126259162 -1.634881256180318 0
2.510845800765388 2.169569679694694 0
1.792678862515165 -2.729324722536658 0
-4.739346008756116 -4.274022932403621 0
2.667617835919075 2.18263719851802 0
4.871682851799338 -0.3328389239514006 0
2 7 0 1216
3725
3726
3727
3728
3729
3730
3731
3732
3733
3734
3735
3736
3737
3738
3739
3740
3741
3742
3743
3744
3745
3746
3747
3748
3749
3750
3751
3752
3753
3754
3755
3756
3757
3758
3759
3760
3761
3762
3763
3764
3765
3766
3767
3768
3769
3770
3771
3772
3773
3774
3775
3776
3777
3778
3779
3780
3781
3782
3783
3784
3785
3786
3787
3788
3789
3790
3791
3792
3793
3794
3795
3796
3797
3798
3799
3800
3801
3802
3803
3804
3805
3806
3807
3808
3809
3810
3811
3812
3813
3814
3815
3816
3817
3818
3819
3820
3821
3822
3823
3824
3825
3826
3827
3828
3829
3830
3831
3832
3833
3834
3835
3836
3837
3838
3839
3840
3841
3842
3843
3844
3845
3846
3847
3848
3849
3850
3851
3852
3853
3854
3855
3856
3857
3858
3859
3860
3861
3862
3863
3864
3865
3866
3867
3868
3869
3870
3871
3872
3873
3874
3875
3876
3877
3878
3879
3880
3881
3882
3883
3884
3885
3886
3887
3888
3889
3890
3891
3892
3893
3894
3895
3896
3897
3898
3899
3900
3901
3902
3903
3904
3905
3906
3907
3908
3909
3910
3911
3912
3913
3914
3915
3916
3917
3918
3919
3920
3921
3922
3923
3924
3925
3926
3927
3928
3929
3930
3931
3932
3933
3934
3935
3936
3937
3938
3939
3940
3941
3942
3943
3944
3945
3946
3947
3948
3949
3950
3951
3952
3953
3954
3955
3956
3957
3958
3959
3960
3961
3962
3963
3964
3965
3966
3967
3968
3969
3970
3971
3972
3973
3974
3975
3976
3977
3978
3979
3980
3981
3982
3983
3984
3985
3986
3987
3988
3989
3990
3991
3992
3993
3994
3995
3996
3997
3998
3999
4000
4001
4002
4003
4004
4005
4006
4007
4008
4009
4010
4011
4012
4013
4014
4015
4016
4017
4018
4019
4020
4021
4022
4023
4024
4025
4026
4027
4028
4029
4030
4031
4032
4033
4034
4035
4036
4037
4038
4039
4040
4041
4042
4043
4044
4045
4046
4047
4048
4049
4050
4051
4052
4053
4054
4055
4056
4057
4058
4059
4060
4061
4062
4063
4064
4065
4066
4067
4068
4069
4070
4071
4072
4073
4074
4075
4076
4077
4078
4079
4080
4081
4082
4083
4084
4085
4086
4087
4088
4089
4090
4091
4092
4093
4094
4095
4096
4097
4098
4099
4100
4101
4102
4103
4104
4105
4106
4107
4108
4109
4110
4111
4112
4113
4114
4115
4116
4117
4118
4119
4120
4121
4122
4123
4124
4125
4126
4127
4128
4129
4130
4131
4132
4133
4134
4135
4136
4137
4138
4139
4140
4141
4142
4143
4144
4145
4146
4147
4148
4149
4150
4151
4152
4153
4154
4155
4156
4157
4158
4159
4160
4161
4162
4163
4164
4165
4166
4167
4168
4169
4170
4171
4172
4173
4174
4175
4176
4177
4178
4179
4180
4181
4182
4183
4184
4185
4186
4187
4188
4189
4190
4191
4192
4193
4194
4195
4196
4197
4198
4199
4200
4201
4202
4203
4204
4205
4206
4207
4208
4209
4210
4211
4212
4213
4214
4215
4216
4217
4218
4219
4220
4221
4222
4223
4224
4225
4226
4227
4228
4229
4230
4231
4232
4233
4234
4235
4236
4237
4238
4239
4240
4241
4242
4243
4244
4245
4246
4247
4248
4249
4250
4251
4252
4253
4254
4255
4256
4257
4258
4259
4260
4261
4262
4263
4264
4265
4266
4267
4268
4269
4270
4271
4272
4273
4274
4275
4276
4277
4278
4279
4280
4281
4282
4283
4284
4285
4286
4287
4288
4289
4290
4291
4292
4293
4294
4295
4296
4297
4298
4299
4300
4301
4302
4303
4304
4305
4306
4307
4308
4309
4310
4311
4312
4313
4314
4315
4316
4317
4318
4319
4320
4321
4322
4323
4324
4325
4326
4327
4328
4329
4330
4331
4332
4333
4334
4335
4336
4337
4338
4339
4340
4341
4342
4343
4344
4345
4346
4347
4348
4349
4350
4351
4352
4353
4354
4355
4356
4357
4358
4359
4360
4361
4362
4363
4364
4365
4366
4367
4368
4369
4370
4371
4372
4373
4374
4375
4376
4377
4378
4379
4380
4381
4382
4383
4384
4385
4386
4387
4388
4389
4390
4391
4392
4393
4394
4395
4396
4397
4398
4399
4400
4401
4402
4403
4404
4405
4406
4407
4408
4409
4410
4411
4412
4413
4414
4415
4416
4417
4418
4419
4420
4421
4422
4423
4424
4425
4426
4427
4428
4429
4430
4431
4432
4433
4434
4435
4436
4437
4438
4439
4440
4441
4442
4443
4444
4445
4446
4447
4448
4449
4450
4451
4452
4453
4454
4455
4456
4457
4458
4459
4460
4461
4462
4463
4464
4465
4466
4467
4468
4469
4470
4471
4472
4473
4474
4475
4476
4477
4478
4479
4480
4481
4482
4483
4484
4485
4486
4487
4488
4489
4490
4491
4492
4493
4494
4495
4496
4497
4498
4499
4500
4501
4502
4503
4504
4505
4506
4507
4508
4509
4510
4511
4512
4513
4514
4515
4516
4517
4518
4519
4520
4521
4522
4523
4524
4525
4526
4527
4528
4529
4530
4531
4532
4533
4534
4535
4536
4537
4538
4539
4540
4541
4542
4543
4544
4545
4546
4547
4548
4549
4550
4551
4552
4553
4554
4555
4556
4557
4558
4559
4560
4561
4562
4563
4564
4565
4566
4567
4568
4569
4570
4571
4572
4573
4574
4575
4576
4577
4578
4579
4580
4581
4582
4583
4584
4585
4586
4587
4588
4589
4590
4591
4592
4593
4594
4595
4596
4597
4598
4599
4600
4601
4602
4603
4604
4605
4606
4607
4608
4609
4610
4611
4612
4613
4614
4615
4616
4617
4618
4619
4620
4621
4622
4623
4624
4625
4626
4627
4628
4629
4630
4631
4632
4633
4634
4635
4636
4637
4638
4639
4640
4641
4642
4643
4644
4645
4646
4647
4648
4649
4650
4651
4652
4653
4654
4655
4656
4657
4658
4659
4660
4661
4662
4663
4664
4665
4666
4667
4668
4669
4670
4671
4672
4673
4674
4675
4676
4677
4678
4679
4680
4681
4682
4683
4684
4685
4686
4687
4688
4689
4690
4691
4692
4693
4694
4695
4696
4697
4698
4699
4700
4701
4702
4703
4704
4705
4706
4707
4708
4709
4710
4711
4712
4713
4714
4715
4716
4717
4718
4719
4720
4721
4722
4723
4724
4725
4726
4727
4728
4729
4730
4731
4732
4733
4734
4735
4736
4737
4738
4739
4740
4741
4742
4743
4744
4745
4746
4747
4748
4749
4750
4751
4752
4753
4754
4755
4756
4757
4758
4759
4760
4761
4762
4763
4764
4765
4766
4767
4768
4769
4770
4771
4772
4773
4774
4775
4776
4777
4778
4779
4780
4781
4782
4783
4784
4785
4786
4787
4788
4789
4790
4791
4792
4793
4794
4795
4796
4797
4798
4799
4800
4801
4802
4803
4804
4805
4806
4807
4808
4809
4810
4811
4812
4813
4814
4815
4816
4817
4818
4819
4820
4821
4822
4823
4824
4825
4826
4827
4828
4829
4830
4831
4832
4833
4834
4835
4836
4837
4838
4839
4840
4841
4842
4843
4844
4845
4846
4847
4848
4849
4850
4851
4852
4853
4854
4855
4856
4857
4858
4859
4860
4861
4862
4863
4864
4865
4866
4867
4868
4869
4870
4871
4872
4873
4874
4875
4876
4877
4878
4879
4880
4881
4882
4883
4884
4885
4886
4887
4888
4889
4890
4891
4892
4893
4894
4895
4896
4897
4898
4899
4900
4901
4902
4903
4904
4905
4906
4907
4908
4909
4910
4911
4912
4913
4914
4915
4916
4917
4918
4919
4920
4921
4922
4923
4924
4925
4926
4927
4928
4929
4930
4931
4932
4933
4934
4935
4936
4937
4938
4939
4940
-5.358880351150096 -5.838159028015149 0
5.83815902801515 -5.358880351150097 0
5.358880351150096 5.838159028015149 0
-5.83815902801515 5.358880351150097 0
-5.843611750172593 -5.136829441245579 0
5.136829441245576 -5.8436117501726 0
5.843611750172593 5.136829441245579 0
-5.136829441245576 5.8436117501726 0
-0.1039300439357206 -5.153904979298702 0
5.153904979298908 -0.1039300439357352 0
0.1039300439357165 5.153904979298677 0
-5.15390497929897 0.1039300439357374 0
-0.4529014292793325 5.154643563972752 0
0.4529014292793253 -5.154643563972765 0
5.154643563972944 0.4529014292793175 0
-5.154643563972993 -0.4529014292793128 0
-0.6607581234381046 -5.153173411084881 0
5.153173411085112 -0.660758123438119 0
0.660758123438099 5.153173411084834 0
-5.15317341108519 0.6607581234381197 0
1.009736296168138 -5.155389128541715 0
5.155389128541875 1.009736296168125 0
-1.009736296168137 5.155389128541715 0
-5.155389128541904 -1.009736296168123 0
-1.217582809186654 -5.152448896760328 0
5.152448896760585 -1.217582809186671 0
1.21758280918665 5.152448896760269 0
-5.152448896760678 1.217582809186675 0
1.566574556694699 -5.156141637282358 0
5.156141637282498 1.566574556694693 0
-1.566574556694699 5.156141637282358 0
-5.156141637282511 -1.566574556694691 0
-1.774404101137987 -5.151731474638602 0
5.151731474638891 -1.774404101138006 0
1.774404101137986 5.151731474638535 0
-5.151731474639009 1.774404101138015 0
2.123416210834403 -5.156901055269659 0
5.156901055269771 2.123416210834391 0
-2.123416210834403 5.156901055269659 0
-5.156901055269779 -2.123416210834396 0
-5.151021183939612 2.331221999246465 0
-2.331221999246428 -5.151021183939134 0
5.15102118393946 -2.331221999246454 0
2.331221999246426 5.15102118393906 0
2.680261258732628 -5.157667347950674 0
5.157667347950754 2.680261258732618 0
-2.680261258732628 5.157667347950674 0
-5.157667347950767 -2.68026125873262 0
-5.150318064809726 2.888036503464014 0
-2.888036503463972 -5.15031806480917 0
5.150318064809549 -2.888036503464002 0
2.888036503463971 5.15031806480909 0
3.237912743802041 -5.157998619615929 0
5.157998619615983 3.237912743802026 0
-3.237912743802041 5.157998619615929 0
-5.157998619615997 -3.237912743802025 0
-3.444847613636993 -5.149622092014441 0
5.149622092014882 -3.444847613637029 0
3.444847613636992 5.149622092014357 0
-5.149622092015077 3.444847613637033 0
3.794499756043468 -5.158918978536356 0
5.158918978536379 3.794499756043464 0
-3.794499756043468 5.158918978536356 0
-5.158918978536391 -3.794499756043464 0
-3.999834361311455 -5.173251559338002 0
5.173251559337952 -3.999834361311466 0
3.999834361311455 5.173251559338002 0
-5.173251559337953 3.999834361311459 0
4.350980574541728 -5.159872722213306 0
5.159872722213317 4.35098057454173 0
-4.350980574541728 5.159872722213306 0
-5.159872722213327 -4.350980574541726 0
-5.165979537315766 4.55177366149253 0
-4.551773661492526 -5.165979537315776 0
5.165979537315769 -4.551773661492529 0
4.551773661492526 5.165979537315776 0
-4.955768134347207 -5.838120484461794 0
4.797341059123184 -5.817036415019476 0
5.838120484461794 -4.955768134347206 0
5.817036415019471 4.797341059123188 0
4.955768134347207 5.838120484461794 0
-4.797341059123184 5.817036415019476 0
-5.8381204844618 4.955768134347204 0
-5.817036415019475 -4.797341059123193 0
-4.203950197735206 -5.831539544500876 0
5.831539544500875 -4.203950197735164 0
4.20395019773521 5.831539544500866 0
-5.831539544500899 4.203950197735165 0
4.03125 -5.837620236790418 0
5.837620236790418 4.03125 0
-4.03125 5.837620236790418 0
-5.837620236790418 -4.03125 0
-3.660569610141276 -5.820715717504714 0
5.82071571750506 -3.660569610141255 0
3.660569610141281 5.82071571750465 0
-5.820715717505209 3.660569610141243 0
3.46875 -5.837620236790418 0
5.837620236790418 3.46875 0
-3.46875 5.837620236790418 0
-5.837620236790418 -3.46875 0
-3.097632587458851 -5.82472337873256 0
5.824723378732788 -3.097632587458844 0
3.097632587458854 5.824723378732513 0
-5.824723378732894 3.097632587458838 0
2.876280706084759 -5.81096017688329 0
5.810960176883405 2.876280706084778 0
-2.876280706084759 5.81096017688329 0
-5.810960176883421 -2.876280706084783 0
-2.535803844829056 -5.825021260686225 0
5.825021260686421 -2.535803844829049 0
2.535803844829058 5.825021260686182 0
-5.825021260686513 2.535803844829043 0
2.315560271521907 -5.810140978656654 0
5.810140978656818 2.315560271521926 0
-2.315560271521907 5.810140978656654 0
-5.810140978656834 -2.315560271521931 0
-1.973972767809258 -5.825319220272064 0
5.825319220272236 -1.973972767809253 0
1.97397276780926 5.825319220272023 0
-5.825319220272311 1.973972767809245 0
1.754846340192369 -5.809321940904567 0
5.809321940904775 1.754846340192385 0
-1.754846340192369 5.809321940904567 0
-5.809321940904789 -1.754846340192393 0
-1.410456680630772 -5.829046678723222 0
5.829046678723331 -1.410456680630769 0
1.410456680630774 5.829046678723195 0
-5.829046678723373 1.410456680630764 0
1.194138897709117 -5.808503069069715 0
5.808503069069957 1.194138897709133 0
-1.194138897709117 5.808503069069715 0
-5.808503069069996 -1.194138897709146 0
-0.8484311402958873 -5.829259613580534 0
5.829259613580632 -0.8484311402958836 0
0.848431140295889 5.829259613580513 0
-5.829259613580666 0.8484311402958796 0
0.6334379318106645 -5.807684369958939 0
5.807684369959214 0.6334379318106778 0
-0.6334379318106593 5.807684369958929 0
-5.807684369959279 -0.6334379318106926 0
-0.2974638670944524 -5.810612224060752 0
5.810612224061082 -0.2974638670944523 0
0.297463867094457 5.8106122240607 0
-5.810612224061185 0.2974638670944418 0
0.08976116591102751 -5.830411847830901 0
5.830411847830979 0.08976116591103062 0
-0.08976116591102651 5.830411847830892 0
-5.830411847831002 -0.0897611659110332 0
4.90734233819831 -5.160514414339005 0
5.092920061877804 -5.160298272672257 0
-4.90734233819831 5.160514414339005 0
-5.092920061877804 5.160298272672257 0
-5.160514414339005 -4.90734233819831 0
-5.160298272672258 -5.092920061877804 0
5.160514414339005 4.907342338198311 0
5.160298272672258 5.092920061877805 0
-4.59375 -5.837620236790418 0
5.837620236790418 -4.59375 0
4.59375 5.837620236790418 0
-5.837620236790418 4.59375 0
4.401194040707778 -5.834326734254269 0
5.834326734254272 4.401194040707779 0
-4.401194040707778 5.834326734254269 0
-5.834326734254274 -4.401194040707781 0
5.525142341748205 -5.834823367773376 0
5.834823367773376 5.525142341748206 0
-5.525142341748205 5.834823367773376 0
-5.834823367773376 -5.525142341748206 0
-5.321245588788793 -5.000033185549404 0
-5.321288197011672 -5.185861703015289 0
-5.321168315845611 -4.814286152835057 0
-5.160001501434377 -5.278796425624252 0
5.321245588788794 5.000033185549403 0
5.321288197011674 5.18586170301529 0
5.321168315845608 4.814286152835055 0
5.160001501434378 5.278796425624254 0
5.000033185549402 -5.321245588788792 0
5.185861703015288 -5.321288197011673 0
4.814286152835054 -5.321168315845606 0
5.278796425624252 -5.160001501434377 0
-5.000033185549402 5.321245588788792 0
-5.185861703015288 5.321288197011673 0
-4.814286152835054 5.321168315845606 0
-5.278796425624252 5.160001501434376 0
-5.321244804790249 -5.371970782062928 0
5.371970782062927 -5.321244804790248 0
5.32124480479025 5.371970782062928 0
-5.371970782062927 5.321244804790248 0
-5.159873794898173 -5.464910292749106 0
-4.998568613066397 -5.37163659255061 0
5.159873794898173 5.464910292749107 0
4.998568613066398 5.371636592550612 0
5.464910292749105 -5.159873794898171 0
5.371636592550606 -4.998568613066398 0
-5.464910292749105 5.159873794898171 0
-5.371636592550606 4.998568613066398 0
5.473103619549097 4.907671024361081 0
5.482026341981516 4.720938163156161 0
-5.473103619549097 -4.907671024361086 0
-5.482026341981523 -4.720938163156168 0
4.907671024361078 -5.473103619549097 0
4.720938163156158 -5.482026341981514 0
-4.907671024361078 5.473103619549097 0
-4.720938163156158 5.482026341981514 0
-5.482626815914845 -5.27888897432979 0
-5.482645779907495 -5.465354913065674 0
5.482626815914847 5.27888897432979 0
5.482645779907495 5.465354913065674 0
5.278888974329784 -5.482626815914846 0
5.465354913065669 -5.482645779907498 0
-5.278888974329784 5.482626815914846 0
-5.465354913065669 5.482645779907498 0
-5.716636603764988 -5.853859845597143 0
5.853859845597139 -5.716636603764991 0
5.716636603764988 5.853859845597143 0
-5.853859845597139 5.716636603764991 0
-5.320808731257401 -4.628382394511101 0
-5.48186448648671 -4.534946846399912 0
5.320808731257386 4.628382394511104 0
5.481864486486694 4.53494684639991 0
4.628382394511101 -5.320808731257385 0
4.534946846399904 -5.481864486486689 0
-4.628382394511101 5.320808731257385 0
-4.534946846399904 5.481864486486689 0
5.550848106631379 -5.002455024861208 0
5.463253764722273 -4.837829722552257 0
-5.550848106631385 5.002455024861206 0
-5.463253764722276 4.837829722552254 0
-5.002455024861209 -5.550848106631381 0
-4.837829722552259 -5.463253764722282 0
5.00245502486121 5.550848106631382 0
4.837829722552259 5.463253764722282 0
-4.842725531581302 -5.279272703094094 0
4.842725531581302 5.279272703094094 0
5.279272703094087 -4.842725531581305 0
-5.279272703094085 4.842725531581305 0
-4.661583983147318 -5.34197508008035 0
-4.675459354918003 -5.549957652457209 0
-4.514522038536421 -5.463621480924742 0
4.661583983147318 5.34197508008035 0
4.675459354918003 5.549957652457209 0
4.514522038536421 5.463621480924742 0
5.341975080080338 -4.661583983147318 0
5.549957652457191 -4.675459354917994 0
5.463621480924704 -4.514522038536415 0
-5.341975080080331 4.661583983147316 0
-5.549957652457186 4.675459354917987 0
-5.463621480924685 4.51452203853641 0
5.635816991301578 -5.159718668487475 0
-5.635816991301579 5.159718668487475 0
-5.159718668487477 -5.635816991301578 0
5.159718668487477 5.635816991301578 0
5.37747609784223 -5.646554438572152 0
-5.37747609784223 5.646554438572152 0
5.646554438572149 5.377476097842242 0
-5.646554438572149 -5.377476097842242 0
4.65104415936506 -5.652030254334699 0
-4.65104415936506 5.652030254334699 0
5.652030254334704 4.651044159365068 0
-5.652030254334711 -4.651044159365073 0
-5.666335268508378 4.508831312720751 0
-5.552955710724458 4.348491308079025 0
-5.37098645130018 4.349180054318321 0
-5.462267242069474 4.190398697874954 0
-5.276604424798123 4.184582042791853 0
-5.373230711599487 4.015455177889582 0
-5.312759480352867 3.838714126200234 0
-5.55521273151906 4.030259498198076 0
5.666335268508385 -4.508831312720752 0
5.552955710724472 -4.348491308079025 0
5.370986451300187 -4.349180054318328 0
5.462267242069474 -4.190398697874956 0
5.276604424798121 -4.184582042791861 0
5.373230711599434 -4.015455177889539 0
5.312759480352731 -3.838714126200195 0
5.555212731519032 -4.030259498198062 0
-4.508831312720761 -5.666335268508409 0
-4.348491308079039 -5.552955710724523 0
-4.349180054318322 -5.370986451300237 0
-4.190398697874963 -5.462267242069566 0
-4.184582042791847 -5.276604424798197 0
-4.015455177889406 -5.373230711599381 0
-3.838714126200042 -5.312759480352421 0
-4.030259498198104 -5.555212731519185 0
4.508831312720761 5.666335268508409 0
4.348491308079039 5.552955710724523 0
4.349180054318322 5.370986451300237 0
4.190398697874963 5.462267242069566 0
4.184582042791847 5.276604424798197 0
4.015455177889382 5.373230711599357 0
3.838714126200016 5.312759480352357 0
4.030259498198104 5.555212731519185 0
4.449484242773438 -5.647283350646235 0
4.349903268667628 -5.482154201894578 0
4.262038240463089 -5.645986256306147 0
4.163282757390888 -5.481497115863764 0
4.078665042701253 -5.647202821340077 0
3.977883547760857 -5.48154830814136 0
3.89460717491189 -5.680194146727872 0
3.791985469375234 -5.486731990120711 0
4.070942575995941 -5.319713188681884 0
3.699909167254068 -5.644835546057445 0
3.603695154075386 -5.481094600651755 0
3.522581633623211 -5.645180060599974 0
3.419239385976411 -5.480327238997291 0
3.335018559043019 -5.679181976949832 0
3.232916801252782 -5.485542754284801 0
3.512726621991378 -5.318449650862851 0
3.142114683278582 -5.645197252097542 0
3.044592956365079 -5.479985952470253 0
2.957699266683632 -5.640037134344666 0
2.858148771418469 -5.479043850581889 0
2.767938959402897 -5.640804985265186 0
2.670002111185938 -5.476797342873335 0
2.954820791671341 -5.318033656862467 0
2.580559331878994 -5.636524799361943 0
2.484229733483842 -5.476112224996414 0
2.397276247843405 -5.637234644365822 0
2.298401036301562 -5.47724099847141 0
2.208079795676708 -5.639171010576963 0
2.111581912876056 -5.477428276022388 0
2.396474080553962 -5.316314419782611 0
2.020962973876013 -5.635539069397488 0
1.924948845138159 -5.475082355021078 0
1.837366015940919 -5.63618743370881 0
1.738925924979779 -5.476197814589769 0
1.648357681451292 -5.637956232139384 0
1.552108034482478 -5.47635495023043 0
1.838356590431979 -5.315202609832109 0
1.461220333124811 -5.634339328348596 0
1.365474714441002 -5.473732788471139 0
1.277405079004016 -5.635051461466409 0
1.179416925071589 -5.475079667653192 0
1.088627613224856 -5.636714205374799 0
0.9926339515646783 -5.475257702550858 0
0.9014828092513066 -5.633131231654263 0
0.8060081536919115 -5.472377857556651 0
1.280204638842099 -5.314031898650025 0
0.7174521247588419 -5.633913400231536 0
0.619917286511191 -5.473953358194313 0
0.5289065784672489 -5.635470510264974 0
0.4331697036533386 -5.474151896099231 0
0.3417548950135878 -5.631921609814826 0
0.2465515848257305 -5.47102126122067 0
0.7220589028017235 -5.312865842612256 0
0.1603445811822317 -5.636699345614586 0
0.06090031759763054 -5.473473817531595 0
-0.02965533208986924 -5.635149198118691 0
-0.1260141427640087 -5.473300660204392 0
0.1639986707168395 -5.311814248342455 0
-0.2158536826712515 -5.634563734136925 0
-0.3124982766967078 -5.470349066236087 0
-0.4033451008208613 -5.634249768152506 0
-0.4991391206224132 -5.472228766624618 0
-0.5935700991666689 -5.629775304001707 0
-0.686253774313733 -5.47147275227838 0
-0.3941607946226595 -5.31075611619221 0
-0.7739719469615671 -5.635268137305289 0
-0.8718022992788415 -5.469191154285552 0
-0.961091967226269 -5.636552262006143 0
-1.058223680557294 -5.471687748686463 0
-1.152932853487749 -5.628315668314228 0
-1.245568821529793 -5.470407533495871 0
-0.9522000799776011 -5.309741386883693 0
-1.33404048796742 -5.634238073478425 0
-1.43218950015866 -5.466114338085115 0
-1.521182390917472 -5.635102484708188 0
-1.617872593903509 -5.470194471809298 0
-1.711716836624632 -5.627206640855947 0
-1.804874696633107 -5.46923497655624 0
-1.510510560127007 -5.30825518465516 0
-1.894254725374691 -5.632662998791062 0
-1.991537071955033 -5.464657659873913 0
-2.085181608265092 -5.625882993066465 0
-2.177992932166604 -5.467669164676229 0
-2.271627983909859 -5.625396465651523 0
-2.364440234103983 -5.46776645575272 0
-2.068722945712613 -5.306874092982031 0
-2.454414537936611 -5.631493525698883 0
-2.550874517863348 -5.463201004520589 0
-2.644517359935768 -5.624423418456155 0
-2.737327569328531 -5.466430041273391 0
-2.830960360328681 -5.623936898675712 0
-2.923771590441911 -5.466563594024291 0
-2.626799299549299 -5.30571450090131 0
-3.014433751484543 -5.630426985952838 0
-3.110201838042502 -5.461744372024849 0
-3.203842985903845 -5.622963866749249 0
-3.296652062080735 -5.465183746273574 0
-3.390282611097868 -5.622477354603209 0
-3.483092825872922 -5.465352313350204 0
-3.184868881061726 -5.304560889347724 0
-3.57462965710665 -5.628740969495396 0
-3.683807877414456 -5.436564534173553 0
-3.759775590001577 -5.626140969223467 0
-3.864686630890536 -5.812889186971137 0
-3.289235531702039 -5.808712150517188 0
-2.728162451970829 -5.809335230554744 0
-2.167084274493643 -5.809958538019356 0
-1.604850213188983 -5.812505384401517 0
-1.043702550379087 -5.813054862595425 0
-0.4846907009298967 -5.809894200005521 0
0.4500571558355385 -5.810113992866555 0
1.011084858983431 -5.810747519522481 0
-3.554253640507596 -5.294997823247425 0
1.572118150289592 -5.811380710638557 0
2.133153463412215 -5.8120081566734 0
2.694189746861369 -5.812669981397889 0
3.223223018218941 -5.799773359667695 0
-4.449484242773438 5.647283350646235 0
-4.349903268667628 5.482154201894578 0
-4.262038240463089 5.645986256306147 0
-4.163282757390888 5.481497115863764 0
-4.078665042701253 5.647202821340077 0
-3.977883547760857 5.48154830814136 0
-3.89460717491189 5.680194146727872 0
-3.791985469375234 5.486731990120711 0
-4.070942575995941 5.319713188681884 0
-3.699909167254068 5.644835546057445 0
-3.603695154075386 5.481094600651755 0
-3.522581633623211 5.645180060599974 0
-3.419239385976411 5.480327238997291 0
-3.335018559043019 5.679181976949832 0
-3.232916801252782 5.485542754284801 0
-3.512726621991378 5.318449650862851 0
-3.142114683278582 5.645197252097542 0
-3.044592956365079 5.479985952470253 0
-2.957699266683632 5.640037134344666 0
-2.858148771418469 5.479043850581889 0
-2.767938959402897 5.640804985265186 0
-2.670002111185938 5.476797342873335 0
-2.954820791671341 5.318033656862467 0
-2.580559331878994 5.636524799361943 0
-2.484229733483842 5.476112224996414 0
-2.397276247843405 5.637234644365822 0
-2.298401036301562 5.47724099847141 0
-2.208079795676708 5.639171010576963 0
-2.111581912876056 5.477428276022388 0
-2.396474080553962 5.316314419782611 0
-2.020962973876013 5.635539069397488 0
-1.924948845138159 5.475082355021078 0
-1.837366015940919 5.63618743370881 0
-1.738925924979779 5.476197814589769 0
-1.648357681451292 5.637956232139384 0
-1.552108034482478 5.47635495023043 0
-1.838356590431979 5.315202609832109 0
-1.461220333124811 5.634339328348596 0
-1.365474714441002 5.473732788471139 0
-1.277405079004016 5.635051461466409 0
-1.179416925071589 5.475079667653192 0
-1.088627613224856 5.636714205374799 0
-0.9926339515646774 5.475257702550858 0
-0.9014828092513061 5.633131231654263 0
-0.8060081536919129 5.472377857556646 0
-1.280204638842099 5.314031898650025 0
-0.7174521247588409 5.633913400231528 0
-0.6199172865111993 5.473953358194297 0
-0.528906578467246 5.635470510264952 0
-0.4331697036533467 5.474151896099203 0
-0.3417548950135827 5.631921609814791 0
-0.2465515848257349 5.471021261220631 0
-0.7220589028017295 5.312865842612249 0
-0.160344581182229 5.636699345614549 0
-0.06090031759763291 5.47347381753155 0
0.02965533208987205 5.635149198118638 0
0.1260141427640044 5.473300660204336 0
-0.1639986707168427 5.311814248342425 0
0.2158536826712549 5.63456373413686 0
0.3124982766966983 5.470349066236008 0
0.4033451008208627 5.634249768152423 0
0.4991391206224043 5.472228766624532 0
0.5935700991666749 5.629775304001602 0
0.6862537743137268 5.471472752278277 0
0.3941607946226506 5.310756116192151 0
0.77397194696157 5.635268137305193 0
0.8718022992788349 5.469191154285433 0
0.9610919672262705 5.636552262006035 0
1.058223680557288 5.471687748686342 0
1.152932853487753 5.628315668314085 0
1.245568821529788 5.470407533495742 0
0.9522000799775927 5.309741386883601 0
1.334040487967425 5.634238073478299 0
1.432189500158655 5.466114338084961 0
1.521182390917471 5.635102484708058 0
1.617872593903506 5.470194471809158 0
1.711716836624631 5.627206640855792 0
1.804874696633105 5.469234976556098 0
1.510510560127004 5.308255184655047 0
1.894254725374694 5.632662998790927 0
1.991537071955029 5.464657659873748 0
2.085181608265093 5.625882993066296 0
2.177992932166597 5.467669164676072 0
2.271627983909859 5.625396465651347 0
2.36444023410398 5.467766455752561 0
2.068722945712609 5.306874092981909 0
2.454414537936613 5.631493525698733 0
2.550874517863345 5.463201004520411 0
2.644517359935766 5.624423418455974 0
2.737327569328525 5.466430041273222 0
2.830960360328679 5.623936898675524 0
2.923771590441906 5.466563594024121 0
2.626799299549296 5.305714500901174 0
3.014433751484547 5.630426985952675 0
3.110201838042497 5.461744372024658 0
3.203842985903844 5.622963866749052 0
3.29665206208073 5.465183746273395 0
3.390282611097865 5.622477354603007 0
3.483092825872919 5.465352313350025 0
3.184868881061726 5.304560889347582 0
3.574629657106653 5.628740969495221 0
3.683807877414433 5.436564534173414 0
3.759775590001566 5.626140969223291 0
3.864686630890543 5.812889186971057 0
3.289235531702044 5.808712150517083 0
2.728162451970834 5.809335230554645 0
2.167084274493648 5.809958538019265 0
1.604850213188987 5.812505384401441 0
1.043702550379093 5.813054862595355 0
0.4846907009299016 5.809894200005466 0
-0.4500571558355339 5.810113992866537 0
-1.011084858983431 5.81074751952248 0
3.554253640507596 5.294997823247323 0
-1.572118150289592 5.811380710638557 0
-2.133153463412215 5.8120081566734 0
-2.694189746861369 5.812669981397889 0
-3.223223018218941 5.799773359667695 0
5.647283350646246 4.449484242773448 0
5.482154201894597 4.349903268667635 0
5.645986256306173 4.262038240463099 0
5.481497115863797 4.163282757390897 0
5.647202821340111 4.07866504270126 0
5.481548308141396 3.977883547760861 0
5.68019414672791 3.894607174911902 0
5.486731990120765 3.791985469375234 0
5.319713188681916 4.070942575995945 0
5.64483554605751 3.699909167254081 0
5.481094600651833 3.603695154075383 0
5.645180060600046 3.522581633623217 0
5.480327238997384 3.419239385976399 0
5.679181976949915 3.335018559043031 0
5.485542754284916 3.232916801252768 0
5.318449650862923 3.51272662199136 0
5.645197252097675 3.142114683278596 0
5.4799859524704 3.044592956365072 0
5.640037134344817 2.957699266683646 0
5.479043850582046 2.858148771418462 0
5.640804985265357 2.767938959402908 0
5.476797342873533 2.670002111185929 0
5.31803365686258 2.954820791671331 0
5.636524799362148 2.58055933187901 0
5.476112224996637 2.484229733483832 0
5.63723464436604 2.397276247843418 0
5.477240998471636 2.298401036301553 0
5.639171010577205 2.208079795676719 0
5.477428276022636 2.111581912876044 0
5.316314419782777 2.396474080553947 0
5.635539069397765 2.020962973876029 0
5.475082355021371 1.92494884513815 0
5.636187433709094 1.837366015940932 0
5.476197814590055 1.738925924979773 0
5.637956232139683 1.6483576814513 0
5.476354950230727 1.552108034482472 0
5.315202609832329 1.838356590431967 0
5.634339328348923 1.461220333124825 0
5.473732788471478 1.365474714440996 0
5.635051461466739 1.27740507900403 0
5.475079667653523 1.179416925071579 0
5.636714205375144 1.088627613224862 0
5.475257702551204 0.9926339515646641 0
5.633131231654643 0.9014828092513186 0
5.472377857557046 0.8060081536919008 0
5.314031898650285 1.280204638842087 0
5.633913400231913 0.7174521247588538 0
5.473953358194686 0.6199172865111833 0
5.635470510265362 0.5289065784672513 0
5.474151896099614 0.4331697036533271 0
5.631921609815248 0.3417548950135972 0
5.471021261221112 0.246551584825715 0
5.312865842612552 0.7220589028017123 0
5.636699345614972 0.1603445811822399 0
5.473473817532015 0.06090031759761081 0
5.635149198119141 -0.02965533208987104 0
5.473300660204833 -0.1260141427640307 0
5.311814248342789 0.1639986707168206 0
5.634563734137402 -0.2158536826712571 0
5.470349066236587 -0.3124982766967269 0
5.634249768152991 -0.4033451008208681 0
5.472228766625097 -0.4991391206224339 0
5.629775304002249 -0.5935700991666748 0
5.471472752278875 -0.6862537743137574 0
5.31075611619259 -0.3941607946226804 0
5.635268137305758 -0.7739719469615618 0
5.469191154286098 -0.8718022992788657 0
5.636552262006628 -0.9610919672262767 0
5.471687748686984 -1.058223680557322 0
5.628315668314833 -1.152932853487759 0
5.470407533496424 -1.245568821529823 0
5.30974138688411 -0.9522000799776249 0
5.634238073478945 -1.334040487967418 0
5.466114338085753 -1.432189500158692 0
5.635102484708735 -1.521182390917482 0
5.470194471809886 -1.617872593903543 0
5.627206640856617 -1.71171683662464 0
5.469234976556859 -1.804874696633143 0
5.308255184655634 -1.510510560127037 0
5.632662998791655 -1.894254725374689 0
5.464657659874629 -1.991537071955071 0
5.625882993067196 -2.085181608265109 0
5.467669164676908 -2.177992932166644 0
5.625396465652286 -2.271627983909875 0
5.467766455753424 -2.36444023410403 0
5.306874092982566 -2.068722945712647 0
5.631493525699558 -2.45441453793661 0
5.463201004521413 -2.550874517863399 0
5.624423418457001 -2.644517359935783 0
5.466430041274178 -2.737327569328581 0
5.623936898676597 -2.830960360328698 0
5.466563594025107 -2.923771590441965 0
5.305714500901923 -2.626799299549344 0
5.63042698595362 -3.014433751484543 0
5.461744372025801 -3.110201838042562 0
5.622963866750228 -3.203842985903864 0
5.465183746274484 -3.296652062080796 0
5.622477354604235 -3.39028261109789 0
5.465352313351151 -3.483092825872989 0
5.304560889348435 -3.184868881061777 0
5.628740969496317 -3.574629657106652 0
5.436564534174289 -3.68380787741461 0
5.626140969224398 -3.759775590001647 0
5.812889186971509 -3.864686630890489 0
5.808712150517723 -3.289235531702019 0
5.809335230555203 -2.72816245197081 0
5.809958538019755 -2.167084274493627 0
5.812505384401845 -1.604850213188968 0
5.813054862595718 -1.043702550379073 0
5.809894200005834 -0.4846907009298832 0
5.810113992866804 0.4500571558355544 0
5.810747519522704 1.011084858983448 0
5.294997823247961 -3.554253640507638 0
5.811380710638749 1.572118150289609 0
5.812008156673561 2.133153463412231 0
5.812669981398004 2.694189746861385 0
5.799773359667803 3.223223018218974 0
-5.64728335064626 -4.449484242773455 0
-5.482154201894616 -4.349903268667636 0
-5.645986256306189 -4.262038240463109 0
-5.481497115863817 -4.163282757390901 0
-5.647202821340131 -4.078665042701269 0
-5.481548308141422 -3.977883547760865 0
-5.68019414672793 -3.894607174911911 0
-5.48673199012079 -3.79198546937524 0
-5.319713188681936 -4.070942575995944 0
-5.644835546057537 -3.699909167254091 0
-5.481094600651859 -3.603695154075391 0
-5.64518006060007 -3.522581633623226 0
-5.480327238997412 -3.419239385976401 0
-5.679181976949935 -3.335018559043037 0
-5.485542754284941 -3.232916801252771 0
-5.318449650862947 -3.51272662199136 0
-5.645197252097697 -3.1421146832786 0
-5.479985952470426 -3.04459295636508 0
-5.640037134344839 -2.95769926668365 0
-5.479043850582071 -2.858148771418469 0
-5.640804985265384 -2.767938959402916 0
-5.476797342873563 -2.670002111185938 0
-5.3180336568626 -2.954820791671335 0
-5.63652479936218 -2.580559331879021 0
-5.476112224996663 -2.484229733483845 0
-5.637234644366065 -2.397276247843429 0
-5.477240998471652 -2.298401036301568 0
-5.63917101057722 -2.208079795676728 0
-5.477428276022647 -2.111581912876057 0
-5.316314419782795 -2.396474080553956 0
-5.63553906939778 -2.020962973876037 0
-5.475082355021387 -1.92494884513816 0
-5.636187433709111 -1.837366015940941 0
-5.476197814590076 -1.738925924979778 0
-5.637956232139708 -1.64835768145131 0
-5.476354950230757 -1.552108034482476 0
-5.315202609832345 -1.838356590431969 0
-5.634339328348962 -1.461220333124838 0
-5.473732788471521 -1.365474714441001 0
-5.635051461466787 -1.277405079004042 0
-5.475079667653572 -1.179416925071584 0
-5.636714205375201 -1.088627613224875 0
-5.475257702551264 -0.9926339515646667 0
-5.633131231654716 -0.9014828092513318 0
-5.472377857557125 -0.8060081536919035 0
-5.314031898650319 -1.280204638842088 0
-5.633913400231995 -0.7174521247588658 0
-5.473953358194775 -0.6199172865111846 0
-5.635470510265461 -0.5289065784672646 0
-5.474151896099714 -0.433169703653328 0
-5.631921609815365 -0.3417548950136138 0
-5.471021261221233 -0.2465515848257204 0
-5.312865842612616 -0.7220589028017074 0
-5.636699345615083 -0.1603445811822527 0
-5.473473817532133 -0.06090031759761675 0
-5.635149198119271 0.02965533208986015 0
-5.473300660204963 0.1260141427640271 0
-5.311814248342881 -0.1639986707168199 0
-5.634563734137547 0.2158536826712461 0
-5.470349066236745 0.3124982766967258 0
-5.634249768153149 0.4033451008208564 0
-5.472228766625254 0.4991391206224329 0
-5.629775304002433 0.593570099166661 0
-5.471472752279043 0.6862537743137531 0
-5.310756116192712 0.3941607946226826 0
-5.635268137305919 0.773971946961548 0
-5.469191154286285 0.8718022992788605 0
-5.636552262006796 0.961091967226266 0
-5.471687748687164 1.058223680557321 0
-5.628315668315047 1.152932853487746 0
-5.470407533496623 1.245568821529823 0
-5.309741386884255 0.9522000799776263 0
-5.634238073479137 1.334040487967405 0
-5.46611433808599 1.432189500158692 0
-5.635102484708947 1.521182390917471 0
-5.470194471810117 1.617872593903547 0
-5.627206640856889 1.711716836624624 0
-5.469234976557115 1.804874696633148 0
-5.308255184655811 1.510510560127041 0
-5.632662998791908 1.894254725374674 0
-5.464657659874942 1.991537071955079 0
-5.625882993067521 2.085181608265095 0
-5.467669164677216 2.177992932166653 0
-5.625396465652638 2.271627983909861 0
-5.467766455753751 2.364440234104039 0
-5.306874092982801 2.068722945712662 0
-5.631493525699871 2.454414537936599 0
-5.463201004521794 2.550874517863408 0
-5.624423418457392 2.644517359935776 0
-5.466430041274544 2.737327569328593 0
-5.623936898677012 2.83096036032869 0
-5.466563594025491 2.923771590441978 0
-5.30571450090221 2.626799299549359 0
-5.630426985953989 3.014433751484532 0
-5.461744372026248 3.110201838042574 0
-5.622963866750684 3.203842985903861 0
-5.465183746274904 3.296652062080806 0
-5.622477354604705 3.390282611097888 0
-5.46535231335157 3.483092825872993 0
-5.304560889348767 3.184868881061791 0
-5.62874096949672 3.574629657106636 0
-5.436564534174603 3.683807877414641 0
-5.626140969224787 3.75977559000167 0
-5.812889186971695 3.864686630890479 0
-5.80871215051797 3.289235531702003 0
-5.80933523055542 2.728162451970793 0
-5.809958538019935 2.167084274493611 0
-5.81250538440198 1.604850213188952 0
-5.813054862595822 1.043702550379061 0
-5.80989420000594 0.4846907009298698 0
-5.810113992866874 -0.4500571558355675 0
-5.810747519522744 -1.011084858983458 0
-5.294997823248195 3.554253640507635 0
-5.811380710638771 -1.572118150289618 0
-5.812008156673569 -2.133153463412236 0
-5.812669981398024 -2.694189746861391 0
-5.799773359667824 -3.223223018218976 0
3.78305145872332 -5.800750312277284 0
-3.78305145872332 5.800750312277284 0
5.800750312277335 3.783051458723345 0
-5.800750312277358 -3.783051458723357 0
5.644278051115406 5.558862285843863 0
5.465644274010155 5.66746072253777 0
-5.644278051115406 -5.558862285843863 0
-5.465644274010155 -5.66746072253777 0
5.558862285843852 -5.644278051115413 0
5.667460722537768 -5.46564427401016 0
-5.558862285843852 5.644278051115413 0
-5.667460722537768 5.46564427401016 0
5.183201850634498 -5.64693359485853 0
-5.183201850634498 5.64693359485853 0
-5.646933594858533 -5.183201850634509 0
5.646933594858534 5.183201850634508 0
0.1030609185648283 5.816327830478256 0
-0.1030609185648269 -5.816327830478292 0
5.816327830478571 -0.1030609185648273 0
-5.816327830478652 0.1030609185648232 0
4.214331152118566 -5.826968977645538 0
-4.214331152118566 5.826968977645538 0
5.826968977645565 4.214331152118568 0
-5.826968977645574 -4.214331152118568 0
-5.829371192912049 -5.334496460852194 0
-5.723489618729114 -5.000948229712217 0
5.829371192912049 5.334496460852194 0
5.723489618729114 5.000948229712215 0
5.334496460852193 -5.829371192912051 0
5.000948229712208 -5.723489618729126 0
-5.334496460852193 5.829371192912051 0
-5.000948229712208 5.723489618729126 0
5.307489281209143 -2.998768466028157 0
-2.998768466028112 -5.307489281208515 0
-5.307489281209436 2.998768466028173 0
2.998768466028109 5.307489281208387 0
-2.44069611494444 -5.308482389775207 0
5.308482389775747 -2.440696114944479 0
2.440696114944436 5.308482389775087 0
-5.308482389776 2.440696114944493 0
-1.882579645416278 -5.309521992356019 0
5.309521992356494 -1.88257964541631 0
-5.309521992356694 1.882579645416318 0
1.882579645416276 5.30952199235591 0
-5.310550397260601 1.324479821512309 0
1.324479821512273 5.310550397259924 0
5.310550397260449 -1.324479821512305 0
-1.324479821512279 -5.310550397260024 0
-5.311849655586801 0.7661865765638023 0
0.7661865765637739 5.31184965558622 0
5.311849655586672 -0.7661865765638023 0
-0.7661865765637801 -5.3118496555863 0
-0.2079626914009628 -5.312878826904648 0
-5.31287882690509 0.2079626914009844 0
0.2079626914009582 5.312878826904603 0
5.312878826904987 -0.2079626914009836 0
5.31367268766833 0.3500651709934768 0
-0.3500651709934977 5.313672687668012 0
0.3500651709934884 -5.313672687668036 0
-5.313672687668411 -0.3500651709934738 0
0.9081932841794551 -5.314623134212951 0
5.314623134213214 0.90819328417944 0
-0.908193284179456 5.314623134212948 0
-5.314623134213264 -0.9081932841794391 0
-5.315592126930381 -1.466341223965095 0
5.315592126930356 1.466341223965096 0
1.466341223965104 -5.315592126930127 0
-1.466341223965104 5.315592126930127 0
2.024493698647365 -5.316558180985663 0
-2.024493698647365 5.316558180985663 0
-5.316558180985865 -2.024493698647361 0
5.316558180985854 2.024493698647352 0
2.582434880841169 -5.317178252033234 0
-2.582434880841169 5.317178252033234 0
5.317178252033377 2.582434880841156 0
-5.317178252033396 -2.582434880841163 0
-5.318638109180516 -3.140663493073223 0
3.14066349307324 -5.318638109180386 0
-3.14066349307324 5.318638109180386 0
5.318638109180494 3.140663493073219 0
-5.318961949265606 -3.697479390553283 0
5.318961949265582 3.697479390553274 0
3.697479390553288 -5.318961949265522 0
-3.697479390553288 5.318961949265522 0
-5.320491830092767 -4.257510005385237 0
5.320491830092748 4.257510005385241 0
4.257510005385236 -5.320491830092729 0
-4.257510005385236 5.320491830092729 0
-4.408387436837067 -5.840289382696412 0
5.840289382696402 -4.408387436837054 0
4.408387436837067 5.840289382696409 0
-5.840289382696405 4.408387436837055 0
-4.776976587131884 -5.838826099106063 0
5.838826099106061 -4.776976587131882 0
4.776976587131884 5.838826099106063 0
-5.838826099106065 4.776976587131882 0
4.590559780753894 -5.83442464265916 0
4.846312313485762 -5.621508098848214 0
5.834424642659161 4.590559780753895 0
5.621508098848212 4.846312313485766 0
-4.590559780753894 5.83442464265916 0
-4.846312313485762 5.621508098848214 0
-5.834424642659162 -4.590559780753896 0
-5.621508098848214 -4.846312313485772 0
-5.533061904237825 -5.839664430240542 0
5.839664430240541 -5.533061904237827 0
5.533061904237825 5.839664430240542 0
-5.839664430240541 5.533061904237827 0
-5.004113911345037 -5.193111323243613 0
5.004113911345038 5.193111323243615 0
5.193111323243611 -5.004113911345039 0
-5.193111323243611 5.004113911345037 0
-5.665101914681522 4.851255896792185 0
5.665101914681522 -4.851255896792188 0
-4.85125589679219 -5.665101914681529 0
4.85125589679219 5.665101914681529 0
-5.178185751048944 4.350288217739344 0
4.722003059566578 -5.160393976514399 0
5.160393976514399 4.722003059566579 0
-4.722003059566578 5.160393976514399 0
-5.160393976514403 -4.722003059566579 0
-4.350288217739341 -5.178185751048976 0
5.178185751048947 -4.350288217739347 0
4.350288217739341 5.178185751048976 0
5.641482281093105 -4.189071047741662 0
-5.641482281093134 4.189071047741662 0
-4.18907104774172 -5.641482281093152 0
4.189071047741725 5.641482281093144 0
5.551058772114478 -5.314176657486896 0
-5.551058772114478 5.314176657486896 0
-5.314176657486897 -5.551058772114478 0
5.314176657486897 5.551058772114478 0
5.092597997181157 -5.471093359933052 0
-5.092597997181157 5.471093359933052 0
5.471093359933052 5.092597997181158 0
-5.471093359933051 -5.092597997181161 0
5.816401881026341 -5.15792537337714 0
-5.816401881026341 5.15792537337714 0
-5.157925373377141 -5.816401881026339 0
5.157925373377141 5.816401881026339 0
-5.160231176927446 -4.536620616741774 0
5.160231176927438 4.536620616741778 0
4.536620616741777 -5.160231176927437 0
-4.536620616741777 5.160231176927437 0
-5.321063827839299 -4.44328418904855 0
5.321063827839268 4.443284189048573 0
4.44328418904857 -5.321063827839273 0
-4.44328418904857 5.321063827839273 0
-5.729367668348158 4.038446556464145 0
5.729367668348087 -4.038446556464133 0
-4.038446556464145 -5.729367668348084 0
4.038446556464144 5.729367668348063 0
-5.159700353464919 -4.165707995122951 0
5.159700353464908 4.165707995122952 0
4.165707995122951 -5.159700353464894 0
-4.165707995122951 5.159700353464894 0
-5.159304290087899 -3.980407940462432 0
5.159304290087887 3.980407940462433 0
3.980407940462434 -5.159304290087869 0
-3.980407940462434 5.159304290087869 0
-5.32086311747234 -3.885533113365204 0
5.320863117472319 3.885533113365201 0
3.885533113365203 -5.320863117472283 0
-3.885533113365203 5.320863117472283 0
3.475369568341307 5.813441032019992 0
-3.475369568341306 -5.813441032020084 0
5.813441032020556 -3.475369568341302 0
-5.813441032020767 3.475369568341295 0
-5.158251221367451 -3.609466736119392 0
5.158251221367438 3.609466736119391 0
3.609466736119395 -5.158251221367406 0
-3.609466736119395 5.158251221367406 0
-5.158299417549968 -3.42405698578668 0
5.158299417549957 3.424056985786682 0
3.424056985786694 -5.158299417549915 0
-3.424056985786694 5.158299417549915 0
-5.319793331380908 -3.327898504621289 0
5.319793331380883 3.327898504621306 0
3.327898504621368 -5.319793331380801 0
-3.327898504621368 5.319793331380801 0
-5.158211939003223 -3.05247975167134 0
5.158211939003211 3.052479751671339 0
3.052479751671346 -5.158211939003154 0
-3.052479751671346 5.158211939003154 0
2.913948191873818 5.814737082319226 0
-2.913948191873817 -5.814737082319309 0
5.8147370823197 -2.913948191873816 0
-5.814737082319885 2.913948191873809 0
-5.159438010946317 -2.865324107317775 0
5.159438010946308 2.865324107317773 0
2.865324107317782 -5.159438010946251 0
-2.865324107317782 5.159438010946251 0
-5.318026410208119 -2.768498653527883 0
5.318026410208099 2.768498653527877 0
2.768498653527887 -5.318026410207975 0
-2.768498653527887 5.318026410207975 0
-5.157343469957977 -2.495664172490421 0
5.157343469957964 2.495664172490417 0
2.495664172490424 -5.157343469957882 0
-2.495664172490424 5.157343469957882 0
2.352738440194863 5.81531163167592 0
-2.352738440194861 -5.815311631675997 0
5.815311631676336 -2.35273844019486 0
-5.815311631676492 2.352738440194852 0
-5.158917287129175 -2.308233046944588 0
5.158917287129169 2.308233046944581 0
2.308233046944593 -5.158917287129086 0
-2.308233046944593 5.158917287129086 0
-5.317226702943652 -2.210433331026321 0
5.31722670294364 2.210433331026311 0
2.210433331026323 -5.317226702943469 0
-2.210433331026323 5.317226702943469 0
-5.156650556607065 -1.939069108010306 0
5.156650556607056 1.939069108010303 0
1.939069108010309 -5.156650556606943 0
-1.939069108010309 5.156650556606943 0
1.791215757166262 5.816282374053363 0
-1.791215757166261 -5.816282374053431 0
5.816282374053725 -1.791215757166258 0
-5.816282374053849 1.791215757166249 0
-5.158521340946142 -1.75121921401615 0
5.158521340946134 1.751219214016151 0
1.751219214016159 -5.158521340946027 0
-1.751219214016159 5.158521340946027 0
-5.316335079968701 -1.65225425742836 0
5.316335079968683 1.652254257428359 0
1.652254257428366 -5.31633507996847 0
-1.652254257428366 5.31633507996847 0
5.707334383744136 -5.81198089831894 0
5.811980898318936 5.707334383744142 0
-5.707334383744136 5.81198089831894 0
-5.811980898318936 -5.707334383744142 0
-5.155898198800199 -1.382433650163885 0
5.155898198800181 1.382433650163885 0
1.38243365016389 -5.155898198800047 0
-1.38243365016389 5.155898198800047 0
-5.15809992394092 -1.194195176683065 0
5.158099923940902 1.194195176683066 0
1.194195176683078 -5.158099923940778 0
-1.194195176683077 5.158099923940778 0
1.231911308511928 5.807945142752684 0
-1.231911308511918 -5.807945142752769 0
5.807945142753113 -1.231911308511889 0
-5.807945142753237 1.231911308511872 0
-5.315413575925207 -1.094063378751494 0
5.315413575925167 1.094063378751493 0
1.094063378751506 -5.31541357592492 0
-1.094063378751506 5.31541357592492 0
-4.723052644975842 -5.15413245373177 0
4.723052644975842 5.15413245373177 0
-5.154132453731766 4.723052644975843 0
5.154132453731766 -4.723052644975843 0
-5.155154203103492 -0.8258005496606732 0
5.15515420310346 0.8258005496606746 0
0.8258005496606811 -5.155154203103304 0
-0.8258005496606821 5.155154203103302 0
-5.157674902116565 -0.6371748396243095 0
5.157674902116531 0.6371748396243145 0
0.6371748396243215 -5.157674902116392 0
-0.6371748396243292 5.157674902116385 0
0.6709762166366466 5.808040979054304 0
-0.67097621663664 -5.808040979054363 0
5.808040979054681 -0.6709762166366111 0
-5.808040979054793 0.670976216636593 0
-5.314493708444179 -0.535881222143886 0
5.314493708444109 0.5358812221438884 0
0.535881222143898 -5.314493708443831 0
-0.5358812221439058 5.314493708443814 0
-5.154440492057056 -0.2691855698562861 0
5.154440492057007 0.2691855698562875 0
0.2691855698562938 -5.154440492056834 0
-0.2691855698562972 5.154440492056819 0
-5.157268201845046 -0.08017404486893062 0
5.157268201845001 0.08017404486893226 0
0.08017404486894694 -5.157268201844842 0
-0.08017404486894886 5.157268201844826 0
-5.31377345568818 0.02213897415289694 0
5.313773455688088 -0.02213897415289763 0
-0.02213897415287919 -5.313773455687772 0
0.02213897415287576 5.313773455687736 0
-5.153759947240464 0.2874286747463254 0
5.153759947240402 -0.2874286747463246 0
-0.2874286747463152 -5.153759947240202 0
0.2874286747463122 5.153759947240173 0
-5.156860107617038 0.4768408946290308 0
5.15686010761698 -0.4768408946290291 0
-0.4768408946290138 -5.156860107616801 0
0.4768408946290091 5.15686010761677 0
-5.312723468231007 0.5805565473649701 0
5.312723468230886 -0.5805565473649703 0
-0.5805565473649505 -5.312723468230531 0
0.5805565473649439 5.312723468230464 0
0.2649288415803021 -5.808881513965749 0
-0.2649288415802962 5.808881513965725 0
5.808881513966002 0.2649288415803266 0
-5.808881513966079 -0.2649288415803416 0
-5.153055618620591 0.8440549941941262 0
5.153055618620515 -0.8440549941941258 0
-0.8440549941941158 -5.153055618620295 0
0.8440549941941123 5.153055618620248 0
-5.156449421358174 1.033835544929702 0
5.156449421358105 -1.033835544929698 0
-1.033835544929681 -5.156449421357907 0
1.033835544929676 5.156449421357863 0
-5.311880897407915 1.138648459615576 0
5.311880897407775 -1.138648459615574 0
-1.13864845961555 -5.311880897407381 0
1.138648459615545 5.31188089740729 0
-5.152235941071165 1.400737507112982 0
5.152235941071073 -1.40073750711298 0
-1.400737507112968 -5.152235941070823 0
1.400737507112966 5.152235941070765 0
0.8251596208007073 -5.814246086894536 0
-0.8251596208007062 5.814246086894532 0
5.814246086894745 0.8251596208007164 0
-5.814246086894788 -0.8251596208007248 0
-5.155935039023602 1.590882488190125 0
5.155935039023515 -1.59088248819012 0
-1.5908824881901 -5.155935039023293 0
1.590882488190099 5.15593503902324 0
-5.310812189840392 1.696854014234699 0
5.310812189840212 -1.696854014234693 0
-1.696854014234664 -5.310812189839767 0
1.696854014234662 5.310812189839664 0
-3.796296296296298 -5.141424885826784 0
3.796296296296298 5.141424885826784 0
5.141424885826773 -3.796296296296298 0
-5.141424885826767 3.796296296296298 0
-5.151487213183659 1.957370868464254 0
5.151487213183538 -1.957370868464248 0
-1.957370868464234 -5.151487213183259 0
1.957370868464233 5.151487213183193 0
-5.155444076336456 2.147902618597721 0
5.155444076336343 -2.14790261859771 0
-2.147902618597686 -5.155444076336094 0
2.147902618597683 5.155444076336037 0
1.386230410021256 -5.814879094920545 0
-1.386230410021256 5.814879094920545 0
-5.814879094920753 -1.386230410021274 0
5.814879094920728 1.386230410021266 0
-5.309542893910971 2.255162807462005 0
5.309542893910741 -2.255162807461994 0
-2.255162807461959 -5.309542893910235 0
2.255162807461955 5.309542893910121 0
-5.491951459726139 3.873245705653948 0
5.491951459725973 -3.873245705653913 0
-3.873245705653815 -5.491951459725689 0
3.873245705653797 5.49195145972562 0
-5.150781870277441 2.513983766487584 0
5.150781870277291 -2.513983766487578 0
-2.51398376648756 -5.150781870276971 0
2.513983766487558 5.150781870276899 0
-5.154991305326321 2.704894394579076 0
5.154991305326185 -2.704894394579064 0
-2.704894394579035 -5.154991305325897 0
2.704894394579032 5.154991305325835 0
-5.308584464591288 2.813266303898532 0
5.308584464591014 -2.813266303898518 0
-2.813266303898476 -5.308584464590429 0
2.813266303898473 5.308584464590304 0
1.947304798903586 -5.815509433447376 0
-1.947304798903586 5.815509433447376 0
5.815509433447532 1.947304798903596 0
-5.815509433447541 -1.947304798903601 0
-5.150093654534539 3.070587617067639 0
5.150093654534365 -3.070587617067633 0
-3.070587617067612 -5.150093654533993 0
3.070587617067611 5.150093654533918 0
-5.154536386001256 3.261881261916591 0
5.154536386001103 -3.261881261916582 0
-3.261881261916549 -5.154536386000768 0
3.26188126191655 5.154536386000704 0
-5.305708875039961 3.370932714179474 0
5.305708875039669 -3.370932714179468 0
-3.37093271417942 -5.305708875039022 0
3.370932714179418 5.305708875038897 0
-5.140697743971305 3.621796701570271 0
5.140697743971232 -3.621796701570285 0
-3.621796701570288 -5.140697743971065 0
3.621796701570292 5.140697743971033 0
2.508347599684279 -5.81609506729705 0
-2.508347599684279 5.81609506729705 0
-5.816095067297184 -2.508347599684295 0
5.816095067297168 2.50834759968429 0
3.064469612377652 -5.815994653832199 0
-3.064469612377652 5.815994653832199 0
5.815994653832282 3.064469612377665 0
-5.815994653832296 -3.064469612377668 0
-5.821397692620897 -3.631132043266779 0
5.821397692620884 3.631132043266773 0
3.631132043266766 -5.821397692620853 0
-3.631132043266766 5.821397692620853 0
5.876827556784236 4.974523746016196 0
-5.876827556784236 -4.974523746016199 0
4.974523746016193 -5.876827556784241 0
-4.974523746016193 5.876827556784241 0
-5.712829562955911 4.687624616907391 0
5.712829562955919 -4.68762461690739 0
-4.687624616907391 -5.71282956295593 0
4.687624616907391 5.71282956295593 0
-4.166666666666663 -5.123934323217091 0
4.166666666666663 5.123934323217091 0
5.123934323217038 -4.166666666666664 0
-5.123934323217031 4.166666666666663 0
-4.488510106519797 -5.305762763156166 0
4.488510106519797 5.305762763156166 0
5.305762763156141 -4.488510106519803 0
-5.305762763156133 4.488510106519799 0
-5.634320346289463 -5.725436333592691 0
5.634320346289463 5.725436333592691 0
5.725436333592687 -5.634320346289466 0
-5.725436333592687 5.634320346289466 0
-5.70624124637873 4.331293110566419 0
5.706241246378737 -4.331293110566413 0
-4.331293110566437 -5.706241246378765 0
4.331293110566437 5.706241246378765 0
3.913282796241631 5.643112403157443 0
-3.913282796241635 -5.643112403157512 0
5.643112403157799 -3.913282796241649 0
-5.643112403157968 3.913282796241664 0
4.033154769298556 5.87833718126514 0
-4.033154769298555 -5.878337181265165 0
5.878337181265225 -4.033154769298541 0
-5.878337181265287 4.033154769298541 0
5.701257875620523 -5.025424619573044 0
-5.701257875620525 5.025424619573042 0
-5.025424619573045 -5.701257875620525 0
5.025424619573045 5.701257875620525 0
-5.862740473580835 -5.862740473580835 0
5.862740473580835 -5.862740473580835 0
5.862740473580835 5.862740473580835 0
-5.862740473580835 5.862740473580835 0
-4.876941380543399 -5.125303296013896 0
4.876941380543399 5.125303296013896 0
5.125303296013893 -4.876941380543401 0
-5.125303296013893 4.8769413805434 0
-5.291269064902353 -5.701779478999062 0
5.291269064902353 5.701779478999062 0
5.701779478999063 -5.291269064902353 0
-5.701779478999063 5.291269064902353 0
-5.265288893514748 3.698973728397816 0
5.265288893514597 -3.698973728397805 0
-3.698973728397736 -5.26528889351425 0
3.698973728397727 5.265288893514182 0
4.999931245196887 -5.581362343475377 0
-4.999931245196887 5.581362343475377 0
-5.581362343475367 -4.999931245196894 0
5.581362343475371 4.999931245196882 0
3.896328332016464 -5.869428467337785 0
-3.896328332016464 5.869428467337785 0
5.869428467337802 3.896328332016489 0
-5.869428467337811 -3.896328332016501 0
3.340759673922368 -5.871978163048884 0
-3.340759673922368 5.871978163048884 0
5.871978163048909 3.340759673922411 0
-5.871978163048916 -3.340759673922423 0
$EndNodes
$Elements
8 9880 1 9880
1 1 1 64
1 1 11 
2 11 12 
3 12 13 
4 13 14 
5 14 15 
6 15 16 
7 16 17 
8 17 18 
9 18 19 
10 19 20 
11 20 21 
12 21 22 
13 22 23 
14 23 24 
15 24 25 
16 25 26 
17 26 27 
18 27 28 
19 28 29 
20 29 30 
21 30 31 
22 31 32 
23 32 33 
24 33 34 
25 34 35 
26 35 36 
27 36 37 
28 37 38 
29 38 39 
30 39 40 
31 40 41 
32 41 42 
33 42 43 
34 43 44 
35 44 45 
36 45 46 
37 46 47 
38 47 48 
39 48 49 
40 49 50 
41 50 51 
42 51 52 
43 52 53 
44 53 54 
45 54 55 
46 55 56 
47 56 57 
48 57 58 
49 58 59 
50 59 60 
51 60 61 
52 61 62 
53 62 63 
54 63 64 
55 64 65 
56 65 66 
57 66 67 
58 67 68 
59 68 69 
60 69 70 
61 70 71 
62 71 72 
63 72 73 
64 73 2 
1 2 1 64
65 2 74 
66 74 75 
67 75 76 
68 76 77 
69 77 78 
70 78 79 
71 79 80 
72 80 81 
73 81 82 
74 82 83 
75 83 84 
76 84 85 
77 85 86 
78 86 87 
79 87 88 
80 88 89 
81 89 90 
82 90 91 
83 91 92 
84 92 93 
85 93 94 
86 94 95 
87 95 96 
88 96 97 
89 97 98 
90 98 99 
91 99 100 
92 100 101 
93 101 102 
94 102 103 
95 103 104 
96 104 105 
97 105 106 
98 106 107 
99 107 108 
100 108 109 
101 109 110 
102 110 111 
103 111 112 
104 112 113 
105 113 114 
106 114 115 
107 115 116 
108 116 117 
109 117 118 
110 118 119 
111 119 120 
112 120 121 
113 121 122 
114 122 123 
115 123 124 
116 124 125 
117 125 126 
118 126 127 
119 127 128 
120 128 129 
121 129 130 
122 130 131 
123 131 132 
124 132 133 
125 133 134 
126 134 135 
127 135 136 
128 136 3 
1 3 1 64
129 3 137 
130 137 138 
131 138 139 
132 139 140 
133 140 141 
134 141 142 
135 142 143 
136 143 144 
137 144 145 
138 145 146 
139 146 147 
140 147 148 
141 148 149 
142 149 150 
143 150 151 
144 151 152 
145 152 153 
146 153 154 
147 154 155 
148 155 156 
149 156 157 
150 157 158 
151 158 159 
152 159 160 
153 160 161 
154 161 162 
155 162 163 
156 163 164 
157 164 165 
158 165 166 
159 166 167 
160 167 168 
161 168 169 
162 169 170 
163 170 171 
164 171 172 
165 172 173 
166 173 174 
167 174 175 
168 175 176 
169 176 177 
170 177 178 
171 178 179 
172 179 180 
173 180 181 
174 181 182 
175 182 183 
176 183 184 
177 184 185 
178 185 186 
179 186 187 
180 187 188 
181 188 189 
182 189 190 
183 190 191 
184 191 192 
185 192 193 
186 193 194 
187 194 195 
188 195 196 
189 196 197 
190 197 198 
191 198 199 
192 199 4 
1 4 1 64
193 4 200 
194 200 201 
195 201 202 
196 202 203 
197 203 204 
198 204 205 
199 205 206 
200 206 207 
201 207 208 
202 208 209 
203 209 210 
204 210 211 
205 211 212 
206 212 213 
207 213 214 
208 214 215 
209 215 216 
210 216 217 
211 217 218 
212 218 219 
213 219 220 
214 220 221 
215 221 222 
216 222 223 
217 223 224 
218 224 225 
219 225 226 
220 226 227 
221 227 228 
222 228 229 
223 229 230 
224 230 231 
225 231 232 
226 232 233 
227 233 234 
228 234 235 
229 235 236 
230 236 237 
231 237 238 
232 238 239 
233 239 240 
234 240 241 
235 241 242 
236 242 243 
237 243 244 
238 244 245 
239 245 246 
240 246 247 
241 247 248 
242 248 249 
243 249 250 
244 250 251 
245 251 252 
246 252 253 
247 253 254 
248 254 255 
249 255 256 
250 256 257 
251 257 258 
252 258 259 
253 259 260 
254 260 261 
255 261 262 
256 262 1 
1 10 1 34
257 10 575 
258 575 576 
259 576 577 
260 577 578 
261 578 579 
262 579 580 
263 580 581 
264 581 582 
265 582 583 
266 583 584 
267 584 585 
268 585 586 
269 586 587 
270 587 588 
271 588 589 
272 589 590 
273 590 591 
274 591 592 
275 592 593 
276 593 594 
277 594 595 
278 595 596 
279 596 597 
280 597 598 
281 598 599 
282 599 600 
283 600 601 
284 601 602 
285 602 603 
286 603 604 
287 604 605 
288 605 606 
289 606 607 
290 607 10 
2 5 2 1759
291 937 1326 1292 
292 974 1342 602 
293 614 974 602 
294 621 1008 952 
295 1054 1328 985 
296 1328 1392 985 
297 996 1379 612 
298 1021 1039 981 
299 641 1221 1025 
300 1015 1055 728 
301 1000 1253 658 
302 1243 1329 1191 
303 659 1012 622 
304 983 984 610 
305 955 956 618 
306 977 978 615 
307 641 1253 1221 
308 612 1342 996 
309 970 971 614 
310 968 970 614 
311 593 659 622 
312 605 983 610 
313 587 1008 621 
314 581 977 615 
315 597 955 618 
316 745 1094 747 
317 657 1234 573 
318 833 1039 1021 
319 807 1060 1014 
320 965 967 962 
321 1088 1089 655 
322 1295 1328 820 
323 530 1159 529 
324 1087 1327 1089 
325 611 1250 976 
326 937 1292 938 
327 747 1094 1086 
328 631 1193 493 
329 1060 1062 1014 
330 653 1249 1232 
331 655 1270 1088 
332 961 965 962 
333 517 1173 516 
334 639 1173 517 
335 653 1301 1249 
336 525 1253 524 
337 1006 1036 849 
338 1282 1283 915 
339 630 1418 1124 
340 1012 1299 622 
341 652 1329 1243 
342 573 1234 572 
343 493 1193 492 
344 1015 1295 1055 
345 988 1328 1295 
346 630 1124 1122 
347 918 1281 1280 
348 702 1335 1001 
349 565 1266 628 
350 1192 1193 631 
351 1301 1344 1249 
352 1249 1344 1248 
353 1221 1253 1000 
354 1012 1346 1299 
355 849 1037 1006 
356 1250 1371 976 
357 1319 1326 939 
358 1001 1048 702 
359 979 1022 993 
360 911 1312 1017 
361 1088 1270 1111 
362 1089 1327 1091 
363 766 1037 764 
364 631 1194 1192 
365 1017 1312 620 
366 1025 1271 641 
367 1278 1279 920 
368 529 1159 640 
369 1292 1326 608 
370 1270 1339 1111 
371 624 1030 661 
372 976 1005 613 
373 612 1379 985 
374 1133 1212 654 
375 652 1243 1076 
376 821 1094 745 
377 1246 1277 1276 
378 1124 1418 1128 
379 1026 1271 1025 
380 658 1365 1000 
381 988 1392 1328 
382 1086 1093 747 
383 965 1024 967 
384 962 967 964 
385 482 1262 627 
386 1121 1284 1122 
387 1024 1258 967 
388 992 1326 1319 
389 834 1084 1082 
390 625 1300 1092 
391 748 1093 751 
392 1122 1284 630 
393 1092 1331 625 
394 1230 1317 1313 
395 970 994 971 
396 1150 1304 1076 
397 609 1321 1210 
398 1076 1304 652 
399 1240 1357 1152 
400 837 1294 1160 
401 1152 1357 1334 
402 950 1378 589 
403 1077 1078 656 
404 1013 1337 825 
405 754 1259 822 
406 1008 1306 952 
407 728 1263 1015 
408 994 1027 971 
409 1101 1174 1100 
410 979 993 615 
411 1078 1079 656 
412 524 1253 641 
413 658 1253 525 
414 825 1358 1013 
415 1150 1353 1304 
416 961 962 619 
417 616 969 968 
418 617 965 961 
419 915 1302 1282 
420 570 1134 569 
421 629 1260 487 
422 1375 1381 1003 
423 610 989 606 
424 1157 1355 527 
425 527 1369 1157 
426 989 1388 606 
427 661 1030 936 
428 1014 1254 807 
429 834 1093 1084 
430 654 1212 1031 
431 833 1037 766 
432 764 1037 849 
433 530 1290 1159 
434 920 1387 1278 
435 1220 1310 1303 
436 1001 1335 975 
437 626 1341 1002 
438 1002 1368 626 
439 646 1020 1019 
440 566 1266 565 
441 1061 1062 1060 
442 1171 1174 1101 
443 626 1134 570 
444 509 1245 648 
445 853 1258 1024 
446 918 1370 1281 
447 963 1008 619 
448 993 1395 583 
449 589 1378 623 
450 592 659 593 
451 604 983 605 
452 586 1008 587 
453 580 977 581 
454 596 955 597 
455 582 993 583 
456 588 950 589 
457 591 1030 624 
458 623 1030 590 
459 622 1017 594 
460 595 1017 620 
461 618 1007 598 
462 599 1007 616 
463 585 961 619 
464 617 961 584 
465 616 968 600 
466 601 968 614 
467 575 992 609 
468 608 992 10 
469 579 976 613 
470 611 976 578 
471 577 1210 611 
472 609 1210 576 
473 747 1093 748 
474 751 1093 834 
475 1313 1317 637 
476 1280 1314 918 
477 625 1331 1152 
478 1196 1216 1190 
479 1003 1381 1306 
480 1019 1029 646 
481 1283 1364 915 
482 1075 1208 1095 
483 1039 1396 981 
484 1214 1255 638 
485 1017 1299 911 
486 1210 1321 926 
487 1174 1294 837 
488 483 1262 482 
489 644 1170 1169 
490 657 1383 1234 
491 1191 1329 1193 
492 967 1308 964 
493 822 1259 1095 
494 956 957 618 
495 984 986 610 
496 978 979 615 
497 971 974 614 
498 1022 1395 993 
499 1101 1199 1171 
500 1152 1334 625 
501 985 1379 1054 
502 640 1159 1158 
503 648 1245 1242 
504 1303 1310 636 
505 1100 1174 837 
506 922 1337 1013 
507 1016 1336 796 
508 1266 1398 628 
509 644 1169 1168 
510 622 1299 1017 
511 995 1311 996 
512 1333 1347 1290 
513 1062 1297 953 
514 1276 1389 1246 
515 510 1245 509 
516 1016 1375 1003 
517 1290 1347 1159 
518 796 1375 1016 
519 1094 1327 1087 
520 487 1260 486 
521 1089 1090 655 
522 1007 1406 616 
523 557 1285 556 
524 495 1195 494 
525 494 1195 631 
526 963 1306 1008 
527 1061 1297 1062 
528 1021 1349 833 
529 1306 1381 990 
530 631 1195 1194 
531 834 1259 754 
532 1084 1093 1086 
533 1055 1295 820 
534 1095 1208 822 
535 1155 1216 1196 
536 1092 1300 1090 
537 823 1381 1375 
538 1082 1259 834 
539 1211 1315 1091 
540 1075 1095 1078 
541 1171 1199 1169 
542 964 1308 1016 
543 1192 1196 1190 
544 602 1342 603 
545 1188 1218 645 
546 639 1318 1173 
547 966 1395 1022 
548 1013 1338 922 
549 1160 1294 1011 
550 1078 1080 1079 
551 792 1308 1258 
552 645 1219 543 
553 543 1219 542 
554 996 1342 974 
555 1194 1196 1192 
556 1218 1219 645 
557 1279 1325 920 
558 617 966 965 
559 969 970 968 
560 962 963 619 
561 583 1395 617 
562 606 1388 607 
563 938 1292 1267 
564 971 1027 995 
565 1246 1320 1277 
566 976 1371 1005 
567 1019 1213 1029 
568 1029 1213 903 
569 1220 1235 1136 
570 859 1346 1012 
571 638 1409 1214 
572 654 1343 1133 
573 648 1242 1241 
574 1267 1322 938 
575 693 1360 1018 
576 995 1391 1311 
577 618 1415 1007 
578 1218 1235 1220 
579 1170 1171 1169 
580 1258 1308 967 
581 986 989 610 
582 843 1226 1027 
583 971 995 974 
584 956 958 957 
585 978 981 979 
586 984 987 986 
587 992 1319 609 
588 1262 1397 627 
589 1264 1269 1194 
590 1024 1291 853 
591 1089 1091 1090 
592 1003 1306 963 
593 1091 1315 1092 
594 1147 1286 1241 
595 903 1214 1029 
596 608 1326 992 
597 953 1380 1062 
598 1012 1377 859 
599 623 1405 1382 
600 1078 1095 1080 
601 1194 1269 1196 
602 939 1041 1035 
603 1080 1081 1079 
604 1035 1041 1034 
605 859 1065 1043 
606 1034 1041 828 
607 545 1256 544 
608 969 972 970 
609 966 1024 965 
610 962 964 963 
611 899 1051 928 
612 623 1382 1030 
613 1033 1056 905 
614 556 1285 650 
615 928 1051 1049 
616 1170 1172 1171 
617 1129 1206 1125 
618 905 1056 867 
619 725 1206 1129 
620 712 1226 843 
621 1043 1065 1045 
622 833 1349 1037 
623 995 996 974 
624 1042 1045 677 
625 984 988 987 
626 978 1021 981 
627 956 1013 958 
628 958 959 957 
629 828 1057 1034 
630 981 982 979 
631 987 1004 986 
632 1091 1092 1090 
633 1043 1045 1042 
634 839 1209 899 
635 1036 1058 849 
636 1080 1082 1081 
637 1218 1220 1219 
638 945 1198 942 
639 998 1204 1182 
640 899 1209 1051 
641 750 1038 836 
642 1066 1145 785 
643 860 1047 736 
644 1041 1063 828 
645 677 1099 1042 
646 1053 1054 1052 
647 678 1099 677 
648 1123 1130 1120 
649 744 1057 828 
650 938 1047 860 
651 867 1056 1038 
652 945 1145 1066 
653 768 1039 833 
654 718 1053 1052 
655 668 1065 666 
656 685 1044 869 
657 752 1038 750 
658 778 1040 777 
659 772 1046 838 
660 1182 1204 789 
661 849 1058 762 
662 697 1048 818 
663 722 1055 820 
664 686 1044 685 
665 828 1063 742 
666 716 1052 840 
667 666 1065 859 
668 969 973 972 
669 736 1047 734 
670 972 994 970 
671 866 926 912 
672 964 1003 963 
673 868 905 867 
674 869 908 847 
675 1034 1057 865 
676 959 960 957 
677 865 1057 749 
678 868 1058 1036 
679 870 937 860 
680 868 906 905 
681 982 1022 979 
682 836 866 865 
683 1172 1174 1171 
684 758 1058 868 
685 685 847 681 
686 866 912 865 
687 783 853 781 
688 734 832 732 
689 758 868 867 
690 712 843 710 
691 758 867 756 
692 764 849 762 
693 738 860 736 
694 869 922 908 
695 734 1047 832 
696 685 869 847 
697 691 825 689 
698 836 865 749 
699 716 840 714 
700 702 1048 699 
701 677 1045 674 
702 728 1055 724 
703 777 1046 774 
704 718 1052 716 
705 768 833 766 
706 899 928 927 
707 744 828 742 
708 815 1061 1060 
709 674 1045 672 
710 838 1039 770 
711 870 939 937 
712 908 911 909 
713 1170 1173 1172 
714 750 836 749 
715 770 1039 768 
716 774 1046 772 
717 738 870 860 
718 699 1048 697 
719 772 838 770 
720 724 1055 722 
721 720 1053 718 
722 800 823 798 
723 689 1044 686 
724 820 1053 720 
725 722 820 720 
726 697 818 695 
727 1273 1296 1010 
728 839 899 898 
729 757 758 756 
730 1127 1129 1125 
731 756 1038 752 
732 806 807 804 
733 781 1040 778 
734 748 749 746 
735 1038 1056 836 
736 937 938 860 
737 815 1060 808 
738 1082 1083 1081 
739 825 1044 689 
740 1082 1084 1083 
741 733 734 732 
742 746 1057 744 
743 701 702 699 
744 782 783 781 
745 682 685 681 
746 808 1060 807 
747 1210 1350 611 
748 1066 1198 945 
749 776 777 774 
750 1102 1105 871 
751 1106 1109 675 
752 727 728 724 
753 738 1063 870 
754 784 792 783 
755 735 736 734 
756 676 677 674 
757 705 706 703 
758 755 756 752 
759 672 1065 668 
760 780 781 778 
761 711 712 710 
762 912 1035 1034 
763 731 732 729 
764 870 1063 1041 
765 680 681 678 
766 810 815 808 
767 908 909 847 
768 763 764 762 
769 524 641 523 
770 529 640 528 
771 518 639 517 
772 535 638 534 
773 512 637 511 
774 541 636 540 
775 506 635 505 
776 547 634 546 
777 500 633 499 
778 553 632 552 
779 1084 1086 1085 
780 494 631 493 
781 559 630 558 
782 488 629 487 
783 565 628 564 
784 482 627 481 
785 571 626 570 
786 476 625 475 
787 866 1033 926 
788 709 710 707 
789 872 1119 1115 
790 866 1056 1033 
791 853 1040 781 
792 737 738 736 
793 944 945 942 
794 899 927 898 
795 925 998 997 
796 1086 1094 1087 
797 762 1058 759 
798 713 714 712 
799 665 1064 667 
800 526 658 525 
801 867 1038 756 
802 761 762 759 
803 765 766 764 
804 749 1057 746 
805 521 643 520 
806 532 642 531 
807 515 644 514 
808 538 646 537 
809 509 648 508 
810 544 645 543 
811 503 647 502 
812 550 649 549 
813 497 651 496 
814 556 650 555 
815 491 652 490 
816 562 653 561 
817 485 656 484 
818 568 654 567 
819 479 655 478 
820 574 657 573 
821 836 1056 866 
822 690 691 689 
823 753 1105 1102 
824 748 750 749 
825 701 703 702 
826 904 1109 1106 
827 797 798 796 
828 688 689 686 
829 715 716 714 
830 806 808 807 
831 776 778 777 
832 911 921 909 
833 692 693 691 
834 727 729 728 
835 755 757 756 
836 681 1099 678 
837 868 1036 906 
838 1122 1123 1120 
839 795 796 793 
840 676 678 677 
841 1120 1130 1119 
842 1124 1125 1123 
843 694 695 693 
844 767 768 766 
845 717 718 716 
846 1115 1119 788 
847 757 759 758 
848 1186 1223 1217 
849 705 707 706 
850 912 1034 865 
851 759 1058 758 
852 667 1064 670 
853 799 800 798 
854 743 744 742 
855 719 720 718 
856 780 782 781 
857 925 1106 998 
858 1126 1127 1125 
859 680 682 681 
860 1125 1206 1123 
861 987 1015 1004 
862 731 733 732 
863 944 946 945 
864 733 735 734 
865 769 770 768 
866 741 742 739 
867 745 746 744 
868 782 784 783 
869 958 1018 959 
870 682 686 685 
871 670 829 684 
872 760 1098 1067 
873 721 722 720 
874 1084 1085 1083 
875 709 711 710 
876 909 1099 847 
877 771 772 770 
878 998 999 997 
879 696 697 695 
880 1045 1065 672 
881 784 793 792 
882 761 763 762 
883 1086 1087 1085 
884 735 737 736 
885 661 936 664 
886 1178 1185 879 
887 1176 1184 880 
888 773 774 772 
889 801 802 800 
890 711 713 712 
891 829 839 830 
892 666 859 663 
893 763 765 764 
894 747 748 746 
895 839 898 845 
896 698 699 697 
897 723 724 722 
898 688 690 689 
899 742 1063 739 
900 737 739 738 
901 870 1041 939 
902 803 804 802 
903 713 715 714 
904 1067 1098 1069 
905 936 1050 1049 
906 673 674 672 
907 805 806 804 
908 1168 1169 1166 
909 795 797 796 
910 816 1184 1176 
911 1069 1073 1072 
912 690 692 691 
913 932 1011 1010 
914 765 767 766 
915 671 672 668 
916 1122 1124 1123 
917 1042 1099 909 
918 775 776 774 
919 1073 1075 1074 
920 1075 1078 1077 
921 791 1185 1178 
922 670 1064 829 
923 797 799 798 
924 700 701 699 
925 854 914 913 
926 692 694 693 
927 715 717 716 
928 704 705 703 
929 916 917 855 
930 751 752 750 
931 982 1023 1022 
932 675 676 674 
933 726 727 724 
934 1124 1126 1125 
935 1119 1130 788 
936 919 923 857 
937 809 810 808 
938 846 904 902 
939 779 780 778 
940 941 942 917 
941 932 1160 1011 
942 717 719 718 
943 730 731 729 
944 694 696 695 
945 959 1059 960 
946 679 680 678 
947 741 743 742 
948 767 769 768 
949 921 1043 1042 
950 943 944 942 
951 739 1063 738 
952 743 745 744 
953 904 925 924 
954 719 721 720 
955 888 1183 1131 
956 811 812 810 
957 871 1105 835 
958 754 755 752 
959 852 930 812 
960 1197 1206 725 
961 769 771 770 
962 708 709 707 
963 1068 1096 817 
964 745 747 746 
965 799 801 800 
966 864 871 835 
967 925 997 933 
968 760 761 759 
969 934 935 871 
970 771 773 772 
971 829 830 684 
972 848 880 874 
973 721 723 722 
974 847 1099 681 
975 872 1115 842 
976 1131 1183 813 
977 1020 1032 895 
978 696 698 697 
979 863 872 842 
980 844 879 861 
981 801 803 802 
982 773 775 774 
983 701 704 703 
984 591 624 592 
985 589 623 590 
986 593 622 594 
987 587 621 588 
988 595 620 596 
989 585 619 586 
990 597 618 598 
991 583 617 584 
992 599 616 600 
993 581 615 582 
994 601 614 602 
995 579 613 580 
996 603 612 604 
997 577 611 578 
998 605 610 606 
999 575 609 576 
1000 607 608 10 
1001 687 688 686 
1002 1087 1089 1088 
1003 748 751 750 
1004 1121 1122 1120 
1005 841 878 862 
1006 803 805 804 
1007 1071 1096 1068 
1008 794 795 793 
1009 806 809 808 
1010 776 779 778 
1011 676 679 678 
1012 698 700 699 
1013 936 1049 664 
1014 1073 1074 1072 
1015 590 1030 591 
1016 839 845 830 
1017 876 877 827 
1018 594 1017 595 
1019 727 730 729 
1020 598 1007 599 
1021 584 961 585 
1022 1075 1077 1074 
1023 1096 1189 1141 
1024 600 968 601 
1025 1070 1071 1068 
1026 10 992 575 
1027 578 976 579 
1028 914 949 913 
1029 673 675 674 
1030 964 1016 1003 
1031 671 673 672 
1032 1069 1098 1073 
1033 723 726 724 
1034 886 888 814 
1035 1162 1165 1164 
1036 757 760 759 
1037 1141 1189 786 
1038 973 975 972 
1039 919 940 923 
1040 880 1108 1107 
1041 916 941 917 
1042 896 897 888 
1043 705 708 707 
1044 921 1042 909 
1045 740 741 739 
1046 1117 1118 872 
1047 780 785 782 
1048 1186 1188 1187 
1049 667 670 669 
1050 809 811 810 
1051 904 924 902 
1052 941 943 942 
1053 751 754 752 
1054 1191 1192 1190 
1055 890 893 824 
1056 811 852 812 
1057 852 931 930 
1058 879 1114 1113 
1059 1071 1097 1096 
1060 733 753 735 
1061 670 684 683 
1062 1087 1088 1085 
1063 864 934 871 
1064 730 835 731 
1065 682 687 686 
1066 754 822 755 
1067 1129 1225 725 
1068 805 1100 806 
1069 878 1139 1138 
1070 700 1103 701 
1071 624 659 592 
1072 784 794 793 
1073 761 817 763 
1074 854 1112 914 
1075 973 1001 975 
1076 831 884 882 
1077 806 1100 809 
1078 934 1002 935 
1079 612 983 604 
1080 619 1008 586 
1081 613 977 580 
1082 925 933 924 
1083 620 955 596 
1084 942 1198 917 
1085 679 819 680 
1086 615 993 582 
1087 711 788 713 
1088 917 1104 855 
1089 621 950 588 
1090 852 932 931 
1091 809 837 811 
1092 923 1103 857 
1093 884 1000 929 
1094 1069 1072 1070 
1095 877 1137 827 
1096 775 1104 776 
1097 740 889 824 
1098 708 842 709 
1099 1124 1128 1126 
1100 932 1010 1009 
1101 882 883 881 
1102 891 947 892 
1103 885 887 886 
1104 708 854 842 
1105 901 1026 1025 
1106 851 901 900 
1107 679 846 819 
1108 845 851 850 
1109 737 740 739 
1110 889 891 890 
1111 751 834 754 
1112 854 913 863 
1113 846 1109 904 
1114 1135 1136 877 
1115 831 881 683 
1116 621 952 951 
1117 765 786 767 
1118 687 875 827 
1119 1167 1168 1166 
1120 690 790 692 
1121 715 725 717 
1122 794 885 814 
1123 1067 1069 1068 
1124 730 856 835 
1125 841 855 775 
1126 1070 1076 1071 
1127 797 813 799 
1128 1164 1166 1163 
1129 624 661 660 
1130 662 663 660 
1131 687 827 688 
1132 769 787 771 
1133 1191 1193 1192 
1134 862 916 855 
1135 801 826 803 
1136 894 1019 895 
1137 932 1009 931 
1138 846 902 858 
1139 675 1109 676 
1140 935 1102 871 
1141 991 1014 954 
1142 719 816 721 
1143 661 664 662 
1144 875 894 876 
1145 743 821 745 
1146 779 1066 780 
1147 694 791 696 
1148 844 857 700 
1149 701 1103 704 
1150 698 844 700 
1151 667 668 666 
1152 773 841 775 
1153 704 1112 705 
1154 723 848 726 
1155 851 900 850 
1156 901 1025 900 
1157 665 666 663 
1158 845 850 830 
1159 669 671 668 
1160 760 1067 761 
1161 861 919 857 
1162 794 814 795 
1163 886 896 888 
1164 613 1005 980 
1165 904 1106 925 
1166 856 864 835 
1167 676 1109 679 
1168 856 907 864 
1169 952 990 954 
1170 848 873 726 
1171 948 1031 910 
1172 854 863 842 
1173 740 824 741 
1174 1164 1167 1166 
1175 913 915 863 
1176 1069 1070 1068 
1177 874 910 873 
1178 1019 1020 895 
1179 671 789 673 
1180 946 1145 945 
1181 1118 1121 1120 
1182 846 858 819 
1183 861 920 919 
1184 874 948 910 
1185 888 1131 814 
1186 1096 1141 817 
1187 902 903 858 
1188 844 861 857 
1189 776 1104 779 
1190 894 895 876 
1191 891 892 890 
1192 848 874 873 
1193 880 1107 874 
1194 885 886 814 
1195 841 862 855 
1196 670 683 669 
1197 862 918 916 
1198 875 876 827 
1199 805 1101 1100 
1200 809 1100 837 
1201 684 831 683 
1202 884 929 882 
1203 889 890 824 
1204 1162 1164 1163 
1205 1162 1163 826 
1206 1133 1134 1132 
1207 726 1149 727 
1208 727 1149 730 
1209 831 882 881 
1210 780 1066 785 
1211 1106 1204 998 
1212 667 669 668 
1213 1118 1120 1119 
1214 844 1178 879 
1215 879 1113 861 
1216 705 1112 708 
1217 665 667 666 
1218 1118 1119 872 
1219 863 1117 872 
1220 951 953 950 
1221 829 1209 839 
1222 848 1176 880 
1223 1032 1135 895 
1224 624 660 659 
1225 1163 1199 1175 
1226 1049 1051 664 
1227 841 1153 878 
1228 1085 1111 1083 
1229 1169 1199 1166 
1230 761 1067 817 
1231 662 665 663 
1232 661 662 660 
1233 612 985 983 
1234 1217 1223 1144 
1235 893 1140 824 
1236 1175 1199 1101 
1237 613 980 977 
1238 855 1104 775 
1239 1186 1187 1114 
1240 621 951 950 
1241 857 1103 700 
1242 878 1138 862 
1243 731 1105 733 
1244 887 1148 1146 
1245 679 1109 846 
1246 876 1135 877 
1247 1156 1158 883 
1248 835 1105 731 
1249 1067 1068 817 
1250 1130 1206 1197 
1251 952 954 951 
1252 990 991 954 
1253 730 1149 856 
1254 680 1110 682 
1255 1005 1006 980 
1256 709 1115 711 
1257 741 1140 743 
1258 795 1131 797 
1259 1097 1191 1190 
1260 782 1116 784 
1261 688 1137 690 
1262 1051 1209 1180 
1263 842 1115 709 
1264 692 1143 694 
1265 1123 1206 1130 
1266 831 1177 884 
1267 763 1141 765 
1268 822 1181 755 
1269 819 1110 680 
1270 708 1112 854 
1271 735 1142 737 
1272 874 1107 948 
1273 827 1137 688 
1274 907 1133 1132 
1275 760 1181 1098 
1276 861 1113 920 
1277 824 1140 741 
1278 757 1181 760 
1279 733 1105 753 
1280 1073 1208 1075 
1281 755 1181 757 
1282 1088 1111 1085 
1283 767 1154 769 
1284 785 1116 782 
1285 887 1146 886 
1286 814 1131 795 
1287 1072 1150 1070 
1288 890 1151 893 
1289 830 1177 684 
1290 864 1132 934 
1291 915 1117 863 
1292 682 1110 687 
1293 998 1182 999 
1294 873 1149 726 
1295 711 1115 788 
1296 784 1116 794 
1297 895 1135 876 
1298 799 1161 801 
1299 907 1132 864 
1300 882 1156 883 
1301 771 1153 773 
1302 684 1177 831 
1303 819 1201 1110 
1304 817 1141 763 
1305 852 1160 932 
1306 753 1142 735 
1307 1163 1175 826 
1308 862 1138 918 
1309 803 1175 805 
1310 837 1160 811 
1311 690 1137 790 
1312 797 1131 813 
1313 743 1140 821 
1314 665 1180 1064 
1315 721 1176 723 
1316 1146 1147 896 
1317 794 1116 885 
1318 1070 1150 1076 
1319 696 1178 698 
1320 886 1146 896 
1321 1136 1203 877 
1322 765 1141 786 
1323 811 1160 852 
1324 740 1142 889 
1325 737 1142 740 
1326 687 1110 875 
1327 790 1143 692 
1328 694 1143 791 
1329 1154 1155 787 
1330 769 1154 787 
1331 892 1152 1151 
1332 892 1151 890 
1333 786 1154 767 
1334 1161 1162 826 
1335 664 1180 662 
1336 671 1179 789 
1337 787 1153 771 
1338 805 1175 1101 
1339 790 1144 1143 
1340 1193 1329 492 
1341 826 1175 803 
1342 669 1179 671 
1343 897 1183 888 
1344 929 1156 882 
1345 881 1179 683 
1346 929 1157 1156 
1347 773 1153 841 
1348 801 1161 826 
1349 813 1161 799 
1350 850 1177 830 
1351 1051 1180 664 
1352 816 1176 721 
1353 1185 1186 1114 
1354 1180 1209 1064 
1355 698 1178 844 
1356 723 1176 848 
1357 791 1178 696 
1358 683 1179 669 
1359 878 1207 1139 
1360 880 1184 1108 
1361 788 1197 713 
1362 714 1226 712 
1363 879 1185 1114 
1364 715 1197 725 
1365 822 1208 1181 
1366 1010 1367 1273 
1367 662 1180 665 
1368 713 1197 715 
1369 1110 1201 875 
1370 1149 1200 856 
1371 1097 1190 1189 
1372 1130 1197 788 
1373 873 1200 1149 
1374 1104 1198 779 
1375 1227 1236 887 
1376 1097 1189 1096 
1377 673 1204 675 
1378 1162 1215 1165 
1379 1112 1202 914 
1380 704 1202 1112 
1381 675 1204 1106 
1382 877 1203 1137 
1383 884 1205 1000 
1384 917 1198 1104 
1385 779 1198 1066 
1386 1166 1199 1163 
1387 1177 1205 884 
1388 910 1200 873 
1389 856 1200 907 
1390 1137 1203 790 
1391 1181 1208 1098 
1392 850 1205 1177 
1393 858 1201 819 
1394 875 1201 894 
1395 1103 1202 704 
1396 1153 1207 878 
1397 1202 1224 914 
1398 787 1207 1153 
1399 576 1210 577 
1400 883 1238 1231 
1401 889 1222 891 
1402 789 1204 673 
1403 1185 1223 1186 
1404 923 1224 1202 
1405 1222 1228 891 
1406 790 1203 1144 
1407 923 1202 1103 
1408 900 1205 850 
1409 910 1212 1200 
1410 1200 1212 907 
1411 725 1225 717 
1412 719 1225 816 
1413 1155 1207 787 
1414 858 1213 1201 
1415 930 1257 812 
1416 1205 1221 1000 
1417 1064 1209 829 
1418 1201 1213 894 
1419 905 1250 1033 
1420 1190 1216 1189 
1421 885 1227 887 
1422 1217 1218 1188 
1423 1098 1208 1073 
1424 883 1231 881 
1425 894 1213 1019 
1426 1031 1212 910 
1427 907 1212 1133 
1428 903 1213 858 
1429 1215 1229 1165 
1430 900 1221 1205 
1431 1102 1222 753 
1432 893 1211 1140 
1433 753 1222 1142 
1434 1140 1211 821 
1435 791 1223 1185 
1436 1186 1217 1188 
1437 1143 1223 791 
1438 1161 1215 1162 
1439 1183 1215 813 
1440 1142 1222 889 
1441 786 1216 1154 
1442 1025 1221 900 
1443 940 1224 923 
1444 1189 1216 786 
1445 914 1224 949 
1446 1102 1228 1222 
1447 1154 1216 1155 
1448 813 1215 1161 
1449 1144 1223 1143 
1450 717 1225 719 
1451 840 1226 714 
1452 1145 1236 1227 
1453 1229 1242 1230 
1454 891 1228 947 
1455 1183 1229 1215 
1456 1145 1227 785 
1457 1229 1230 1165 
1458 1127 1239 1129 
1459 785 1227 1116 
1460 930 1261 1257 
1461 1228 1233 947 
1462 1217 1235 1218 
1463 789 1231 1182 
1464 1231 1238 1182 
1465 1179 1231 789 
1466 1002 1234 1233 
1467 947 1240 892 
1468 1126 1232 1127 
1469 935 1228 1102 
1470 1225 1239 816 
1471 1116 1227 885 
1472 1076 1243 1071 
1473 1097 1243 1191 
1474 935 1233 1228 
1475 897 1242 1229 
1476 1147 1241 896 
1477 544 1256 645 
1478 881 1231 1179 
1479 897 1229 1183 
1480 1158 1238 883 
1481 1127 1244 1239 
1482 887 1236 1148 
1483 1002 1233 935 
1484 1136 1235 1203 
1485 1203 1235 1144 
1486 1232 1249 1244 
1487 1144 1235 1217 
1488 946 1236 1145 
1489 1129 1239 1225 
1490 1182 1238 999 
1491 933 1275 1274 
1492 1167 1354 1168 
1493 1261 1265 851 
1494 892 1240 1152 
1495 940 1237 1224 
1496 1224 1237 949 
1497 816 1239 1184 
1498 1028 1385 843 
1499 1232 1244 1127 
1500 1241 1286 648 
1501 629 1410 1260 
1502 1247 1251 928 
1503 1167 1313 637 
1504 994 1372 1028 
1505 706 1385 1028 
1506 896 1241 897 
1507 1071 1243 1097 
1508 1239 1244 1184 
1509 966 1374 1024 
1510 1241 1242 897 
1511 1006 1411 1036 
1512 1244 1249 1108 
1513 1049 1247 928 
1514 1173 1340 516 
1515 1184 1244 1108 
1516 1061 1251 1247 
1517 812 1252 810 
1518 807 1254 804 
1519 792 1258 783 
1520 659 1377 1012 
1521 1050 1247 1049 
1522 560 1351 1128 
1523 1026 1272 1271 
1524 1108 1248 1107 
1525 1242 1245 1230 
1526 924 1255 902 
1527 832 1263 732 
1528 1300 1376 1090 
1529 729 1263 728 
1530 1236 1246 1148 
1531 845 1261 851 
1532 946 1246 1236 
1533 1108 1249 1248 
1534 906 1250 905 
1535 853 1291 1040 
1536 645 1256 1188 
1537 1291 1362 1040 
1538 1284 1285 557 
1539 1308 1336 1016 
1540 928 1251 927 
1541 1018 1384 693 
1542 1196 1269 1155 
1543 1062 1380 1014 
1544 815 1251 1061 
1545 903 1255 1214 
1546 1251 1252 927 
1547 1121 1285 1284 
1548 1155 1269 1207 
1549 1080 1259 1082 
1550 991 1254 1014 
1551 1234 1341 572 
1552 930 1265 1261 
1553 815 1252 1251 
1554 1128 1418 560 
1555 656 1359 1077 
1556 810 1252 815 
1557 1195 1264 1194 
1558 1294 1318 1011 
1559 939 1326 937 
1560 812 1257 1252 
1561 1378 1405 623 
1562 1035 1321 1319 
1563 636 1310 1032 
1564 1024 1374 1291 
1565 804 1254 802 
1566 902 1255 903 
1567 927 1257 898 
1568 1188 1256 1187 
1569 1095 1259 1080 
1570 851 1265 901 
1571 783 1258 853 
1572 949 1302 913 
1573 987 1295 1015 
1574 1257 1261 898 
1575 1081 1262 1079 
1576 1136 1310 1220 
1577 1265 1268 901 
1578 1050 1297 1247 
1579 1324 1406 960 
1580 1077 1260 1074 
1581 898 1261 845 
1582 1054 1311 1052 
1583 901 1268 1026 
1584 732 1263 729 
1585 1139 1269 1264 
1586 922 1312 908 
1587 1274 1366 933 
1588 616 1298 969 
1589 1020 1348 1032 
1590 986 1267 989 
1591 1032 1310 1135 
1592 931 1265 930 
1593 1195 1305 1264 
1594 948 1266 1031 
1595 1004 1267 986 
1596 1164 1313 1167 
1597 931 1268 1265 
1598 916 1314 941 
1599 1250 1350 1033 
1600 479 1270 655 
1601 646 1399 1020 
1602 1220 1303 1219 
1603 480 1270 479 
1604 1230 1313 1165 
1605 1009 1268 931 
1606 1252 1257 927 
1607 1151 1315 893 
1608 1305 1330 1264 
1609 1245 1317 1230 
1610 1207 1269 1139 
1611 1288 1293 1237 
1612 1113 1387 920 
1613 938 1322 1047 
1614 1354 1404 1168 
1615 1028 1414 994 
1616 1023 1362 1291 
1617 843 1414 1028 
1618 1043 1346 859 
1619 1134 1343 569 
1620 912 1321 1035 
1621 944 1320 946 
1622 1035 1319 939 
1623 820 1328 1053 
1624 547 1278 634 
1625 633 1280 499 
1626 630 1284 558 
1627 638 1274 534 
1628 553 1282 632 
1629 635 1276 505 
1630 641 1271 523 
1631 518 1273 639 
1632 648 1286 508 
1633 649 1279 549 
1634 497 1281 651 
1635 550 1288 649 
1636 532 1275 642 
1637 647 1287 502 
1638 503 1277 647 
1639 650 1283 555 
1640 521 1272 643 
1641 548 1278 547 
1642 499 1280 498 
1643 558 1284 557 
1644 534 1274 533 
1645 554 1282 553 
1646 505 1276 504 
1647 523 1271 522 
1648 519 1273 518 
1649 508 1286 507 
1650 549 1279 548 
1651 498 1281 497 
1652 551 1288 550 
1653 502 1287 501 
1654 533 1275 532 
1655 504 1277 503 
1656 555 1283 554 
1657 522 1272 521 
1658 1028 1416 706 
1659 642 1290 531 
1660 500 1289 633 
1661 531 1290 530 
1662 501 1289 500 
1663 1173 1318 1172 
1664 1298 1406 1324 
1665 1022 1374 966 
1666 919 1325 940 
1667 821 1327 1094 
1668 632 1293 552 
1669 1011 1367 1010 
1670 983 1392 984 
1671 977 1393 978 
1672 616 1406 1298 
1673 973 1324 1001 
1674 1046 1373 838 
1675 495 1305 1195 
1676 637 1354 1167 
1677 626 1368 1134 
1678 825 1337 1044 
1679 643 1296 520 
1680 706 1335 703 
1681 611 1350 1250 
1682 1150 1410 629 
1683 552 1293 551 
1684 869 1337 922 
1685 1159 1347 1158 
1686 988 1295 987 
1687 476 1300 625 
1688 1172 1294 1174 
1689 562 1301 653 
1690 800 1345 823 
1691 627 1397 1111 
1692 1152 1331 1151 
1693 955 1338 956 
1694 1219 1303 542 
1695 796 1336 793 
1696 1006 1349 980 
1697 542 1303 541 
1698 520 1296 519 
1699 652 1304 490 
1700 506 1307 635 
1701 496 1305 495 
1702 634 1309 546 
1703 1148 1352 1146 
1704 969 1298 973 
1705 1114 1356 1113 
1706 911 1299 921 
1707 777 1362 1046 
1708 1211 1327 821 
1709 695 1360 693 
1710 477 1300 476 
1711 1111 1339 627 
1712 1373 1396 838 
1713 563 1301 562 
1714 1029 1323 646 
1715 1001 1400 1048 
1716 1151 1331 1315 
1717 644 1340 1170 
1718 629 1353 1150 
1719 798 1375 796 
1720 934 1368 1002 
1721 1147 1307 1286 
1722 1013 1358 958 
1723 843 1385 710 
1724 1134 1368 1132 
1725 859 1377 663 
1726 707 1385 706 
1727 913 1302 915 
1728 947 1383 1240 
1729 1118 1316 1121 
1730 1247 1297 1061 
1731 1079 1361 656 
1732 1158 1347 1238 
1733 660 1377 659 
1734 1014 1380 954 
1735 1072 1410 1150 
1736 1128 1417 1126 
1737 951 1380 953 
1738 511 1317 510 
1739 1158 1413 640 
1740 1111 1397 1083 
1741 991 1345 1254 
1742 1091 1327 1211 
1743 1018 1412 959 
1744 972 1372 994 
1745 957 1415 618 
1746 541 1303 636 
1747 1139 1330 1138 
1748 943 1289 1287 
1749 1240 1383 657 
1750 1324 1400 1001 
1751 1059 1324 960 
1752 545 1309 1256 
1753 646 1323 537 
1754 1027 1391 995 
1755 1032 1348 636 
1756 1002 1341 1234 
1757 1287 1289 501 
1758 490 1304 489 
1759 548 1279 1278 
1760 1280 1281 498 
1761 1274 1275 533 
1762 554 1283 1282 
1763 1276 1277 504 
1764 1271 1272 522 
1765 1267 1292 989 
1766 492 1329 491 
1767 1254 1345 802 
1768 1234 1383 1233 
1769 651 1305 496 
1770 507 1307 506 
1771 952 1306 990 
1772 551 1293 1288 
1773 510 1317 1245 
1774 933 1366 924 
1775 1117 1316 1118 
1776 546 1309 545 
1777 625 1334 475 
1778 1135 1310 1136 
1779 627 1339 481 
1780 519 1296 1273 
1781 838 1396 1039 
1782 1168 1404 644 
1783 515 1340 644 
1784 1052 1311 840 
1785 572 1341 571 
1786 568 1343 654 
1787 1248 1398 1107 
1788 628 1344 564 
1789 628 1398 1248 
1790 1020 1399 1348 
1791 649 1325 1279 
1792 1054 1379 1311 
1793 908 1312 911 
1794 1090 1376 655 
1795 636 1348 540 
1796 1138 1370 918 
1797 561 1351 560 
1798 488 1353 629 
1799 512 1354 637 
1800 949 1394 1302 
1801 906 1371 1250 
1802 527 1355 526 
1803 1319 1321 609 
1804 574 1357 657 
1805 485 1359 656 
1806 1256 1309 1187 
1807 1286 1307 507 
1808 1165 1313 1164 
1809 918 1314 916 
1810 1248 1344 628 
1811 1226 1391 1027 
1812 633 1314 1280 
1813 1318 1367 1011 
1814 1026 1332 1272 
1815 528 1369 527 
1816 657 1357 1240 
1817 1246 1389 1148 
1818 1260 1410 1074 
1819 655 1376 478 
1820 560 1418 559 
1821 1282 1302 632 
1822 535 1409 638 
1823 999 1333 997 
1824 656 1361 484 
1825 644 1404 514 
1826 538 1399 646 
1827 893 1315 1211 
1828 1121 1316 1285 
1829 1214 1323 1029 
1830 1299 1346 921 
1831 1362 1373 1046 
1832 1081 1397 1262 
1833 948 1398 1266 
1834 1349 1393 980 
1835 651 1330 1305 
1836 637 1317 511 
1837 1030 1382 936 
1838 634 1356 1309 
1839 1133 1343 1134 
1840 691 1384 825 
1841 1031 1363 654 
1842 1237 1403 1288 
1843 1005 1411 1006 
1844 929 1365 1157 
1845 956 1338 1013 
1846 926 1321 912 
1847 1277 1320 647 
1848 1047 1322 832 
1849 480 1339 1270 
1850 537 1323 536 
1851 920 1325 919 
1852 1004 1386 1322 
1853 1053 1328 1054 
1854 915 1364 1117 
1855 946 1320 1246 
1856 491 1329 652 
1857 1314 1402 941 
1858 985 1392 983 
1859 980 1393 977 
1860 940 1403 1237 
1861 1048 1400 818 
1862 1351 1417 1128 
1863 818 1400 1059 
1864 944 1408 1320 
1865 1315 1331 1092 
1866 1309 1356 1187 
1867 1302 1394 632 
1868 1148 1389 1352 
1869 563 1344 1301 
1870 1322 1386 832 
1871 1059 1400 1324 
1872 1004 1322 1267 
1873 793 1336 792 
1874 1360 1412 1018 
1875 1311 1391 840 
1876 1268 1332 1026 
1877 1170 1340 1173 
1878 654 1363 567 
1879 475 1334 9 
1880 703 1335 702 
1881 1037 1349 1006 
1882 1307 1352 635 
1883 1044 1337 869 
1884 1311 1379 996 
1885 1285 1316 650 
1886 481 1339 480 
1887 571 1341 626 
1888 516 1340 515 
1889 603 1342 612 
1890 569 1343 568 
1891 564 1344 563 
1892 1304 1353 489 
1893 1356 1387 1113 
1894 1027 1414 843 
1895 567 1363 566 
1896 802 1345 800 
1897 921 1346 1043 
1898 1333 1407 997 
1899 1172 1318 1294 
1900 1264 1330 1139 
1901 1382 1405 1050 
1902 1009 1332 1268 
1903 477 1376 1300 
1904 994 1414 1027 
1905 1325 1403 940 
1906 540 1348 539 
1907 1156 1413 1158 
1908 1033 1350 926 
1909 653 1351 561 
1910 620 1390 955 
1911 1238 1347 999 
1912 926 1350 1210 
1913 1147 1352 1307 
1914 1009 1401 1332 
1915 1000 1365 929 
1916 1146 1352 1147 
1917 489 1353 488 
1918 513 1354 512 
1919 943 1408 944 
1920 526 1355 658 
1921 1298 1324 973 
1922 1187 1356 1114 
1923 941 1402 943 
1924 1272 1332 643 
1925 9 1357 574 
1926 1332 1401 643 
1927 958 1358 1018 
1928 486 1359 485 
1929 642 1333 1290 
1930 484 1361 483 
1931 924 1366 1255 
1932 990 1419 991 
1933 818 1360 695 
1934 1330 1370 1138 
1935 1040 1362 777 
1936 1117 1364 1316 
1937 642 1407 1333 
1938 1214 1409 1323 
1939 566 1363 1266 
1940 1023 1374 1022 
1941 999 1347 1333 
1942 1334 1357 9 
1943 633 1402 1314 
1944 693 1384 691 
1945 640 1369 528 
1946 1345 1419 823 
1947 1132 1368 934 
1948 1157 1413 1156 
1949 792 1336 1308 
1950 922 1390 1312 
1951 1323 1409 536 
1952 1077 1359 1260 
1953 1260 1359 486 
1954 706 1416 1335 
1955 975 1372 972 
1956 982 1373 1023 
1957 1237 1394 949 
1958 1255 1366 638 
1959 823 1375 798 
1960 1287 1408 943 
1961 617 1395 966 
1962 478 1376 477 
1963 483 1361 1262 
1964 1320 1408 647 
1965 997 1407 933 
1966 663 1377 660 
1967 953 1378 950 
1968 825 1384 1358 
1969 832 1386 1263 
1970 936 1382 1050 
1971 954 1380 951 
1972 1262 1361 1079 
1973 943 1402 1289 
1974 710 1385 707 
1975 982 1396 1373 
1976 1021 1393 1349 
1977 1050 1405 1297 
1978 1015 1386 1004 
1979 1316 1364 650 
1980 607 1388 608 
1981 984 1392 988 
1982 978 1393 1021 
1983 1157 1365 1355 
1984 981 1396 982 
1985 1010 1401 1009 
1986 1233 1383 947 
1987 1083 1397 1081 
1988 539 1399 538 
1989 1107 1398 948 
1990 1266 1363 1031 
1991 514 1404 513 
1992 840 1391 1226 
1993 1348 1399 539 
1994 960 1415 957 
1995 1059 1412 818 
1996 1036 1411 906 
1997 536 1409 535 
1998 559 1418 630 
1999 1074 1410 1072 
2000 959 1412 1059 
2001 1232 1417 653 
2002 513 1404 1354 
2003 1126 1417 1232 
2004 1291 1374 1023 
2005 650 1364 1283 
2006 608 1388 1292 
2007 1292 1388 989 
2008 1023 1373 1362 
2009 638 1366 1274 
2010 1273 1367 639 
2011 1372 1416 1028 
2012 1281 1370 651 
2013 1293 1394 1237 
2014 651 1370 1330 
2015 1263 1386 1015 
2016 649 1403 1325 
2017 933 1407 1275 
2018 1352 1389 635 
2019 955 1390 1338 
2020 1278 1387 634 
2021 635 1389 1276 
2022 632 1394 1293 
2023 643 1401 1296 
2024 639 1367 1318 
2025 1288 1403 649 
2026 1289 1402 633 
2027 1275 1407 642 
2028 1296 1401 1010 
2029 647 1408 1287 
2030 1297 1405 953 
2031 634 1387 1356 
2032 1312 1390 620 
2033 1381 1419 990 
2034 1355 1365 658 
2035 1338 1390 922 
2036 1369 1413 1157 
2037 1335 1416 975 
2038 1358 1384 1018 
2039 653 1417 1351 
2040 1371 1411 1005 
2041 906 1411 1371 
2042 991 1419 1345 
2043 818 1412 1360 
2044 975 1416 1372 
2045 953 1405 1378 
2046 640 1413 1369 
2047 823 1419 1381 
2048 1007 1415 1406 
2049 1406 1415 960 
2 6 2 4927
2050 1549 3489 3098 
2051 2813 3542 2467 
2052 2825 2826 1458 
2053 2826 3469 1458 
2054 1520 3130 3125 
2055 3098 3489 3099 
2056 1483 3678 2624 
2057 570 2642 571 
2058 2660 3457 1456 
2059 2657 3166 2621 
2060 1530 3080 2630 
2061 2610 3159 1524 
2062 1447 2733 2637 
2063 2919 3177 1526 
2064 3125 3130 2862 
2065 1457 2787 2633 
2066 2701 3352 2704 
2067 1514 3429 3140 
2068 290 2649 289 
2069 3429 3490 3140 
2070 2624 2663 1483 
2071 1468 2940 2780 
2072 387 2960 386 
2073 1541 3192 2580 
2074 3467 3516 1432 
2075 2932 3516 3467 
2076 2754 3447 2783 
2077 571 2642 1492 
2078 1446 3495 2828 
2079 2743 2787 1457 
2080 314 3092 313 
2081 1430 3164 2969 
2082 2655 3161 1431 
2083 2637 2733 2638 
2084 1548 3094 3091 
2085 1457 2786 2743 
2086 1422 3166 2657 
2087 1501 3574 2674 
2088 1432 3156 2972 
2089 2629 2959 1452 
2090 1479 3542 2813 
2091 1448 2656 543 
2092 1526 3548 2919 
2093 1452 2960 2629 
2094 317 3094 316 
2095 2633 2787 2430 
2096 2972 3467 1432 
2097 2759 2760 2154 
2098 289 2649 1544 
2099 1524 3537 2610 
2100 2748 2749 2193 
2101 2668 3158 1525 
2102 2599 3616 2828 
2103 3140 3490 1473 
2104 3091 3092 1548 
2105 2431 2787 2744 
2106 457 2770 456 
2107 543 2656 544 
2108 3490 3536 1473 
2109 2698 2700 1506 
2110 2783 3447 2670 
2111 2580 3635 1541 
2112 2704 3352 2029 
2113 2624 3678 2646 
2114 2630 3082 1530 
2115 3506 3590 1767 
2116 2651 2652 1484 
2117 2727 3514 2591 
2118 2661 2914 1533 
2119 3094 3644 316 
2120 3094 3441 3091 
2121 2662 3457 2660 
2122 2868 2940 1468 
2123 2753 2766 2447 
2124 2828 3589 2599 
2125 2777 3540 3314 
2126 2576 3511 3449 
2127 570 2774 2642 
2128 3461 3507 1470 
2129 2674 3574 2676 
2130 2591 3658 2727 
2131 2663 3187 1483 
2132 2588 3550 3503 
2133 2716 3509 1994 
2134 2925 2926 1531 
2135 338 3603 3545 
2136 1994 3533 2716 
2137 1479 2813 2632 
2138 1555 3419 1553 
2139 1470 3125 2862 
2140 2860 3507 3461 
2141 3503 3550 1466 
2142 3545 3603 2869 
2143 2761 3443 2760 
2144 1538 3469 2826 
2145 1506 2792 2698 
2146 2771 2841 2534 
2147 2697 3590 3506 
2148 2717 3499 2716 
2149 1521 3553 2799 
2150 2799 3594 1521 
2151 2229 3700 2739 
2152 2657 2659 1422 
2153 2826 3510 1538 
2154 3499 3509 2716 
2155 2653 3437 3179 
2156 567 3474 568 
2157 2532 3354 3272 
2158 3094 3568 3441 
2159 2862 3461 1470 
2160 2828 3495 2479 
2161 2637 2772 1447 
2162 2390 2927 2388 
2163 2776 3540 2777 
2164 2671 3474 567 
2165 2632 3456 1479 
2166 2154 3529 2759 
2167 2687 3417 1645 
2168 2407 2686 2218 
2169 1531 2927 2925 
2170 1455 2770 457 
2171 2424 2683 2425 
2172 299 2928 298 
2173 3059 3465 1427 
2174 2424 2687 2683 
2175 2639 3124 1472 
2176 2237 2686 2684 
2177 2739 3419 2229 
2178 386 2960 1452 
2179 1546 2960 387 
2180 2430 2787 2431 
2181 313 3092 1513 
2182 2665 3187 2663 
2183 1530 3081 3080 
2184 2679 2682 1503 
2185 1544 2649 2648 
2186 2424 3417 2687 
2187 3166 3693 2621 
2188 2652 2653 1484 
2189 2781 3481 1453 
2190 505 3511 2636 
2191 2841 3595 3565 
2192 2706 2708 2707 
2193 1475 2905 2654 
2194 2448 3458 2689 
2195 2648 2690 1544 
2196 1427 3646 3059 
2197 2384 2765 2432 
2198 2600 3340 2718 
2199 2534 2841 2533 
2200 2567 2793 2737 
2201 1453 3609 2781 
2202 1538 3510 2645 
2203 2655 3599 3161 
2204 2647 3610 1511 
2205 2636 3607 505 
2206 2645 3555 1538 
2207 2222 2775 2224 
2208 1511 3552 2647 
2209 1548 3092 314 
2210 2633 3692 1457 
2211 3497 3598 2560 
2212 2451 2751 2750 
2213 3098 3120 1549 
2214 2703 3352 2701 
2215 3565 3595 2564 
2216 3179 3596 2653 
2217 2733 3707 2638 
2218 1472 3602 2639 
2219 2668 3630 3158 
2220 2642 2774 2429 
2221 2650 2909 1485 
2222 2659 2778 1422 
2223 1553 3419 2789 
2224 2644 3459 1438 
2225 2237 2684 2683 
2226 2774 2775 2429 
2227 1531 2926 297 
2228 3424 3434 564 
2229 1546 3591 2773 
2230 3443 3584 2760 
2231 3142 3528 2598 
2232 297 2926 296 
2233 2773 3633 1546 
2234 2747 2749 2748 
2235 2689 3458 1641 
2236 2767 2814 1478 
2237 2870 3603 1481 
2238 2588 3456 2632 
2239 2706 2707 2705 
2240 2429 2775 2222 
2241 2218 2686 2237 
2242 2686 3438 1480 
2243 2640 3681 1420 
2244 1420 3546 2640 
2245 2534 3271 2771 
2246 2740 2786 2738 
2247 3449 3511 1465 
2248 3164 3501 2969 
2249 491 3538 2641 
2250 3262 3540 2720 
2251 2771 3271 521 
2252 1523 3563 2912 
2253 2723 3373 2680 
2254 2692 2705 2695 
2255 2914 3629 1533 
2256 2814 2815 1478 
2257 3272 3354 2602 
2258 509 2747 1434 
2259 486 2756 1421 
2260 539 2763 1433 
2261 1532 2780 2779 
2262 2912 3605 1523 
2263 2588 3503 3456 
2264 2969 3588 1430 
2265 2744 2787 2743 
2266 3090 3093 1513 
2267 2725 3273 2339 
2268 2569 3498 2764 
2269 2458 3340 2230 
2270 2678 3180 1535 
2271 1554 2795 1558 
2272 1438 3648 2644 
2273 2815 3342 1540 
2274 2766 2769 2447 
2275 2750 2752 2451 
2276 3442 3472 2798 
2277 2641 3600 491 
2278 2227 2959 2228 
2279 1488 3702 2618 
2280 2316 2798 2797 
2281 3471 3519 1542 
2282 2618 3535 1488 
2283 1450 2928 299 
2284 2743 2786 2740 
2285 2447 3495 2753 
2286 2780 3573 1468 
2287 2706 2788 2709 
2288 2720 2776 2721 
2289 2747 2748 1434 
2290 2646 3678 403 
2291 2388 2927 2603 
2292 2654 3684 1475 
2293 2925 2927 2390 
2294 2718 3340 1493 
2295 2891 3638 3597 
2296 1513 3092 3090 
2297 403 3632 2646 
2298 1511 3457 2662 
2299 2758 2761 2760 
2300 2682 3541 1503 
2301 3072 3464 1519 
2302 2316 2797 2796 
2303 2898 3519 3471 
2304 290 3704 2649 
2305 1542 3187 2665 
2306 351 3679 2768 
2307 1459 3598 3497 
2308 2765 3492 2432 
2309 2768 3544 351 
2310 2594 3685 2776 
2311 2776 3685 2721 
2312 1473 3536 2643 
2313 2744 3496 2431 
2314 2229 3419 1555 
2315 2467 3542 2893 
2316 1484 3513 2651 
2317 385 2958 384 
2318 2753 3495 1446 
2319 3597 3638 1545 
2320 2532 3272 2534 
2321 2226 2796 2458 
2322 410 3082 409 
2323 1893 3524 3518 
2324 2960 3633 2805 
2325 298 2928 1531 
2326 2399 3093 3089 
2327 2782 2795 1552 
2328 1431 3494 2655 
2329 2665 3471 1542 
2330 2643 3576 1473 
2331 2598 3602 3142 
2332 2629 2960 2805 
2333 3162 3531 1439 
2334 1491 3527 2714 
2335 2557 3434 3424 
2336 2756 3559 1421 
2337 2732 3658 2436 
2338 2720 2721 2719 
2339 1551 2782 1552 
2340 2691 2705 2692 
2341 2893 3542 394 
2342 487 2752 488 
2343 2667 3515 3468 
2344 1480 3666 2686 
2345 1448 3523 2656 
2346 1421 2752 487 
2347 1442 2949 2667 
2348 2795 2796 1558 
2349 2782 3340 2458 
2350 2697 3506 3268 
2351 2683 2684 2425 
2352 1481 3551 2870 
2353 2739 3700 2741 
2354 2763 3488 1433 
2355 2461 3480 3475 
2356 2339 3274 2725 
2357 1442 3082 2949 
2358 2023 3567 3268 
2359 1471 3071 3070 
2360 1519 3641 3072 
2361 1523 3516 2932 
2362 1485 3580 2650 
2363 3424 3681 2627 
2364 2791 3143 1429 
2365 1463 2732 2730 
2366 2693 2792 1494 
2367 1505 2788 2706 
2368 1553 2789 1507 
2369 2316 2796 2226 
2370 2698 2792 2693 
2371 2407 3438 2686 
2372 2956 2957 1539 
2373 2720 3556 3262 
2374 2788 3675 2709 
2375 2705 2707 2695 
2376 3089 3093 3090 
2377 3502 3534 309 
2378 1493 2782 1551 
2379 2691 2692 1494 
2380 2719 2721 1509 
2381 2730 2731 1508 
2382 3258 3373 2723 
2383 2949 3082 2630 
2384 2648 2899 2690 
2385 527 2719 1509 
2386 1539 2958 2956 
2387 1506 2726 502 
2388 547 2724 1504 
2389 497 2788 1505 
2390 477 2722 1503 
2391 549 2718 1493 
2392 499 2691 1494 
2393 1493 1551 550 
2394 1507 2789 552 
2395 2023 3620 3567 
2396 524 2736 2735 
2397 1509 2727 528 
2398 2737 2793 573 
2399 2738 2786 555 
2400 531 2730 1508 
2401 519 2728 1462 
2402 517 2734 1510 
2403 2690 2899 2275 
2404 533 2733 1447 
2405 514 2766 2753 
2406 2754 2783 535 
2407 511 2761 2758 
2408 3268 3567 2697 
2409 3468 3515 1537 
2410 2927 2928 2603 
2411 2932 3563 1523 
2412 2772 3447 2754 
2413 2718 3653 2600 
2414 1447 2772 2754 
2415 1552 2795 1554 
2416 2770 3580 456 
2417 3256 3275 2337 
2418 2228 2959 2629 
2419 3162 3718 3531 
2420 2564 3595 2729 
2421 1456 3651 2660 
2422 394 3686 2893 
2423 2715 3689 3572 
2424 2720 3540 2776 
2425 2667 3468 1442 
2426 2689 3472 3442 
2427 2442 2772 2440 
2428 2440 2772 2637 
2429 2662 3552 1511 
2430 2687 3458 2448 
2431 1461 3463 2775 
2432 1461 3474 3463 
2433 1441 3555 2645 
2434 1433 3488 2688 
2435 3572 3689 2745 
2436 2458 2796 2795 
2437 2656 3521 544 
2438 2636 3511 2576 
2439 2230 3340 2600 
2440 2956 2959 2227 
2441 488 2752 2750 
2442 1540 3645 2815 
2443 1421 3512 2752 
2444 3070 3072 1471 
2445 3274 3477 2601 
2446 1515 3576 2643 
2447 2737 3566 2567 
2448 2645 3593 1441 
2449 2454 2815 2814 
2450 2729 3616 2599 
2451 508 2747 509 
2452 485 2756 486 
2453 538 2763 539 
2454 3460 3585 3058 
2455 2779 2781 1532 
2456 2714 3675 1491 
2457 2557 3424 2627 
2458 568 3474 1461 
2459 1516 3528 3142 
2460 2604 3634 3487 
2461 384 2958 1539 
2462 1452 2958 385 
2463 1444 3610 2647 
2464 1546 3633 2960 
2465 2798 3472 2797 
2466 271 2778 270 
2467 1532 3573 2780 
2468 1422 2778 271 
2469 3266 3572 1460 
2470 2764 3498 541 
2471 1530 3082 410 
2472 409 3082 1442 
2473 1645 3458 2687 
2474 2316 3173 2798 
2475 2798 3173 2150 
2476 2643 3623 1515 
2477 1521 3507 2860 
2478 2454 3342 2815 
2479 3530 3554 293 
2480 2703 3620 2023 
2481 2688 3701 1433 
2482 2764 3701 2569 
2483 2790 3579 2578 
2484 1441 3593 2821 
2485 2727 3658 1463 
2486 2869 3603 2870 
2487 1420 3681 3424 
2488 3476 3694 3123 
2489 2721 3514 1509 
2490 2775 3463 2224 
2491 1533 3505 2661 
2492 2436 3539 2732 
2493 3192 3526 2580 
2494 2745 3527 494 
2495 2023 3682 2703 
2496 1502 3579 2790 
2497 3026 3382 3022 
2498 383 2961 382 
2499 3275 3477 3274 
2500 2791 3639 3143 
2501 3518 3524 2777 
2502 2642 3650 1492 
2503 2821 3637 1441 
2504 2591 3514 2592 
2505 3446 3450 1499 
2506 2673 3546 561 
2507 1452 2959 2958 
2508 2700 3667 1506 
2509 3520 3560 267 
2510 2729 3595 2728 
2511 2860 3553 1521 
2512 2828 3616 2734 
2513 2610 3569 3159 
2514 2013 3275 3256 
2515 3190 3453 1487 
2516 2436 3658 2591 
2517 2647 3690 1444 
2518 2706 2709 2708 
2519 567 3719 2671 
2520 2724 3547 1504 
2521 2458 2795 2782 
2522 3169 3548 1526 
2523 1641 3472 2689 
2524 3475 3480 1467 
2525 2748 3443 1434 
2526 2384 3615 2765 
2527 2337 3275 2339 
2528 2750 2751 1443 
2529 2758 2759 1425 
2530 2746 2747 508 
2531 2755 2756 485 
2532 2762 2763 538 
2533 1525 3508 2668 
2534 2690 3190 1544 
2535 2794 3483 3445 
2536 3175 3564 2802 
2537 2794 2832 2506 
2538 2545 3439 3184 
2539 2926 3475 296 
2540 2680 3583 2723 
2541 1535 3557 2678 
2542 341 3535 2672 
2543 2652 2809 2653 
2544 3515 3561 1537 
2545 561 3654 2673 
2546 3160 3537 1524 
2547 2755 2784 2756 
2548 1492 3566 2737 
2549 2802 3648 3175 
2550 3271 3272 1497 
2551 2776 2777 2594 
2552 3059 3460 3058 
2553 1529 3693 3166 
2554 2425 3485 2423 
2555 2732 3539 2731 
2556 1548 3644 3094 
2557 2846 3534 3502 
2558 2659 2794 2778 
2559 2599 3649 2729 
2560 2746 2765 2749 
2561 1425 2769 2766 
2562 3169 3715 3548 
2563 2029 3517 2704 
2564 1455 3493 2770 
2565 2690 3453 3190 
2566 501 2792 1506 
2567 2741 3700 3228 
2568 1494 2792 500 
2569 1502 2790 9 
2570 525 2735 1495 
2571 574 2793 1502 
2572 475 2790 1496 
2573 556 2786 1457 
2574 515 2753 1446 
2575 489 2750 1443 
2576 536 2783 1424 
2577 512 2758 1425 
2578 502 2726 503 
2579 546 2724 547 
2580 496 2788 497 
2581 526 2719 527 
2582 476 2722 477 
2583 548 2718 549 
2584 498 2691 499 
2585 523 2736 524 
2586 550 1551 551 
2587 552 2789 553 
2588 528 2727 529 
2589 572 2737 573 
2590 520 2771 521 
2591 493 2745 494 
2592 554 2738 555 
2593 569 2774 570 
2594 530 2730 531 
2595 516 2734 517 
2596 518 2728 519 
2597 540 2764 541 
2598 513 2766 514 
2599 507 2746 508 
2600 510 2761 511 
2601 532 2733 533 
2602 484 2755 485 
2603 534 2754 535 
2604 537 2762 538 
2605 521 3271 522 
2606 2759 3529 2769 
2607 3093 3450 3446 
2608 382 2961 1436 
2609 1539 2961 383 
2610 1512 3476 3123 
2611 2659 2832 2794 
2612 2796 2797 1558 
2613 2684 2685 2425 
2614 2286 2884 2847 
2615 563 3424 564 
2616 2399 3450 3093 
2617 3445 3483 1476 
2618 564 3434 565 
2619 2193 3660 2748 
2620 2678 3624 3180 
2621 3487 3634 1550 
2622 2692 2693 1494 
2623 2730 2732 2731 
2624 2538 3694 3476 
2625 2275 3453 2690 
2626 2197 3385 2125 
2627 2749 3615 2193 
2628 2760 3584 2154 
2629 2895 3412 2894 
2630 2197 2920 2803 
2631 2451 3668 2751 
2632 1491 3675 2788 
2633 2984 3679 1451 
2634 1537 3561 3182 
2635 2895 2897 2666 
2636 1531 2928 2927 
2637 2803 3385 2197 
2638 1498 3585 3460 
2639 2903 3702 3462 
2640 2187 3233 2804 
2641 1458 2827 2825 
2642 3081 3473 3080 
2643 3084 3375 2055 
2644 2804 3233 2851 
2645 2615 3481 3478 
2646 3084 3085 2554 
2647 2666 3412 2895 
2648 2800 2801 2378 
2649 2919 3571 3177 
2650 2847 2884 2305 
2651 2378 2802 2800 
2652 2851 3233 2817 
2653 2672 3724 341 
2654 2282 2801 2800 
2655 3076 3560 3520 
2656 481 3457 1511 
2657 1456 3457 480 
2658 1709 2851 2817 
2659 2286 2847 2652 
2660 1493 3340 2782 
2661 2903 3462 2635 
2662 2928 3655 2603 
2663 2554 3375 3084 
2664 3093 3446 1513 
2665 2150 3442 2798 
2666 1421 3559 3512 
2667 2685 3485 2425 
2668 2442 3447 2772 
2669 1449 3492 2765 
2670 2709 2710 2708 
2671 1492 3650 3566 
2672 2957 2961 1539 
2673 2916 3319 2883 
2674 2746 2749 2747 
2675 2758 2760 2759 
2676 2759 2769 1425 
2677 2282 2872 2801 
2678 1463 3658 2732 
2679 2883 3319 2615 
2680 1433 3701 2764 
2681 2480 2806 2595 
2682 2809 3428 2207 
2683 1856 3379 2872 
2684 1503 3583 2679 
2685 2247 2954 2248 
2686 3070 3383 3072 
2687 2685 3554 3530 
2688 2878 3050 2870 
2689 2312 2843 2490 
2690 3160 3710 3537 
2691 2850 2865 2609 
2692 3040 3086 2256 
2693 2778 3445 270 
2694 2849 2865 2850 
2695 2847 3428 2809 
2696 2843 3113 2490 
2697 3266 3683 3572 
2698 3539 3601 2731 
2699 2280 2930 2872 
2700 2125 3385 2478 
2701 3361 3411 3051 
2702 2461 3475 2926 
2703 2879 3050 2878 
2704 2490 3113 3054 
2705 2580 2816 2572 
2706 2027 2865 2849 
2707 2478 3386 2804 
2708 2265 3360 2807 
2709 2791 2844 2481 
2710 1518 3448 3073 
2711 2515 3413 3036 
2712 3142 3602 1472 
2713 3385 3386 2478 
2714 2811 2812 2180 
2715 1478 3544 2767 
2716 2266 2819 2818 
2717 2290 2812 2811 
2718 2621 2820 2245 
2719 1515 3623 3099 
2720 2692 2694 2693 
2721 2575 2843 2805 
2722 1471 3570 3071 
2723 2267 2963 2268 
2724 1645 3417 3036 
2725 2915 3428 2305 
2726 2805 2843 2312 
2727 3106 3253 2586 
2728 2465 2826 2824 
2729 2963 3118 2268 
2730 2626 3398 2936 
2731 2817 3350 1709 
2732 2844 3015 2481 
2733 2480 3040 2806 
2734 2894 3412 1999 
2735 2797 2953 1558 
2736 2504 3086 3040 
2737 2180 3132 2811 
2738 2837 2935 2836 
2739 2644 2954 2247 
2740 2958 2959 2956 
2741 1694 3318 1709 
2742 1454 3422 3176 
2743 2810 3400 1630 
2744 2836 2935 2287 
2745 2248 2954 2378 
2746 2830 3111 2308 
2747 2813 2853 2632 
2748 2290 2852 2812 
2749 2807 3360 2808 
2750 2634 2834 2306 
2751 2055 3375 2807 
2752 2119 2829 2184 
2753 1709 3350 1696 
2754 1980 3315 2027 
2755 2818 2829 2266 
2756 2806 3040 2256 
2757 1999 3406 2936 
2758 2266 2820 2819 
2759 3036 3413 1564 
2760 2964 3391 2855 
2761 2574 3109 2885 
2762 2301 2881 2302 
2763 2832 3063 2506 
2764 3103 3377 2950 
2765 2280 2872 2282 
2766 2811 3132 3015 
2767 2816 2885 2572 
2768 2467 2892 2172 
2769 2848 3063 2832 
2770 2967 3410 2435 
2771 2814 2880 2454 
2772 2201 2924 2032 
2773 2245 2820 2266 
2774 2287 3061 2836 
2775 2536 3364 2317 
2776 2936 3398 1784 
2777 2243 3376 2325 
2778 3005 3061 2287 
2779 3035 3253 3106 
2780 2804 3386 2187 
2781 2301 3133 2881 
2782 2106 3341 3013 
2783 2920 3470 2803 
2784 1999 3412 3406 
2785 2822 3389 1872 
2786 3407 3413 2515 
2787 1659 2879 2877 
2788 2831 3294 3030 
2789 1630 3400 1568 
2790 2823 3388 1643 
2791 2268 3118 2989 
2792 2962 2963 2450 
2793 2485 3114 2842 
2794 2872 2930 1856 
2795 2266 2829 2119 
2796 2876 3283 2989 
2797 1988 3063 2848 
2798 2829 3111 2830 
2799 1709 3318 2851 
2800 2467 2893 2892 
2801 2824 2924 2465 
2802 2325 3301 3107 
2803 1604 2901 2852 
2804 2934 3372 2514 
2805 2574 2885 2816 
2806 2872 3379 2801 
2807 2450 2963 2267 
2808 2411 2881 2880 
2809 2877 2879 2878 
2810 2027 3315 2865 
2811 1656 3308 2833 
2812 3007 3336 3117 
2813 2934 3379 1856 
2814 1872 3389 1788 
2815 1643 3388 1572 
2816 3035 3106 3003 
2817 2486 3028 2910 
2818 2411 2880 2814 
2819 2890 2898 2897 
2820 3015 3132 2481 
2821 2834 2910 2306 
2822 2291 2891 2888 
2823 2504 3194 1955 
2824 1883 2938 1762 
2825 2409 2984 2921 
2826 2262 3015 2263 
2827 3053 3133 2301 
2828 2853 2854 2469 
2829 2652 2847 2809 
2830 3013 3341 3012 
2831 2852 2901 2812 
2832 3394 3398 2626 
2833 1631 2916 2882 
2834 3301 3305 3107 
2835 3151 3392 2385 
2836 2709 2711 2710 
2837 2378 2954 2802 
2838 2829 2830 2184 
2839 2302 2881 2411 
2840 1659 3284 1660 
2841 2632 2853 2469 
2842 2181 3032 2995 
2843 3003 3105 3035 
2844 2855 3391 1828 
2845 2677 3209 3167 
2846 2839 3370 1863 
2847 1656 3319 2916 
2848 3395 3400 2810 
2849 1824 3372 2934 
2850 2890 2897 2896 
2851 2840 3369 1618 
2852 2976 3353 2977 
2853 3004 3105 3001 
2854 2830 3294 2831 
2855 1863 3370 1792 
2856 2995 3033 2181 
2857 1600 3304 2942 
2858 2900 3054 1729 
2859 2854 2938 1883 
2860 2808 3011 3010 
2861 2172 2892 2291 
2862 2888 2929 2291 
2863 2882 2916 2883 
2864 1618 3369 1576 
2865 3109 3280 1895 
2866 2278 2854 1883 
2867 3357 3360 2265 
2868 2305 2884 1852 
2869 3040 3194 2504 
2870 2842 3114 3046 
2871 2465 2924 2201 
2872 3054 3113 1758 
2873 1997 3105 3004 
2874 2835 3031 1955 
2875 2134 2861 2259 
2876 2807 3375 2265 
2877 2291 2892 2891 
2878 3024 3055 2038 
2879 2858 2859 2135 
2880 2490 3054 2900 
2881 2981 3293 2980 
2882 1845 2983 1800 
2883 2977 3353 2269 
2884 2426 2863 2845 
2885 2842 2924 2485 
2886 1625 3251 2857 
2887 2849 3115 2027 
2888 2486 2910 2834 
2889 2877 3284 1659 
2890 2887 2896 2886 
2891 2845 2863 2289 
2892 2921 3100 2409 
2893 2032 2924 2842 
2894 2942 3304 2941 
2895 2308 3294 2830 
2896 3167 3209 3024 
2897 1690 3286 1693 
2898 2020 3050 2879 
2899 1860 3349 1796 
2900 1758 3227 2923 
2901 2989 3283 2268 
2902 1693 3286 2873 
2903 1603 3411 3361 
2904 2574 3280 3109 
2905 1845 3170 2983 
2906 1642 3344 1580 
2907 1955 3194 2835 
2908 2597 3096 2975 
2909 3010 3154 2808 
2910 3031 3205 2939 
2911 2020 3104 2866 
2912 1723 3377 3103 
2913 2694 2696 2693 
2914 1712 3043 1737 
2915 2856 3344 1642 
2916 2890 2896 2887 
2917 2692 2695 2694 
2918 1609 3251 1625 
2919 1616 3308 1656 
2920 2681 3311 2446 
2921 1874 3061 3005 
2922 2859 2861 2135 
2923 3014 3154 3010 
2924 2864 3349 1860 
2925 2469 2854 2278 
2926 3381 3389 2822 
2927 1800 3289 1801 
2928 2297 2940 2868 
2929 1593 3287 1604 
2930 2305 3428 2847 
2931 3380 3388 2823 
2932 3032 3145 2996 
2933 3117 3336 1823 
2934 2181 3145 3032 
2935 2263 3015 2844 
2936 1858 2871 2024 
2937 2861 2862 2259 
2938 3001 3105 3003 
2939 1762 2938 1764 
2940 2593 3307 2437 
2941 2489 2854 2853 
2942 3046 3114 2917 
2943 2135 2861 2134 
2944 3045 3270 3245 
2945 3041 3181 1880 
2946 1979 3216 2874 
2947 2232 2853 2813 
2948 2993 3057 3012 
2949 2835 3205 3031 
2950 2904 3086 2504 
2951 2135 2871 2858 
2952 2811 3015 2262 
2953 2980 3293 2300 
2954 3018 3174 1989 
2955 3330 3341 2106 
2956 2882 3183 1631 
2957 2808 3360 3011 
2958 1466 3550 2773 
2959 2944 3043 1712 
2960 3004 3041 1997 
2961 2820 2821 2819 
2962 2975 3096 2974 
2963 2848 3018 1988 
2964 1604 3287 2901 
2965 2884 3195 1852 
2966 1960 3033 1962 
2967 2863 3027 2289 
2968 1864 3410 2967 
2969 1888 3101 1891 
2970 3036 3417 2515 
2971 1844 3023 2073 
2972 3203 3364 2536 
2973 2604 3487 3486 
2974 2550 3313 2358 
2975 2855 3402 2535 
2976 2290 3127 2852 
2977 2039 2887 2886 
2978 3083 3084 2055 
2979 2027 3115 1982 
2980 2014 2895 2894 
2981 1738 3079 1736 
2982 2217 2899 2648 
2983 2489 2853 2232 
2984 3113 3227 1758 
2985 1978 2904 1900 
2986 2508 3016 2598 
2987 1737 3043 1740 
2988 2885 3109 1891 
2989 3013 3360 3357 
2990 1932 3310 3030 
2991 2181 3033 1960 
2992 3245 3270 1713 
2993 3067 3126 3078 
2994 1961 3247 1988 
2995 2875 2989 2283 
2996 2145 2951 2324 
2997 2910 3028 1671 
2998 1729 3218 2900 
2999 2189 2948 2460 
3000 2053 3083 2055 
3001 1858 3136 2871 
3002 2409 3100 2042 
3003 2283 2988 2875 
3004 3078 3126 2010 
3005 2258 2903 2635 
3006 3023 3055 3024 
3007 2024 2871 2135 
3008 2983 3289 1800 
3009 2039 2886 1774 
3010 2951 2952 2324 
3011 2852 3052 1604 
3012 1668 3087 1671 
3013 2654 2905 2285 
3014 2149 2899 2217 
3015 1707 2944 1712 
3016 2833 3308 3296 
3017 1852 3195 1853 
3018 2014 2894 1778 
3019 2876 2989 2875 
3020 2455 3048 3047 
3021 3042 3129 2508 
3022 2833 3319 1656 
3023 1665 3006 2117 
3024 2255 2909 2650 
3025 2489 2938 2854 
3026 1869 3220 1874 
3027 2021 2930 2280 
3028 1630 3413 3407 
3029 1929 2996 1933 
3030 1835 2930 2021 
3031 1967 3216 1979 
3032 1948 3046 2917 
3033 2911 2912 2555 
3034 2108 2929 1770 
3035 1631 3183 1632 
3036 1678 3044 1681 
3037 2296 2940 2297 
3038 2852 3127 3052 
3039 2678 2906 2294 
3040 3345 3366 1704 
3041 2022 2915 1846 
3042 2038 3167 3024 
3043 2087 3204 2085 
3044 1764 3121 1766 
3045 2291 2929 2108 
3046 2974 3096 2183 
3047 2117 3006 2276 
3048 1693 3318 1694 
3049 2711 2712 2710 
3050 1721 2988 1754 
3051 2866 3050 2020 
3052 2695 2697 2694 
3053 3012 3057 3009 
3054 1681 3133 3053 
3055 2913 2914 2661 
3056 1979 3315 1980 
3057 3027 3137 3039 
3058 1953 2917 2057 
3059 1758 2923 1732 
3060 1891 3101 2885 
3061 2313 2966 2965 
3062 1651 3104 2020 
3063 2380 2911 2555 
3064 2039 2929 2888 
3065 2332 2913 2661 
3066 1812 2982 1807 
3067 2886 2896 2014 
3068 2120 3005 2287 
3069 2510 3221 2933 
3070 2931 2932 2452 
3071 2848 3174 3018 
3072 2508 3129 3016 
3073 1844 3055 3023 
3074 1725 3218 1729 
3075 1913 2939 2050 
3076 3004 3181 3041 
3077 2080 3021 3020 
3078 2189 3029 2948 
3079 1809 2982 2981 
3080 2115 3028 2486 
3081 1878 3005 2120 
3082 1899 3037 2068 
3083 1881 3079 1738 
3084 2068 3037 2299 
3085 2996 3145 1933 
3086 1900 2904 1902 
3087 3013 3357 2106 
3088 1857 3392 3151 
3089 1675 3028 2115 
3090 3359 3369 2840 
3091 2863 3137 3027 
3092 2908 3085 3084 
3093 2313 2965 2153 
3094 2933 3221 1586 
3095 3363 3370 2839 
3096 2270 2964 2855 
3097 2936 3406 2626 
3098 1623 3039 1647 
3099 2521 3017 2001 
3100 2095 3135 2099 
3101 2938 3121 1764 
3102 2372 2931 2452 
3103 3009 3057 1921 
3104 1846 2915 1847 
3105 3025 3026 3022 
3106 2251 2935 2622 
3107 1820 2979 2978 
3108 2818 3111 2829 
3109 1715 2937 2876 
3110 2285 2905 2231 
3111 2989 3118 2283 
3112 1988 3247 3063 
3113 1754 2988 2283 
3114 1936 3014 1914 
3115 2971 2972 2386 
3116 1809 2981 1811 
3117 1604 3052 1596 
3118 2001 3017 2133 
3119 2668 2946 2220 
3120 2257 2903 2258 
3121 1653 2879 1659 
3122 1820 2978 1814 
3123 1874 3220 3061 
3124 2496 2949 2630 
3125 3007 3117 2313 
3126 2918 2920 2197 
3127 1859 3055 1842 
3128 2254 2909 2255 
3129 2315 2974 2183 
3130 3077 3078 2010 
3131 2084 3201 2086 
3132 2080 3020 3019 
3133 2955 2956 2227 
3134 1761 2923 2277 
3135 2343 2941 2342 
3136 1807 2982 1809 
3137 3030 3310 2831 
3138 2011 3077 2010 
3139 2362 2971 2386 
3140 1735 3053 2301 
3141 2908 3084 3083 
3142 2325 3376 3301 
3143 2454 2880 2141 
3144 2195 2968 2628 
3145 1831 2934 1856 
3146 2085 3204 2527 
3147 1705 2944 1707 
3148 2234 3019 2970 
3149 2039 2888 2887 
3150 3020 3025 3022 
3151 2339 3275 3274 
3152 2888 2889 2887 
3153 1559 2953 1641 
3154 2169 2951 2145 
3155 1558 2953 1556 
3156 3035 3105 3034 
3157 1910 2939 1913 
3158 1495 2720 2719 
3159 2896 2897 2895 
3160 2455 3047 2139 
3161 1505 2705 2691 
3162 2161 2964 2270 
3163 2976 2977 1830 
3164 2014 2896 2895 
3165 3008 3009 1921 
3166 1978 3086 2904 
3167 2655 2985 2214 
3168 1496 2723 2722 
3169 1927 2996 1929 
3170 1551 1552 1507 
3171 2994 3323 2995 
3172 1950 2917 1953 
3173 2109 2172 2108 
3174 1615 3303 2933 
3175 1671 3087 2910 
3176 1464 2725 2724 
3177 3296 3308 1625 
3178 1739 3041 1880 
3179 2294 2906 2272 
3180 1685 3053 1735 
3181 2124 2918 2197 
3182 2206 2922 2207 
3183 2162 2955 2227 
3184 2073 3023 2080 
3185 2251 2622 2571 
3186 2043 2231 2122 
3187 2120 2251 2173 
3188 3099 3672 1515 
3189 2117 2257 2123 
3190 2231 2905 2459 
3191 2347 3051 2396 
3192 2232 2467 2172 
3193 2648 2649 2407 
3194 3402 3405 2535 
3195 1840 3136 1858 
3196 2994 3341 3330 
3197 1552 1554 1553 
3198 2950 2951 2169 
3199 2019 2296 2295 
3200 542 3498 1448 
3201 1554 1556 1555 
3202 2485 2924 2824 
3203 1490 2739 2738 
3204 2012 3034 1745 
3205 1736 3079 2937 
3206 2274 2275 2148 
3207 1711 2937 1715 
3208 2213 3100 2921 
3209 2739 2741 2740 
3210 1556 1559 1557 
3211 2251 2571 2173 
3212 2866 3104 2295 
3213 1957 3018 1989 
3214 2257 2258 2123 
3215 1559 1561 1560 
3216 2115 2419 2141 
3217 1462 2841 2771 
3218 1561 1645 1562 
3219 2995 3032 2992 
3220 2277 2278 1883 
3221 2038 3055 1859 
3222 2120 2173 1887 
3223 2117 2123 1667 
3224 2068 2254 2069 
3225 2231 2459 2122 
3226 1621 3039 1623 
3227 1627 2916 1631 
3228 1769 2108 1770 
3229 1872 3398 3394 
3230 2079 3019 2234 
3231 2258 2635 2634 
3232 1461 2775 2774 
3233 1651 2020 1653 
3234 2419 2454 2141 
3235 2020 2879 1653 
3236 2484 2838 2837 
3237 2699 2703 2701 
3238 1861 2043 1868 
3239 1878 2120 1887 
3240 2217 2407 2218 
3241 1936 3154 3014 
3242 2955 2962 2957 
3243 1665 2117 1667 
3244 1510 2729 2728 
3245 2254 2255 2069 
3246 2012 3035 3034 
3247 2279 2468 2278 
3248 2043 2122 1868 
3249 2115 2141 1886 
3250 2297 2868 2867 
3251 2612 2903 2257 
3252 2295 3104 1637 
3253 1446 2828 2734 
3254 2068 2069 1978 
3255 1850 2305 1852 
3256 2003 2148 2004 
3257 1818 2976 1830 
3258 1908 3031 2939 
3259 2868 2869 2867 
3260 2296 2297 2295 
3261 3047 3048 2420 
3262 2650 2770 2547 
3263 1635 2019 1637 
3264 2945 3292 3043 
3265 1730 3054 1758 
3266 2302 2410 2409 
3267 2461 2926 2925 
3268 2091 3007 2313 
3269 1675 2115 1886 
3270 1449 2765 2746 
3271 1918 3008 1921 
3272 2021 2206 2022 
3273 2943 2944 1705 
3274 2443 2909 2254 
3275 2019 2295 1637 
3276 2468 2588 2469 
3277 1619 3135 2095 
3278 1662 3006 1665 
3279 2121 3042 2508 
3280 1660 3284 3006 
3281 2255 2650 2547 
3282 2057 2058 1987 
3283 1899 2068 1978 
3284 2061 3100 2213 
3285 2148 2899 2149 
3286 2651 2654 2285 
3287 1761 1883 1762 
3288 1735 2042 1882 
3289 2042 3100 1882 
3290 3019 3020 2970 
3291 1732 2923 1734 
3292 1770 2929 1772 
3293 2139 3047 2066 
3294 2757 2785 2784 
3295 1444 2757 2755 
3296 1735 1882 1726 
3297 2767 2768 2410 
3298 2302 2409 2042 
3299 2888 2891 2889 
3300 2526 3201 2084 
3301 1866 3165 3136 
3302 2109 2232 2172 
3303 1772 2039 1774 
3304 1833 2930 1835 
3305 2779 2780 2456 
3306 3008 3014 3010 
3307 2937 3079 2876 
3308 1774 2886 1776 
3309 1769 2109 2108 
3310 2421 2461 2394 
3311 2059 2171 2058 
3312 2110 3047 2420 
3313 1630 3407 2810 
3314 1905 2504 1955 
3315 2213 2918 2124 
3316 2215 2997 2449 
3317 1776 2014 1778 
3318 2575 2773 2470 
3319 1984 2003 1992 
3320 1835 2021 1846 
3321 2881 3133 2488 
3322 1616 1656 1627 
3323 2298 2456 2296 
3324 3039 3137 1647 
3325 2232 2813 2467 
3326 2149 2217 2151 
3327 1761 2277 1883 
3328 2206 2207 2022 
3329 2287 2935 2251 
3330 1556 2953 1559 
3331 2016 3029 2015 
3332 2284 2285 2231 
3333 2003 3115 2274 
3334 2619 2672 2618 
3335 2310 3049 2044 
3336 2624 2646 2562 
3337 2276 2612 2257 
3338 2274 2416 2275 
3339 1734 2923 1761 
3340 2277 2279 2278 
3341 2003 2274 2148 
3342 2992 3032 2991 
3343 1766 1769 1768 
3344 1554 1558 1556 
3345 1559 1641 1561 
3346 2274 3115 2849 
3347 2613 2618 2612 
3348 1780 1999 1782 
3349 2991 2996 1927 
3350 2217 2648 2407 
3351 1615 2933 1584 
3352 1685 1735 1726 
3353 1566 1630 1568 
3354 1505 2706 2705 
3355 2021 2022 1846 
3356 2917 3114 2057 
3357 2595 2678 2294 
3358 3012 3341 2993 
3359 1718 2988 1721 
3360 2213 2919 2918 
3361 2457 2779 2456 
3362 2240 2509 2243 
3363 3044 3133 1681 
3364 1953 1987 1954 
3365 1772 2929 2039 
3366 2279 2470 2468 
3367 1884 3045 1756 
3368 1778 2894 1780 
3369 2304 2913 2332 
3370 2286 2651 2285 
3371 1702 2943 1705 
3372 2394 2925 2390 
3373 2280 2281 2206 
3374 3065 3074 3073 
3375 2270 2535 2404 
3376 2061 2213 2124 
3377 2739 2740 2738 
3378 2906 2907 2273 
3379 1974 3102 2308 
3380 1570 1643 1572 
3381 2486 2487 2419 
3382 2057 2059 2058 
3383 2444 2545 2443 
3384 1655 3042 2121 
3385 1892 3109 1895 
3386 3136 3165 2871 
3387 2585 3208 3196 
3388 1552 1553 1507 
3389 2830 2831 2184 
3390 1953 2057 1987 
3391 2192 2990 2127 
3392 2050 2051 1936 
3393 1980 2027 1982 
3394 2171 2548 2190 
3395 2052 2053 2051 
3396 1987 3264 3216 
3397 2741 2742 2740 
3398 2052 2056 2053 
3399 2281 2922 2206 
3400 2146 3173 2316 
3401 1609 1625 1611 
3402 2980 3332 2979 
3403 1786 1872 1788 
3404 2272 2906 2273 
3405 1776 2886 2014 
3406 1831 1856 1833 
3407 2299 2443 2254 
3408 1745 3034 1743 
3409 2030 3029 2016 
3410 1554 1555 1553 
3411 1645 3036 1562 
3412 1782 2936 1784 
3413 1754 1995 1753 
3414 1504 2718 548 
3415 1505 2691 498 
3416 551 1551 1507 
3417 1729 3054 1730 
3418 1656 2916 1627 
3419 2143 3045 1884 
3420 2396 2398 2346 
3421 2059 3114 2485 
3422 1913 1936 1914 
3423 2493 3095 2186 
3424 1967 1979 1970 
3425 2153 2965 2159 
3426 2476 2537 2475 
3427 1882 2061 2060 
3428 3155 3311 2681 
3429 2413 2950 2169 
3430 2326 3107 2397 
3431 1734 1761 1760 
3432 2272 2273 2056 
3433 1945 3102 1974 
3434 2577 2967 2435 
3435 2199 2518 2359 
3436 2050 2052 2051 
3437 2342 3062 2096 
3438 2383 2536 2317 
3439 2955 2957 2956 
3440 2388 2603 2382 
3441 1847 2915 1850 
3442 3021 3025 3020 
3443 1556 1557 1555 
3444 1974 2032 1971 
3445 2164 2955 2162 
3446 2141 2880 2488 
3447 2889 2890 2887 
3448 2061 2124 2062 
3449 1495 2719 526 
3450 2161 2270 2253 
3451 1496 2722 476 
3452 2317 2990 2192 
3453 1996 2162 1995 
3454 1875 3005 1878 
3455 2943 2945 2944 
3456 2757 2784 2755 
3457 2033 2201 2032 
3458 1824 2934 1831 
3459 2411 2767 2410 
3460 1790 1863 1792 
3461 2332 2661 2417 
3462 2202 2464 2201 
3463 1559 1560 1557 
3464 2057 3114 2059 
3465 2382 2911 2380 
3466 1924 2991 1927 
3467 1643 3400 3395 
3468 2059 2235 2171 
3469 503 2726 1465 
3470 1578 1642 1580 
3471 1464 2724 546 
3472 1696 3350 1698 
3473 3017 3290 2509 
3474 2824 2825 2235 
3475 1491 2788 496 
3476 3075 3076 2408 
3477 1497 2736 523 
3478 2282 2620 2281 
3479 1561 1562 1560 
3480 2044 3049 1751 
3481 2172 2291 2108 
3482 2558 2645 2464 
3483 2036 3077 2011 
3484 2056 3083 2053 
3485 1574 1618 1576 
3486 1780 2894 1999 
3487 2571 2580 2572 
3488 553 2789 1490 
3489 1910 1913 1912 
3490 2475 3103 2950 
3491 2220 2946 2167 
3492 2301 2302 2042 
3493 1896 3037 1899 
3494 2255 2547 2256 
3495 1672 3028 1675 
3496 2258 2634 2306 
3497 1492 2737 572 
3498 1842 3055 1844 
3499 1820 2980 2979 
3500 2159 2965 2964 
3501 2133 3017 2240 
3502 2507 3350 2817 
3503 2162 2227 2163 
3504 2972 2973 2386 
3505 3010 3011 3009 
3506 1999 2936 1782 
3507 1899 1978 1900 
3508 2473 2475 2413 
3509 1913 2050 1936 
3510 2991 3032 2996 
3511 1730 1758 1732 
3512 2159 2964 2161 
3513 1690 1693 1692 
3514 1562 3036 1564 
3515 1675 1886 1676 
3516 1856 2930 1833 
3517 529 2727 1463 
3518 1950 1953 1952 
3519 1685 1726 1686 
3520 1490 2738 554 
3521 1891 3109 1892 
3522 2275 2899 2148 
3523 2374 2931 2372 
3524 2324 3045 2143 
3525 1721 1754 1753 
3526 2461 2925 2394 
3527 1700 1704 1702 
3528 2459 2484 2483 
3529 1905 1955 1906 
3530 1878 1887 1879 
3531 1665 1667 1666 
3532 2380 2555 2374 
3533 2349 3051 2347 
3534 2514 3379 2934 
3535 2148 2149 2004 
3536 1462 2771 520 
3537 1754 1996 1995 
3538 1794 1860 1796 
3539 2015 3029 2189 
3540 2110 2420 2304 
3541 1460 2745 493 
3542 1510 2728 518 
3543 2066 3047 2110 
3544 3062 3235 2094 
3545 1908 2939 1910 
3546 1694 1709 1696 
3547 3064 3074 3065 
3548 1721 1753 1722 
3549 1814 2978 1816 
3550 2484 2837 2836 
3551 1461 2774 569 
3552 1686 3038 1688 
3553 1945 1971 1946 
3554 2137 3075 2408 
3555 2270 2855 2535 
3556 1463 2730 530 
3557 2824 2826 2825 
3558 1975 3110 2521 
3559 1948 2917 1950 
3560 2586 3253 2585 
3561 1945 1974 1971 
3562 1935 3030 1939 
3563 2217 2218 2151 
3564 1653 1659 1654 
3565 1974 2033 2032 
3566 2064 2066 2065 
3567 1914 3014 1916 
3568 2588 2632 2469 
3569 1644 2064 2063 
3570 2164 2962 2955 
3571 1812 3108 2982 
3572 2480 2595 2294 
3573 1887 3101 1888 
3574 2500 2667 2498 
3575 2124 2197 2125 
3576 3008 3010 3009 
3577 1508 2733 532 
3578 2475 2950 2413 
3579 1996 2164 2162 
3580 2096 3062 2094 
3581 1916 3008 1918 
3582 1769 1770 1768 
3583 1598 1644 1601 
3584 1725 1729 1728 
3585 1818 1830 1821 
3586 2398 2942 2941 
3587 2400 2544 2366 
3588 2012 3253 3035 
3589 2053 2055 2054 
3590 2297 2867 2866 
3591 2003 2004 1992 
3592 1926 2992 2991 
3593 2228 2629 2312 
3594 2033 2202 2201 
3595 3049 3134 1750 
3596 2309 3029 2030 
3597 2680 2681 2446 
3598 2498 2949 2496 
3599 3011 3013 3012 
3600 2468 2469 2278 
3601 2067 2139 2066 
3602 1651 1653 1652 
3603 1982 3115 1984 
3604 1449 2746 507 
3605 551 1507 552 
3606 497 1505 498 
3607 2364 2971 2362 
3608 2603 2911 2382 
3609 501 1506 502 
3610 547 1504 548 
3611 1446 2734 516 
3612 1918 1921 1920 
3613 1816 2976 1818 
3614 2202 2558 2464 
3615 2420 2913 2304 
3616 2862 3130 2259 
3617 2194 2317 2192 
3618 1704 2943 1702 
3619 2366 3051 2349 
3620 1682 1685 1684 
3621 3020 3022 2970 
3622 1743 3034 1997 
3623 2559 2668 2220 
3624 1739 1880 1738 
3625 1861 1868 1862 
3626 1737 1738 1736 
3627 2325 3107 2326 
3628 2946 2947 2309 
3629 1596 3052 1598 
3630 527 1509 528 
3631 2216 2997 2215 
3632 2145 2324 2143 
3633 1798 1845 1800 
3634 1913 1914 1912 
3635 500 2792 501 
3636 477 1503 478 
3637 2473 3060 2476 
3638 1712 1736 1710 
3639 1922 1926 1924 
3640 1582 1615 1584 
3641 2993 2994 2992 
3642 2696 2698 2693 
3643 2696 2699 2698 
3644 1944 1956 1943 
3645 1896 1899 1898 
3646 2592 2593 2437 
3647 2195 2628 2247 
3648 2091 2313 2153 
3649 1902 1905 1904 
3650 2346 2941 2343 
3651 2246 2621 2245 
3652 1933 1943 1931 
3653 524 2735 525 
3654 1888 1891 1890 
3655 1447 2754 534 
3656 1425 2766 513 
3657 9 2790 475 
3658 2555 2931 2374 
3659 2167 2309 2030 
3660 1668 1671 1670 
3661 2089 3007 2091 
3662 1444 2755 484 
3663 1662 1665 1664 
3664 574 1502 9 
3665 2066 2110 2065 
3666 1875 1878 1877 
3667 2243 2325 2244 
3668 2628 2644 2247 
3669 1672 1675 1674 
3670 2372 2452 2364 
3671 1892 1895 1894 
3672 2270 2404 2253 
3673 2525 3222 2321 
3674 573 2793 574 
3675 1946 3046 1948 
3676 1433 2764 540 
3677 1715 2876 2875 
3678 1957 1989 1956 
3679 2128 2968 2195 
3680 1761 1762 1760 
3681 1902 2904 1905 
3682 2293 2294 2272 
3683 1678 1681 1680 
3684 1620 1639 1621 
3685 1648 3128 2104 
3686 2263 2610 2455 
3687 525 1495 526 
3688 475 1496 476 
3689 2019 2298 2296 
3690 1826 1827 1812 
3691 2945 3043 2944 
3692 1434 2761 510 
3693 2347 2396 2346 
3694 549 1493 550 
3695 499 1494 500 
3696 2214 2985 2157 
3697 1693 1694 1692 
3698 2548 2605 2190 
3699 1940 1945 1942 
3700 1613 1620 1614 
3701 1712 1737 1736 
3702 1850 2915 2305 
3703 1424 2762 537 
3704 1816 2978 2976 
3705 1620 1621 1614 
3706 1737 1739 1738 
3707 1929 1933 1931 
3708 1584 2933 1586 
3709 1979 1980 1970 
3710 1715 2875 1716 
3711 522 1497 523 
3712 1707 1712 1710 
3713 2167 2946 2309 
3714 2262 2263 2139 
3715 2219 3058 2512 
3716 1613 1614 1595 
3717 2553 2655 2214 
3718 1933 1944 1943 
3719 1880 3181 2113 
3720 1874 3005 1875 
3721 2549 2550 2358 
3722 2667 2949 2498 
3723 2326 2397 2328 
3724 1718 1721 1720 
3725 2021 2280 2206 
3726 2064 2065 2063 
3727 1753 3249 3218 
3728 1635 1637 1636 
3729 1850 1852 1851 
3730 1926 3057 2993 
3731 1921 1922 1920 
3732 2043 2284 2231 
3733 517 1510 518 
3734 531 1508 532 
3735 571 1492 572 
3736 2452 2971 2364 
3737 2215 2449 2267 
3738 495 1491 496 
3739 553 1490 554 
3740 1944 1957 1956 
3741 3064 3065 2179 
3742 1926 2991 1924 
3743 545 1464 546 
3744 503 1465 504 
3745 1989 3174 2118 
3746 1811 1820 1814 
3747 1826 1837 1827 
3748 1744 1745 1743 
3749 1582 1584 1583 
3750 2473 2476 2475 
3751 2885 3101 2572 
3752 1681 3053 1682 
3753 1593 1604 1596 
3754 2216 2998 2997 
3755 1580 1582 1581 
3756 1602 3056 1607 
3757 2171 2190 2058 
3758 555 2786 556 
3759 1916 3014 3008 
3760 1869 1874 1871 
3761 2113 2216 2215 
3762 481 1511 482 
3763 2271 2272 2056 
3764 2113 2215 2114 
3765 2240 3017 2509 
3766 2985 2986 2208 
3767 2211 3089 2617 
3768 2410 2984 2409 
3769 2994 2995 2992 
3770 1743 1997 1741 
3771 1742 1743 1741 
3772 2496 2630 2494 
3773 2118 2245 2119 
3774 3089 3090 2617 
3775 2234 2969 2968 
3776 1707 1710 1708 
3777 1607 3251 1609 
3778 1880 2113 1881 
3779 2118 2246 2245 
3780 1584 1586 1585 
3781 2492 2493 2186 
3782 2209 2529 2288 
3783 1644 2063 1601 
3784 3011 3012 3009 
3785 2715 2716 2713 
3786 1961 1988 1959 
3787 2093 3131 2524 
3788 2298 2457 2456 
3789 1798 1800 1799 
3790 2246 2657 2621 
3791 2280 2282 2281 
3792 568 1461 569 
3793 1837 1838 1827 
3794 2351 2366 2349 
3795 529 1463 530 
3796 519 1462 520 
3797 492 1460 493 
3798 1811 2981 1820 
3799 2028 3064 2179 
3800 1671 3028 1672 
3801 1960 1961 1959 
3802 542 1448 543 
3803 506 1449 507 
3804 1740 1741 1739 
3805 2494 3080 2493 
3806 3153 3307 2593 
3807 2941 3304 2342 
3808 1667 3087 1668 
3809 2120 2287 2251 
3810 1921 3057 1922 
3811 2079 2234 2128 
3812 1895 3280 3037 
3813 2117 2276 2257 
3814 2362 2386 2315 
3815 1806 1826 1812 
3816 2225 2462 2289 
3817 2227 2228 2163 
3818 2067 2262 2139 
3819 1837 1866 1838 
3820 1658 3129 3042 
3821 1958 1959 1957 
3822 2061 2062 2060 
3823 556 1457 557 
3824 479 1456 480 
3825 1804 1806 1805 
3826 2157 2208 2036 
3827 1989 2118 1990 
3828 1929 1931 1930 
3829 1746 1747 1745 
3830 514 2753 515 
3831 1638 1651 1650 
3832 1588 1613 1595 
3833 2630 3080 2494 
3834 1853 1861 1855 
3835 488 2750 489 
3836 3196 3208 1750 
3837 2064 2067 2066 
3838 1806 1812 1807 
3839 2284 2286 2285 
3840 2289 3027 2045 
3841 2286 2652 2651 
3842 1598 3052 1644 
3843 1882 2060 1726 
3844 1586 1588 1587 
3845 535 2783 536 
3846 2529 2530 2288 
3847 1939 3102 1940 
3848 1953 1954 1952 
3849 1647 1658 1646 
3850 2189 2219 2044 
3851 1682 3053 1685 
3852 2240 2243 2241 
3853 2263 2455 2139 
3854 2471 2575 2470 
3855 1660 3006 1662 
3856 2701 2704 2702 
3857 2209 2288 2040 
3858 1895 3037 1896 
3859 3329 3344 2856 
3860 2948 3029 2309 
3861 1640 2045 1639 
3862 2464 2465 2201 
3863 2365 3112 2102 
3864 2015 2044 1751 
3865 2099 3135 2199 
3866 2417 2614 2418 
3867 2456 2940 2296 
3868 511 2758 512 
3869 3052 3127 1644 
3870 2460 3058 2219 
3871 2162 2163 1995 
3872 565 1445 566 
3873 1935 1939 1938 
3874 2041 2209 2040 
3875 2115 2486 2419 
3876 1711 1715 1714 
3877 489 1443 490 
3878 1588 1595 1589 
3879 533 1447 534 
3880 515 1446 516 
3881 1962 1963 1961 
3882 2386 2974 2315 
3883 2124 2125 2062 
3884 2699 2701 2700 
3885 2046 2225 2045 
3886 1985 2028 2008 
3887 2629 2805 2312 
3888 2282 2800 2620 
3889 1627 1631 1628 
3890 1858 1859 1842 
3891 2849 2850 2416 
3892 2613 2619 2618 
3893 2032 2842 1971 
3894 2127 3204 2087 
3895 1647 2005 1658 
3896 1964 1965 1963 
3897 2982 3293 2981 
3898 2585 3253 3208 
3899 559 1440 560 
3900 2276 2613 2612 
3901 3102 3294 2308 
3902 2596 2799 2529 
3903 2121 2453 2165 
3904 2225 2289 2045 
3905 483 1444 484 
3906 1595 3282 3261 
3907 2102 3112 2100 
3908 2345 2346 2343 
3909 1835 1846 1836 
3910 2189 2460 2219 
3911 1621 1623 1622 
3912 2157 2985 2208 
3913 2045 3027 1639 
3914 2234 2968 2128 
3915 1729 1730 1728 
3916 1926 2993 2992 
3917 2025 3138 2038 
3918 2024 2134 2025 
3919 2077 3019 2079 
3920 1638 3104 1651 
3921 2530 2860 2859 
3922 1744 1746 1745 
3923 2068 2299 2254 
3924 2067 3127 2290 
3925 2460 3059 3058 
3926 1858 2024 1859 
3927 1616 1627 1617 
3928 2064 3127 2067 
3929 1676 3044 1678 
3930 2024 2025 1859 
3931 2391 3116 2105 
3932 1578 1580 1579 
3933 2508 2598 2453 
3934 2194 2383 2317 
3935 2910 3087 2306 
3936 1747 2012 1745 
3937 1576 1578 1577 
3938 2134 2136 2025 
3939 1623 1647 1646 
3940 536 1424 537 
3941 512 1425 513 
3942 2485 2824 2235 
3943 1710 2937 1711 
3944 3030 3294 1939 
3945 2444 2573 2545 
3946 3079 3283 2876 
3947 2015 2189 2044 
3948 1932 3030 1935 
3949 1840 1842 1841 
3950 2462 2845 2289 
3951 1623 1646 1624 
3952 1840 1858 1842 
3953 1927 1929 1928 
3954 1705 1707 1706 
3955 2492 2494 2493 
3956 1742 1744 1743 
3957 562 1420 563 
3958 486 1421 487 
3959 2053 2054 2051 
3960 2486 2834 2487 
3961 2942 3321 1600 
3962 1655 2121 2071 
3963 2005 2112 1658 
3964 2742 2744 2743 
3965 1922 3057 1926 
3966 2073 2080 2077 
3967 2488 3133 3044 
3968 2477 2559 2220 
3969 1972 1985 1965 
3970 2299 2444 2443 
3971 1570 1572 1571 
3972 2302 2411 2410 
3973 539 1433 540 
3974 509 1434 510 
3975 1574 1576 1575 
3976 2166 3064 2028 
3977 2462 2846 2845 
3978 1748 1750 1747 
3979 1702 1705 1703 
3980 2711 2713 2712 
3981 2818 2819 2558 
3982 2098 2342 2096 
3983 2332 2417 2333 
3984 1632 3183 1635 
3985 2055 2807 2054 
3986 1632 1635 1634 
3987 2658 2659 2657 
3988 1801 1804 1803 
3989 1792 1794 1793 
3990 2939 3205 2050 
3991 1611 1616 1612 
3992 1796 1798 1797 
3993 2219 2512 2310 
3994 3001 3002 3000 
3995 2999 3000 2998 
3996 1639 3039 1621 
3997 2255 2256 2069 
3998 1572 1574 1573 
3999 1847 1850 1849 
4000 1566 1568 1567 
4001 2398 2941 2346 
4002 2134 2259 2136 
4003 2923 3227 2277 
4004 2155 3089 2211 
4005 2028 2179 2137 
4006 2871 3165 2858 
4007 1794 1796 1795 
4008 2223 2582 2581 
4009 1564 1566 1565 
4010 1985 2008 1965 
4011 1867 2040 1866 
4012 1964 1972 1965 
4013 1751 3049 1748 
4014 2028 2137 2008 
4015 1960 1962 1961 
4016 1806 1807 1805 
4017 1586 1587 1585 
4018 2105 3116 2103 
4019 2449 2450 2267 
4020 1746 1748 1747 
4021 1740 1742 1741 
4022 1790 1792 1791 
4023 1584 1585 1583 
4024 1735 2301 2042 
4025 2304 2332 2331 
4026 2104 3128 2223 
4027 1955 3031 1906 
4028 1721 1722 1720 
4029 1838 1840 1839 
4030 2324 3270 3045 
4031 2424 2425 2423 
4032 1945 1946 1942 
4033 1924 1927 1925 
4034 2121 2508 2453 
4035 1853 3195 1861 
4036 2234 2970 2969 
4037 2141 2488 1886 
4038 2411 2814 2767 
4039 2369 3333 3327 
4040 1588 1589 1587 
4041 1685 1686 1684 
4042 2263 2844 2610 
4043 2323 2525 2321 
4044 1833 1835 1834 
4045 1958 1960 1959 
4046 1582 1583 1581 
4047 1562 1564 1563 
4048 2175 2220 2167 
4049 1646 3042 1655 
4050 1962 1964 1963 
4051 3070 3071 3066 
4052 2080 3023 3021 
4053 2664 2665 2663 
4054 2512 2538 2513 
4055 2973 2975 2974 
4056 1568 1570 1569 
4057 2264 2553 2214 
4058 2986 2987 2208 
4059 2259 2260 2136 
4060 2880 2881 2488 
4061 2209 3095 2596 
4062 1940 3102 1945 
4063 1800 1801 1799 
4064 1700 1702 1701 
4065 2947 2948 2309 
4066 1882 3100 2061 
4067 2225 3096 2597 
4068 1905 2904 2504 
4069 2571 2572 2173 
4070 2258 2306 2123 
4071 3065 3068 2179 
4072 1784 1786 1785 
4073 2019 3183 2298 
4074 2907 2908 2273 
4075 1609 1611 1610 
4076 2005 2155 2112 
4077 2110 2304 2303 
4078 1748 3049 1750 
4079 2166 3066 3064 
4080 1831 1833 1832 
4081 2080 3019 2077 
4082 2768 2984 2410 
4083 1710 1711 1708 
4084 1880 1881 1738 
4085 1842 1844 1841 
4086 1786 1788 1787 
4087 2453 2463 2165 
4088 2541 3097 2583 
4089 2215 2267 2114 
4090 2625 2663 2624 
4091 3216 3264 2874 
4092 2031 2167 2030 
4093 2155 2211 2112 
4094 1905 1906 1904 
4095 2530 2859 2858 
4096 2245 2266 2119 
4097 2422 2423 2421 
4098 2547 2806 2256 
4099 2121 2165 2071 
4100 2133 2240 2239 
4101 1985 2166 2028 
4102 2399 3089 2155 
4103 2561 2562 2560 
4104 2537 3103 2475 
4105 1736 2937 1710 
4106 1838 3136 1840 
4107 2113 2114 1881 
4108 1741 3041 1739 
4109 2225 2597 2462 
4110 3034 3105 1997 
4111 2563 2624 2562 
4112 2395 2421 2394 
4113 2195 2247 2196 
4114 2166 3126 3067 
4115 1620 1640 1639 
4116 2118 2119 1990 
4117 2592 2594 2593 
4118 1922 1924 1923 
4119 1788 1790 1789 
4120 2213 2921 2919 
4121 3023 3024 3021 
4122 2459 2483 2122 
4123 1899 1900 1898 
4124 2211 2616 2233 
4125 2393 2394 2390 
4126 1640 2046 2045 
4127 1931 1932 1930 
4128 2137 2408 2138 
4129 2209 2596 2529 
4130 1681 1682 1680 
4131 1939 1940 1938 
4132 2260 2587 2570 
4133 2313 3117 2966 
4134 3065 3069 3068 
4135 2156 2399 2155 
4136 1989 1990 1956 
4137 1780 1782 1781 
4138 1959 3018 1957 
4139 1646 1655 1624 
4140 1698 1700 1699 
4141 2248 2378 2377 
4142 3288 3304 1600 
4143 2260 2570 2261 
4144 1985 3126 2166 
4145 2857 3296 1625 
4146 1621 1622 1614 
4147 1824 1831 1825 
4148 2351 2400 2366 
4149 2869 2870 2867 
4150 1778 1780 1779 
4151 2552 2560 2551 
4152 1944 1958 1957 
4153 1696 1698 1697 
4154 1737 1740 1739 
4155 1658 3042 1646 
4156 2539 2556 2541 
4157 1607 1609 1608 
4158 1782 1784 1783 
4159 1975 2521 2001 
4160 1801 3289 1804 
4161 1914 1916 1915 
4162 1840 1841 1839 
4163 2219 2310 2044 
4164 1623 1624 1622 
4165 1715 1716 1714 
4166 2041 3095 2209 
4167 2538 2539 2513 
4168 3090 3091 2617 
4169 1895 1896 1894 
4170 1675 1676 1674 
4171 3066 3074 3064 
4172 2043 3195 2284 
4173 1867 2041 2040 
4174 2211 2617 2616 
4175 2202 3111 2818 
4176 1580 1581 1579 
4177 1918 1920 1919 
4178 2025 2038 1859 
4179 1667 1668 1666 
4180 2179 3075 2137 
4181 1671 1672 1670 
4182 2325 2326 2244 
4183 1804 1805 1803 
4184 1916 1918 1917 
4185 2176 2214 2157 
4186 1694 1696 1695 
4187 1887 1888 1879 
4188 2875 2988 1716 
4189 2503 2551 2502 
4190 2512 2513 2310 
4191 1776 1778 1777 
4192 2616 2639 2233 
4193 2389 2390 2388 
4194 2293 2480 2294 
4195 1891 1892 1890 
4196 1838 1839 1827 
4197 2046 3096 2225 
4198 2556 3097 2541 
4199 1798 1799 1797 
4200 2397 3088 2328 
4201 2780 2940 2456 
4202 2297 2866 2295 
4203 1766 3121 1769 
4204 2290 2811 2262 
4205 2128 2195 2129 
4206 2033 3111 2202 
4207 2211 2233 2112 
4208 2387 2388 2382 
4209 2583 2643 2584 
4210 2024 2135 2134 
4211 2587 2604 2570 
4212 2052 2271 2056 
4213 2556 3098 3097 
4214 2484 2836 2483 
4215 1665 1666 1664 
4216 2010 3126 1972 
4217 1770 1772 1771 
4218 1774 1776 1775 
4219 1878 1879 1877 
4220 2199 2359 2200 
4221 1613 3221 3210 
4222 2054 3154 2051 
4223 2381 2382 2380 
4224 2086 3201 2089 
4225 1821 1824 1822 
4226 2537 3393 3103 
4227 1659 1660 1654 
4228 2501 2502 2500 
4229 1707 1708 1706 
4230 1818 1821 1819 
4231 1772 1774 1773 
4232 2218 2237 2236 
4233 3067 3070 3066 
4234 3001 3003 3002 
4235 3071 3074 3066 
4236 2237 2683 2448 
4237 2186 3095 2041 
4238 1984 3115 2003 
4239 3065 3073 3069 
4240 2298 3183 2882 
4241 2149 2151 2150 
4242 1820 2981 2980 
4243 2808 3154 2054 
4244 1688 3286 1690 
4245 1837 1867 1866 
4246 1752 2015 1751 
4247 2541 2583 2542 
4248 2079 2128 2081 
4249 2018 2030 2016 
4250 3337 3349 2864 
4251 2156 2426 2399 
4252 2223 3128 2582 
4253 2570 2674 2261 
4254 3027 3039 1639 
4255 2037 2157 2036 
4256 2260 2261 2136 
4257 2658 2832 2659 
4258 1874 1875 1871 
4259 1754 2283 1996 
4260 3090 3092 3091 
4261 3098 3099 3097 
4262 1868 1869 1862 
4263 2999 3001 3000 
4264 1653 1654 1652 
4265 2379 2380 2374 
4266 1997 3041 1741 
4267 2499 2500 2498 
4268 2345 2347 2346 
4269 1984 1992 1991 
4270 2259 3130 2260 
4271 2005 2156 2155 
4272 2269 3353 3343 
4273 1988 3018 1959 
4274 2530 2858 2288 
4275 1929 1930 1928 
4276 2161 2253 2252 
4277 2271 2293 2272 
4278 2243 2244 2241 
4279 1690 1692 1691 
4280 2216 2999 2998 
4281 2246 2658 2657 
4282 1598 1601 1599 
4283 2098 2343 2342 
4284 2715 2717 2716 
4285 2539 2541 2540 
4286 3299 3310 1943 
4287 1974 2308 2033 
4288 2973 2974 2386 
4289 2035 2036 2011 
4290 1749 1751 1748 
4291 1910 1912 1911 
4292 2408 2438 2138 
4293 2472 2473 2413 
4294 2077 2079 2078 
4295 2059 2485 2235 
4296 1816 1818 1817 
4297 2474 3060 2473 
4298 1578 1579 1577 
4299 2463 2791 2481 
4300 2093 2524 2131 
4301 1963 3247 1961 
4302 2373 2374 2372 
4303 2576 2577 2435 
4304 1973 2010 1972 
4305 2137 2138 2008 
4306 1872 3394 2822 
4307 2605 2607 2606 
4308 2208 3077 2036 
4309 3277 3313 2550 
4310 3068 3075 2179 
4311 2040 3165 1866 
4312 1651 1652 1650 
4313 1982 1984 1983 
4314 2264 2554 2553 
4315 2183 3096 2046 
4316 2164 2963 2962 
4317 1602 1607 1606 
4318 2497 2498 2496 
4319 2279 2471 2470 
4320 2987 3078 3077 
4321 1861 1862 1855 
4322 1766 1768 1767 
4323 1762 1764 1763 
4324 2477 2803 2559 
4325 2583 2584 2542 
4326 1852 1853 1851 
4327 2202 2818 2558 
4328 2607 2609 2608 
4329 1576 1577 1575 
4330 3134 3196 1750 
4331 2205 2365 2102 
4332 3218 3249 2900 
4333 1747 3208 2012 
4334 3033 3263 1962 
4335 2371 2372 2364 
4336 1796 1797 1795 
4337 1716 2988 1718 
4338 1764 1766 1765 
4339 1980 1982 1981 
4340 2495 2496 2494 
4341 1637 1638 1636 
4342 2284 3195 2884 
4343 1591 3287 1593 
4344 1637 3104 1638 
4345 2224 2391 2105 
4346 2614 2615 2418 
4347 2434 2435 2433 
4348 2159 2161 2160 
4349 1596 1598 1597 
4350 2228 2312 2311 
4351 1794 1795 1793 
4352 2674 2676 2675 
4353 3112 3237 2100 
4354 2175 2477 2220 
4355 2310 3134 3049 
4356 2507 3366 3345 
4357 2554 3436 2553 
4358 2363 2364 2362 
4359 1906 3031 1908 
4360 1814 1816 1815 
4361 1972 3126 1985 
4362 2073 2077 2076 
4363 2099 2199 2198 
4364 1644 3127 2064 
4365 2109 2489 2232 
4366 1844 2073 2072 
4367 2260 3130 2587 
4368 1792 1793 1791 
4369 1655 2071 2070 
4370 1574 1575 1573 
4371 1705 1706 1703 
4372 2412 2413 2169 
4373 1927 1928 1925 
4374 2541 2542 2540 
4375 2274 2849 2416 
4376 2166 3067 3066 
4377 474 1547 473 
4378 421 1550 420 
4379 368 1549 367 
4380 315 1548 314 
4381 1688 1690 1689 
4382 2432 2433 2385 
4383 367 3120 366 
4384 1549 3120 367 
4385 266 1500 265 
4386 425 1501 424 
4387 366 1512 365 
4388 313 1513 312 
4389 1572 1573 1571 
4390 372 1515 371 
4391 319 1517 318 
4392 420 3119 419 
4393 1550 3119 420 
4394 366 3120 1512 
4395 2146 2316 2226 
4396 2031 2175 2167 
4397 365 3123 364 
4398 320 3124 319 
4399 472 1518 471 
4400 419 1520 418 
4401 364 1498 363 
4402 311 1499 310 
4403 2491 2492 2186 
4404 374 1473 373 
4405 321 1472 320 
4406 2417 2418 2333 
4407 1512 3123 365 
4408 1635 1636 1634 
4409 319 3124 1517 
4410 2471 2843 2575 
4411 2478 2804 2482 
4412 1965 3152 1963 
4413 3327 3333 2945 
4414 2378 2801 2377 
4415 419 3119 1520 
4416 2534 3272 3271 
4417 364 3123 1498 
4418 2328 3088 2330 
4419 418 3125 417 
4420 1472 3124 320 
4421 2110 2303 2065 
4422 2138 3152 2008 
4423 2361 2362 2315 
4424 1702 1703 1701 
4425 470 1471 469 
4426 417 1470 416 
4427 2384 2385 2383 
4428 1811 1814 1813 
4429 1593 1596 1594 
4430 1520 3125 418 
4431 2125 2478 2307 
4432 2882 2883 2457 
4433 265 3122 264 
4434 1826 3240 3206 
4435 2185 2186 2041 
4436 1734 1760 1759 
4437 1846 1847 1836 
4438 2199 3135 2518 
4439 1500 3122 265 
4440 1954 1967 1966 
4441 2539 2540 2513 
4442 1570 1571 1569 
4443 1922 1923 1920 
4444 2153 2159 2158 
4445 2067 2290 2262 
4446 1850 1851 1849 
4447 1967 1970 1969 
4448 1686 1688 1687 
4449 2480 3194 3040 
4450 2240 2241 2239 
4451 1631 1632 1628 
4452 417 3125 1470 
4453 1866 3136 1838 
4454 1730 1732 1731 
4455 3116 3239 2103 
4456 2639 3016 2233 
4457 2176 2264 2214 
4458 2858 3165 2288 
4459 2112 3129 1658 
4460 2247 2248 2196 
4461 2676 2677 2675 
4462 2332 2333 2331 
4463 2283 3118 1996 
4464 2018 2031 2030 
4465 2314 2315 2183 
4466 1626 3331 3316 
4467 1908 1910 1909 
4468 1971 3046 1946 
4469 1732 1734 1733 
4470 2304 2331 2303 
4471 2123 3087 1667 
4472 2742 2743 2740 
4473 1790 1791 1789 
4474 1627 1628 1617 
4475 1924 1925 1923 
4476 2430 2431 2405 
4477 2567 2568 2566 
4478 1566 1567 1565 
4479 1589 1591 1590 
4480 1973 2011 2010 
4481 2182 2183 2046 
4482 2699 2700 2698 
4483 2463 2481 2165 
4484 2701 2702 2700 
4485 2674 2675 2261 
4486 1568 1569 1567 
4487 1726 3038 1686 
4488 2987 3077 2208 
4489 1964 1973 1972 
4490 2308 3111 2033 
4491 2091 2153 2152 
4492 1827 3108 1812 
4493 375 3140 374 
4494 1616 1617 1612 
4495 322 3142 321 
4496 2193 2194 2192 
4497 2168 2169 2145 
4498 2037 2176 2157 
4499 1591 1593 1592 
4500 308 1426 307 
4501 361 1427 360 
4502 1562 1563 1560 
4503 1700 1701 1699 
4504 1742 2074 1744 
4505 2164 3118 2963 
4506 2368 3233 3199 
4507 374 3140 1473 
4508 321 3142 1472 
4509 269 1476 268 
4510 1786 1787 1785 
4511 2195 2196 2129 
4512 1914 1915 1912 
4513 428 1477 427 
4514 1564 1565 1563 
4515 1746 1749 1748 
4516 1946 1948 1947 
4517 1807 1809 1808 
4518 1835 1836 1834 
4519 1809 1811 1810 
4520 3213 3251 3056 
4521 1948 1950 1949 
4522 2089 2091 2090 
4523 2403 2405 2402 
4524 1694 1695 1692 
4525 1801 1803 1802 
4526 2877 2878 2619 
4527 1950 1952 1951 
4528 2489 3121 2938 
4529 2584 2586 2585 
4530 2136 3138 2025 
4531 1996 3118 2164 
4532 2438 2506 2505 
4533 2156 2863 2426 
4534 1722 1725 1724 
4535 1698 1699 1697 
4536 1788 1789 1787 
4537 2128 2129 2081 
4538 2191 2192 2127 
4539 1752 2016 2015 
4540 1643 3395 2823 
4541 3138 3167 2038 
4542 1682 1684 1683 
4543 1557 2229 1555 
4544 3332 3343 2979 
4545 2273 3083 2056 
4546 1868 3220 1869 
4547 1906 1908 1907 
4548 2144 2145 2143 
4549 1940 1942 1941 
4550 1863 3389 3381 
4551 2565 2566 2517 
4552 1784 1785 1783 
4553 1696 1697 1695 
4554 1647 3137 2005 
4555 2063 3056 1601 
4556 1844 2072 1841 
4557 1749 1752 1751 
4558 2035 2037 2036 
4559 1611 1612 1610 
4560 1833 1834 1832 
4561 2401 2402 2400 
4562 1618 3388 3380 
4563 2079 2081 2078 
4564 1958 2181 1960 
4565 3199 3233 2187 
4566 2082 2528 2188 
4567 1716 1718 1717 
4568 307 3146 306 
4569 360 3147 359 
4570 2574 2816 2573 
4571 1918 1919 1917 
4572 2505 3152 2138 
4573 1725 1728 1727 
4574 2075 3150 2526 
4575 1609 1610 1608 
4576 1655 2070 1624 
4577 2664 2666 2665 
4578 1831 1832 1825 
4579 2009 2370 2210 
4580 376 1514 375 
4581 1916 1917 1915 
4582 323 1516 322 
4583 2807 2808 2054 
4584 2233 3129 2112 
4585 2306 3087 2123 
4586 415 1521 414 
4587 1804 3240 1806 
4588 1900 1902 1901 
4589 2051 3154 1936 
4590 3261 3282 2902 
4591 2625 2664 2663 
4592 468 1519 467 
4593 2552 2561 2560 
4594 2857 3251 3213 
4595 2071 2180 2070 
4596 1718 1720 1719 
4597 2561 2563 2562 
4598 2071 3132 2180 
4599 1586 3221 1588 
4600 2433 3151 2385 
4601 2492 2495 2494 
4602 1932 1935 1934 
4603 1933 3145 1944 
4604 1902 1904 1903 
4605 2008 3152 1965 
4606 2422 2424 2423 
4607 2563 2625 2624 
4608 2584 2585 2542 
4609 1780 1781 1779 
4610 1782 1783 1781 
4611 1886 3044 1676 
4612 3210 3221 2510 
4613 1711 1714 1713 
4614 2503 2552 2551 
4615 3021 3209 3025 
4616 1976 3290 3197 
4617 1839 3108 1827 
4618 306 1522 305 
4619 359 1525 358 
4620 2359 2392 2200 
4621 1601 3056 1602 
4622 2348 2349 2347 
4623 2077 2078 2076 
4624 2052 3205 2271 
4625 2205 2406 2365 
4626 2086 2089 2088 
4627 1954 3216 1967 
4628 2393 2395 2394 
4629 1867 2185 2041 
4630 2073 2076 2072 
4631 2501 2503 2502 
4632 2395 2422 2421 
4633 2483 3220 2122 
4634 1770 1771 1768 
4635 2069 3086 1978 
4636 2524 3148 2131 
4637 2149 2150 2004 
4638 1919 3110 1975 
4639 2218 2236 2151 
4640 1778 1779 1777 
4641 2288 3165 2040 
4642 2990 3204 2127 
4643 2267 2268 2114 
4644 2350 2351 2349 
4645 2075 2526 2084 
4646 1755 3241 3202 
4647 2249 2336 2116 
4648 1678 1680 1679 
4649 1676 1678 1677 
4650 2005 3137 2156 
4651 1824 1825 1822 
4652 2178 2415 2414 
4653 2389 2393 2390 
4654 1635 3183 2019 
4655 2261 3138 2136 
4656 1935 1938 1937 
4657 1896 1898 1897 
4658 2513 3134 2310 
4659 2438 2505 2138 
4660 1821 1822 1819 
4661 2142 2143 1884 
4662 2085 2527 2083 
4663 2228 2311 2163 
4664 3117 3371 2966 
4665 2499 2501 2500 
4666 2381 2387 2382 
4667 1589 1590 1587 
4668 377 3141 376 
4669 2605 2606 2190 
4670 2540 3134 2513 
4671 324 3143 323 
4672 1601 1602 1599 
4673 1640 2182 2046 
4674 3016 3129 2233 
4675 1426 3146 307 
4676 1427 3147 360 
4677 1607 1608 1606 
4678 2658 2848 2832 
4679 2109 3121 2489 
4680 1514 3140 375 
4681 2387 2389 2388 
4682 467 3144 466 
4683 2516 2517 2140 
4684 1818 1819 1817 
4685 2119 2184 1990 
4686 1516 3142 322 
4687 1744 3139 1746 
4688 2675 3138 2261 
4689 2497 2499 2498 
4690 1722 3218 1725 
4691 2379 2381 2380 
4692 2126 2127 2087 
4693 1613 3210 1620 
4694 1769 3121 2109 
4695 305 3156 304 
4696 2049 3214 2334 
4697 2118 3174 2246 
4698 2679 2680 2446 
4699 1776 1777 1775 
4700 358 3158 357 
4701 2999 3004 3001 
4702 2445 2446 2340 
4703 2373 2379 2374 
4704 1826 3206 1837 
4705 2842 3046 1971 
4706 1672 1674 1673 
4707 2058 3264 1987 
4708 1668 1670 1669 
4709 2199 2200 2198 
4710 2472 2474 2473 
4711 2901 2902 2292 
4712 2165 3132 2071 
4713 2113 3181 2216 
4714 1585 2092 1583 
4715 2125 2307 2062 
4716 1888 1890 1889 
4717 2495 2497 2496 
4718 1892 1894 1893 
4719 1807 1808 1805 
4720 2060 3038 1726 
4721 2002 2178 2177 
4722 2363 2371 2364 
4723 2253 2479 2252 
4724 2326 2328 2327 
4725 2173 3101 1887 
4726 1861 3195 2043 
4727 2156 3137 2863 
4728 1774 1775 1773 
4729 1762 1763 1760 
4730 2047 3215 2335 
4731 2591 2592 2437 
4732 2867 3050 2866 
4733 1690 1691 1689 
4734 2371 2373 2372 
4735 2506 3063 2505 
4736 1911 3131 2093 
4737 1589 3261 1591 
4738 1995 3249 1753 
4739 2344 2345 2343 
4740 2436 2437 2341 
4741 2804 2851 2482 
4742 1695 3202 1692 
4743 1801 1802 1799 
4744 1772 1773 1771 
4745 2683 2687 2448 
4746 2543 2549 2358 
4747 1944 3145 1958 
4748 2328 2330 2329 
4749 2361 2363 2362 
4750 304 1432 303 
4751 378 1428 377 
4752 1875 1877 1876 
4753 1980 1981 1970 
4754 1598 1599 1597 
4755 1660 1662 1661 
4756 1662 1664 1663 
4757 2185 2491 2186 
4758 326 3159 325 
4759 357 1435 356 
4760 329 1437 328 
4761 328 3160 327 
4762 325 1429 324 
4763 327 1524 326 
4764 2034 2035 2011 
4765 2237 2448 2236 
4766 272 1422 271 
4767 413 1423 412 
4768 2677 3167 2675 
4769 2298 2882 2457 
4770 463 3162 462 
4771 432 3164 431 
4772 465 3161 464 
4773 435 1438 434 
4774 462 1439 461 
4775 431 1430 430 
4776 466 1431 465 
4777 464 1528 463 
4778 433 1527 432 
4779 2314 2361 2315 
4780 2478 2482 2307 
4781 2412 2472 2413 
4782 2174 2340 2006 
4783 2542 3196 2540 
4784 2074 3139 1744 
4785 273 3166 272 
4786 379 3171 378 
4787 356 3169 355 
4788 1816 1817 1815 
4789 1920 3110 1919 
4790 1615 3329 3303 
4791 1910 1911 1909 
4792 2293 3194 2480 
4793 1596 1597 1594 
4794 436 3175 435 
4795 461 3163 460 
4796 411 1530 410 
4797 274 1529 273 
4798 302 1523 301 
4799 2357 2358 2356 
4800 3206 3240 2511 
4801 2194 2384 2383 
4802 2161 2252 2160 
4803 2481 3132 2165 
4804 3024 3209 3021 
4805 331 1533 330 
4806 355 1526 354 
4807 1746 3139 1749 
4808 1814 1815 1813 
4809 380 1534 379 
4810 1688 1689 1687 
4811 2097 2098 2096 
4812 2017 2355 2107 
4813 437 1536 436 
4814 460 1535 459 
4815 2182 2314 2183 
4816 1581 1603 1579 
4817 1686 1687 1684 
4818 2607 2608 2606 
4819 2248 2377 2376 
4820 332 3168 331 
4821 2908 3083 2273 
4822 354 3177 353 
4823 306 3146 1522 
4824 2017 2018 2016 
4825 276 1441 275 
4826 409 1442 408 
4827 2180 2812 2292 
4828 359 3147 1525 
4829 381 3172 380 
4830 2609 2865 2608 
4831 2355 2369 2367 
4832 438 3176 437 
4833 459 3180 458 
4834 300 1450 299 
4835 2312 2490 2311 
4836 1869 1871 1870 
4837 1611 3308 1616 
4838 333 1453 332 
4839 1992 2146 1991 
4840 353 1451 352 
4841 1711 1713 1708 
4842 2491 3170 2492 
4843 1958 3145 2181 
4844 382 1436 381 
4845 3110 3197 2521 
4846 439 1454 438 
4847 458 1455 457 
4848 2279 3227 2471 
4849 1912 3131 1911 
4850 2284 2884 2286 
4851 2089 3201 3007 
4852 1932 1934 1930 
4853 1984 1991 1983 
4854 1973 2034 2011 
4855 278 1538 277 
4856 407 1537 406 
4857 2170 2341 2007 
4858 2714 2715 2713 
4859 1954 1966 1952 
4860 2159 2160 2158 
4861 1946 1947 1942 
4862 3135 3295 2518 
4863 2367 2368 2107 
4864 3062 3304 3288 
4865 1722 1724 1720 
4866 2434 2576 2435 
4867 384 1539 383 
4868 335 1532 334 
4869 1730 1731 1728 
4870 1841 3198 1839 
4871 2322 2323 2321 
4872 406 3182 405 
4873 440 3179 439 
4874 1853 1855 1854 
4875 2557 2627 2428 
4876 298 1531 297 
4877 1557 3149 2229 
4878 1906 1907 1904 
4879 282 3188 281 
4880 1716 1717 1714 
4881 2049 2334 2221 
4882 1940 1941 1938 
4883 280 1458 279 
4884 405 1459 404 
4885 376 3141 1514 
4886 3202 3241 2318 
4887 386 1452 385 
4888 1591 1592 1590 
4889 2303 3213 2065 
4890 323 3143 1516 
4891 337 1468 336 
4892 2176 2265 2264 
4893 2585 3196 2542 
4894 2432 2434 2433 
4895 1638 1650 1649 
4896 1766 1767 1765 
4897 2047 2335 2212 
4898 1928 1976 1925 
4899 1624 3200 1622 
4900 1593 1594 1592 
4901 350 1478 349 
4902 2517 3285 2140 
4903 2072 3198 1841 
4904 1764 1765 1763 
4905 2180 2292 2070 
4906 1805 3150 1803 
4907 1919 1975 1968 
4908 2246 3174 2658 
4909 1682 1683 1680 
4910 388 1546 387 
4911 1811 1813 1810 
4912 2637 2638 2441 
4913 2427 2428 2111 
4914 2507 2817 2368 
4915 2351 2401 2400 
4916 1587 3157 1585 
4917 1519 3144 467 
4918 2168 2412 2169 
4919 1982 1983 1981 
4920 3197 3290 2521 
4921 3290 3322 2509 
4922 454 3184 453 
4923 455 1485 454 
4924 442 1484 441 
4925 445 1475 444 
4926 452 1474 451 
4927 2319 2321 1865 
4928 2384 2432 2385 
4929 2095 2096 2094 
4930 348 1540 347 
4931 2178 3325 2415 
4932 2153 2158 2152 
4933 2050 3205 2052 
4934 2031 2187 2175 
4935 402 1483 401 
4936 401 3187 400 
4937 283 1482 282 
4938 285 1543 284 
4939 286 3189 285 
4940 398 1486 397 
4941 287 1487 286 
4942 400 1542 399 
4943 284 3186 283 
4944 451 3192 450 
4945 295 1467 294 
4946 390 1466 389 
4947 2076 2300 2072 
4948 288 3190 287 
4949 397 3191 396 
4950 347 3185 346 
4951 1809 1810 1808 
4952 2613 2877 2619 
4953 2901 3287 2902 
4954 1752 2017 2016 
4955 1908 1909 1907 
4956 289 1544 288 
4957 396 1545 395 
4958 2271 3205 2835 
4959 450 1541 449 
4960 2035 2106 2037 
4961 2675 3167 3138 
4962 2370 2375 2210 
4963 346 1469 345 
4964 2256 3086 2069 
4965 2440 2441 2130 
4966 2444 2574 2573 
4967 1900 1901 1898 
4968 2070 3200 1624 
4969 1962 3263 1964 
4970 2091 2152 2090 
4971 3061 3220 2483 
4972 292 1480 291 
4973 393 1479 392 
4974 2144 2168 2145 
4975 340 1481 339 
4976 1632 1634 1633 
4977 2133 2239 2238 
4978 1847 1849 1848 
4979 2248 2376 2196 
4980 2540 3196 3134 
4981 2216 3181 2999 
4982 448 1489 447 
4983 343 1488 342 
4984 1522 3156 305 
4985 2338 2356 1993 
4986 2129 2269 2081 
4987 1525 3158 358 
4988 1975 2001 2000 
4989 2001 2133 2132 
4990 2191 2193 2192 
4991 2368 3199 2107 
4992 1803 2075 1802 
4993 1619 2094 1605 
4994 2812 2901 2292 
4995 1885 2531 2523 
4996 1992 3173 2146 
4997 2488 3044 1886 
4998 2345 2348 2347 
4999 2185 2511 2491 
5000 2403 2430 2405 
5001 1967 1969 1966 
5002 1839 3198 3108 
5003 1837 3206 1867 
5004 1885 3226 2531 
5005 2566 3339 2517 
5006 2355 2367 2107 
5007 2017 2107 2018 
5008 1923 3110 1920 
5009 2511 2983 2491 
5010 2098 2344 2343 
5011 1583 3178 1581 
5012 2063 3213 3056 
5013 1614 3282 1595 
5014 2065 3213 2063 
5015 2089 2090 2088 
5016 2131 3148 2442 
5017 1734 1759 1733 
5018 1732 1733 1731 
5019 2326 2327 2244 
5020 1795 1829 1793 
5021 1750 3208 1747 
5022 2182 2510 2314 
5023 2658 3174 2848 
5024 1620 3210 1640 
5025 2401 2403 2402 
5026 1692 3202 1691 
5027 1676 1677 1674 
5028 2983 3170 2491 
5029 2142 2144 2143 
5030 2271 2835 2293 
5031 1896 1897 1894 
5032 1987 3216 1954 
5033 2568 3358 2566 
5034 1575 1629 1573 
5035 1753 3218 1722 
5036 1948 1949 1947 
5037 1950 1951 1949 
5038 1911 2093 1986 
5039 1902 1903 1901 
5040 2126 2191 2127 
5041 2492 3170 2495 
5042 2367 2507 2368 
5043 2082 3207 2528 
5044 1830 3396 3372 
5045 1703 1723 1701 
5046 2572 3101 2173 
5047 1691 2318 1865 
5048 2418 2833 2333 
5049 2223 2581 2429 
5050 1672 1673 1670 
5051 1755 3202 1695 
5052 1428 3141 377 
5053 3246 3286 3038 
5054 3208 3253 2012 
5055 2565 2567 2566 
5056 2318 2320 2319 
5057 1725 1727 1724 
5058 2331 2857 2303 
5059 2122 3220 1868 
5060 2104 2223 2222 
5061 2093 2131 2130 
5062 1429 3143 324 
5063 1668 1669 1666 
5064 2873 3318 1693 
5065 2131 2442 2440 
5066 1642 3369 3359 
5067 2505 3247 3152 
5068 1718 1719 1717 
5069 2999 3181 3004 
5070 1935 1937 1934 
5071 3056 3251 1607 
5072 2101 2204 2203 
5073 2600 2601 2360 
5074 2348 2350 2349 
5075 1904 3207 1903 
5076 2377 2514 2376 
5077 1888 1889 1879 
5078 1602 1606 1605 
5079 304 3156 1432 
5080 1892 1893 1890 
5081 2277 3227 2279 
5082 466 3144 1431 
5083 2392 2590 2589 
5084 357 3158 1435 
5085 1560 3149 1557 
5086 1915 3131 1912 
5087 1697 1755 1695 
5088 1648 3232 3128 
5089 2902 3200 2292 
5090 2870 3050 2867 
5091 2471 3113 2843 
5092 1678 1679 1677 
5093 1588 3221 1613 
5094 1571 1998 1569 
5095 2249 2602 2336 
5096 1799 3230 1797 
5097 2836 3061 2483 
5098 2471 3227 3113 
5099 1867 3206 2185 
5100 2669 2670 2242 
5101 2363 2856 2371 
5102 2952 3270 2324 
5103 2241 2250 2239 
5104 2711 2714 2713 
5105 2516 2565 2517 
5106 2300 3198 2072 
5107 1640 3210 2182 
5108 1919 1968 1917 
5109 2497 2864 2499 
5110 2238 2242 2132 
5111 1803 3150 2075 
5112 1875 1876 1871 
5113 1660 1661 1654 
5114 2178 2414 2177 
5115 2874 3315 1979 
5116 1590 3157 1587 
5117 2097 3225 2098 
5118 2009 3217 2370 
5119 2095 2099 2097 
5120 3063 3247 2505 
5121 2017 3212 2355 
5122 1680 3217 1679 
5123 1869 1870 1862 
5124 1808 3150 1805 
5125 2018 3199 2031 
5126 1806 3240 1826 
5127 2203 2205 2102 
5128 2350 3219 2351 
5129 3131 3236 2524 
5130 1853 1854 1851 
5131 325 3159 1429 
5132 1524 3159 326 
5133 1437 3160 328 
5134 327 3160 1524 
5135 2230 2360 2147 
5136 2482 2873 2307 
5137 2004 3173 1992 
5138 1691 1865 1689 
5139 1585 3157 2092 
5140 2319 2322 2321 
5141 2292 3200 2070 
5142 378 3171 1428 
5143 2322 2579 2546 
5144 2099 2198 2111 
5145 1652 1657 1650 
5146 1567 2026 1565 
5147 1435 3169 356 
5148 272 3166 1422 
5149 2445 2679 2446 
5150 462 3162 1439 
5151 1431 3161 465 
5152 1528 3162 463 
5153 431 3164 1430 
5154 1527 3164 432 
5155 464 3161 1528 
5156 2857 3213 2303 
5157 1789 1857 1787 
5158 1881 3283 3079 
5159 1638 1649 1636 
5160 1632 1633 1628 
5161 2501 2839 2503 
5162 2174 2445 2340 
5163 1763 3257 1760 
5164 2902 3287 3261 
5165 1937 2353 1934 
5166 2427 2557 2428 
5167 2075 2083 1802 
5168 1911 1986 1909 
5169 2330 2569 2329 
5170 1819 1828 1817 
5171 1615 3344 3329 
5172 2440 2637 2441 
5173 435 3175 1438 
5174 1439 3163 461 
5175 2101 2102 2100 
5176 1925 3197 1923 
5177 2328 2329 2327 
5178 1529 3166 273 
5179 2163 3249 1995 
5180 2436 2591 2437 
5181 2373 2840 2379 
5182 1847 1848 1836 
5183 2392 2589 2200 
5184 1832 1843 1825 
5185 1975 2000 1968 
5186 355 3169 1526 
5187 1534 3171 379 
5188 1670 3155 1669 
5189 1894 3153 1893 
5190 2095 2097 2096 
5191 2205 2599 2406 
5192 2322 2546 2323 
5193 1981 3256 1970 
5194 1931 3310 1932 
5195 2062 3246 2060 
5196 1594 1600 1592 
5197 2075 2084 2083 
5198 3037 3280 2299 
5199 1595 3261 1589 
5200 1873 2100 1848 
5201 1813 1823 1810 
5202 2552 2822 2561 
5203 1907 3207 1904 
5204 1602 1605 1599 
5205 1930 3244 1928 
5206 1612 1626 1610 
5207 1619 2095 2094 
5208 3152 3247 1963 
5209 2092 3178 1583 
5210 2490 2900 2311 
5211 2170 2436 2341 
5212 1536 3175 436 
5213 460 3163 1535 
5214 1785 1864 1783 
5215 1563 3149 1560 
5216 2527 3230 2083 
5217 2222 2224 2105 
5218 3045 3245 1756 
5219 331 3168 1533 
5220 1581 3178 1603 
5221 1526 3177 354 
5222 2381 2823 2387 
5223 2525 3281 3222 
5224 2537 3397 3393 
5225 2357 2543 2358 
5226 2084 2085 2083 
5227 380 3172 1534 
5228 2126 2354 2191 
5229 2487 3342 2419 
5230 1684 3281 1683 
5231 1956 3299 1943 
5232 2873 3286 3246 
5233 437 3176 1536 
5234 1535 3180 459 
5235 2093 2130 1986 
5236 1802 3230 1799 
5237 2317 3364 2990 
5238 1648 2103 1633 
5239 2311 3249 2163 
5240 2168 2451 2412 
5241 1662 1663 1661 
5242 3043 3292 1740 
5243 2133 2238 2132 
5244 3006 3284 2276 
5245 2104 2105 2103 
5246 2563 2626 2625 
5247 2318 2319 1865 
5248 1453 3168 332 
5249 2084 2086 2085 
5250 2107 3199 2018 
5251 2375 2662 2660 
5252 353 3177 1451 
5253 1664 2049 1663 
5254 3345 3350 2507 
5255 2307 3246 2062 
5256 2344 3231 2345 
5257 2252 2447 2160 
5258 1877 2047 1876 
5259 1683 3217 1680 
5260 2190 3264 2058 
5261 2060 3246 3038 
5262 2152 2154 2090 
5263 1436 3172 381 
5264 1454 3176 438 
5265 458 3180 1455 
5266 2001 2132 2000 
5267 2389 2810 2393 
5268 1749 3212 1752 
5269 2348 2352 2350 
5270 1860 3370 3363 
5271 1793 3203 1791 
5272 2831 3310 3299 
5273 2835 3194 2293 
5274 2086 2088 2087 
5275 1781 2029 1779 
5276 1901 3242 1898 
5277 2114 3283 1881 
5278 1724 3250 1720 
5279 1966 3259 1952 
5280 2338 2357 2356 
5281 2131 2440 2130 
5282 2608 2874 2606 
5283 1731 3254 1728 
5284 2082 2188 2170 
5285 2099 2111 2097 
5286 1691 3202 2318 
5287 1947 3252 1942 
5288 2086 2087 2085 
5289 1606 1619 1605 
5290 2185 3206 2511 
5291 2623 2633 2430 
5292 439 3179 1454 
5293 2606 3264 2190 
5294 2146 2226 2147 
5295 1855 1885 1854 
5296 1537 3182 406 
5297 2395 2515 2422 
5298 2933 3303 2510 
5299 2198 2427 2111 
5300 2336 3260 2116 
5301 1898 3242 1897 
5302 2579 2647 2546 
5303 2403 2623 2430 
5304 1714 3245 1713 
5305 1885 2522 1854 
5306 1719 1756 1717 
5307 2446 3311 2340 
5308 1828 3391 3378 
5309 1903 2082 2007 
5310 1650 3193 1649 
5311 2238 2669 2242 
5312 1849 1873 1848 
5313 1903 2007 1901 
5314 1634 1648 1633 
5315 1976 3197 1925 
5316 1717 3245 1714 
5317 1964 3263 1973 
5318 2414 2631 2177 
5319 2351 3219 2401 
5320 1897 3153 1894 
5321 2088 2126 2087 
5322 2239 3265 2238 
5323 2352 2640 2439 
5324 405 3182 1459 
5325 2532 2533 2523 
5326 2345 3231 2348 
5327 2352 2439 2350 
5328 2031 3199 2187 
5329 2375 2660 2210 
5330 2531 2532 2523 
5331 2640 2673 2439 
5332 1942 3252 1941 
5333 2150 3173 2004 
5334 2329 2688 2327 
5335 2182 3210 2510 
5336 1679 2006 1677 
5337 1674 3248 1673 
5338 1673 3155 1670 
5339 1720 3250 1719 
5340 2994 3330 3323 
5341 1719 1757 1756 
5342 1618 3380 2840 
5343 2204 2564 2203 
5344 2226 2458 2230 
5345 2590 2671 2589 
5346 2817 3233 2368 
5347 1949 1977 1947 
5348 1727 2519 1724 
5349 1775 2023 1773 
5350 1757 1884 1756 
5351 2445 2682 2679 
5352 2244 3269 2241 
5353 1740 3292 1742 
5354 2009 2210 2174 
5355 2448 2689 2236 
5356 1727 2520 2519 
5357 2002 2142 1884 
5358 2581 2642 2429 
5359 2223 2429 2222 
5360 1970 3256 1969 
5361 1863 3381 2839 
5362 1760 3257 1759 
5363 1728 3254 1727 
5364 2434 2636 2576 
5365 1969 2337 1993 
5366 1677 3248 1674 
5367 1689 3222 1687 
5368 2101 2203 2102 
5369 2414 2641 2631 
5370 1679 2009 2006 
5371 2002 2177 2142 
5372 1752 3212 2017 
5373 1757 2002 1884 
5374 1482 3188 282 
5375 1928 3244 1976 
5376 1934 3244 1930 
5377 2357 2611 2543 
5378 1952 3259 1951 
5379 1573 3211 1571 
5380 2098 3225 2344 
5381 3139 3212 1749 
5382 3306 3334 1843 
5383 1873 2101 2100 
5384 522 3271 1497 
5385 3062 3288 3235 
5386 2437 3307 2341 
5387 1733 1994 1731 
5388 2337 2339 2338 
5389 2082 2170 2007 
5390 1871 3260 1870 
5391 1485 3184 454 
5392 2146 2147 1991 
5393 1648 2104 2103 
5394 2104 2222 2105 
5395 2047 2116 1876 
5396 2340 3248 2006 
5397 1983 2013 1981 
5398 2415 3266 2414 
5399 1765 2048 1763 
5400 2009 2174 2006 
5401 1474 3192 451 
5402 2321 3222 1865 
5403 1969 1993 1966 
5404 1540 3185 347 
5405 283 3186 1482 
5406 285 3189 1543 
5407 1487 3189 286 
5408 1543 3186 284 
5409 1483 3187 401 
5410 400 3187 1542 
5411 2318 3241 2320 
5412 287 3190 1487 
5413 1486 3191 397 
5414 2428 3225 2111 
5415 3038 3286 1688 
5416 2049 2140 1663 
5417 3200 3282 1622 
5418 450 3192 1541 
5419 2299 3280 2444 
5420 396 3191 1545 
5421 1544 3190 288 
5422 1973 3263 2034 
5423 1599 3235 1597 
5424 346 3185 1469 
5425 2627 3300 2428 
5426 2334 3258 2221 
5427 2341 3242 2007 
5428 1923 3197 3110 
5429 2230 2600 2360 
5430 1885 2523 2522 
5431 1917 3236 1915 
5432 2611 2656 2543 
5433 2212 2249 2116 
5434 1903 3207 2082 
5435 1704 3327 2943 
5436 2335 3262 2212 
5437 2200 3238 2198 
5438 1569 3223 1567 
5439 2532 2534 2533 
5440 2221 2516 2140 
5441 1657 3193 1650 
5442 2511 3289 2983 
5443 1565 3228 1563 
5444 2269 3367 2977 
5445 1666 3214 1664 
5446 2276 3284 2613 
5447 2094 3235 1605 
5448 2337 2338 1993 
5449 2047 2212 2116 
5450 1836 3237 1834 
5451 2049 2221 2140 
5452 2083 3230 1802 
5453 1876 3260 1871 
5454 2111 3225 2097 
5455 2900 3249 2311 
5456 1879 3215 1877 
5457 2212 2466 2249 
5458 1829 3203 1793 
5459 2221 2578 2516 
5460 1851 3224 1849 
5461 3316 3331 2518 
5462 2873 3246 2307 
5463 1636 3232 1634 
5464 2226 2230 2147 
5465 2048 3257 1763 
5466 1862 3226 1855 
5467 1628 3239 1617 
5468 1654 3229 1652 
5469 2013 3256 1981 
5470 1622 3282 1614 
5471 2250 3265 2239 
5472 1679 3217 2009 
5473 2327 3269 2244 
5474 1687 3281 1684 
5475 2439 3219 2350 
5476 1664 3214 2049 
5477 3240 3289 2511 
5478 2353 3244 1934 
5479 1877 3215 2047 
5480 2519 3250 1724 
5481 2874 3264 2606 
5482 2238 3265 2669 
5483 2521 3290 3017 
5484 2355 3298 2369 
5485 2007 3242 1901 
5486 1994 3254 1731 
5487 1756 3245 1717 
5488 1629 3211 1573 
5489 2902 3282 3200 
5490 2348 3231 2352 
5491 1642 3359 2856 
5492 1977 3252 1947 
5493 1865 3222 1689 
5494 2198 3238 2427 
5495 2831 3299 2184 
5496 2568 3387 3358 
5497 1845 3349 3337 
5498 1571 3211 1998 
5499 1993 3259 1966 
5500 2241 3269 2250 
5501 2320 3255 2319 
5502 1849 3224 1873 
5503 2090 3234 2088 
5504 2002 3302 2178 
5505 2356 3259 1993 
5506 2978 3353 2976 
5507 1855 3226 1885 
5508 1968 3236 1917 
5509 1915 3236 3131 
5510 2184 3299 1990 
5511 1634 3232 1648 
5512 1773 3268 1771 
5513 2006 3248 1677 
5514 2358 3313 2356 
5515 2142 3243 2144 
5516 1605 3235 1599 
5517 2444 3280 2574 
5518 2268 3283 2114 
5519 1669 3214 1666 
5520 2360 3276 2147 
5521 2589 3238 2200 
5522 3371 3378 2966 
5523 2945 3333 3292 
5524 2322 3255 2579 
5525 1889 3215 1879 
5526 1698 3345 1700 
5527 2126 3234 2354 
5528 1998 3223 1569 
5529 2088 3234 2126 
5530 3295 3316 2518 
5531 1567 3223 2026 
5532 1941 3305 1938 
5533 2026 3228 1565 
5534 2674 3612 1501 
5535 1854 3224 1851 
5536 1804 3289 3240 
5537 2524 3320 3148 
5538 1848 3237 1836 
5539 1969 3256 2337 
5540 3401 3410 1864 
5541 1719 3250 1757 
5542 2100 3237 1848 
5543 1633 3239 1628 
5544 1727 3254 2520 
5545 1870 3226 1862 
5546 1649 3232 1636 
5547 1652 3229 1657 
5548 1661 3229 1654 
5549 2177 3243 2142 
5550 2631 3243 2177 
5551 1939 3294 3102 
5552 2613 3284 2877 
5553 3261 3287 1591 
5554 2319 3255 2322 
5555 2154 3234 2090 
5556 1563 3228 3149 
5557 3222 3281 1687 
5558 2103 3239 1633 
5559 1580 3344 1582 
5560 2116 3260 1876 
5561 3343 3353 2979 
5562 2300 3332 2980 
5563 3201 3336 3007 
5564 1860 3363 2864 
5565 2414 3266 2641 
5566 1597 3288 1594 
5567 1795 3297 1829 
5568 1619 3295 3135 
5569 2210 3267 2174 
5570 2221 3258 2578 
5571 2331 3296 2857 
5572 3230 3297 1797 
5573 2522 3224 1854 
5574 2660 3267 2210 
5575 1594 3288 1600 
5576 2833 3296 2333 
5577 3150 3278 2526 
5578 1823 3278 1810 
5579 2688 3269 2327 
5580 1810 3278 1808 
5581 1606 3295 1619 
5582 2212 3262 2466 
5583 2174 3267 2445 
5584 1991 3276 1983 
5585 3384 3392 1857 
5586 2638 3347 2441 
5587 2990 3351 3204 
5588 2510 3303 2314 
5589 3224 3309 1873 
5590 1742 3292 2074 
5591 1796 3349 1798 
5592 1808 3278 3150 
5593 1986 3291 1909 
5594 2333 3296 2331 
5595 3235 3288 1597 
5596 2445 3267 2682 
5597 2023 3268 1773 
5598 1951 3277 1949 
5599 2401 3279 2403 
5600 2950 3377 2951 
5601 1797 3297 1795 
5602 3112 3306 3237 
5603 1907 3291 3207 
5604 3108 3293 2982 
5605 2339 3273 2338 
5606 2403 3279 2623 
5607 1608 3295 1606 
5608 2987 3383 3078 
5609 1909 3291 1907 
5610 3298 3333 2369 
5611 2509 3376 2243 
5612 2101 3309 2204 
5613 2397 3414 3088 
5614 2527 3297 3230 
5615 3212 3298 2355 
5616 2519 3302 3250 
5617 3198 3293 3108 
5618 2357 3273 2611 
5619 2366 3361 3051 
5620 1949 3277 1977 
5621 2338 3273 2357 
5622 3219 3279 2401 
5623 1845 3337 3170 
5624 1990 3299 1956 
5625 3139 3298 3212 
5626 3263 3323 2034 
5627 3250 3302 1757 
5628 3116 3312 3239 
5629 2147 3276 1991 
5630 1983 3276 2013 
5631 2342 3304 3062 
5632 1832 3306 1843 
5633 3112 3334 3306 
5634 1937 3301 2353 
5635 3128 3324 2582 
5636 2300 3293 3198 
5637 3281 3328 1683 
5638 2074 3298 3139 
5639 3207 3291 2528 
5640 3225 3300 2344 
5641 1938 3305 1937 
5642 1612 3312 1626 
5643 2140 3285 1663 
5644 1625 3308 1611 
5645 3107 3404 2397 
5646 1986 3326 3291 
5647 2441 3326 2130 
5648 2522 3309 3224 
5649 1663 3285 1661 
5650 1626 3316 1610 
5651 2076 3332 2300 
5652 2035 3330 2106 
5653 3237 3306 1834 
5654 2418 3319 2833 
5655 1943 3310 1931 
5656 1834 3306 1832 
5657 2314 3303 2361 
5658 3033 3323 3263 
5659 2608 3315 2874 
5660 2482 3318 2873 
5661 3239 3312 1617 
5662 3242 3307 1897 
5663 2344 3300 3231 
5664 2566 3358 3339 
5665 1617 3312 1612 
5666 2363 3329 2856 
5667 1600 3321 1592 
5668 1661 3285 3229 
5669 2952 3348 3270 
5670 3248 3311 1673 
5671 3259 3313 1951 
5672 1590 3321 3157 
5673 1757 3302 2002 
5674 2428 3300 3225 
5675 2269 3343 2081 
5676 1897 3307 3153 
5677 1937 3305 3301 
5678 1610 3316 1608 
5679 2995 3323 3033 
5680 3170 3337 2495 
5681 2497 3337 2864 
5682 1576 3369 1578 
5683 1968 3320 3236 
5684 2074 3333 3298 
5685 1673 3311 3155 
5686 1792 3370 1794 
5687 2336 3317 3260 
5688 2865 3315 2608 
5689 1608 3316 3295 
5690 1713 3348 1708 
5691 2352 3335 2640 
5692 1873 3309 2101 
5693 3320 3346 3148 
5694 3236 3320 2524 
5695 3260 3317 1870 
5696 3291 3326 2528 
5697 1821 3372 1824 
5698 2341 3307 3242 
5699 2533 3338 2523 
5700 1823 3336 3278 
5701 1779 3352 1777 
5702 2340 3311 3248 
5703 2242 3346 2132 
5704 3215 3314 2335 
5705 2615 3319 2418 
5706 2990 3364 3351 
5707 2627 3335 3300 
5708 3081 3687 1423 
5709 2356 3313 3259 
5710 3085 3436 2554 
5711 1649 3324 3232 
5712 2851 3318 2482 
5713 2952 3362 3348 
5714 3270 3348 1713 
5715 3278 3336 2526 
5716 2965 3391 2964 
5717 1889 3314 3215 
5718 2943 3327 2945 
5719 2176 3357 2265 
5720 3355 3373 2334 
5721 2525 3328 3281 
5722 1592 3321 1590 
5723 3303 3329 2361 
5724 2518 3331 2359 
5725 2106 3357 2037 
5726 1951 3313 3277 
5727 2376 3396 3367 
5728 3226 3317 2531 
5729 2336 3354 3317 
5730 3362 3377 1723 
5731 2078 3332 2076 
5732 3232 3324 3128 
5733 2361 3329 2363 
5734 3217 3328 2370 
5735 1870 3317 3226 
5736 2000 3320 1968 
5737 2369 3366 2367 
5738 3244 3322 1976 
5739 3317 3354 2531 
5740 2520 3325 2519 
5741 1704 3366 3327 
5742 2856 3359 2371 
5743 2365 3334 3112 
5744 2129 3367 2269 
5745 2034 3330 2035 
5746 2376 3367 2196 
5747 3414 3416 3088 
5748 3193 3324 1649 
5749 1703 3362 1723 
5750 1683 3328 3217 
5751 2993 3341 2994 
5752 1788 3389 1790 
5753 2398 3390 2942 
5754 1572 3388 1574 
5755 2373 3359 2840 
5756 3155 3355 1669 
5757 2130 3326 1986 
5758 2419 3342 2454 
5759 2864 3363 2499 
5760 2526 3336 3201 
5761 2495 3337 2497 
5762 2242 3365 3346 
5763 2501 3363 2839 
5764 2517 3339 3285 
5765 3302 3325 2178 
5766 3300 3335 3231 
5767 3309 3338 2204 
5768 2391 3374 3116 
5769 3397 3415 1755 
5770 3372 3396 2514 
5771 1700 3345 1704 
5772 1823 3371 3117 
5773 1976 3322 3290 
5774 2353 3322 3244 
5775 1582 3344 1615 
5776 2081 3343 2078 
5777 2078 3343 3332 
5778 3292 3333 2074 
5779 3328 3356 2370 
5780 2519 3325 3302 
5781 2441 3347 3326 
5782 3214 3355 2334 
5783 2523 3338 2522 
5784 3297 3351 1829 
5785 1828 3402 2855 
5786 2370 3356 2375 
5787 1813 3371 1823 
5788 2396 3399 2398 
5789 2522 3338 3309 
5790 2265 3375 2264 
5791 1698 3350 3345 
5792 3231 3335 2352 
5793 3229 3339 1657 
5794 2670 3365 2242 
5795 1708 3348 1706 
5796 1430 3382 430 
5797 2377 3379 2514 
5798 2000 3346 3320 
5799 2525 3356 3328 
5800 2385 3392 2383 
5801 1798 3349 1845 
5802 2681 3373 3355 
5803 3285 3339 3229 
5804 3404 3414 2397 
5805 2528 3347 2188 
5806 3051 3411 2396 
5807 3378 3391 2966 
5808 1784 3398 1786 
5809 2681 3355 3155 
5810 2979 3353 2978 
5811 3356 3368 2375 
5812 3204 3351 2527 
5813 1828 3378 1817 
5814 1568 3400 1570 
5815 2132 3346 2000 
5816 2187 3386 2175 
5817 3067 3383 3070 
5818 2840 3380 2379 
5819 2839 3381 2503 
5820 2381 3380 2823 
5821 2552 3381 2822 
5822 3322 3376 2509 
5823 2527 3351 3297 
5824 2029 3352 1779 
5825 3327 3366 2369 
5826 3203 3384 1791 
5827 3326 3347 2528 
5828 1789 3384 1857 
5829 2602 3354 2336 
5830 3323 3330 2034 
5831 3103 3393 1723 
5832 3321 3390 3157 
5833 2323 3356 2525 
5834 3339 3358 1657 
5835 2375 3368 2662 
5836 3346 3365 3148 
5837 2037 3357 2176 
5838 2398 3399 3390 
5839 1723 3393 1701 
5840 2531 3354 2532 
5841 1669 3355 3214 
5842 2544 3361 2366 
5843 3348 3362 1706 
5844 2359 3403 2392 
5845 3011 3360 3013 
5846 2536 3384 3203 
5847 1564 3413 1566 
5848 2536 3392 3384 
5849 2435 3410 2433 
5850 2371 3359 2373 
5851 2822 3394 2561 
5852 1706 3362 1703 
5853 1657 3358 3193 
5854 1490 3419 2739 
5855 2353 3376 3322 
5856 1941 3404 3305 
5857 1697 3397 1755 
5858 2563 3394 2626 
5859 3351 3364 1829 
5860 2323 3368 3356 
5861 2823 3395 2387 
5862 2676 3713 2677 
5863 2499 3363 2501 
5864 2389 3395 2810 
5865 2392 3409 2590 
5866 2196 3367 2129 
5867 3151 3401 1857 
5868 2952 3377 3362 
5869 1578 3369 1642 
5870 1857 3401 1787 
5871 1785 3401 1864 
5872 2506 3483 2794 
5873 2367 3366 2507 
5874 1829 3364 3203 
5875 1819 3402 1828 
5876 3367 3396 2977 
5877 3148 3365 2442 
5878 1794 3370 1860 
5879 2977 3396 1830 
5880 2546 3368 2323 
5881 2396 3411 3399 
5882 2577 3581 3517 
5883 2391 3403 3374 
5884 2768 3679 2984 
5885 1815 3371 1813 
5886 2568 3408 3387 
5887 1487 3453 3452 
5888 1843 3405 1825 
5889 2942 3390 3321 
5890 2431 3433 2405 
5891 1830 3372 1821 
5892 3151 3410 3401 
5893 2405 3431 2402 
5894 2626 3406 2625 
5895 1509 3514 2727 
5896 2810 3407 2393 
5897 3312 3374 1626 
5898 2680 3373 2681 
5899 2395 3407 2515 
5900 2281 3422 2922 
5901 2951 3377 2952 
5902 3403 3409 2392 
5903 3228 3669 2741 
5904 2264 3375 2554 
5905 1506 3667 2726 
5906 1843 3426 3405 
5907 3078 3383 3067 
5908 2334 3373 3258 
5909 3305 3404 3107 
5910 2967 3418 1864 
5911 2801 3379 2377 
5912 1815 3378 3371 
5913 3358 3387 3193 
5914 1817 3378 1815 
5915 430 3382 429 
5916 3423 3427 1629 
5917 2379 3380 2381 
5918 2503 3381 2552 
5919 2544 3423 3421 
5920 2515 3417 2422 
5921 3116 3374 3312 
5922 2477 3385 2803 
5923 1864 3418 1783 
5924 1781 3418 2029 
5925 1791 3384 1789 
5926 3387 3408 2582 
5927 2175 3386 2477 
5928 3301 3376 2353 
5929 1574 3388 1618 
5930 1790 3389 1863 
5931 1603 3421 1579 
5932 2966 3391 2965 
5933 2477 3386 3385 
5934 1626 3374 3331 
5935 2537 3415 3397 
5936 2022 3428 2915 
5937 3157 3390 2092 
5938 3324 3387 2582 
5939 3003 3429 3002 
5940 2383 3392 2536 
5941 1701 3393 1699 
5942 2402 3427 2400 
5943 1575 3423 1629 
5944 2550 3425 3416 
5945 1475 3525 2905 
5946 2544 3421 3361 
5947 2405 3433 3431 
5948 2561 3394 2563 
5949 2387 3395 2389 
5950 3374 3403 3331 
5951 3390 3399 2092 
5952 1699 3397 1697 
5953 3393 3397 1699 
5954 3193 3387 3324 
5955 1786 3398 1872 
5956 2514 3396 2376 
5957 2785 3662 3060 
5958 1570 3400 1643 
5959 1787 3401 1785 
5960 2476 3415 2537 
5961 2092 3399 3178 
5962 1822 3402 1819 
5963 2406 3432 2365 
5964 3361 3421 1603 
5965 3484 3691 1547 
5966 3416 3425 3088 
5967 3252 3404 1941 
5968 2476 3420 3415 
5969 1825 3405 1822 
5970 2253 3435 2479 
5971 1822 3405 3402 
5972 2625 3406 2664 
5973 2393 3407 2395 
5974 2582 3408 2581 
5975 3060 3420 2476 
5976 2722 3583 1503 
5977 2535 3426 2404 
5978 2224 3409 2391 
5979 3399 3411 3178 
5980 1566 3413 1630 
5981 2664 3412 2666 
5982 2391 3409 3403 
5983 3406 3412 2664 
5984 3178 3411 1603 
5985 2433 3410 3151 
5986 3252 3414 3404 
5987 2550 3416 3277 
5988 3405 3426 2535 
5989 3331 3403 2359 
5990 504 3511 505 
5991 1977 3414 3252 
5992 3489 3672 3099 
5993 1755 3415 3241 
5994 2463 3639 2791 
5995 2207 3437 2809 
5996 2422 3417 2424 
5997 2402 3431 3427 
5998 1977 3416 3414 
5999 1468 3545 2868 
6000 3415 3420 3241 
6001 1783 3418 1781 
6002 3277 3416 1977 
6003 2789 3419 1490 
6004 2406 3435 3432 
6005 3241 3420 2320 
6006 1579 3421 1577 
6007 2620 3422 2281 
6008 2898 3471 2897 
6009 2615 3478 2883 
6010 3426 3432 2404 
6011 2544 3427 3423 
6012 2779 3478 2781 
6013 2617 3441 2616 
6014 3184 3439 453 
6015 452 3439 1474 
6016 3421 3423 1577 
6017 2922 3437 2207 
6018 1577 3423 1575 
6019 1420 3424 563 
6020 545 3521 1464 
6021 2549 3425 2550 
6022 1765 3440 2048 
6023 2151 3442 2150 
6024 3106 3429 3003 
6025 2549 3430 3425 
6026 559 3522 1440 
6027 3088 3425 2330 
6028 2400 3427 2544 
6029 3425 3430 2330 
6030 2207 3428 2022 
6031 2689 3442 2236 
6032 2408 3444 2438 
6033 2330 3430 2569 
6034 2769 3698 2447 
6035 2809 3437 2653 
6036 3334 3426 1843 
6037 2773 3591 1466 
6038 3444 3483 2438 
6039 1629 3431 3211 
6040 2416 3453 2275 
6041 3462 3702 1488 
6042 3060 3723 2785 
6043 3334 3432 3426 
6044 3431 3433 3211 
6045 3427 3431 1629 
6046 3211 3433 1998 
6047 565 3434 1445 
6048 1513 3446 312 
6049 311 3446 1499 
6050 495 3527 1491 
6051 3478 3481 2781 
6052 2404 3435 2253 
6053 2846 3454 2845 
6054 2752 3512 2451 
6055 2666 3471 2665 
6056 3450 3454 1499 
6057 2365 3432 3334 
6058 2986 3464 2987 
6059 2623 3522 2633 
6060 1547 3448 473 
6061 472 3448 1518 
6062 3184 3622 2545 
6063 3432 3435 2404 
6064 3529 3698 2769 
6065 1541 3451 449 
6066 448 3451 1489 
6067 2861 3461 2862 
6068 1547 3691 3608 
6069 2649 3438 2407 
6070 3482 3713 2676 
6071 2673 3455 2439 
6072 2914 3466 1437 
6073 1479 3456 392 
6074 270 3445 269 
6075 1561 3458 1645 
6076 3219 3455 3279 
6077 3175 3648 1438 
6078 2947 3465 2948 
6079 3026 3532 1477 
6080 2634 3479 2834 
6081 490 3538 491 
6082 1536 3564 3175 
6083 2860 3461 2859 
6084 3026 3712 3382 
6085 2913 3466 2914 
6086 363 3460 362 
6087 1503 3541 478 
6088 479 3541 1456 
6089 1438 3459 434 
6090 433 3459 1527 
6091 344 3462 343 
6092 3048 3466 2420 
6093 1462 3595 2841 
6094 2932 3467 2452 
6095 2971 3467 2972 
6096 2460 3465 3059 
6097 2794 3445 2778 
6098 2729 3649 2564 
6099 453 3439 452 
6100 2806 3493 2595 
6101 1510 3616 2729 
6102 2013 3477 3275 
6103 3365 3447 2442 
6104 3091 3441 2617 
6105 1767 3440 1765 
6106 1495 3556 2720 
6107 1442 3468 408 
6108 407 3468 1537 
6109 3080 3473 2493 
6110 3185 3479 1469 
6111 278 3469 1538 
6112 1458 3469 279 
6113 3095 3473 2596 
6114 269 3445 1476 
6115 2236 3442 2151 
6116 317 3568 3094 
6117 2539 3476 2556 
6118 296 3475 295 
6119 1520 3688 3130 
6120 2601 3477 2360 
6121 2961 3491 1436 
6122 3314 3518 2777 
6123 2421 3480 2461 
6124 3255 3662 2785 
6125 2457 3478 2779 
6126 2821 3693 1529 
6127 1434 3443 2761 
6128 3076 3444 2408 
6129 3276 3477 2013 
6130 1476 3483 3444 
6131 427 3482 426 
6132 2953 3472 1641 
6133 1529 3637 2821 
6134 2567 3673 2793 
6135 2957 3491 2961 
6136 2962 3491 2957 
6137 2765 3615 2749 
6138 2725 3652 3273 
6139 423 3487 422 
6140 264 3484 263 
6141 1450 3605 2912 
6142 2756 3720 3559 
6143 1487 3452 3189 
6144 2897 3471 2666 
6145 312 3446 311 
6146 1501 3486 424 
6147 2224 3463 3409 
6148 2670 3447 3365 
6149 2845 3454 2426 
6150 3269 3488 2250 
6151 2576 3449 2577 
6152 473 3448 472 
6153 449 3451 448 
6154 2715 3572 2717 
6155 2426 3450 2399 
6156 2426 3454 3450 
6157 3106 3490 3429 
6158 2850 3452 2416 
6159 2770 3493 2547 
6160 2653 3596 1484 
6161 2434 3492 2636 
6162 3491 3504 1436 
6163 2439 3455 3219 
6164 392 3456 391 
6165 2562 3497 2560 
6166 2252 3495 2447 
6167 1508 3707 2733 
6168 1451 3571 2984 
6169 2912 3655 1450 
6170 1998 3496 3223 
6171 2465 3510 2826 
6172 1541 3635 3451 
6173 3488 3582 2250 
6174 2969 3501 2968 
6175 561 3546 562 
6176 3496 3613 3223 
6177 3482 3574 426 
6178 3325 3499 2415 
6179 1641 3458 1561 
6180 480 3457 481 
6181 434 3459 433 
6182 2859 3461 2861 
6183 1498 3460 363 
6184 2987 3464 3383 
6185 3409 3463 2590 
6186 3463 3474 2590 
6187 2777 3524 2594 
6188 343 3462 1488 
6189 2948 3465 2460 
6190 1486 3519 2898 
6191 2721 3685 3514 
6192 2420 3466 2913 
6193 491 3600 492 
6194 3499 3683 2415 
6195 2577 3517 2967 
6196 505 3607 506 
6197 2799 3627 1423 
6198 390 3503 1466 
6199 2417 3505 2614 
6200 2452 3467 2971 
6201 1511 3610 482 
6202 483 3610 1444 
6203 2946 3508 2947 
6204 2751 3668 3243 
6205 2649 3704 3438 
6206 3383 3464 3072 
6207 3522 3692 2633 
6208 1486 3562 3191 
6209 1470 3507 416 
6210 1768 3506 1767 
6211 415 3507 1521 
6212 1489 3705 2837 
6213 2645 3510 2464 
6214 3268 3506 1771 
6215 2816 3526 2573 
6216 408 3468 407 
6217 3452 3453 2416 
6218 2500 3515 2667 
6219 1767 3590 3440 
6220 2451 3512 2412 
6221 1530 3687 3081 
6222 279 3469 278 
6223 442 3513 1484 
6224 3556 3703 2466 
6225 1432 3516 303 
6226 1994 3509 3254 
6227 302 3516 1523 
6228 2803 3470 2559 
6229 3098 3618 3120 
6230 2797 3472 2953 
6231 2431 3496 3433 
6232 566 3719 567 
6233 2634 3697 3479 
6234 1893 3518 1890 
6235 2594 3524 2593 
6236 2493 3473 3095 
6237 3452 3500 3189 
6238 1542 3519 399 
6239 398 3519 1486 
6240 1476 3520 268 
6241 1429 3569 2791 
6242 2745 3689 3527 
6243 2677 3532 3209 
6244 1889 3518 3314 
6245 2538 3476 2539 
6246 2590 3474 2671 
6247 2735 3703 3556 
6248 295 3475 1467 
6249 560 3654 561 
6250 2870 3551 2878 
6251 1457 3692 557 
6252 2905 3525 2459 
6253 2484 3525 2838 
6254 344 3577 3462 
6255 2360 3477 3276 
6256 2656 3523 2543 
6257 2611 3521 2656 
6258 446 3621 2838 
6259 3451 3635 2622 
6260 2723 3583 2722 
6261 310 3502 309 
6262 3025 3532 3026 
6263 2453 3528 2463 
6264 2907 3531 2908 
6265 2578 3606 2790 
6266 2716 3533 2713 
6267 2655 3494 2985 
6268 2641 3538 2631 
6269 3153 3524 1893 
6270 2850 3500 3452 
6271 2834 3479 2487 
6272 2152 3529 2154 
6273 2423 3480 2421 
6274 2883 3478 2457 
6275 309 3534 308 
6276 3517 3581 2704 
6277 2610 3537 2455 
6278 2815 3645 1478 
6279 2736 3703 2735 
6280 2643 3536 2584 
6281 1527 3501 3164 
6282 2423 3485 3480 
6283 2614 3481 2615 
6284 1477 3482 427 
6285 2898 3562 1486 
6286 3422 3699 3176 
6287 2596 3627 2799 
6288 2838 3657 446 
6289 2170 3539 2436 
6290 394 3542 393 
6291 3314 3540 2335 
6292 1477 3712 3026 
6293 2438 3483 2506 
6294 338 3545 337 
6295 2800 3564 2620 
6296 2985 3494 2986 
6297 2919 3548 2918 
6298 1423 3627 3081 
6299 3122 3484 264 
6300 342 3535 341 
6301 2686 3666 2684 
6302 2748 3660 3443 
6303 2553 3599 2655 
6304 2565 3673 2567 
6305 2468 3550 2588 
6306 3444 3520 1476 
6307 2773 3550 2470 
6308 2678 3557 2906 
6309 3562 3597 3191 
6310 2619 3551 2672 
6311 3418 3517 2029 
6312 1474 3526 3192 
6313 2890 3562 2898 
6314 3456 3503 391 
6315 2799 3553 2529 
6316 2530 3553 2860 
6317 2595 3624 2678 
6318 1423 3594 2799 
6319 3073 3722 1518 
6320 2790 3606 1496 
6321 1450 3655 2928 
6322 1504 3653 2718 
6323 2549 3523 3430 
6324 293 3554 292 
6325 424 3486 423 
6326 2647 3552 2546 
6327 3460 3646 362 
6328 276 3555 1441 
6329 1538 3555 277 
6330 1467 3530 294 
6331 2912 3563 2555 
6332 2931 3563 2932 
6333 267 3560 266 
6334 2728 3595 1462 
6335 2466 3558 2249 
6336 2650 3580 2770 
6337 3538 3656 2631 
6338 2676 3574 3482 
6339 2450 3491 2962 
6340 3274 3547 2725 
6341 2725 3547 2724 
6342 2781 3609 1532 
6343 2586 3490 3106 
6344 2688 3488 3269 
6345 2204 3565 2564 
6346 2841 3565 2533 
6347 318 3568 317 
6348 2697 3567 2694 
6349 2763 3582 3488 
6350 1518 3570 471 
6351 470 3570 1471 
6352 3368 3552 2662 
6353 2717 3683 3499 
6354 370 3489 369 
6355 425 3574 1501 
6356 3455 3721 3279 
6357 2567 3566 2568 
6358 335 3573 1532 
6359 1468 3573 336 
6360 2620 3699 3422 
6361 2533 3565 3338 
6362 3462 3577 2635 
6363 3072 3641 1471 
6364 3479 3697 1469 
6365 2734 3616 1510 
6366 3441 3626 2616 
6367 2744 3613 3496 
6368 372 3576 1515 
6369 1473 3576 373 
6370 1469 3577 345 
6371 2432 3492 2434 
6372 2516 3579 2565 
6373 2609 3500 2850 
6374 455 3580 1485 
6375 2512 3585 2538 
6376 2547 3493 2806 
6377 2707 3590 2695 
6378 2651 3513 2654 
6379 1499 3502 310 
6380 2970 3588 2969 
6381 2599 3589 2406 
6382 2479 3495 2252 
6383 3144 3494 1431 
6384 2154 3584 3234 
6385 2427 3586 2557 
6386 2644 3648 2954 
6387 2558 3593 2645 
6388 2821 3593 2819 
6389 2984 3571 2921 
6390 388 3591 1546 
6391 1466 3591 389 
6392 1528 3718 3162 
6393 2646 3497 2562 
6394 1521 3594 414 
6395 2575 3633 2773 
6396 413 3594 1423 
6397 1458 3611 2827 
6398 541 3498 542 
6399 440 3596 3179 
6400 1484 3596 441 
6401 2639 3602 3016 
6402 2827 3625 2825 
6403 2520 3499 3325 
6404 339 3603 338 
6405 2837 3705 2935 
6406 3541 3651 1456 
6407 3438 3704 1480 
6408 1523 3605 301 
6409 300 3605 1450 
6410 1436 3504 3172 
6411 2820 3693 2821 
6412 2892 3638 2891 
6413 333 3609 1453 
6414 1532 3609 334 
6415 2570 3612 2674 
6416 2450 3504 3491 
6417 2699 3620 2703 
6418 2560 3598 2551 
6419 3188 3611 281 
6420 280 3611 1458 
6421 3168 3505 1533 
6422 3189 3500 1543 
6423 2545 3622 2443 
6424 2638 3601 3347 
6425 1517 3626 3441 
6426 2968 3501 2628 
6427 2193 3615 2194 
6428 2171 3625 2548 
6429 350 3544 1478 
6430 2583 3623 2643 
6431 2825 3625 2235 
6432 3059 3646 3460 
6433 3099 3623 3097 
6434 447 3621 446 
6435 2846 3502 3454 
6436 3433 3496 1998 
6437 1437 3629 2914 
6438 2557 3586 3434 
6439 3436 3718 1528 
6440 2909 3622 1485 
6441 1440 3721 3455 
6442 2571 3635 2580 
6443 329 3629 1437 
6444 1533 3629 330 
6445 3074 3722 3073 
6446 2911 3655 2912 
6447 1459 3632 404 
6448 5 3642 474 
6449 263 3642 5 
6450 8 3643 421 
6451 422 3643 8 
6452 6 3644 315 
6453 316 3644 6 
6454 1471 3641 469 
6455 274 3637 1529 
6456 1441 3637 275 
6457 468 3641 1519 
6458 341 3724 340 
6459 361 3646 1427 
6460 1478 3645 349 
6461 348 3645 1540 
6462 1733 3640 1994 
6463 2205 3649 2599 
6464 2618 3702 2612 
6465 446 3657 445 
6466 2564 3649 2203 
6467 2354 3584 3443 
6468 428 3712 1477 
6469 2581 3650 2642 
6470 1515 3672 371 
6471 3185 3636 3479 
6472 2191 3660 2193 
6473 3352 3682 1777 
6474 403 3678 402 
6475 352 3679 351 
6476 2168 3668 2451 
6477 2660 3651 3267 
6478 2671 3663 2589 
6479 2520 3509 3499 
6480 1423 3687 412 
6481 411 3687 1530 
6482 1480 3704 291 
6483 2559 3630 2668 
6484 1475 3684 444 
6485 3243 3668 2144 
6486 2447 3698 2160 
6487 1775 3682 2023 
6488 2569 3701 2329 
6489 2320 3662 3255 
6490 3228 3700 3149 
6491 2703 3682 3352 
6492 2711 3675 2714 
6493 2479 3589 2828 
6494 3480 3485 1467 
6495 3382 3712 429 
6496 391 3503 390 
6497 3454 3502 1499 
6498 3335 3681 2640 
6499 7 3647 368 
6500 369 3647 7 
6501 2791 3569 2844 
6502 3191 3597 1545 
6503 3435 3589 2479 
6504 3147 3508 1525 
6505 3076 3520 3444 
6506 3486 3487 423 
6507 2449 3504 2450 
6508 2868 3545 2869 
6509 3547 3653 1504 
6510 2661 3505 2417 
6511 2668 3508 2946 
6512 2586 3536 3490 
6513 416 3507 415 
6514 1771 3506 1768 
6515 3422 3604 2922 
6516 3485 3530 1467 
6517 3625 3706 2548 
6518 1465 3511 504 
6519 2464 3510 2465 
6520 2735 3556 1495 
6521 2412 3512 2472 
6522 3254 3509 2520 
6523 443 3513 442 
6524 2502 3515 2500 
6525 303 3516 302 
6526 3504 3549 3172 
6527 3523 3665 3430 
6528 1454 3604 3422 
6529 3060 3662 3420 
6530 1890 3518 1889 
6531 2609 3543 3500 
6532 3521 3652 1464 
6533 1460 3600 3266 
6534 3437 3604 3179 
6535 3500 3543 1543 
6536 399 3519 398 
6537 1464 3652 2725 
6538 268 3520 267 
6539 294 3530 293 
6540 544 3521 545 
6541 2580 3526 2816 
6542 558 3522 559 
6543 3508 3680 2947 
6544 3440 3590 2707 
6545 2967 3517 3418 
6546 2638 3707 3601 
6547 3158 3630 1435 
6548 2543 3523 2549 
6549 351 3544 350 
6550 2459 3525 2484 
6551 2593 3524 3153 
6552 3434 3586 1445 
6553 2670 3714 2783 
6554 2785 3708 3255 
6555 3441 3568 1517 
6556 3068 3592 3075 
6557 2462 3575 2846 
6558 494 3527 495 
6559 2449 3549 3504 
6560 2598 3528 2453 
6561 1488 3535 342 
6562 2908 3531 3085 
6563 2158 3529 2152 
6564 1527 3670 3501 
6565 3209 3532 3025 
6566 2713 3533 2712 
6567 2837 3621 1489 
6568 3272 3696 1497 
6569 3505 3676 2614 
6570 3188 3706 3611 
6571 308 3534 1426 
6572 3479 3636 2487 
6573 395 3686 394 
6574 3163 3709 3557 
6575 3443 3660 2354 
6576 3161 3599 1528 
6577 558 3692 3522 
6578 2672 3535 2618 
6579 562 3546 1420 
6580 2455 3537 3048 
6581 3163 3557 1535 
6582 2584 3536 2586 
6583 3512 3559 2472 
6584 3494 3661 2986 
6585 3497 3632 1459 
6586 2502 3561 3515 
6587 1443 3538 490 
6588 2607 3543 2609 
6589 3548 3715 2920 
6590 1443 3656 3538 
6591 2188 3539 2170 
6592 3551 3724 2672 
6593 2335 3540 3262 
6594 478 3541 479 
6595 393 3542 1479 
6596 1528 3599 3436 
6597 3172 3549 1534 
6598 3243 3656 2751 
6599 1543 3543 3186 
6600 3522 3721 1440 
6601 2556 3618 3098 
6602 2767 3544 2768 
6603 337 3545 1468 
6604 2844 3569 2610 
6605 3586 3663 1445 
6606 2640 3546 2673 
6607 2597 3575 2462 
6608 3513 3684 2654 
6609 3068 3631 3592 
6610 1430 3588 3382 
6611 2601 3547 3274 
6612 1435 3630 3470 
6613 370 3672 3489 
6614 3557 3709 2907 
6615 2918 3548 2920 
6616 2723 3606 3258 
6617 3382 3588 3022 
6618 3526 3677 2573 
6619 3262 3556 2466 
6620 2762 3582 2763 
6621 3144 3661 3494 
6622 3266 3600 2641 
6623 2997 3549 2449 
6624 1994 3640 3533 
6625 2783 3714 1424 
6626 2602 3696 3272 
6627 2470 3550 2468 
6628 3501 3670 2628 
6629 2878 3551 2619 
6630 2529 3553 2530 
6631 2742 3613 2744 
6632 3537 3710 3048 
6633 292 3554 1480 
6634 2607 3578 3543 
6635 2684 3666 2685 
6636 2906 3557 2907 
6637 277 3555 276 
6638 2546 3552 3368 
6639 3549 3587 1534 
6640 2249 3558 2602 
6641 2802 3564 2800 
6642 3073 3608 3069 
6643 2472 3559 2474 
6644 266 3560 1500 
6645 3543 3578 3186 
6646 1485 3622 3184 
6647 2889 3562 2890 
6648 2551 3561 2502 
6649 1496 3606 2723 
6650 3069 3631 3068 
6651 2708 3711 2707 
6652 2555 3563 2931 
6653 1448 3665 3523 
6654 2587 3634 2604 
6655 2726 3619 1465 
6656 2685 3530 3485 
6657 2921 3571 2919 
6658 1435 3715 3169 
6659 2671 3719 3663 
6660 3476 3618 2556 
6661 2597 3617 3575 
6662 2694 3567 2696 
6663 1437 3710 3160 
6664 3451 3705 1489 
6665 3338 3565 2204 
6666 1497 3696 2736 
6667 443 3684 3513 
6668 3182 3598 1459 
6669 2784 3720 2756 
6670 2188 3601 3539 
6671 3492 3607 2636 
6672 1517 3568 318 
6673 3147 3680 3508 
6674 3159 3569 1429 
6675 2997 3587 3549 
6676 2568 3566 3408 
6677 3075 3592 3076 
6678 471 3570 470 
6679 3498 3665 1448 
6680 1460 3572 2745 
6681 2793 3673 1502 
6682 3177 3571 1451 
6683 3531 3718 3085 
6684 336 3573 335 
6685 426 3574 425 
6686 2742 3669 3613 
6687 2605 3578 2607 
6688 2587 3688 3634 
6689 2158 3698 3529 
6690 2573 3677 2545 
6691 2889 3597 3562 
6692 3640 3671 2712 
6693 3448 3608 3073 
6694 373 3576 372 
6695 345 3577 344 
6696 2975 3617 2597 
6697 3186 3578 1482 
6698 3168 3676 3505 
6699 2838 3621 2837 
6700 2578 3579 2516 
6701 1534 3587 3171 
6702 2712 3671 2710 
6703 456 3580 455 
6704 1518 3722 3570 
6705 3069 3691 3631 
6706 2704 3581 2702 
6707 1465 3619 3449 
6708 2250 3582 3265 
6709 2673 3654 3455 
6710 2679 3583 2680 
6711 2622 3705 3451 
6712 3058 3585 2512 
6713 3234 3584 2354 
6714 2762 3659 3582 
6715 3720 3723 2474 
6716 3567 3620 2696 
6717 3466 3710 1437 
6718 3671 3695 2710 
6719 3470 3715 1435 
6720 3493 3624 2595 
6721 2998 3587 2997 
6722 2846 3575 3534 
6723 3238 3586 2427 
6724 3436 3599 2553 
6725 3022 3588 2970 
6726 3449 3619 3581 
6727 2545 3677 3439 
6728 2695 3590 2697 
6729 2605 3614 3578 
6730 2710 3695 2708 
6731 3579 3673 2565 
6732 3695 3711 2708 
6733 389 3591 388 
6734 3581 3619 2702 
6735 1512 3618 3476 
6736 3587 3628 3171 
6737 3578 3614 1482 
6738 2646 3632 3497 
6739 3130 3688 2587 
6740 2819 3593 2558 
6741 2741 3669 2742 
6742 2975 3664 3617 
6743 2639 3626 3124 
6744 414 3594 413 
6745 3564 3699 2620 
6746 3575 3617 1426 
6747 3156 3716 2972 
6748 2891 3597 2889 
6749 441 3596 440 
6750 2784 3723 3720 
6751 1424 3659 2762 
6752 3449 3581 2577 
6753 2947 3680 3465 
6754 492 3600 1460 
6755 3016 3602 2598 
6756 2406 3589 3435 
6757 1501 3612 3486 
6758 3566 3650 3408 
6759 1481 3603 339 
6760 2922 3604 3437 
6761 2682 3651 3541 
6762 3179 3604 1454 
6763 301 3605 300 
6764 3525 3657 2838 
6765 3347 3601 2188 
6766 2998 3628 3587 
6767 2631 3656 3243 
6768 506 3607 1449 
6769 1547 3608 3448 
6770 3258 3606 2578 
6771 334 3609 333 
6772 2548 3614 2605 
6773 3455 3654 1440 
6774 482 3610 483 
6775 3582 3659 3265 
6776 281 3611 280 
6777 2604 3612 2570 
6778 2986 3661 3464 
6779 1540 3636 3185 
6780 2731 3707 1508 
6781 3223 3613 2026 
6782 3342 3636 1540 
6783 1481 3724 3551 
6784 1482 3614 3188 
6785 2194 3615 2384 
6786 1426 3617 3146 
6787 3120 3618 1512 
6788 2696 3620 2699 
6789 3487 3643 422 
6790 1449 3607 3492 
6791 2973 3664 2975 
6792 3238 3663 3586 
6793 3484 3642 263 
6794 3592 3631 1500 
6795 3171 3628 1428 
6796 3124 3626 1517 
6797 1424 3714 3659 
6798 1489 3621 447 
6799 2443 3622 2909 
6800 3097 3623 2583 
6801 2805 3633 2575 
6802 3459 3670 1527 
6803 2235 3625 2171 
6804 3180 3624 1455 
6805 2616 3626 2639 
6806 3473 3627 2596 
6807 3601 3707 2731 
6808 2751 3656 1443 
6809 1474 3677 3526 
6810 2827 3706 3625 
6811 3000 3628 2998 
6812 3528 3639 2463 
6813 330 3629 329 
6814 1469 3697 3577 
6815 3081 3627 3473 
6816 3585 3694 2538 
6817 3628 3674 1428 
6818 2973 3716 3664 
6819 3613 3669 2026 
6820 2611 3652 3521 
6821 3430 3665 2569 
6822 1500 3631 3122 
6823 3617 3664 3146 
6824 404 3632 403 
6825 2622 3635 2571 
6826 2487 3636 3342 
6827 1550 3634 3119 
6828 2920 3715 3470 
6829 2893 3638 2892 
6830 3143 3639 1516 
6831 2474 3723 3060 
6832 275 3637 274 
6833 368 3647 1549 
6834 3481 3676 1453 
6835 469 3641 468 
6836 474 3642 1547 
6837 421 3643 1550 
6838 315 3644 1548 
6839 1759 3640 1733 
6840 1444 3690 2757 
6841 349 3645 348 
6842 2954 3648 2802 
6843 362 3646 361 
6844 3000 3674 3628 
6845 3465 3680 1427 
6846 2203 3649 2205 
6847 3267 3651 2682 
6848 2601 3653 3547 
6849 2600 3653 2601 
6850 3273 3652 2611 
6851 1440 3654 560 
6852 2603 3655 2911 
6853 3690 3708 2757 
6854 2466 3703 3558 
6855 445 3657 1475 
6856 1759 3671 3640 
6857 3674 3717 3141 
6858 3634 3688 3119 
6859 2677 3713 3532 
6860 3265 3659 2669 
6861 2757 3708 2785 
6862 2354 3660 2191 
6863 2972 3716 2973 
6864 2048 3711 3695 
6865 1545 3686 395 
6866 2907 3709 3531 
6867 3464 3661 1519 
6868 1428 3674 3141 
6869 1519 3661 3144 
6870 3408 3650 2581 
6871 3533 3640 2712 
6872 3002 3717 3674 
6873 3146 3664 1522 
6874 2589 3663 3238 
6875 2621 3693 2820 
6876 2628 3670 2644 
6877 2702 3667 2700 
6878 2144 3668 2168 
6879 2026 3669 3228 
6880 3257 3671 1759 
6881 371 3672 370 
6882 2709 3675 2711 
6883 3002 3674 3000 
6884 2714 3689 2715 
6885 1453 3676 3168 
6886 402 3678 1483 
6887 3631 3691 3122 
6888 3611 3706 2827 
6889 3659 3714 2669 
6890 2685 3666 3554 
6891 3439 3677 1474 
6892 3257 3695 3671 
6893 1451 3679 352 
6894 1427 3680 3147 
6895 3664 3716 1522 
6896 2644 3670 3459 
6897 444 3684 443 
6898 1777 3682 1775 
6899 2415 3683 3266 
6900 2592 3685 2594 
6901 412 3687 411 
6902 3486 3612 2604 
6903 3420 3662 2320 
6904 3119 3688 1520 
6905 2736 3696 3558 
6906 557 3692 558 
6907 3123 3694 1498 
6908 2635 3697 2634 
6909 2579 3690 2647 
6910 2935 3705 2622 
6911 2627 3681 3335 
6912 2612 3702 2903 
6913 2160 3698 2158 
6914 2048 3695 3257 
6915 3149 3700 2229 
6916 3176 3699 1536 
6917 2579 3708 3690 
6918 291 3704 290 
6919 3048 3710 3466 
6920 2329 3701 2688 
6921 2614 3676 3481 
6922 3534 3575 1426 
6923 1455 3624 3493 
6924 429 3712 428 
6925 3141 3717 1514 
6926 2707 3711 3440 
6927 3255 3708 2579 
6928 3429 3717 3002 
6929 1439 3709 3163 
6930 1445 3719 566 
6931 2785 3723 2784 
6932 3440 3711 2048 
6933 2669 3714 2670 
6934 1522 3716 3156 
6935 3071 3722 3074 
6936 340 3724 1481 
6937 3279 3721 2623 
6938 3561 3598 3182 
6939 1550 3643 3487 
6940 1547 3642 3484 
6941 3076 3592 3560 
6942 2623 3721 3522 
6943 3470 3630 2559 
6944 1514 3717 3429 
6945 3085 3718 3436 
6946 2569 3665 3498 
6947 1549 3647 3489 
6948 3489 3647 369 
6949 1475 3657 3525 
6950 2548 3706 3614 
6951 3570 3722 3071 
6952 3560 3592 1500 
6953 3514 3685 2592 
6954 1477 3713 3482 
6955 3614 3706 3188 
6956 2551 3598 3561 
6957 3122 3691 3484 
6958 1516 3639 3528 
6959 1502 3673 3579 
6960 3572 3683 2717 
6961 1536 3699 3564 
6962 3527 3689 2714 
6963 3532 3713 1477 
6964 3531 3709 1439 
6965 3663 3719 1445 
6966 3554 3666 1480 
6967 3559 3720 2474 
6968 3619 3667 2702 
6969 2726 3667 3619 
6970 3558 3696 2602 
6971 3577 3697 2635 
6972 3558 3703 2736 
6973 3608 3691 3069 
6974 1498 3694 3585 
6975 3638 3686 1545 
6976 2893 3686 3638 
2 7 2 2904
6977 3829 4132 57 
6978 3831 4249 183 
6979 3830 4366 120 
6980 3832 4483 246 
6981 4037 4132 3829 
6982 4154 4249 3831 
6983 4271 4366 3830 
6984 4388 4483 3832 
6985 3837 4131 54 
6986 3839 4248 180 
6987 3838 4365 117 
6988 3840 4482 243 
6989 4512 4584 3804 
6990 4510 4588 3808 
6991 4514 4582 3802 
6992 4516 4586 3806 
6993 4044 4131 3837 
6994 4161 4248 3839 
6995 4278 4365 3838 
6996 4395 4482 3840 
6997 3845 4130 51 
6998 3847 4247 177 
6999 3846 4364 114 
7000 3848 4481 240 
7001 4051 4130 3845 
7002 4168 4247 3847 
7003 4285 4364 3846 
7004 4402 4481 3848 
7005 3804 4877 4512 
7006 3808 4878 4510 
7007 3802 4879 4514 
7008 3806 4880 4516 
7009 3798 4733 3961 
7010 3800 4734 3964 
7011 3799 4736 3967 
7012 3797 4735 3970 
7013 3853 4128 48 
7014 3855 4245 174 
7015 3854 4362 111 
7016 3856 4479 237 
7017 4058 4128 3853 
7018 4175 4245 3855 
7019 4292 4362 3854 
7020 4409 4479 3856 
7021 150 4649 149 
7022 24 4650 23 
7023 87 4651 86 
7024 213 4652 212 
7025 153 4669 152 
7026 27 4670 26 
7027 90 4671 89 
7028 216 4672 215 
7029 3863 4244 171 
7030 3861 4127 45 
7031 3862 4361 108 
7032 3864 4478 234 
7033 156 4685 155 
7034 30 4686 29 
7035 93 4687 92 
7036 219 4688 218 
7037 4182 4244 3863 
7038 4065 4127 3861 
7039 4299 4361 3862 
7040 4416 4478 3864 
7041 159 4701 158 
7042 33 4702 32 
7043 96 4703 95 
7044 222 4704 221 
7045 162 4725 161 
7046 36 4726 35 
7047 99 4727 98 
7048 225 4728 224 
7049 4234 4236 3819 
7050 4117 4119 3817 
7051 4351 4353 3818 
7052 4468 4470 3820 
7053 165 4745 164 
7054 39 4746 38 
7055 102 4747 101 
7056 228 4748 227 
7057 151 4238 150 
7058 25 4121 24 
7059 88 4355 87 
7060 214 4472 213 
7061 170 4778 169 
7062 44 4777 43 
7063 107 4779 106 
7064 233 4780 232 
7065 47 4797 46 
7066 173 4798 172 
7067 110 4799 109 
7068 236 4800 235 
7069 4238 4649 150 
7070 4121 4650 24 
7071 4355 4651 87 
7072 4472 4652 213 
7073 4227 4229 3827 
7074 4110 4112 3825 
7075 4344 4346 3826 
7076 4461 4463 3828 
7077 50 4821 49 
7078 176 4822 175 
7079 113 4824 112 
7080 239 4823 238 
7081 154 4239 153 
7082 28 4122 27 
7083 91 4356 90 
7084 217 4473 216 
7085 53 4845 52 
7086 179 4846 178 
7087 116 4847 115 
7088 242 4848 241 
7089 3867 4243 166 
7090 3865 4126 40 
7091 3866 4360 103 
7092 3868 4477 229 
7093 56 4865 55 
7094 182 4866 181 
7095 119 4868 118 
7096 245 4867 244 
7097 59 4869 58 
7098 185 4870 184 
7099 122 4871 121 
7100 248 4872 247 
7101 4194 4243 3867 
7102 4077 4126 3865 
7103 4311 4360 3866 
7104 4428 4477 3868 
7105 62 4875 61 
7106 188 4876 187 
7107 125 4874 124 
7108 251 4873 250 
7109 4220 4222 3835 
7110 4103 4105 3833 
7111 4337 4339 3834 
7112 4454 4456 3836 
7113 157 4240 156 
7114 31 4123 30 
7115 94 4357 93 
7116 220 4474 219 
7117 4239 4669 153 
7118 4122 4670 27 
7119 4356 4671 90 
7120 4473 4672 216 
7121 3859 4242 163 
7122 3857 4125 37 
7123 3858 4359 100 
7124 3860 4476 226 
7125 4213 4215 3843 
7126 4096 4098 3841 
7127 4330 4332 3842 
7128 4447 4449 3844 
7129 160 4241 159 
7130 34 4124 33 
7131 97 4358 96 
7132 223 4475 222 
7133 4201 4242 3859 
7134 4084 4125 3857 
7135 4318 4359 3858 
7136 4435 4476 3860 
7137 3961 4889 3798 
7138 3964 4890 3800 
7139 3967 4891 3799 
7140 3970 4892 3797 
7141 4206 4208 3851 
7142 4089 4091 3849 
7143 4323 4325 3850 
7144 4440 4442 3852 
7145 4240 4685 156 
7146 4123 4686 30 
7147 4357 4687 93 
7148 4474 4688 219 
7149 163 4242 162 
7150 37 4125 36 
7151 100 4359 99 
7152 226 4476 225 
7153 3851 4241 160 
7154 3849 4124 34 
7155 3850 4358 97 
7156 3852 4475 223 
7157 166 4243 165 
7158 40 4126 39 
7159 103 4360 102 
7160 229 4477 228 
7161 4199 4201 3859 
7162 4082 4084 3857 
7163 4316 4318 3858 
7164 4433 4435 3860 
7165 4208 4241 3851 
7166 4091 4124 3849 
7167 4325 4358 3850 
7168 4442 4475 3852 
7169 4241 4701 159 
7170 4124 4702 33 
7171 4358 4703 96 
7172 4475 4704 222 
7173 4192 4194 3867 
7174 4075 4077 3865 
7175 4309 4311 3866 
7176 4426 4428 3868 
7177 3889 4493 3977 
7178 3891 4495 3978 
7179 3890 4489 3979 
7180 3892 4491 3980 
7181 4005 4006 3789 
7182 4013 4014 3791 
7183 3997 3998 3790 
7184 3989 3990 3792 
7185 3843 4240 157 
7186 3841 4123 31 
7187 3842 4357 94 
7188 3844 4474 220 
7189 171 4244 170 
7190 45 4127 44 
7191 108 4361 107 
7192 234 4478 233 
7193 4187 4189 3871 
7194 4070 4072 3869 
7195 4304 4306 3870 
7196 4421 4423 3872 
7197 4215 4240 3843 
7198 4098 4123 3841 
7199 4332 4357 3842 
7200 4449 4474 3844 
7201 48 4128 47 
7202 174 4245 173 
7203 111 4362 110 
7204 237 4479 236 
7205 4180 4182 3863 
7206 4063 4065 3861 
7207 4297 4299 3862 
7208 4414 4416 3864 
7209 51 4130 50 
7210 177 4247 176 
7211 114 4364 113 
7212 240 4481 239 
7213 4242 4725 162 
7214 4125 4726 36 
7215 4359 4727 99 
7216 4476 4728 225 
7217 4056 4058 3853 
7218 4173 4175 3855 
7219 4290 4292 3854 
7220 4407 4409 3856 
7221 4236 4237 3819 
7222 4119 4120 3817 
7223 4353 4354 3818 
7224 4470 4471 3820 
7225 54 4131 53 
7226 180 4248 179 
7227 117 4365 116 
7228 243 4482 242 
7229 3977 4513 3889 
7230 3978 4515 3891 
7231 3979 4511 3890 
7232 3980 4509 3892 
7233 3835 4239 154 
7234 3833 4122 28 
7235 3834 4356 91 
7236 3836 4473 217 
7237 57 4132 56 
7238 183 4249 182 
7239 120 4366 119 
7240 246 4483 245 
7241 3981 4581 3802 
7242 3982 4585 3806 
7243 3983 4583 3804 
7244 3984 4587 3808 
7245 4049 4051 3845 
7246 4166 4168 3847 
7247 4283 4285 3846 
7248 4400 4402 3848 
7249 3885 4581 4017 
7250 3887 4585 4134 
7251 3886 4583 4251 
7252 3888 4587 4368 
7253 4017 4581 3981 
7254 4134 4585 3982 
7255 4251 4583 3983 
7256 4368 4587 3984 
7257 4714 4894 4489 
7258 4716 4893 4491 
7259 4713 4895 4493 
7260 4715 4896 4495 
7261 4222 4239 3835 
7262 4105 4122 3833 
7263 4339 4356 3834 
7264 4456 4473 3836 
7265 4042 4044 3837 
7266 4159 4161 3839 
7267 4276 4278 3838 
7268 4393 4395 3840 
7269 4017 4019 3885 
7270 4134 4136 3887 
7271 4251 4253 3886 
7272 4368 4370 3888 
7273 4035 4037 3829 
7274 4152 4154 3831 
7275 4269 4271 3830 
7276 4386 4388 3832 
7277 4021 4023 3813 
7278 4138 4140 3815 
7279 4255 4257 3814 
7280 4372 4374 3816 
7281 4028 4030 3821 
7282 4145 4147 3823 
7283 4262 4264 3822 
7284 4379 4381 3824 
7285 3802 4582 3981 
7286 3806 4586 3982 
7287 3804 4584 3983 
7288 3808 4588 3984 
7289 4243 4745 165 
7290 4126 4746 39 
7291 4360 4747 102 
7292 4477 4748 228 
7293 3827 4238 151 
7294 3825 4121 25 
7295 3826 4355 88 
7296 3828 4472 214 
7297 3890 4714 4489 
7298 3892 4716 4491 
7299 3889 4713 4493 
7300 3891 4715 4495 
7301 4229 4238 3827 
7302 4112 4121 3825 
7303 4346 4355 3826 
7304 4463 4472 3828 
7305 4030 4937 3821 
7306 4147 4938 3823 
7307 4264 4939 3822 
7308 4381 4940 3824 
7309 4023 4933 3813 
7310 4140 4934 3815 
7311 4257 4935 3814 
7312 4374 4936 3816 
7313 4244 4778 170 
7314 4127 4777 44 
7315 4361 4779 107 
7316 4478 4780 233 
7317 4019 4505 3885 
7318 4136 4506 3887 
7319 4253 4507 3886 
7320 4370 4508 3888 
7321 4128 4797 47 
7322 4245 4798 173 
7323 4362 4799 110 
7324 4479 4800 236 
7325 3730 4513 4497 
7326 3732 4515 4498 
7327 3729 4509 4499 
7328 3731 4511 4500 
7329 4130 4821 50 
7330 4247 4822 176 
7331 4364 4824 113 
7332 4481 4823 239 
7333 4131 4845 53 
7334 4248 4846 179 
7335 4365 4847 116 
7336 4482 4848 242 
7337 4132 4865 56 
7338 4249 4866 182 
7339 4366 4868 119 
7340 4483 4867 245 
7341 4189 4501 3871 
7342 4072 4502 3869 
7343 4306 4503 3870 
7344 4423 4504 3872 
7345 4133 4869 59 
7346 4250 4870 185 
7347 4367 4871 122 
7348 4484 4872 248 
7349 4497 4513 3977 
7350 4498 4515 3978 
7351 4500 4511 3979 
7352 4499 4509 3980 
7353 4485 4875 62 
7354 4486 4876 188 
7355 4487 4874 125 
7356 4488 4873 251 
7357 3813 4505 4021 
7358 3815 4506 4138 
7359 3814 4507 4255 
7360 3816 4508 4372 
7361 4021 4505 4019 
7362 4138 4506 4136 
7363 4255 4507 4253 
7364 4372 4508 4370 
7365 148 4237 147 
7366 22 4120 21 
7367 85 4354 84 
7368 211 4471 210 
7369 3789 4885 4005 
7370 3791 4886 4013 
7371 3790 4887 3997 
7372 3792 4888 3989 
7373 4469 4925 3991 
7374 4352 4926 3999 
7375 4118 4927 4007 
7376 4235 4928 4015 
7377 3867 4501 4192 
7378 3865 4502 4075 
7379 3866 4503 4309 
7380 3868 4504 4426 
7381 3991 4829 4469 
7382 3999 4830 4352 
7383 4007 4831 4118 
7384 4015 4832 4235 
7385 4853 4857 4467 
7386 4854 4858 4350 
7387 4856 4860 4233 
7388 4855 4859 4116 
7389 3784 4857 4853 
7390 3782 4858 4854 
7391 3783 4860 4856 
7392 3781 4859 4855 
7393 4494 4590 3726 
7394 4496 4592 3728 
7395 4492 4589 3725 
7396 4490 4591 3727 
7397 4016 4832 4014 
7398 4008 4831 4006 
7399 4000 4830 3998 
7400 3992 4829 3990 
7401 4577 4599 3801 
7402 4579 4600 3805 
7403 4578 4598 3803 
7404 4580 4597 3807 
7405 3819 4237 148 
7406 3817 4120 22 
7407 3818 4354 85 
7408 3820 4471 211 
7409 149 4649 3819 
7410 23 4650 3817 
7411 86 4651 3818 
7412 212 4652 3820 
7413 4837 4841 4460 
7414 4838 4842 4343 
7415 4839 4843 4109 
7416 4840 4844 4226 
7417 3773 4841 4837 
7418 3775 4842 4838 
7419 3774 4843 4839 
7420 3776 4844 4840 
7421 152 4669 3827 
7422 26 4670 3825 
7423 89 4671 3826 
7424 215 4672 3828 
7425 3819 4649 4234 
7426 3817 4650 4117 
7427 3818 4651 4351 
7428 3820 4652 4468 
7429 155 4685 3835 
7430 29 4686 3833 
7431 92 4687 3834 
7432 218 4688 3836 
7433 4817 4825 4453 
7434 4818 4826 4336 
7435 4819 4827 4102 
7436 4820 4828 4219 
7437 3765 4825 4817 
7438 3767 4826 4818 
7439 3766 4827 4819 
7440 3768 4828 4820 
7441 3884 4576 3985 
7442 3882 4574 3993 
7443 3881 4573 4001 
7444 3883 4575 4009 
7445 168 4501 167 
7446 42 4502 41 
7447 105 4503 104 
7448 231 4504 230 
7449 158 4701 3843 
7450 32 4702 3841 
7451 95 4703 3842 
7452 221 4704 3844 
7453 3827 4669 4227 
7454 3825 4670 4110 
7455 3826 4671 4344 
7456 3828 4672 4461 
7457 4006 4007 3789 
7458 4014 4015 3791 
7459 3990 3991 3792 
7460 3998 3999 3790 
7461 161 4725 3851 
7462 35 4726 3849 
7463 98 4727 3850 
7464 224 4728 3852 
7465 4801 4805 4446 
7466 4802 4806 4329 
7467 4803 4807 4095 
7468 4804 4808 4212 
7469 3760 4805 4801 
7470 3758 4806 4802 
7471 3757 4807 4803 
7472 3759 4808 4804 
7473 4133 4937 4030 
7474 4250 4938 4147 
7475 4367 4939 4264 
7476 4484 4940 4381 
7477 164 4745 3859 
7478 38 4746 3857 
7479 101 4747 3858 
7480 227 4748 3860 
7481 3835 4685 4220 
7482 3833 4686 4103 
7483 3834 4687 4337 
7484 3836 4688 4454 
7485 4192 4501 4189 
7486 4075 4502 4072 
7487 4309 4503 4306 
7488 4426 4504 4423 
7489 3726 4923 4494 
7490 3728 4924 4496 
7491 3725 4921 4492 
7492 3727 4922 4490 
7493 4785 4789 4439 
7494 4786 4790 4322 
7495 4787 4791 4088 
7496 4788 4792 4205 
7497 169 4778 3871 
7498 43 4777 3869 
7499 106 4779 3870 
7500 232 4780 3872 
7501 3752 4789 4785 
7502 3750 4790 4786 
7503 3749 4791 4787 
7504 3751 4792 4788 
7505 4485 4933 4023 
7506 4486 4934 4140 
7507 4487 4935 4257 
7508 4488 4936 4374 
7509 4005 4606 4003 
7510 4013 4608 4011 
7511 3989 4601 3987 
7512 3997 4607 3995 
7513 3843 4701 4213 
7514 3841 4702 4096 
7515 3842 4703 4330 
7516 3844 4704 4447 
7517 4598 4909 3803 
7518 4599 4911 3801 
7519 4600 4912 3805 
7520 4597 4910 3807 
7521 46 4797 3861 
7522 172 4798 3863 
7523 109 4799 3862 
7524 235 4800 3864 
7525 4769 4773 4432 
7526 4770 4774 4315 
7527 4771 4775 4081 
7528 4772 4776 4198 
7529 49 4821 3853 
7530 175 4822 3855 
7531 112 4824 3854 
7532 238 4823 3856 
7533 3744 4773 4769 
7534 3742 4774 4770 
7535 3741 4775 4771 
7536 3743 4776 4772 
7537 3961 4733 3957 
7538 3964 4734 3958 
7539 3967 4736 3959 
7540 3970 4735 3960 
7541 3851 4725 4206 
7542 3849 4726 4089 
7543 3850 4727 4323 
7544 3852 4728 4440 
7545 52 4845 3845 
7546 178 4846 3847 
7547 115 4847 3846 
7548 241 4848 3848 
7549 4014 4832 4015 
7550 4006 4831 4007 
7551 3998 4830 3999 
7552 3990 4829 3991 
7553 3812 4633 4610 
7554 3810 4634 4609 
7555 3809 4635 4611 
7556 3811 4636 4612 
7557 4757 4761 4425 
7558 4758 4762 4308 
7559 4759 4763 4074 
7560 4760 4764 4191 
7561 55 4865 3837 
7562 181 4866 3839 
7563 118 4868 3838 
7564 244 4867 3840 
7565 3736 4761 4757 
7566 3734 4762 4758 
7567 3733 4763 4759 
7568 3735 4764 4760 
7569 3871 4501 168 
7570 167 4501 3867 
7571 41 4502 3865 
7572 3869 4502 42 
7573 104 4503 3866 
7574 3870 4503 105 
7575 230 4504 3868 
7576 3872 4504 231 
7577 3859 4745 4199 
7578 3857 4746 4082 
7579 3858 4747 4316 
7580 3860 4748 4433 
7581 4519 4849 4467 
7582 4517 4850 4350 
7583 4518 4851 4116 
7584 4520 4852 4233 
7585 58 4869 3829 
7586 184 4870 3831 
7587 121 4871 3830 
7588 247 4872 3832 
7589 4849 4853 4467 
7590 4850 4854 4350 
7591 4851 4855 4116 
7592 4852 4856 4233 
7593 4606 4889 4003 
7594 4608 4890 4011 
7595 4607 4891 3995 
7596 4601 4892 3987 
7597 4741 4749 4420 
7598 4742 4750 4303 
7599 4743 4751 4069 
7600 4744 4752 4186 
7601 61 4875 3821 
7602 187 4876 3823 
7603 124 4874 3822 
7604 250 4873 3824 
7605 3740 4749 4741 
7606 3739 4750 4742 
7607 3738 4751 4743 
7608 3737 4752 4744 
7609 4524 4833 4460 
7610 4522 4834 4343 
7611 4521 4835 4109 
7612 4523 4836 4226 
7613 4833 4837 4460 
7614 4834 4838 4343 
7615 4835 4839 4109 
7616 4836 4840 4226 
7617 4527 4813 4453 
7618 4526 4814 4336 
7619 4525 4815 4102 
7620 4528 4816 4219 
7621 3871 4778 4187 
7622 3869 4777 4070 
7623 3870 4779 4304 
7624 3872 4780 4421 
7625 4721 4729 4413 
7626 4722 4730 4296 
7627 4723 4731 4062 
7628 4724 4732 4179 
7629 4813 4817 4453 
7630 4814 4818 4336 
7631 4815 4819 4102 
7632 4816 4820 4219 
7633 3748 4729 4721 
7634 3746 4730 4722 
7635 3745 4731 4723 
7636 3747 4732 4724 
7637 65 4505 64 
7638 191 4506 190 
7639 128 4507 127 
7640 254 4508 253 
7641 4529 4793 4446 
7642 4531 4794 4329 
7643 4532 4795 4095 
7644 4530 4796 4212 
7645 4793 4801 4446 
7646 4794 4802 4329 
7647 4795 4803 4095 
7648 4796 4804 4212 
7649 4705 4709 4404 
7650 4706 4710 4287 
7651 4707 4711 4053 
7652 4708 4712 4170 
7653 3863 4798 4180 
7654 3861 4797 4063 
7655 3862 4799 4297 
7656 3864 4800 4414 
7657 3756 4709 4705 
7658 3754 4710 4706 
7659 3753 4711 4707 
7660 3755 4712 4708 
7661 4533 4781 4439 
7662 4535 4782 4322 
7663 4536 4783 4088 
7664 4534 4784 4205 
7665 4576 4897 3985 
7666 4574 4898 3993 
7667 4573 4899 4001 
7668 4575 4900 4009 
7669 4781 4785 4439 
7670 4782 4786 4322 
7671 4783 4787 4088 
7672 4784 4788 4205 
7673 134 4511 133 
7674 260 4509 259 
7675 71 4513 70 
7676 197 4515 196 
7677 4237 4905 147 
7678 4120 4906 21 
7679 4354 4907 84 
7680 4471 4908 210 
7681 4538 4765 4432 
7682 4540 4766 4315 
7683 4537 4767 4081 
7684 4539 4768 4198 
7685 4690 4694 4280 
7686 4689 4693 4397 
7687 4691 4695 4046 
7688 4692 4696 4163 
7689 4497 4514 3730 
7690 4498 4516 3732 
7691 4499 4510 3729 
7692 4500 4512 3731 
7693 3853 4821 4056 
7694 3855 4822 4173 
7695 3854 4824 4290 
7696 3856 4823 4407 
7697 3762 4694 4690 
7698 3764 4693 4689 
7699 3761 4695 4691 
7700 3763 4696 4692 
7701 4765 4769 4432 
7702 4766 4770 4315 
7703 4767 4771 4081 
7704 4768 4772 4198 
7705 3924 4588 3923 
7706 3922 4584 3921 
7707 3926 4582 3925 
7708 3928 4586 3927 
7709 3984 4588 3924 
7710 3983 4584 3922 
7711 3981 4582 3926 
7712 3982 4586 3928 
7713 4544 4753 4425 
7714 4541 4754 4308 
7715 4543 4755 4074 
7716 4542 4756 4191 
7717 3885 4505 65 
7718 3887 4506 191 
7719 64 4505 3813 
7720 190 4506 3815 
7721 3886 4507 128 
7722 127 4507 3814 
7723 3888 4508 254 
7724 253 4508 3816 
7725 4753 4757 4425 
7726 4754 4758 4308 
7727 4755 4759 4074 
7728 4756 4760 4191 
7729 4674 4678 4273 
7730 4673 4677 4390 
7731 4675 4679 4039 
7732 4676 4680 4156 
7733 3937 4893 4716 
7734 3939 4894 4714 
7735 3938 4895 4713 
7736 3940 4896 4715 
7737 3770 4678 4674 
7738 3772 4677 4673 
7739 3769 4679 4675 
7740 3771 4680 4676 
7741 4548 4737 4420 
7742 4546 4738 4303 
7743 4545 4739 4069 
7744 4547 4740 4186 
7745 3845 4845 4049 
7746 3847 4846 4166 
7747 3846 4847 4283 
7748 3848 4848 4400 
7749 4737 4741 4420 
7750 4738 4742 4303 
7751 4739 4743 4069 
7752 4740 4744 4186 
7753 133 4511 3731 
7754 259 4509 3729 
7755 70 4513 3730 
7756 196 4515 3732 
7757 3810 4907 4634 
7758 3812 4908 4633 
7759 3809 4906 4635 
7760 3811 4905 4636 
7761 3890 4511 134 
7762 3892 4509 260 
7763 3889 4513 71 
7764 3891 4515 197 
7765 4549 4717 4413 
7766 4550 4718 4296 
7767 4551 4719 4062 
7768 4552 4720 4179 
7769 4480 4857 3784 
7770 4363 4858 3782 
7771 4129 4859 3781 
7772 4246 4860 3783 
7773 4016 4901 4832 
7774 4008 4902 4831 
7775 4000 4903 4830 
7776 3992 4904 4829 
7777 4031 4663 4562 
7778 4148 4664 4563 
7779 4265 4662 4564 
7780 4382 4661 4561 
7781 4717 4721 4413 
7782 4718 4722 4296 
7783 4719 4723 4062 
7784 4720 4724 4179 
7785 3784 4861 4480 
7786 3782 4862 4363 
7787 3781 4863 4129 
7788 3783 4864 4246 
7789 4555 4697 4404 
7790 4556 4698 4287 
7791 4553 4699 4053 
7792 4554 4700 4170 
7793 4519 4841 3773 
7794 4517 4842 3775 
7795 4518 4843 3774 
7796 4520 4844 3776 
7797 3837 4865 4042 
7798 3839 4866 4159 
7799 3838 4868 4276 
7800 3840 4867 4393 
7801 4258 4646 4566 
7802 4375 4645 4565 
7803 4024 4647 4567 
7804 4141 4648 4568 
7805 4697 4705 4404 
7806 4698 4706 4287 
7807 4699 4707 4053 
7808 4700 4708 4170 
7809 4559 4682 4280 
7810 4560 4681 4397 
7811 4557 4683 4046 
7812 4558 4684 4163 
7813 3773 4849 4519 
7814 3775 4850 4517 
7815 3774 4851 4518 
7816 3776 4852 4520 
7817 4524 4825 3765 
7818 4522 4826 3767 
7819 4521 4827 3766 
7820 4523 4828 3768 
7821 4564 4662 3778 
7822 4561 4661 3780 
7823 4562 4663 3777 
7824 4563 4664 3779 
7825 4681 4689 4397 
7826 4682 4690 4280 
7827 4683 4691 4046 
7828 4684 4692 4163 
7829 4561 4665 4390 
7830 4564 4666 4273 
7831 4562 4667 4039 
7832 4563 4668 4156 
7833 4527 4805 3760 
7834 4526 4806 3758 
7835 4525 4807 3757 
7836 4528 4808 3759 
7837 4565 4645 3788 
7838 4566 4646 3786 
7839 4567 4647 3785 
7840 4568 4648 3787 
7841 4252 4630 4570 
7842 4018 4631 4571 
7843 4135 4632 4572 
7844 4369 4629 4569 
7845 3765 4833 4524 
7846 3767 4834 4522 
7847 3766 4835 4521 
7848 3768 4836 4523 
7849 3798 4889 4606 
7850 3800 4890 4608 
7851 3799 4891 4607 
7852 3797 4892 4601 
7853 4569 4629 3796 
7854 4570 4630 3794 
7855 4571 4631 3793 
7856 4572 4632 3795 
7857 4565 4653 4383 
7858 4566 4654 4266 
7859 4567 4655 4032 
7860 4568 4656 4149 
7861 4529 4789 3752 
7862 4531 4790 3750 
7863 4532 4791 3749 
7864 4530 4792 3751 
7865 3829 4869 4035 
7866 3831 4870 4152 
7867 3830 4871 4269 
7868 3832 4872 4386 
7869 4665 4673 4390 
7870 4666 4674 4273 
7871 4667 4675 4039 
7872 4668 4676 4156 
7873 3908 4596 3876 
7874 3896 4593 3878 
7875 3900 4594 3880 
7876 3904 4595 3874 
7877 3760 4813 4527 
7878 3758 4814 4526 
7879 3757 4815 4525 
7880 3759 4816 4528 
7881 3878 4593 5 
7882 3880 4594 7 
7883 3876 4596 8 
7884 3874 4595 6 
7885 4378 4565 4383 
7886 4261 4566 4266 
7887 4027 4567 4032 
7888 4144 4568 4149 
7889 4385 4561 4390 
7890 4034 4562 4039 
7891 4151 4563 4156 
7892 4268 4564 4273 
7893 4041 4557 4046 
7894 4158 4558 4163 
7895 4275 4559 4280 
7896 4392 4560 4397 
7897 4345 4517 4350 
7898 4462 4519 4467 
7899 4111 4518 4116 
7900 4228 4520 4233 
7901 4104 4521 4109 
7902 4338 4522 4343 
7903 4221 4523 4226 
7904 4455 4524 4460 
7905 4331 4526 4336 
7906 4097 4525 4102 
7907 4448 4527 4453 
7908 4214 4528 4219 
7909 4048 4553 4053 
7910 4165 4554 4170 
7911 4399 4555 4404 
7912 4282 4556 4287 
7913 4441 4529 4446 
7914 4207 4530 4212 
7915 4090 4532 4095 
7916 4324 4531 4329 
7917 4434 4533 4439 
7918 4200 4534 4205 
7919 4317 4535 4322 
7920 4083 4536 4088 
7921 4076 4537 4081 
7922 4193 4539 4198 
7923 4427 4538 4432 
7924 4310 4540 4315 
7925 4302 4541 4308 
7926 4185 4542 4191 
7927 4068 4543 4074 
7928 4419 4544 4425 
7929 4061 4545 4069 
7930 4295 4546 4303 
7931 4178 4547 4186 
7932 4412 4548 4420 
7933 4406 4549 4413 
7934 4289 4550 4296 
7935 4055 4551 4062 
7936 4172 4552 4179 
7937 3881 4577 17 
7938 3809 4573 19 
7939 3882 4578 80 
7940 3810 4574 82 
7941 3883 4579 143 
7942 3811 4575 145 
7943 3884 4580 206 
7944 3812 4576 208 
7945 66 4581 3885 
7946 129 4583 3886 
7947 192 4585 3887 
7948 255 4587 3888 
7949 3780 4661 4657 
7950 3778 4662 4658 
7951 3777 4663 4659 
7952 3779 4664 4660 
7953 4020 4025 4022 
7954 4137 4142 4139 
7955 4254 4259 4256 
7956 4371 4376 4373 
7957 4375 4565 4378 
7958 4024 4567 4027 
7959 4141 4568 4144 
7960 4258 4566 4261 
7961 4261 4266 4263 
7962 4378 4383 4380 
7963 4027 4032 4029 
7964 4144 4149 4146 
7965 4031 4562 4034 
7966 4148 4563 4151 
7967 4382 4561 4385 
7968 4265 4564 4268 
7969 4034 4039 4036 
7970 4151 4156 4153 
7971 4385 4390 4387 
7972 4268 4273 4270 
7973 4038 4557 4041 
7974 4155 4558 4158 
7975 4272 4559 4275 
7976 4389 4560 4392 
7977 4275 4280 4277 
7978 4392 4397 4394 
7979 4041 4046 4043 
7980 4158 4163 4160 
7981 4396 4555 4399 
7982 4045 4553 4048 
7983 4162 4554 4165 
7984 4279 4556 4282 
7985 4345 4350 4347 
7986 4111 4116 4113 
7987 4462 4467 4464 
7988 4228 4233 4230 
7989 4342 4517 4345 
7990 4108 4518 4111 
7991 4225 4520 4228 
7992 4459 4519 4462 
7993 4104 4109 4106 
7994 4338 4343 4340 
7995 4455 4460 4457 
7996 4221 4226 4223 
7997 4335 4522 4338 
7998 4218 4523 4221 
7999 4452 4524 4455 
8000 4101 4521 4104 
8001 4331 4336 4333 
8002 4448 4453 4450 
8003 4214 4219 4216 
8004 4097 4102 4099 
8005 4445 4527 4448 
8006 4328 4526 4331 
8007 4094 4525 4097 
8008 4211 4528 4214 
8009 4048 4053 4050 
8010 4165 4170 4167 
8011 4399 4404 4401 
8012 4282 4287 4284 
8013 4441 4446 4443 
8014 4207 4212 4209 
8015 4324 4329 4326 
8016 4090 4095 4092 
8017 4204 4530 4207 
8018 4438 4529 4441 
8019 4321 4531 4324 
8020 4087 4532 4090 
8021 4434 4439 4436 
8022 4200 4205 4202 
8023 4317 4322 4319 
8024 4083 4088 4085 
8025 4197 4534 4200 
8026 4314 4535 4317 
8027 4080 4536 4083 
8028 4431 4533 4434 
8029 4076 4081 4078 
8030 4193 4198 4195 
8031 4427 4432 4429 
8032 4310 4315 4312 
8033 4073 4537 4076 
8034 4307 4540 4310 
8035 4424 4538 4427 
8036 4190 4539 4193 
8037 4302 4308 4305 
8038 4068 4074 4071 
8039 4185 4191 4188 
8040 4419 4425 4422 
8041 4300 4541 4302 
8042 4183 4542 4185 
8043 4066 4543 4068 
8044 4417 4544 4419 
8045 4061 4069 4064 
8046 4295 4303 4298 
8047 4178 4186 4181 
8048 4412 4420 4415 
8049 4410 4548 4412 
8050 4059 4545 4061 
8051 4176 4547 4178 
8052 4293 4546 4295 
8053 4052 4551 4055 
8054 4169 4552 4172 
8055 4286 4550 4289 
8056 4403 4549 4406 
8057 4406 4413 4408 
8058 4055 4062 4057 
8059 4172 4179 4174 
8060 4289 4296 4291 
8061 4349 4363 4352 
8062 4115 4129 4118 
8063 4232 4246 4235 
8064 4466 4480 4469 
8065 4018 4571 4020 
8066 4135 4572 4137 
8067 4369 4569 4371 
8068 4252 4570 4254 
8069 4533 4773 3744 
8070 4535 4774 3742 
8071 4536 4775 3741 
8072 4534 4776 3743 
8073 3725 4589 13 
8074 3726 4590 76 
8075 3727 4591 139 
8076 3728 4592 202 
8077 3954 3957 3914 
8078 3956 3958 3916 
8079 3950 3959 3918 
8080 3952 3960 3920 
8081 3988 3989 3987 
8082 3996 3997 3995 
8083 4004 4005 4003 
8084 4012 4013 4011 
8085 4020 4571 4025 
8086 4137 4572 4142 
8087 4371 4569 4376 
8088 4254 4570 4259 
8089 3802 4581 67 
8090 3804 4583 130 
8091 3806 4585 193 
8092 3808 4587 256 
8093 18 4573 3881 
8094 81 4574 3882 
8095 144 4575 3883 
8096 207 4576 3884 
8097 16 4577 3801 
8098 79 4578 3803 
8099 142 4579 3805 
8100 205 4580 3807 
8101 3986 3987 3972 
8102 4002 4003 3963 
8103 4010 4011 3966 
8104 3994 3995 3969 
8105 18 3881 17 
8106 20 3809 19 
8107 32 3841 31 
8108 35 3849 34 
8109 38 3857 37 
8110 41 3865 40 
8111 43 3869 42 
8112 46 3861 45 
8113 81 3882 80 
8114 83 3810 82 
8115 95 3842 94 
8116 98 3850 97 
8117 101 3858 100 
8118 104 3866 103 
8119 106 3870 105 
8120 109 3862 108 
8121 144 3883 143 
8122 146 3811 145 
8123 158 3843 157 
8124 161 3851 160 
8125 164 3859 163 
8126 167 3867 166 
8127 169 3871 168 
8128 172 3863 171 
8129 207 3884 206 
8130 209 3812 208 
8131 221 3844 220 
8132 224 3852 223 
8133 227 3860 226 
8134 230 3868 229 
8135 232 3872 231 
8136 235 3864 234 
8137 16 3801 15 
8138 23 3817 22 
8139 26 3825 25 
8140 29 3833 28 
8141 49 3853 48 
8142 79 3803 78 
8143 86 3818 85 
8144 89 3826 88 
8145 92 3834 91 
8146 112 3854 111 
8147 142 3805 141 
8148 149 3819 148 
8149 152 3827 151 
8150 155 3835 154 
8151 175 3855 174 
8152 205 3807 204 
8153 212 3820 211 
8154 215 3828 214 
8155 218 3836 217 
8156 238 3856 237 
8157 14 3725 13 
8158 52 3845 51 
8159 55 3837 54 
8160 58 3829 57 
8161 61 3821 60 
8162 64 3813 63 
8163 66 3885 65 
8164 68 3802 67 
8165 70 3730 69 
8166 77 3726 76 
8167 115 3846 114 
8168 118 3838 117 
8169 121 3830 120 
8170 124 3822 123 
8171 127 3814 126 
8172 129 3886 128 
8173 131 3804 130 
8174 133 3731 132 
8175 140 3727 139 
8176 178 3847 177 
8177 181 3839 180 
8178 184 3831 183 
8179 187 3823 186 
8180 190 3815 189 
8181 192 3887 191 
8182 194 3806 193 
8183 196 3732 195 
8184 203 3728 202 
8185 241 3848 240 
8186 244 3840 243 
8187 247 3832 246 
8188 250 3824 249 
8189 253 3816 252 
8190 255 3888 254 
8191 257 3808 256 
8192 259 3729 258 
8193 4569 4637 4376 
8194 4570 4638 4259 
8195 4571 4639 4025 
8196 4572 4640 4142 
8197 3920 4596 3908 
8198 3914 4593 3896 
8199 3916 4594 3900 
8200 3918 4595 3904 
8201 3952 3970 3960 
8202 3950 3967 3959 
8203 3954 3961 3957 
8204 3956 3964 3958 
8205 4653 4657 4383 
8206 4654 4658 4266 
8207 4655 4659 4032 
8208 4656 4660 4149 
8209 17 4577 16 
8210 19 4573 18 
8211 80 4578 79 
8212 82 4574 81 
8213 143 4579 142 
8214 145 4575 144 
8215 206 4580 205 
8216 208 4576 207 
8217 67 4581 66 
8218 130 4583 129 
8219 193 4585 192 
8220 256 4587 255 
8221 3996 3998 3997 
8222 3988 3990 3989 
8223 4004 4006 4005 
8224 4012 4014 4013 
8225 12 4589 3937 
8226 75 4590 3938 
8227 138 4591 3939 
8228 201 4592 3940 
8229 3994 3996 3995 
8230 3986 3988 3987 
8231 4002 4004 4003 
8232 4010 4012 4011 
8233 13 4589 12 
8234 76 4590 75 
8235 139 4591 138 
8236 202 4592 201 
8237 4020 4022 4021 
8238 4137 4139 4138 
8239 4371 4373 4372 
8240 4254 4256 4255 
8241 4256 4258 4257 
8242 4373 4375 4374 
8243 4022 4024 4023 
8244 4139 4141 4140 
8245 4258 4261 4260 
8246 4375 4378 4377 
8247 4024 4027 4026 
8248 4141 4144 4143 
8249 4378 4380 4379 
8250 4261 4263 4262 
8251 4027 4029 4028 
8252 4144 4146 4145 
8253 4263 4265 4264 
8254 4029 4031 4030 
8255 4146 4148 4147 
8256 4380 4382 4381 
8257 4265 4268 4267 
8258 4031 4034 4033 
8259 4148 4151 4150 
8260 4382 4385 4384 
8261 4385 4387 4386 
8262 4034 4036 4035 
8263 4151 4153 4152 
8264 4268 4270 4269 
8265 4387 4389 4388 
8266 4270 4272 4271 
8267 4036 4038 4037 
8268 4153 4155 4154 
8269 4272 4275 4274 
8270 4038 4041 4040 
8271 4155 4158 4157 
8272 4389 4392 4391 
8273 4041 4043 4042 
8274 4158 4160 4159 
8275 4275 4277 4276 
8276 4392 4394 4393 
8277 4394 4396 4395 
8278 4277 4279 4278 
8279 4043 4045 4044 
8280 4160 4162 4161 
8281 4396 4399 4398 
8282 4045 4048 4047 
8283 4162 4165 4164 
8284 4279 4282 4281 
8285 4345 4347 4346 
8286 4462 4464 4463 
8287 4111 4113 4112 
8288 4228 4230 4229 
8289 4459 4462 4461 
8290 4342 4345 4344 
8291 4225 4228 4227 
8292 4108 4111 4110 
8293 4457 4459 4458 
8294 4106 4108 4107 
8295 4340 4342 4341 
8296 4223 4225 4224 
8297 4104 4106 4105 
8298 4455 4457 4456 
8299 4338 4340 4339 
8300 4221 4223 4222 
8301 4335 4338 4337 
8302 4218 4221 4220 
8303 4101 4104 4103 
8304 4452 4455 4454 
8305 4333 4335 4334 
8306 4216 4218 4217 
8307 4450 4452 4451 
8308 4099 4101 4100 
8309 4448 4450 4449 
8310 4097 4099 4098 
8311 4331 4333 4332 
8312 4214 4216 4215 
8313 4445 4448 4447 
8314 4328 4331 4330 
8315 4211 4214 4213 
8316 4094 4097 4096 
8317 4209 4211 4210 
8318 4326 4328 4327 
8319 4092 4094 4093 
8320 4443 4445 4444 
8321 4441 4443 4442 
8322 4207 4209 4208 
8323 4324 4326 4325 
8324 4090 4092 4091 
8325 4204 4207 4206 
8326 4087 4090 4089 
8327 4438 4441 4440 
8328 4321 4324 4323 
8329 4436 4438 4437 
8330 4085 4087 4086 
8331 4202 4204 4203 
8332 4319 4321 4320 
8333 4434 4436 4435 
8334 4200 4202 4201 
8335 4083 4085 4084 
8336 4317 4319 4318 
8337 4048 4050 4049 
8338 4165 4167 4166 
8339 4282 4284 4283 
8340 4399 4401 4400 
8341 4080 4083 4082 
8342 4197 4200 4199 
8343 4314 4317 4316 
8344 4431 4434 4433 
8345 4195 4197 4196 
8346 4312 4314 4313 
8347 4429 4431 4430 
8348 4078 4080 4079 
8349 4193 4195 4194 
8350 4427 4429 4428 
8351 4076 4078 4077 
8352 4310 4312 4311 
8353 4073 4076 4075 
8354 4424 4427 4426 
8355 4190 4193 4192 
8356 4307 4310 4309 
8357 4422 4424 4423 
8358 4305 4307 4306 
8359 4188 4190 4189 
8360 4071 4073 4072 
8361 4068 4071 4070 
8362 4302 4305 4304 
8363 4185 4188 4187 
8364 4419 4422 4421 
8365 4300 4302 4301 
8366 4183 4185 4184 
8367 4066 4068 4067 
8368 4417 4419 4418 
8369 4415 4417 4416 
8370 4064 4066 4065 
8371 4298 4300 4299 
8372 4181 4183 4182 
8373 4401 4403 4402 
8374 4050 4052 4051 
8375 4167 4169 4168 
8376 4284 4286 4285 
8377 4061 4064 4063 
8378 4295 4298 4297 
8379 4178 4181 4180 
8380 4412 4415 4414 
8381 4293 4295 4294 
8382 4059 4061 4060 
8383 4176 4178 4177 
8384 4410 4412 4411 
8385 4408 4410 4409 
8386 4057 4059 4058 
8387 4174 4176 4175 
8388 4291 4293 4292 
8389 4406 4408 4407 
8390 4289 4291 4290 
8391 4055 4057 4056 
8392 4172 4174 4173 
8393 4052 4055 4054 
8394 4169 4172 4171 
8395 4403 4406 4405 
8396 4286 4289 4288 
8397 4230 4232 4231 
8398 4347 4349 4348 
8399 4464 4466 4465 
8400 4113 4115 4114 
8401 4349 4352 4351 
8402 4232 4235 4234 
8403 4115 4118 4117 
8404 4466 4469 4468 
8405 4369 4371 4370 
8406 4252 4254 4253 
8407 4018 4020 4019 
8408 4135 4137 4136 
8409 3803 4621 78 
8410 3807 4622 204 
8411 14 4623 3725 
8412 77 4621 3726 
8413 140 4624 3727 
8414 203 4622 3728 
8415 3801 4623 15 
8416 3805 4624 141 
8417 3895 3941 3924 
8418 3899 3943 3922 
8419 3903 3945 3926 
8420 3907 3947 3928 
8421 3944 4252 4251 
8422 3946 4018 4017 
8423 3948 4135 4134 
8424 3942 4369 4368 
8425 72 3889 71 
8426 135 3890 134 
8427 198 3891 197 
8428 261 3892 260 
8429 12 3937 11 
8430 75 3938 74 
8431 138 3939 137 
8432 201 3940 200 
8433 3953 3954 3914 
8434 3955 3956 3916 
8435 3949 3950 3918 
8436 3951 3952 3920 
8437 3957 4593 3914 
8438 3958 4594 3916 
8439 3959 4595 3918 
8440 3960 4596 3920 
8441 3752 4793 4529 
8442 3750 4794 4531 
8443 3749 4795 4532 
8444 3751 4796 4530 
8445 3913 3914 3896 
8446 3915 3916 3900 
8447 3917 3918 3904 
8448 3919 3920 3908 
8449 3968 3969 3967 
8450 3962 3963 3961 
8451 3965 3966 3964 
8452 3971 3972 3970 
8453 3788 4645 4641 
8454 3786 4646 4642 
8455 3785 4647 4643 
8456 3787 4648 4644 
8457 4538 4761 3736 
8458 4540 4762 3734 
8459 4537 4763 3733 
8460 4539 4764 3735 
8461 4256 4257 4255 
8462 4022 4023 4021 
8463 4139 4140 4138 
8464 4373 4374 4372 
8465 4254 4255 4253 
8466 4020 4021 4019 
8467 4137 4138 4136 
8468 4371 4372 4370 
8469 4001 4002 3963 
8470 4009 4010 3966 
8471 3985 3986 3972 
8472 3993 3994 3969 
8473 4024 4026 4023 
8474 4141 4143 4140 
8475 4258 4260 4257 
8476 4375 4377 4374 
8477 4027 4028 4026 
8478 4144 4145 4143 
8479 4261 4262 4260 
8480 4378 4379 4377 
8481 4029 4030 4028 
8482 4146 4147 4145 
8483 4263 4264 4262 
8484 4380 4381 4379 
8485 4031 4033 4030 
8486 4148 4150 4147 
8487 4265 4267 4264 
8488 4382 4384 4381 
8489 4268 4269 4267 
8490 4385 4386 4384 
8491 4034 4035 4033 
8492 4151 4152 4150 
8493 4270 4271 4269 
8494 4387 4388 4386 
8495 4036 4037 4035 
8496 4153 4154 4152 
8497 4389 4391 4388 
8498 4038 4040 4037 
8499 4155 4157 4154 
8500 4272 4274 4271 
8501 4275 4276 4274 
8502 4041 4042 4040 
8503 4158 4159 4157 
8504 4392 4393 4391 
8505 4394 4395 4393 
8506 4277 4278 4276 
8507 4043 4044 4042 
8508 4160 4161 4159 
8509 4396 4398 4395 
8510 4045 4047 4044 
8511 4162 4164 4161 
8512 4279 4281 4278 
8513 4230 4231 4229 
8514 4464 4465 4463 
8515 4347 4348 4346 
8516 4113 4114 4112 
8517 4228 4229 4227 
8518 4111 4112 4110 
8519 4462 4463 4461 
8520 4345 4346 4344 
8521 4342 4344 4341 
8522 4225 4227 4224 
8523 4108 4110 4107 
8524 4459 4461 4458 
8525 4223 4224 4222 
8526 4457 4458 4456 
8527 4340 4341 4339 
8528 4106 4107 4105 
8529 4104 4105 4103 
8530 4221 4222 4220 
8531 4455 4456 4454 
8532 4338 4339 4337 
8533 4218 4220 4217 
8534 4101 4103 4100 
8535 4335 4337 4334 
8536 4452 4454 4451 
8537 4216 4217 4215 
8538 4450 4451 4449 
8539 4099 4100 4098 
8540 4333 4334 4332 
8541 4331 4332 4330 
8542 4214 4215 4213 
8543 4097 4098 4096 
8544 4448 4449 4447 
8545 4328 4330 4327 
8546 4445 4447 4444 
8547 4211 4213 4210 
8548 4094 4096 4093 
8549 4092 4093 4091 
8550 4326 4327 4325 
8551 4209 4210 4208 
8552 4443 4444 4442 
8553 4282 4283 4281 
8554 4048 4049 4047 
8555 4165 4166 4164 
8556 4399 4400 4398 
8557 4441 4442 4440 
8558 4207 4208 4206 
8559 4090 4091 4089 
8560 4324 4325 4323 
8561 4204 4206 4203 
8562 4087 4089 4086 
8563 4438 4440 4437 
8564 4321 4323 4320 
8565 4202 4203 4201 
8566 4319 4320 4318 
8567 4085 4086 4084 
8568 4436 4437 4435 
8569 4434 4435 4433 
8570 4200 4201 4199 
8571 4083 4084 4082 
8572 4317 4318 4316 
8573 4197 4199 4196 
8574 4431 4433 4430 
8575 4314 4316 4313 
8576 4080 4082 4079 
8577 4312 4313 4311 
8578 4078 4079 4077 
8579 4429 4430 4428 
8580 4195 4196 4194 
8581 4310 4311 4309 
8582 4193 4194 4192 
8583 4427 4428 4426 
8584 4076 4077 4075 
8585 4284 4285 4283 
8586 4401 4402 4400 
8587 4050 4051 4049 
8588 4167 4168 4166 
8589 4307 4309 4306 
8590 4190 4192 4189 
8591 4073 4075 4072 
8592 4424 4426 4423 
8593 4422 4423 4421 
8594 4071 4072 4070 
8595 4305 4306 4304 
8596 4188 4189 4187 
8597 4419 4421 4418 
8598 4068 4070 4067 
8599 4302 4304 4301 
8600 4185 4187 4184 
8601 4066 4067 4065 
8602 4300 4301 4299 
8603 4183 4184 4182 
8604 4417 4418 4416 
8605 4415 4416 4414 
8606 4181 4182 4180 
8607 4298 4299 4297 
8608 4064 4065 4063 
8609 4412 4414 4411 
8610 4178 4180 4177 
8611 4295 4297 4294 
8612 4061 4063 4060 
8613 4059 4060 4058 
8614 4176 4177 4175 
8615 4293 4294 4292 
8616 4410 4411 4409 
8617 4286 4288 4285 
8618 4403 4405 4402 
8619 4052 4054 4051 
8620 4169 4171 4168 
8621 4057 4058 4056 
8622 4174 4175 4173 
8623 4291 4292 4290 
8624 4408 4409 4407 
8625 4289 4290 4288 
8626 4406 4407 4405 
8627 4055 4056 4054 
8628 4172 4173 4171 
8629 4466 4468 4465 
8630 4349 4351 4348 
8631 4115 4117 4114 
8632 4232 4234 4231 
8633 4469 4470 4468 
8634 4235 4236 4234 
8635 4118 4119 4117 
8636 4352 4353 4351 
8637 3943 3944 3922 
8638 3945 3946 3926 
8639 3947 3948 3928 
8640 3941 3942 3924 
8641 4018 4019 4017 
8642 4135 4136 4134 
8643 4252 4253 4251 
8644 4369 4370 4368 
8645 3929 4499 3980 
8646 3931 4500 3979 
8647 3933 4497 3977 
8648 3935 4498 3978 
8649 3895 4605 3941 
8650 3899 4603 3943 
8651 3903 4602 3945 
8652 3907 4604 3947 
8653 4491 4492 3930 
8654 4489 4490 3932 
8655 4493 4494 3934 
8656 4495 4496 3936 
8657 3913 3953 3914 
8658 3915 3955 3916 
8659 3917 3949 3918 
8660 3919 3951 3920 
8661 3952 3971 3970 
8662 3950 3968 3967 
8663 3954 3962 3961 
8664 3956 3965 3964 
8665 294 3745 295 
8666 347 3746 348 
8667 400 3747 401 
8668 453 3748 454 
8669 353 3762 354 
8670 356 3770 357 
8671 459 3764 460 
8672 462 3772 463 
8673 270 3781 271 
8674 300 3761 301 
8675 303 3769 304 
8676 323 3782 324 
8677 350 3754 351 
8678 376 3783 377 
8679 406 3763 407 
8680 409 3771 410 
8681 429 3784 430 
8682 456 3756 457 
8683 297 3753 298 
8684 403 3755 404 
8685 267 3789 268 
8686 279 3757 280 
8687 282 3749 283 
8688 285 3741 286 
8689 291 3738 292 
8690 320 3790 321 
8691 332 3758 333 
8692 335 3750 336 
8693 338 3742 339 
8694 344 3739 345 
8695 373 3791 374 
8696 385 3759 386 
8697 388 3751 389 
8698 391 3743 392 
8699 397 3737 398 
8700 426 3792 427 
8701 438 3760 439 
8702 441 3752 442 
8703 444 3744 445 
8704 450 3740 451 
8705 288 3733 289 
8706 341 3734 342 
8707 394 3735 395 
8708 447 3736 448 
8709 474 3877 5 
8710 315 3873 6 
8711 368 3879 7 
8712 421 3875 8 
8713 306 3777 307 
8714 309 3785 310 
8715 312 3793 313 
8716 359 3778 360 
8717 362 3786 363 
8718 365 3794 366 
8719 412 3779 413 
8720 415 3787 416 
8721 418 3795 419 
8722 465 3780 466 
8723 468 3788 469 
8724 471 3796 472 
8725 273 3774 274 
8726 276 3766 277 
8727 326 3775 327 
8728 329 3767 330 
8729 379 3776 380 
8730 382 3768 383 
8731 432 3773 433 
8732 435 3765 436 
8733 317 3799 318 
8734 423 3797 424 
8735 264 3798 265 
8736 370 3800 371 
8737 265 4606 266 
8738 318 4607 319 
8739 371 4608 372 
8740 424 4601 425 
8741 314 4602 315 
8742 367 4603 368 
8743 420 4604 421 
8744 473 4605 474 
8745 3951 4597 3952 
8746 3949 4598 3950 
8747 3953 4599 3954 
8748 3955 4600 3956 
8749 3996 4000 3998 
8750 3988 3992 3990 
8751 4004 4008 4006 
8752 4012 4016 4014 
8753 3902 3904 3874 
8754 3906 3908 3876 
8755 3894 3896 3878 
8756 3898 3900 3880 
8757 3879 3899 3897 
8758 3877 3895 3893 
8759 3873 3903 3901 
8760 3875 3907 3905 
8761 3968 3993 3969 
8762 3971 3985 3972 
8763 3962 4001 3963 
8764 3965 4009 3966 
8765 3952 4597 3971 
8766 3950 4598 3968 
8767 3954 4599 3962 
8768 3956 4600 3965 
8769 3909 3913 3896 
8770 3911 3915 3900 
8771 3910 3917 3904 
8772 3912 3919 3908 
8773 3944 4251 3983 
8774 3946 4017 3981 
8775 3948 4134 3982 
8776 3942 4368 3984 
8777 3913 3975 3953 
8778 3915 3976 3955 
8779 3917 3973 3949 
8780 3919 3974 3951 
8781 3903 3926 3925 
8782 3907 3928 3927 
8783 3895 3924 3923 
8784 3899 3922 3921 
8785 3796 4629 4625 
8786 3793 4631 4627 
8787 3795 4632 4628 
8788 3794 4630 4626 
8789 3929 4620 4499 
8790 3931 4619 4500 
8791 3933 4617 4497 
8792 3935 4618 4498 
8793 3902 3933 3910 
8794 3906 3935 3912 
8795 3894 3929 3909 
8796 3898 3931 3911 
8797 3977 4493 3934 
8798 3978 4495 3936 
8799 3980 4491 3930 
8800 3979 4489 3932 
8801 3894 3909 3896 
8802 3898 3911 3900 
8803 3902 3910 3904 
8804 3906 3912 3908 
8805 3929 3980 3930 
8806 3931 3979 3932 
8807 3933 3977 3934 
8808 3935 3978 3936 
8809 3944 3983 3922 
8810 3942 3984 3924 
8811 3946 3981 3926 
8812 3948 3982 3928 
8813 4026 4485 4023 
8814 4143 4486 4140 
8815 4260 4487 4257 
8816 4377 4488 4374 
8817 4384 4484 4381 
8818 4267 4367 4264 
8819 4033 4133 4030 
8820 4150 4250 4147 
8821 4040 4132 4037 
8822 4157 4249 4154 
8823 4274 4366 4271 
8824 4391 4483 4388 
8825 4281 4365 4278 
8826 4047 4131 4044 
8827 4164 4248 4161 
8828 4398 4482 4395 
8829 4114 4121 4112 
8830 4465 4472 4463 
8831 4231 4238 4229 
8832 4348 4355 4346 
8833 4224 4239 4222 
8834 4107 4122 4105 
8835 4341 4356 4339 
8836 4458 4473 4456 
8837 4217 4240 4215 
8838 4100 4123 4098 
8839 4451 4474 4449 
8840 4334 4357 4332 
8841 4093 4124 4091 
8842 4210 4241 4208 
8843 4327 4358 4325 
8844 4444 4475 4442 
8845 4320 4359 4318 
8846 4086 4125 4084 
8847 4203 4242 4201 
8848 4437 4476 4435 
8849 4079 4126 4077 
8850 4430 4477 4428 
8851 4313 4360 4311 
8852 4196 4243 4194 
8853 4067 4127 4065 
8854 4418 4478 4416 
8855 4301 4361 4299 
8856 4184 4244 4182 
8857 4054 4130 4051 
8858 4171 4247 4168 
8859 4288 4364 4285 
8860 4405 4481 4402 
8861 4060 4128 4058 
8862 4177 4245 4175 
8863 4294 4362 4292 
8864 4411 4479 4409 
8865 3877 3878 5 
8866 3873 3874 6 
8867 3879 3880 7 
8868 3875 3876 8 
8869 4637 4641 4376 
8870 4638 4642 4259 
8871 4639 4643 4025 
8872 4640 4644 4142 
8873 3933 3934 3910 
8874 3935 3936 3912 
8875 3929 3930 3909 
8876 3931 3932 3911 
8877 3893 3894 3878 
8878 3897 3898 3880 
8879 3901 3902 3874 
8880 3905 3906 3876 
8881 3895 3923 3893 
8882 3903 3925 3901 
8883 3907 3927 3905 
8884 3899 3921 3897 
8885 3994 4609 3996 
8886 3986 4610 3988 
8887 4002 4611 4004 
8888 4010 4612 4012 
8889 3798 4606 265 
8890 3799 4607 318 
8891 3800 4608 371 
8892 3797 4601 424 
8893 315 4602 3873 
8894 368 4603 3879 
8895 421 4604 3875 
8896 474 4605 3877 
8897 4544 4749 3740 
8898 4541 4750 3739 
8899 4543 4751 3738 
8900 4542 4752 3737 
8901 4494 4613 3934 
8902 4496 4614 3936 
8903 4492 4615 3930 
8904 4490 4616 3932 
8905 78 4621 77 
8906 204 4622 203 
8907 15 4623 14 
8908 141 4624 140 
8909 3877 3893 3878 
8910 3879 3897 3880 
8911 3873 3901 3874 
8912 3875 3905 3876 
8913 3996 4609 4000 
8914 3988 4610 3992 
8915 4004 4611 4008 
8916 4012 4612 4016 
8917 3913 4615 3975 
8918 3915 4616 3976 
8919 3917 4613 3973 
8920 3919 4614 3974 
8921 3910 4613 3917 
8922 3912 4614 3919 
8923 3909 4615 3913 
8924 3911 4616 3915 
8925 3879 4603 3899 
8926 3877 4605 3895 
8927 3873 4602 3903 
8928 3875 4604 3907 
8929 3934 4613 3910 
8930 3936 4614 3912 
8931 3930 4615 3909 
8932 3932 4616 3911 
8933 3944 4630 4252 
8934 3946 4631 4018 
8935 3948 4632 4135 
8936 3942 4629 4369 
8937 3744 4781 4533 
8938 3742 4782 4535 
8939 3741 4783 4536 
8940 3743 4784 4534 
8941 3897 4619 3898 
8942 3901 4617 3902 
8943 3905 4618 3906 
8944 3893 4620 3894 
8945 3898 4619 3931 
8946 3902 4617 3933 
8947 3906 4618 3935 
8948 3894 4620 3929 
8949 3796 4625 472 
8950 3794 4626 366 
8951 3793 4627 313 
8952 3795 4628 419 
8953 473 4625 4605 
8954 314 4627 4602 
8955 367 4626 4603 
8956 420 4628 4604 
8957 472 4625 473 
8958 313 4627 314 
8959 366 4626 367 
8960 419 4628 420 
8961 3921 4619 3897 
8962 3925 4617 3901 
8963 3927 4618 3905 
8964 3923 4620 3893 
8965 4548 4729 3748 
8966 4546 4730 3746 
8967 4547 4732 3747 
8968 4545 4731 3745 
8969 4605 4625 3941 
8970 4602 4627 3945 
8971 4604 4628 3947 
8972 4603 4626 3943 
8973 4625 4629 3941 
8974 4627 4631 3945 
8975 4628 4632 3947 
8976 4626 4630 3943 
8977 4560 4677 3772 
8978 4559 4678 3770 
8979 4557 4679 3769 
8980 4558 4680 3771 
8981 4549 4709 3756 
8982 4550 4710 3754 
8983 4551 4711 3753 
8984 4552 4712 3755 
8985 4555 4693 3764 
8986 4556 4694 3762 
8987 4553 4695 3761 
8988 4554 4696 3763 
8989 3796 4637 4569 
8990 3794 4638 4570 
8991 3793 4639 4571 
8992 3795 4640 4572 
8993 3736 4765 4538 
8994 3734 4766 4540 
8995 3733 4767 4537 
8996 3735 4768 4539 
8997 3821 4875 4028 
8998 3823 4876 4145 
8999 3822 4874 4262 
9000 3824 4873 4379 
9001 4373 4645 4375 
9002 4256 4646 4258 
9003 4022 4647 4024 
9004 4139 4648 4141 
9005 471 4637 3796 
9006 365 4638 3794 
9007 312 4639 3793 
9008 418 4640 3795 
9009 3941 4629 3942 
9010 3943 4630 3944 
9011 3945 4631 3946 
9012 3947 4632 3948 
9013 4641 4645 4376 
9014 4642 4646 4259 
9015 4643 4647 4025 
9016 4644 4648 4142 
9017 3740 4753 4544 
9018 3739 4754 4541 
9019 3738 4755 4543 
9020 3737 4756 4542 
9021 3788 4653 4565 
9022 3786 4654 4566 
9023 3785 4655 4567 
9024 3787 4656 4568 
9025 3788 4641 469 
9026 3786 4642 363 
9027 3785 4643 310 
9028 3787 4644 416 
9029 4610 4633 3992 
9030 4609 4634 4000 
9031 4611 4635 4008 
9032 4612 4636 4016 
9033 4657 4661 4383 
9034 4658 4662 4266 
9035 4659 4663 4032 
9036 4660 4664 4149 
9037 3748 4737 4548 
9038 3746 4738 4546 
9039 3747 4740 4547 
9040 3745 4739 4545 
9041 3780 4665 4561 
9042 3778 4666 4564 
9043 3777 4667 4562 
9044 3779 4668 4563 
9045 3756 4717 4549 
9046 3754 4718 4550 
9047 3753 4719 4551 
9048 3755 4720 4552 
9049 3772 4681 4560 
9050 3770 4682 4559 
9051 3769 4683 4557 
9052 3771 4684 4558 
9053 470 4637 471 
9054 364 4638 365 
9055 311 4639 312 
9056 417 4640 418 
9057 3764 4697 4555 
9058 3762 4698 4556 
9059 3761 4699 4553 
9060 3763 4700 4554 
9061 4234 4649 4231 
9062 4117 4650 4114 
9063 4351 4651 4348 
9064 4468 4652 4465 
9065 468 4653 3788 
9066 362 4654 3786 
9067 309 4655 3785 
9068 415 4656 3787 
9069 4380 4661 4382 
9070 4263 4662 4265 
9071 4029 4663 4031 
9072 4146 4664 4148 
9073 3780 4657 466 
9074 3778 4658 360 
9075 3777 4659 307 
9076 3779 4660 413 
9077 470 4641 4637 
9078 364 4642 4638 
9079 311 4643 4639 
9080 417 4644 4640 
9081 469 4641 470 
9082 363 4642 364 
9083 310 4643 311 
9084 416 4644 417 
9085 4390 4677 4387 
9086 4273 4678 4270 
9087 4039 4679 4036 
9088 4156 4680 4153 
9089 4389 4677 4560 
9090 4272 4678 4559 
9091 4038 4679 4557 
9092 4155 4680 4558 
9093 465 4665 3780 
9094 359 4666 3778 
9095 306 4667 3777 
9096 412 4668 3779 
9097 4227 4669 4224 
9098 4110 4670 4107 
9099 4344 4671 4341 
9100 4461 4672 4458 
9101 4376 4645 4373 
9102 4259 4646 4256 
9103 4025 4647 4022 
9104 4142 4648 4139 
9105 4480 4925 4469 
9106 4363 4926 4352 
9107 4129 4927 4118 
9108 4246 4928 4235 
9109 3772 4673 463 
9110 3770 4674 357 
9111 3769 4675 304 
9112 3771 4676 410 
9113 4397 4693 4394 
9114 4280 4694 4277 
9115 4046 4695 4043 
9116 4163 4696 4160 
9117 4396 4693 4555 
9118 4279 4694 4556 
9119 4045 4695 4553 
9120 4162 4696 4554 
9121 4007 4809 3789 
9122 4015 4810 3791 
9123 3991 4812 3792 
9124 3999 4811 3790 
9125 467 4653 468 
9126 361 4654 362 
9127 308 4655 309 
9128 414 4656 415 
9129 462 4681 3772 
9130 356 4682 3770 
9131 303 4683 3769 
9132 409 4684 3771 
9133 4220 4685 4217 
9134 4103 4686 4100 
9135 4337 4687 4334 
9136 4454 4688 4451 
9137 4231 4649 4238 
9138 4114 4650 4121 
9139 4348 4651 4355 
9140 4465 4652 4472 
9141 3985 4881 3884 
9142 3993 4882 3882 
9143 4001 4883 3881 
9144 4009 4884 3883 
9145 3764 4689 460 
9146 3762 4690 354 
9147 3761 4691 301 
9148 3763 4692 407 
9149 467 4657 4653 
9150 361 4658 4654 
9151 308 4659 4655 
9152 414 4660 4656 
9153 4404 4709 4401 
9154 4287 4710 4284 
9155 4053 4711 4050 
9156 4170 4712 4167 
9157 4286 4710 4550 
9158 4403 4709 4549 
9159 4052 4711 4551 
9160 4169 4712 4552 
9161 466 4657 467 
9162 360 4658 361 
9163 307 4659 308 
9164 413 4660 414 
9165 459 4697 3764 
9166 353 4698 3762 
9167 300 4699 3761 
9168 406 4700 3763 
9169 59 4937 4133 
9170 185 4938 4250 
9171 122 4939 4367 
9172 248 4940 4484 
9173 4213 4701 4210 
9174 4096 4702 4093 
9175 4330 4703 4327 
9176 4447 4704 4444 
9177 3756 4705 457 
9178 3754 4706 351 
9179 3753 4707 298 
9180 3755 4708 404 
9181 73 4713 72 
9182 136 4714 135 
9183 199 4715 198 
9184 262 4716 261 
9185 4413 4729 4408 
9186 4296 4730 4291 
9187 4062 4731 4057 
9188 4179 4732 4174 
9189 4410 4729 4548 
9190 4293 4730 4546 
9191 4176 4732 4547 
9192 4059 4731 4545 
9193 4383 4661 4380 
9194 4266 4662 4263 
9195 4032 4663 4029 
9196 4149 4664 4146 
9197 4514 4929 4582 
9198 4516 4930 4586 
9199 4512 4932 4584 
9200 4510 4931 4588 
9201 456 4717 3756 
9202 350 4718 3754 
9203 297 4719 3753 
9204 403 4720 3755 
9205 4005 4885 4606 
9206 4013 4886 4608 
9207 3989 4888 4601 
9208 3997 4887 4607 
9209 316 4736 317 
9210 263 4733 264 
9211 369 4734 370 
9212 422 4735 423 
9213 3748 4721 454 
9214 3746 4722 348 
9215 3745 4723 295 
9216 3747 4724 401 
9217 464 4665 465 
9218 358 4666 359 
9219 305 4667 306 
9220 411 4668 412 
9221 4089 4726 4086 
9222 4206 4725 4203 
9223 4323 4727 4320 
9224 4440 4728 4437 
9225 4420 4749 4415 
9226 4303 4750 4298 
9227 4069 4751 4064 
9228 4186 4752 4181 
9229 4417 4749 4544 
9230 4300 4750 4541 
9231 4183 4752 4542 
9232 4066 4751 4543 
9233 4224 4669 4239 
9234 4107 4670 4122 
9235 4341 4671 4356 
9236 4458 4672 4473 
9237 453 4737 3748 
9238 347 4738 3746 
9239 294 4739 3745 
9240 400 4740 3747 
9241 464 4673 4665 
9242 358 4674 4666 
9243 305 4675 4667 
9244 411 4676 4668 
9245 463 4673 464 
9246 357 4674 358 
9247 304 4675 305 
9248 410 4676 411 
9249 3740 4741 451 
9250 3739 4742 345 
9251 3738 4743 292 
9252 3737 4744 398 
9253 4425 4761 4422 
9254 4308 4762 4305 
9255 4074 4763 4071 
9256 4191 4764 4188 
9257 4424 4761 4538 
9258 4307 4762 4540 
9259 4073 4763 4537 
9260 4190 4764 4539 
9261 62 4933 4485 
9262 188 4934 4486 
9263 125 4935 4487 
9264 251 4936 4488 
9265 4199 4745 4196 
9266 4082 4746 4079 
9267 4433 4748 4430 
9268 4316 4747 4313 
9269 450 4753 3740 
9270 344 4754 3739 
9271 291 4755 3738 
9272 397 4756 3737 
9273 4387 4677 4389 
9274 4270 4678 4272 
9275 4036 4679 4038 
9276 4153 4680 4155 
9277 4432 4773 4429 
9278 4315 4774 4312 
9279 4081 4775 4078 
9280 4198 4776 4195 
9281 4431 4773 4533 
9282 4314 4774 4535 
9283 4080 4775 4536 
9284 4197 4776 4534 
9285 3736 4757 448 
9286 3734 4758 342 
9287 3733 4759 289 
9288 3735 4760 395 
9289 447 4765 3736 
9290 341 4766 3734 
9291 288 4767 3733 
9292 394 4768 3735 
9293 461 4681 462 
9294 355 4682 356 
9295 302 4683 303 
9296 408 4684 409 
9297 4439 4789 4436 
9298 4322 4790 4319 
9299 4088 4791 4085 
9300 4205 4792 4202 
9301 4438 4789 4529 
9302 4321 4790 4531 
9303 4087 4791 4532 
9304 4204 4792 4530 
9305 3744 4769 445 
9306 3742 4770 339 
9307 3741 4771 286 
9308 3743 4772 392 
9309 4070 4777 4067 
9310 4187 4778 4184 
9311 4421 4780 4418 
9312 4304 4779 4301 
9313 4217 4685 4240 
9314 4100 4686 4123 
9315 4334 4687 4357 
9316 4451 4688 4474 
9317 461 4689 4681 
9318 355 4690 4682 
9319 302 4691 4683 
9320 408 4692 4684 
9321 444 4781 3744 
9322 338 4782 3742 
9323 285 4783 3741 
9324 391 4784 3743 
9325 4446 4805 4443 
9326 4329 4806 4326 
9327 4095 4807 4092 
9328 4212 4808 4209 
9329 4445 4805 4527 
9330 4328 4806 4526 
9331 4094 4807 4525 
9332 4211 4808 4528 
9333 460 4689 461 
9334 354 4690 355 
9335 301 4691 302 
9336 407 4692 408 
9337 3752 4785 442 
9338 3750 4786 336 
9339 3749 4787 283 
9340 3751 4788 389 
9341 4453 4825 4450 
9342 4336 4826 4333 
9343 4102 4827 4099 
9344 4219 4828 4216 
9345 4452 4825 4524 
9346 4335 4826 4522 
9347 4101 4827 4521 
9348 4218 4828 4523 
9349 441 4793 3752 
9350 335 4794 3750 
9351 282 4795 3749 
9352 388 4796 3751 
9353 4180 4798 4177 
9354 4063 4797 4060 
9355 4297 4799 4294 
9356 4414 4800 4411 
9357 4394 4693 4396 
9358 4277 4694 4279 
9359 4043 4695 4045 
9360 4160 4696 4162 
9361 3760 4801 439 
9362 3758 4802 333 
9363 3757 4803 280 
9364 3759 4804 386 
9365 4460 4841 4457 
9366 4343 4842 4340 
9367 4109 4843 4106 
9368 4226 4844 4223 
9369 4459 4841 4519 
9370 4342 4842 4517 
9371 4108 4843 4518 
9372 4225 4844 4520 
9373 3789 4809 268 
9374 3791 4810 374 
9375 3790 4811 321 
9376 3792 4812 427 
9377 438 4813 3760 
9378 332 4814 3758 
9379 279 4815 3757 
9380 385 4816 3759 
9381 458 4697 459 
9382 352 4698 353 
9383 299 4699 300 
9384 405 4700 406 
9385 3765 4817 436 
9386 3767 4818 330 
9387 3766 4819 277 
9388 3768 4820 383 
9389 4056 4821 4054 
9390 4173 4822 4171 
9391 4407 4823 4405 
9392 4290 4824 4288 
9393 4467 4857 4464 
9394 4350 4858 4347 
9395 4116 4859 4113 
9396 4233 4860 4230 
9397 4466 4857 4480 
9398 4349 4858 4363 
9399 4115 4859 4129 
9400 4232 4860 4246 
9401 435 4833 3765 
9402 329 4834 3767 
9403 276 4835 3766 
9404 382 4836 3768 
9405 458 4705 4697 
9406 352 4706 4698 
9407 299 4707 4699 
9408 405 4708 4700 
9409 3773 4837 433 
9410 3775 4838 327 
9411 3774 4839 274 
9412 3776 4840 380 
9413 457 4705 458 
9414 351 4706 352 
9415 298 4707 299 
9416 404 4708 405 
9417 4210 4701 4241 
9418 4093 4702 4124 
9419 4327 4703 4358 
9420 4444 4704 4475 
9421 4049 4845 4047 
9422 4166 4846 4164 
9423 4283 4847 4281 
9424 4400 4848 4398 
9425 432 4849 3773 
9426 326 4850 3775 
9427 273 4851 3774 
9428 379 4852 3776 
9429 3784 4853 430 
9430 3782 4854 324 
9431 3781 4855 271 
9432 3783 4856 377 
9433 4401 4709 4403 
9434 4284 4710 4286 
9435 4050 4711 4052 
9436 4167 4712 4169 
9437 429 4861 3784 
9438 323 4862 3782 
9439 270 4863 3781 
9440 376 4864 3783 
9441 4393 4867 4391 
9442 4042 4865 4040 
9443 4159 4866 4157 
9444 4276 4868 4274 
9445 72 4713 3889 
9446 198 4715 3891 
9447 135 4714 3890 
9448 261 4716 3892 
9449 455 4717 456 
9450 349 4718 350 
9451 296 4719 297 
9452 402 4720 403 
9453 4514 4879 3730 
9454 4516 4880 3732 
9455 4510 4878 3729 
9456 4512 4877 3731 
9457 4269 4871 4267 
9458 4035 4869 4033 
9459 4152 4870 4150 
9460 4386 4872 4384 
9461 455 4721 4717 
9462 349 4722 4718 
9463 296 4723 4719 
9464 402 4724 4720 
9465 454 4721 455 
9466 348 4722 349 
9467 295 4723 296 
9468 401 4724 402 
9469 4379 4873 4377 
9470 4028 4875 4026 
9471 4145 4876 4143 
9472 4262 4874 4260 
9473 4203 4725 4242 
9474 4086 4726 4125 
9475 4320 4727 4359 
9476 4437 4728 4476 
9477 4408 4729 4410 
9478 4291 4730 4293 
9479 4057 4731 4059 
9480 4174 4732 4176 
9481 423 4735 3797 
9482 264 4733 3798 
9483 370 4734 3800 
9484 317 4736 3799 
9485 452 4737 453 
9486 346 4738 347 
9487 293 4739 294 
9488 399 4740 400 
9489 131 4877 3804 
9490 257 4878 3808 
9491 3731 4877 132 
9492 3729 4878 258 
9493 3730 4879 69 
9494 3732 4880 195 
9495 68 4879 3802 
9496 194 4880 3806 
9497 452 4741 4737 
9498 346 4742 4738 
9499 293 4743 4739 
9500 399 4744 4740 
9501 451 4741 452 
9502 345 4742 346 
9503 292 4743 293 
9504 398 4744 399 
9505 4415 4749 4417 
9506 4298 4750 4300 
9507 4064 4751 4066 
9508 4181 4752 4183 
9509 3963 4889 3961 
9510 3966 4890 3964 
9511 3972 4892 3970 
9512 3969 4891 3967 
9513 4196 4745 4243 
9514 4079 4746 4126 
9515 4313 4747 4360 
9516 4430 4748 4477 
9517 4623 4921 3725 
9518 4624 4922 3727 
9519 4621 4923 3726 
9520 4622 4924 3728 
9521 449 4753 450 
9522 343 4754 344 
9523 290 4755 291 
9524 396 4756 397 
9525 267 4885 3789 
9526 373 4886 3791 
9527 320 4887 3790 
9528 426 4888 3792 
9529 4606 4885 266 
9530 4608 4886 372 
9531 4607 4887 319 
9532 4601 4888 425 
9533 3975 4921 4623 
9534 3976 4922 4624 
9535 3973 4923 4621 
9536 3974 4924 4622 
9537 4636 4905 4237 
9538 4635 4906 4120 
9539 4634 4907 4354 
9540 4633 4908 4471 
9541 449 4757 4753 
9542 343 4758 4754 
9543 290 4759 4755 
9544 396 4760 4756 
9545 448 4757 449 
9546 342 4758 343 
9547 289 4759 290 
9548 395 4760 396 
9549 4596 4920 8 
9550 4593 4917 5 
9551 4594 4918 7 
9552 4595 4919 6 
9553 8 4920 422 
9554 5 4917 263 
9555 7 4918 369 
9556 6 4919 316 
9557 4422 4761 4424 
9558 4305 4762 4307 
9559 4071 4763 4073 
9560 4188 4764 4190 
9561 3993 4898 3994 
9562 3985 4897 3986 
9563 4001 4899 4002 
9564 4009 4900 4010 
9565 146 4905 3811 
9566 20 4906 3809 
9567 83 4907 3810 
9568 209 4908 3812 
9569 4582 4929 3925 
9570 4586 4930 3927 
9571 4584 4932 3921 
9572 4588 4931 3923 
9573 446 4765 447 
9574 340 4766 341 
9575 287 4767 288 
9576 393 4768 394 
9577 249 4940 248 
9578 123 4939 122 
9579 60 4937 59 
9580 186 4938 185 
9581 252 4936 251 
9582 126 4935 125 
9583 63 4933 62 
9584 189 4934 188 
9585 11 4913 1 
9586 1 4913 262 
9587 2 4914 73 
9588 74 4914 2 
9589 3 4915 136 
9590 137 4915 3 
9591 4 4916 199 
9592 200 4916 4 
9593 4500 4932 4512 
9594 4499 4931 4510 
9595 4497 4929 4514 
9596 4498 4930 4516 
9597 446 4769 4765 
9598 340 4770 4766 
9599 287 4771 4767 
9600 393 4772 4768 
9601 445 4769 446 
9602 339 4770 340 
9603 286 4771 287 
9604 392 4772 393 
9605 3951 4910 4597 
9606 3949 4909 4598 
9607 3953 4911 4599 
9608 3955 4912 4600 
9609 4429 4773 4431 
9610 4312 4774 4314 
9611 4078 4775 4080 
9612 4195 4776 4197 
9613 4067 4777 4127 
9614 4184 4778 4244 
9615 4418 4780 4478 
9616 4301 4779 4361 
9617 443 4781 444 
9618 337 4782 338 
9619 284 4783 285 
9620 390 4784 391 
9621 4494 4923 4613 
9622 4496 4924 4614 
9623 4490 4922 4616 
9624 4492 4921 4615 
9625 4236 4901 4237 
9626 4119 4902 4120 
9627 4353 4903 4354 
9628 4470 4904 4471 
9629 4619 4932 4500 
9630 4620 4931 4499 
9631 4617 4929 4497 
9632 4618 4930 4498 
9633 443 4785 4781 
9634 337 4786 4782 
9635 284 4787 4783 
9636 390 4788 4784 
9637 442 4785 443 
9638 336 4786 337 
9639 283 4787 284 
9640 389 4788 390 
9641 3801 4911 4623 
9642 3805 4912 4624 
9643 3803 4909 4621 
9644 3807 4910 4622 
9645 4621 4909 3973 
9646 4622 4910 3974 
9647 4623 4911 3975 
9648 4624 4912 3976 
9649 4436 4789 4438 
9650 4319 4790 4321 
9651 4085 4791 4087 
9652 4202 4792 4204 
9653 3971 4881 3985 
9654 3968 4882 3993 
9655 3962 4883 4001 
9656 3965 4884 4009 
9657 440 4793 441 
9658 334 4794 335 
9659 281 4795 282 
9660 387 4796 388 
9661 4060 4797 4128 
9662 4177 4798 4245 
9663 4294 4799 4362 
9664 4411 4800 4479 
9665 440 4801 4793 
9666 334 4802 4794 
9667 281 4803 4795 
9668 387 4804 4796 
9669 439 4801 440 
9670 333 4802 334 
9671 280 4803 281 
9672 386 4804 387 
9673 4443 4805 4445 
9674 4326 4806 4328 
9675 4092 4807 4094 
9676 4209 4808 4211 
9677 268 4809 269 
9678 374 4810 375 
9679 321 4811 322 
9680 427 4812 428 
9681 437 4813 438 
9682 331 4814 332 
9683 278 4815 279 
9684 384 4816 385 
9685 437 4817 4813 
9686 331 4818 4814 
9687 278 4819 4815 
9688 384 4820 4816 
9689 436 4817 437 
9690 330 4818 331 
9691 277 4819 278 
9692 383 4820 384 
9693 4054 4821 4130 
9694 4171 4822 4247 
9695 4288 4824 4364 
9696 4405 4823 4481 
9697 4450 4825 4452 
9698 4333 4826 4335 
9699 4099 4827 4101 
9700 4216 4828 4218 
9701 4469 4829 4470 
9702 4352 4830 4353 
9703 4118 4831 4119 
9704 4235 4832 4236 
9705 434 4833 435 
9706 328 4834 329 
9707 275 4835 276 
9708 381 4836 382 
9709 434 4837 4833 
9710 328 4838 4834 
9711 275 4839 4835 
9712 381 4840 4836 
9713 433 4837 434 
9714 327 4838 328 
9715 274 4839 275 
9716 380 4840 381 
9717 4812 4861 428 
9718 4811 4862 322 
9719 4809 4863 269 
9720 4810 4864 375 
9721 4457 4841 4459 
9722 4340 4842 4342 
9723 4106 4843 4108 
9724 4223 4844 4225 
9725 4047 4845 4131 
9726 4164 4846 4248 
9727 4281 4847 4365 
9728 4398 4848 4482 
9729 431 4849 432 
9730 325 4850 326 
9731 272 4851 273 
9732 378 4852 379 
9733 431 4853 4849 
9734 325 4854 4850 
9735 272 4855 4851 
9736 378 4856 4852 
9737 430 4853 431 
9738 324 4854 325 
9739 271 4855 272 
9740 377 4856 378 
9741 4464 4857 4466 
9742 4347 4858 4349 
9743 4113 4859 4115 
9744 4230 4860 4232 
9745 428 4861 429 
9746 322 4862 323 
9747 269 4863 270 
9748 375 4864 376 
9749 4040 4865 4132 
9750 4157 4866 4249 
9751 4391 4867 4483 
9752 4274 4868 4366 
9753 4577 4883 4599 
9754 4579 4884 4600 
9755 4578 4882 4598 
9756 4580 4881 4597 
9757 4610 4897 3812 
9758 4609 4898 3810 
9759 4611 4899 3809 
9760 4612 4900 3811 
9761 4832 4901 4236 
9762 4831 4902 4119 
9763 4830 4903 4353 
9764 4829 4904 4470 
9765 4033 4869 4133 
9766 4150 4870 4250 
9767 4267 4871 4367 
9768 4384 4872 4484 
9769 4377 4873 4488 
9770 4260 4874 4487 
9771 4026 4875 4485 
9772 4143 4876 4486 
9773 3812 4897 4576 
9774 3810 4898 4574 
9775 3809 4899 4573 
9776 3811 4900 4575 
9777 4494 4895 4590 
9778 4496 4896 4592 
9779 4490 4894 4591 
9780 4492 4893 4589 
9781 132 4877 131 
9782 258 4878 257 
9783 69 4879 68 
9784 195 4880 194 
9785 4597 4881 3971 
9786 4598 4882 3968 
9787 4599 4883 3962 
9788 4600 4884 3965 
9789 3884 4881 4580 
9790 3882 4882 4578 
9791 3881 4883 4577 
9792 3883 4884 4579 
9793 4471 4904 4633 
9794 4354 4903 4634 
9795 4120 4902 4635 
9796 4237 4901 4636 
9797 4003 4889 3963 
9798 4011 4890 3966 
9799 3995 4891 3969 
9800 3987 4892 3972 
9801 266 4885 267 
9802 372 4886 373 
9803 319 4887 320 
9804 425 4888 426 
9805 4590 4895 3938 
9806 4592 4896 3940 
9807 4589 4893 3937 
9808 4591 4894 3939 
9809 4489 4894 4490 
9810 4491 4893 4492 
9811 4493 4895 4494 
9812 4495 4896 4496 
9813 4810 4928 4864 
9814 4809 4927 4863 
9815 4811 4926 4862 
9816 4812 4925 4861 
9817 3994 4898 4609 
9818 3986 4897 4610 
9819 4002 4899 4611 
9820 4010 4900 4612 
9821 73 4914 4713 
9822 136 4915 4714 
9823 199 4916 4715 
9824 262 4913 4716 
9825 263 4917 4733 
9826 316 4919 4736 
9827 369 4918 4734 
9828 422 4920 4735 
9829 4633 4904 3992 
9830 4634 4903 4000 
9831 4635 4902 4008 
9832 4636 4901 4016 
9833 147 4905 146 
9834 21 4906 20 
9835 84 4907 83 
9836 210 4908 209 
9837 3973 4909 3949 
9838 3974 4910 3951 
9839 3975 4911 3953 
9840 3976 4912 3955 
9841 3937 4913 11 
9842 3938 4914 74 
9843 3939 4915 137 
9844 3940 4916 200 
9845 3957 4917 4593 
9846 3958 4918 4594 
9847 3959 4919 4595 
9848 3960 4920 4596 
9849 4615 4921 3975 
9850 4616 4922 3976 
9851 4613 4923 3973 
9852 4614 4924 3974 
9853 3813 4933 63 
9854 3815 4934 189 
9855 3814 4935 126 
9856 3816 4936 252 
9857 3822 4939 123 
9858 3821 4937 60 
9859 3823 4938 186 
9860 3824 4940 249 
9861 3925 4929 4617 
9862 3927 4930 4618 
9863 3921 4932 4619 
9864 3923 4931 4620 
9865 4713 4914 3938 
9866 4715 4916 3940 
9867 4716 4913 3937 
9868 4714 4915 3939 
9869 4733 4917 3957 
9870 4734 4918 3958 
9871 4736 4919 3959 
9872 4735 4920 3960 
9873 4861 4925 4480 
9874 4862 4926 4363 
9875 4863 4927 4129 
9876 4864 4928 4246 
9877 3991 4925 4812 
9878 3999 4926 4811 
9879 4007 4927 4809 
9880 4015 4928 4810 
$EndElements
