iteration,model_cost,projected_grad_inf_norm,epsilon,iter_time_sec,rss_mb,peak_rss_mb,cost_rss_before_mb,cost_rss_after_mb,grad_rss_before_mb,grad_rss_after_mb
1,0.9991077076397551,1.0,0.0001,nan,2704.62109375,2705.4140625,2704.62109375,2704.62109375,2704.62109375,2704.62109375
2,0.2611306329012686,1.0,0.0001,20.670886881649494,2704.62109375,2705.4140625,2704.62109375,2704.62109375,2704.62109375,2704.62109375
3,0.24936214555245473,1.0,0.0001,20.662094191648066,2704.62109375,2705.4140625,2704.62109375,2704.62109375,2704.62109375,2704.62109375
4,0.2488136501739446,0.05201459738287573,0.0001,6.368508085608482,2704.62109375,2705.4140625,2704.62109375,2704.62109375,2704.62109375,2704.62109375
5,0.24881356860639825,0.014613015478285973,0.0001,3.1829478284344077,2704.62109375,2705.4140625,2704.62109375,2704.62109375,2704.62109375,2704.62109375
6,0.24879050006522097,0.29918568369101584,0.0001,6.349986819550395,2704.62109375,2705.4140625,2704.62109375,2704.62109375,2704.62109375,2704.62109375
7,0.24844760578878378,0.9999999999999984,0.0001,1.588503098115325,2704.62109375,2705.4140625,2704.62109375,2704.62109375,2704.62109375,2704.62109375
8,0.24645257501532536,4.999999999999996,0.0001,2.042534709908068,2704.62109375,2705.4140625,2704.62109375,2704.62109375,2704.62109375,2704.62109375
9,0.24186656811430954,4.999999999999996,0.0001,2.0351479640230536,2704.62109375,2705.4140625,2704.62109375,2704.62109375,2704.62109375,2704.62109375
10,0.2321179956782954,4.999999999999996,0.0001,4.123352096416056,2704.62109375,2705.4140625,2704.62109375,2704.62109375,2704.62109375,2704.62109375
11,0.22468545750729874,4.999999999999996,0.0001,2.034199741668999,2704.62109375,2705.4140625,2704.62109375,2704.62109375,2704.62109375,2704.62109375
12,0.2207261946675073,4.999999999999996,0.0001,2.0406990526244044,2704.62109375,2705.4140625,2704.62109375,2704.62109375,2704.62109375,2704.62109375
13,0.1898969538447131,0.9999999999999984,0.0001,2.0321498326957226,2704.62109375,2705.4140625,2704.62109375,2704.62109375,2704.62109375,2704.62109375
14,0.18482122932968345,4.999999999999996,0.0001,4.123809669166803,2704.62109375,2705.4140625,2704.62109375,2704.62109375,2704.62109375,2704.62109375
15,0.17675289862578974,4.999999999999996,0.0001,2.0342297898605466,2704.62109375,2705.4140625,2704.62109375,2704.62109375,2704.62109375,2704.62109375
16,0.16798395384384612,4.999999999999996,0.0001,4.922217018902302,2704.62109375,2705.4140625,2704.62109375,2704.62109375,2704.62109375,2704.62109375
17,0.16170288447315048,1.0,0.0001,6.552007995545864,2704.62109375,2705.4140625,2704.62109375,2704.62109375,2704.62109375,2704.62109375
18,0.08512952443813224,0.9999999999999984,0.0001,11.348340780474246,2704.62109375,2705.4140625,2704.62109375,2704.62109375,2704.62109375,2704.62109375
19,0.07950433428875345,0.9999999999999984,0.0001,4.380678183399141,2704.62109375,2705.4140625,2704.62109375,2704.62109375,2704.62109375,2704.62109375
20,0.07472232568862167,0.9999999999999984,0.0001,8.819593372754753,2704.62109375,2705.4140625,2704.62109375,2704.62109375,2704.62109375,2704.62109375
21,0.07442617628929521,3.9214795636489095,0.0001,6.463021625764668,2704.62109375,2705.4140625,2704.62109375,2704.62109375,2704.62109375,2704.62109375
22,0.07158111957734384,2.999999999999997,0.0001,4.7052334090694785,2704.62109375,2705.4140625,2704.62109375,2704.62109375,2704.62109375,2704.62109375
23,0.06958835314912648,4.787562701937307,0.0001,4.51505103521049,2704.62109375,2705.4140625,2704.62109375,2704.62109375,2704.62109375,2704.62109375
24,0.06693872359122816,4.999999999999996,0.0001,4.252041240222752,2704.62109375,2705.4140625,2704.62109375,2704.62109375,2704.62109375,2704.62109375
25,0.06532613419445116,4.999999999999996,0.0001,8.296037611551583,2704.62109375,2705.4140625,2704.62109375,2704.62109375,2704.62109375,2704.62109375
26,0.0646579325273622,4.999999999999996,0.0001,4.416434231214225,2704.62109375,2705.4140625,2704.62109375,2704.62109375,2704.62109375,2704.62109375
27,0.06342631127291752,4.999999999999996,0.0001,4.508427112363279,2704.62109375,2705.4140625,2704.62109375,2704.62109375,2704.62109375,2704.62109375
28,0.06288537116198098,4.999999999999996,0.0001,4.237911738455296,2704.62109375,2705.4140625,2704.62109375,2704.62109375,2704.62109375,2704.62109375
29,0.06224586553206868,4.999999999999996,0.0001,11.191472478210926,2704.62109375,2705.4140625,2704.62109375,2704.62109375,2704.62109375,2704.62109375
30,0.06179494423860214,5.02827233745329,0.0001,14.186605830676854,2704.62109375,2705.4140625,2704.62109375,2704.62109375,2704.62109375,2704.62109375
31,0.06177861984551804,5.657569990621145,0.0001,7.947788741439581,2704.62109375,2705.4140625,2704.62109375,2704.62109375,2704.62109375,2704.62109375
32,0.06112801194766977,6.999999999999994,0.0001,2.0377592826262116,2704.62109375,2705.4140625,2704.62109375,2704.62109375,2704.62109375,2704.62109375
33,0.060912700599119025,2.999999999999997,0.0001,4.60016081109643,2704.62109375,2705.4140625,2704.62109375,2704.62109375,2704.62109375,2704.62109375
34,0.04968290244646164,2.999999999999997,0.0001,2.0276811262592673,2704.62109375,2705.4140625,2704.62109375,2704.62109375,2704.62109375,2704.62109375
35,0.04537728363287085,1.0,0.0001,11.198339552618563,2704.62109375,2705.4140625,2704.62109375,2704.62109375,2704.62109375,2704.62109375
36,0.04193889999240884,1.6500989303555467,0.0001,10.198870913125575,2704.62109375,2705.4140625,2704.62109375,2704.62109375,2704.62109375,2704.62109375
37,0.04178385647956198,0.9999999999999984,0.0001,4.083706509321928,2704.62109375,2705.4140625,2704.62109375,2704.62109375,2704.62109375,2704.62109375
38,0.04017042387817706,1.0,0.0001,2.0404831850901246,2704.62109375,2705.4140625,2704.62109375,2704.62109375,2704.62109375,2704.62109375
39,0.04005587294056239,0.9999999999999984,0.0001,6.487510999664664,2704.62109375,2705.4140625,2704.62109375,2704.62109375,2704.62109375,2704.62109375
40,0.03976530502160709,0.9999999999999984,0.0001,2.045323601923883,2704.62109375,2705.4140625,2704.62109375,2704.62109375,2704.62109375,2704.62109375
41,0.0396518683818753,0.9999999999999984,0.0001,4.974758432246745,2704.62109375,2705.4140625,2704.62109375,2704.62109375,2704.62109375,2704.62109375
42,0.03943145681520709,1.0,0.0001,7.323085875250399,2704.62109375,2705.4140625,2704.62109375,2704.62109375,2704.62109375,2704.62109375
43,0.03930545398469348,0.9999999999999984,0.0001,4.092004267498851,2704.62109375,2705.4140625,2704.62109375,2704.62109375,2704.62109375,2704.62109375
44,0.039022298521421084,0.9999999999999984,0.0001,4.083968251943588,2704.62109375,2705.4140625,2704.62109375,2704.62109375,2704.62109375,2704.62109375
45,0.03875134679482569,1.3775650315099823,0.0001,4.0797510938718915,2704.62109375,2705.4140625,2704.62109375,2704.62109375,2704.62109375,2704.62109375
46,0.038746620256361254,2.6537612678700118,0.0001,2.0374658247455955,2704.62109375,2705.4140625,2704.62109375,2704.62109375,2704.62109375,2704.62109375
47,0.0385343507838863,0.9999999999999984,0.0001,2.037432983517647,2704.62109375,2705.4140625,2704.62109375,2704.62109375,2704.62109375,2704.62109375
48,0.03845625026350769,1.0,0.0001,4.075258709490299,2704.62109375,2705.4140625,2704.62109375,2704.62109375,2704.62109375,2704.62109375
49,0.0380861720233599,0.7770385530617538,0.0001,6.123479440808296,2704.62109375,2705.4140625,2704.62109375,2704.62109375,2704.62109375,2704.62109375
50,0.03801183169815485,1.5622914793612548,0.0001,4.083192656747997,2704.62109375,2705.4140625,2704.62109375,2704.62109375,2704.62109375,2704.62109375
51,0.03791570814563411,0.9845474139296055,0.0001,2.0476440209895372,2704.62109375,2705.4140625,2704.62109375,2704.62109375,2704.62109375,2704.62109375
52,0.03777282080424945,0.4158477985636453,0.0001,2.040541115216911,2704.62109375,2705.4140625,2704.62109375,2704.62109375,2704.62109375,2704.62109375
53,0.0377297407974859,0.7218406382966516,0.0001,4.07532717846334,2704.62109375,2705.4140625,2704.62109375,2704.62109375,2704.62109375,2704.62109375
54,0.0376901991654796,1.909426529333476,0.0001,2.0358289182186127,2704.62109375,2705.4140625,2704.62109375,2704.62109375,2704.62109375,2704.62109375
55,0.03763073604332024,0.48200737907978763,0.0001,2.0380269065499306,2704.62109375,2705.4140625,2704.62109375,2704.62109375,2704.62109375,2704.62109375
56,0.037588038785177906,0.9445300733441873,0.0001,2.0402365922927856,2704.62109375,2705.4140625,2704.62109375,2704.62109375,2704.62109375,2704.62109375
57,0.03756164963941809,0.4536630214631112,0.0001,2.0374567545950413,2704.62109375,2705.4140625,2704.62109375,2704.62109375,2704.62109375,2704.62109375
58,0.03754611515093604,0.34373287712280187,0.0001,2.0416117990389466,2704.62109375,2705.4140625,2704.62109375,2704.62109375,2704.62109375,2704.62109375
59,0.03753643140204447,0.5085383297606764,0.0001,2.0388919385150075,2704.62109375,2705.4140625,2704.62109375,2704.62109375,2704.62109375,2704.62109375
60,0.03752945550381908,0.12314099268050127,0.0001,4.081034068949521,2704.62109375,2705.4140625,2704.62109375,2704.62109375,2704.62109375,2704.62109375
61,0.03752765017986507,0.1179095109318764,0.0001,2.035462686792016,2704.62109375,2705.4140625,2704.62109375,2704.62109375,2704.62109375,2704.62109375
62,0.0375255208529568,0.042968925527139934,0.0001,2.0407290561124682,2704.62109375,2705.4140625,2704.62109375,2704.62109375,2704.62109375,2704.62109375
63,0.037524127265956796,0.10806256294376448,0.0001,2.036373259499669,2704.62109375,2705.4140625,2704.62109375,2704.62109375,2704.62109375,2704.62109375
64,0.03752260334322533,0.21420788545010927,0.0001,2.0373755637556314,2704.62109375,2705.4140625,2704.62109375,2704.62109375,2704.62109375,2704.62109375
65,0.037520896648001234,0.22365089323005694,0.0001,2.043234874494374,2704.62109375,2705.4140625,2704.62109375,2704.62109375,2704.62109375,2704.62109375
66,0.037514004528868335,0.03974044152994449,0.0001,4.0729345409199595,2704.62109375,2705.4140625,2704.62109375,2704.62109375,2704.62109375,2704.62109375
67,0.03750741760790925,0.6718029801900338,0.0001,2.0386226372793317,2704.62109375,2705.4140625,2704.62109375,2704.62109375,2704.62109375,2704.62109375
68,0.03750392146354548,0.02486304894699054,0.0001,2.0364176807925105,2704.62109375,2705.4140625,2704.62109375,2704.62109375,2704.62109375,2704.62109375
69,0.03750229290635554,0.005107773877117694,0.0001,2.0439899265766144,2704.62109375,2705.4140625,2704.62109375,2704.62109375,2704.62109375,2704.62109375
70,0.03750112841178022,0.05275731322640853,0.0001,4.078508251346648,2704.62109375,2705.4140625,2704.62109375,2704.62109375,2704.62109375,2704.62109375
71,0.03750076724652202,0.11814636088302177,0.0001,2.0681445533409715,2704.62109375,2705.4140625,2704.62109375,2704.62109375,2704.62109375,2704.62109375
72,0.0375003256017581,0.07545395315501091,0.0001,1.615792978554964,2704.62109375,2705.4140625,2704.62109375,2704.62109375,2704.62109375,2704.62109375
73,0.037496142740802395,0.1726255987580676,0.0001,2.0636445078998804,2704.62109375,2705.4140625,2704.62109375,2704.62109375,2704.62109375,2704.62109375
74,0.037490094611193396,0.272003486085746,0.0001,2.064969222061336,2704.62109375,2705.4140625,2704.62109375,2704.62109375,2704.62109375,2704.62109375
75,0.03748170988525415,0.03758179686407681,0.0001,2.064087050035596,2704.62109375,2705.4140625,2704.62109375,2704.62109375,2704.62109375,2704.62109375
76,0.03747677212408454,0.10592062585524409,0.0001,2.074311745353043,2704.62109375,2705.4140625,2704.62109375,2704.62109375,2704.62109375,2704.62109375
77,0.03747635930555658,0.01013242136567305,0.0001,2.066078587435186,2704.62109375,2705.4140625,2704.62109375,2704.62109375,2704.62109375,2704.62109375
78,0.03747632841117615,0.04349702672052558,0.0001,1.9333416689187288,2704.62109375,2705.4140625,2704.62109375,2704.62109375,2704.62109375,2704.62109375
79,0.03747630217603467,0.018828081961170806,0.0001,1.6186082977801561,2704.62109375,2705.4140625,2704.62109375,2704.62109375,2704.62109375,2704.62109375
80,0.037476294601760954,0.005764300691322721,0.0001,1.615325277671218,2704.62109375,2705.4140625,2704.62109375,2704.62109375,2704.62109375,2704.62109375
81,0.03747628994393156,0.003403971721687604,0.0001,1.6162965400144458,2704.62109375,2705.4140625,2704.62109375,2704.62109375,2704.62109375,2704.62109375
82,0.03747628760360396,0.004864796366989221,0.0001,1.6198654621839523,2704.62109375,2705.4140625,2704.62109375,2704.62109375,2704.62109375,2704.62109375
83,0.03747627558060865,0.007546933448415061,0.0001,1.6189354294911027,2704.62109375,2705.4140625,2704.62109375,2704.62109375,2704.62109375,2704.62109375
84,0.03747625411974764,0.0012172089540573971,0.0001,4.14422423671931,2704.62109375,2705.4140625,2704.62109375,2704.62109375,2704.62109375,2704.62109375
85,0.03747619398044491,0.012250408030324955,0.0001,1.615858158096671,2704.62109375,2705.4140625,2704.62109375,2704.62109375,2704.62109375,2704.62109375
86,0.037475860676139075,0.08396137351809296,0.0001,2.0659806160256267,2704.62109375,2705.4140625,2704.62109375,2704.62109375,2704.62109375,2704.62109375
87,0.03747537777989983,0.15644923270599365,0.0001,2.06588579621166,2704.62109375,2705.4140625,2704.62109375,2704.62109375,2704.62109375,2704.62109375
88,0.03747402767526081,0.2792363261760199,0.0001,2.0677001029253006,2704.62109375,2705.4140625,2704.62109375,2704.62109375,2704.62109375,2704.62109375
89,0.03747081113853917,0.40164273195609523,0.0001,2.0676177022978663,2704.62109375,2705.4140625,2704.62109375,2704.62109375,2704.62109375,2704.62109375
90,0.037463048056516596,0.36716413100281897,0.0001,2.0725902197882533,2704.62109375,2705.4140625,2704.62109375,2704.62109375,2704.62109375,2704.62109375
91,0.03745853012677939,0.8132244989946305,0.0001,4.278130657970905,2704.62109375,2705.4140625,2704.62109375,2704.62109375,2704.62109375,2704.62109375
92,0.03744931550155865,0.694850541405641,0.0001,4.14014368224889,2704.62109375,2705.4140625,2704.62109375,2704.62109375,2704.62109375,2704.62109375
93,0.03744520075406512,0.5747722029030762,0.0001,4.135319064371288,2704.62109375,2705.4140625,2704.62109375,2704.62109375,2704.62109375,2704.62109375
94,0.037433274240939195,0.14216572532803573,0.0001,4.135814536362886,2704.62109375,2705.4140625,2704.62109375,2704.62109375,2704.62109375,2704.62109375
95,0.03740765898169999,0.46903997667643016,0.0001,2.071101854555309,2704.62109375,2705.4140625,2704.62109375,2704.62109375,2704.62109375,2704.62109375
96,0.03734996009238004,1.1588790882176743,0.0001,2.068728036247194,2704.62109375,2705.4140625,2704.62109375,2704.62109375,2704.62109375,2704.62109375
97,0.03733208782085632,0.5550689558729609,0.0001,2.0654981955885887,2704.62109375,2705.4140625,2704.62109375,2704.62109375,2704.62109375,2704.62109375
98,0.03731436948134586,0.46584468648777766,0.0001,2.0665237279608846,2704.62109375,2705.4140625,2704.62109375,2704.62109375,2704.62109375,2704.62109375
99,0.03731132809902582,0.6105569706081235,0.0001,4.133579277433455,2704.62109375,2705.4140625,2704.62109375,2704.62109375,2704.62109375,2704.62109375
100,0.03730216592336059,0.7872577964430776,0.0001,4.139556569978595,2704.62109375,2705.4140625,2704.62109375,2704.62109375,2704.62109375,2704.62109375
101,0.0372902104271431,0.4937136535719946,0.0001,2.0661981273442507,2704.62109375,2705.4140625,2704.62109375,2704.62109375,2704.62109375,2704.62109375
102,0.03728472505021128,0.17621041622972355,0.0001,2.0666166385635734,2704.62109375,2705.4140625,2704.62109375,2704.62109375,2704.62109375,2704.62109375
103,0.03728130916499941,0.3602843240316935,0.0001,2.06887174770236,2704.62109375,2705.4140625,2704.62109375,2704.62109375,2704.62109375,2704.62109375
104,0.037279064349697376,0.025990644290311282,0.0001,2.0667061787098646,2704.62109375,2705.4140625,2704.62109375,2704.62109375,2704.62109375,2704.62109375
105,0.037278202615823354,0.056285447060691496,0.0001,2.06964725907892,2704.62109375,2705.4140625,2704.62109375,2704.62109375,2704.62109375,2704.62109375
106,0.03727777134957451,0.05066575292595976,0.0001,2.06726764049381,2704.62109375,2705.4140625,2704.62109375,2704.62109375,2704.62109375,2704.62109375
107,0.037276628948597436,0.1274315285019979,0.0001,2.068779807537794,2704.62109375,2705.4140625,2704.62109375,2704.62109375,2704.62109375,2704.62109375
108,0.03727593949745206,0.10041106499684704,0.0001,2.0698402393609285,2704.62109375,2705.4140625,2704.62109375,2704.62109375,2704.62109375,2704.62109375
109,0.03727449880574958,0.06530145560739853,0.0001,2.065893745981157,2704.62109375,2705.4140625,2704.62109375,2704.62109375,2704.62109375,2704.62109375
110,0.03727421893815231,0.000741129154595197,0.0001,2.0744004463776946,2704.62109375,2705.4140625,2704.62109375,2704.62109375,2704.62109375,2704.62109375
111,0.03727415558020219,0.0007367897916343363,0.0001,1.9504264006391168,2704.62109375,2705.4140625,2704.62109375,2704.62109375,2704.62109375,2704.62109375
112,0.03727414887205715,0.008186044496503952,0.0001,4.10947026219219,2704.62109375,2705.4140625,2704.62109375,2704.62109375,2704.62109375,2704.62109375
113,0.03727413863444976,0.006885956338800958,0.0001,1.5957992365583777,2704.62109375,2705.4140625,2704.62109375,2704.62109375,2704.62109375,2704.62109375
114,0.037274107560664675,0.016572336696308754,0.0001,1.5948747023940086,2704.62109375,2705.4140625,2704.62109375,2704.62109375,2704.62109375,2704.62109375
115,0.03727389661842037,0.04546553533255693,0.0001,1.8666686499491334,2704.62109375,2705.4140625,2704.62109375,2704.62109375,2704.62109375,2704.62109375
116,0.03727342109231723,0.08142759998127791,0.0001,2.046492245979607,2704.62109375,2705.4140625,2704.62109375,2704.62109375,2704.62109375,2704.62109375
117,0.037272147685267,0.14723733282705942,0.0001,2.039025040343404,2704.62109375,2705.4140625,2704.62109375,2704.62109375,2704.62109375,2704.62109375
118,0.03726909238926888,0.13830411217747984,0.0001,2.0433833952993155,2704.62109375,2705.4140625,2704.62109375,2704.62109375,2704.62109375,2704.62109375
119,0.03726901402860461,0.16763203758636114,0.0001,4.282141371630132,2704.62109375,2705.4140625,2704.62109375,2704.62109375,2704.62109375,2704.62109375
120,0.037262412120672314,0.1824167327609959,0.0001,2.052007465623319,2704.62109375,2705.4140625,2704.62109375,2704.62109375,2704.62109375,2704.62109375
121,0.03726219141212263,0.2660189812332562,0.0001,4.114547150209546,2704.62109375,2705.4140625,2704.62109375,2704.62109375,2704.62109375,2704.62109375
122,0.037249573670350825,0.010668604075910082,0.0001,2.041823140345514,2704.62109375,2705.4140625,2704.62109375,2704.62109375,2704.62109375,2704.62109375
123,0.03723425453984387,0.12435640197878284,0.0001,2.0344714326784015,2704.62109375,2705.4140625,2704.62109375,2704.62109375,2704.62109375,2704.62109375
124,0.03722328644135794,0.4035598873148871,0.0001,2.037009682506323,2704.62109375,2705.4140625,2704.62109375,2704.62109375,2704.62109375,2704.62109375
125,0.03721672956663429,0.23028333160545422,0.0001,2.0268773259595037,2704.62109375,2705.4140625,2704.62109375,2704.62109375,2704.62109375,2704.62109375
126,0.03721407844046151,0.2318293162142906,0.0001,2.0344157414510846,2704.62109375,2705.4140625,2704.62109375,2704.62109375,2704.62109375,2704.62109375
127,0.03721085270474577,0.0542798959044033,0.0001,2.0365645214915276,2704.62109375,2705.4140625,2704.62109375,2704.62109375,2704.62109375,2704.62109375
128,0.03720885666624712,0.13120749013937827,0.0001,2.028713371604681,2704.62109375,2705.4140625,2704.62109375,2704.62109375,2704.62109375,2704.62109375
129,0.03720379780094255,0.07113757569990486,0.0001,2.034413453191519,2704.62109375,2705.4140625,2704.62109375,2704.62109375,2704.62109375,2704.62109375
130,0.037202543592198316,0.14192645705304807,0.0001,4.103302950039506,2704.62109375,2705.4140625,2704.62109375,2704.62109375,2704.62109375,2704.62109375
131,0.03718962963679352,0.19972278137379718,0.0001,2.1063457308337092,2704.62109375,2705.4140625,2704.62109375,2704.62109375,2704.62109375,2704.62109375
132,0.037183356322494296,0.44946101154603313,0.0001,4.184038599953055,2704.62109375,2705.4140625,2704.62109375,2704.62109375,2704.62109375,2704.62109375
133,0.03716371375080841,0.9371449157266356,0.0001,2.0708430344238877,2704.62109375,2705.4140625,2704.62109375,2704.62109375,2704.62109375,2704.62109375
134,0.037151116385247665,0.18943794111174284,0.0001,2.072205448523164,2704.62109375,2705.4140625,2704.62109375,2704.62109375,2704.62109375,2704.62109375
135,0.037146413896718376,0.218407458511642,0.0001,2.0812380416318774,2704.62109375,2705.4140625,2704.62109375,2704.62109375,2704.62109375,2704.62109375
136,0.03714189312513153,0.12597865072869774,0.0001,2.0735390428453684,2704.62109375,2705.4140625,2704.62109375,2704.62109375,2704.62109375,2704.62109375
137,0.03714109483898661,0.13692870888980746,0.0001,4.1412760354578495,2704.62109375,2705.4140625,2704.62109375,2704.62109375,2704.62109375,2704.62109375
138,0.0371387508171259,0.011541599305876504,0.0001,2.072755311615765,2704.62109375,2705.4140625,2704.62109375,2704.62109375,2704.62109375,2704.62109375
139,0.03713365071340992,0.10284108573039152,0.0001,2.0731718419119716,2704.62109375,2705.4140625,2704.62109375,2704.62109375,2704.62109375,2704.62109375
140,0.03712822075688274,0.21864748767207232,0.0001,2.0687545659020543,2704.62109375,2705.4140625,2704.62109375,2704.62109375,2704.62109375,2704.62109375
141,0.03711918968386506,0.20461674946040354,0.0001,2.0697736898437142,2704.62109375,2705.4140625,2704.62109375,2704.62109375,2704.62109375,2704.62109375
142,0.03710197056722768,0.5021878986556678,0.0001,2.072301749140024,2704.62109375,2705.4140625,2704.62109375,2704.62109375,2704.62109375,2704.62109375
143,0.037097679880827496,0.27428712695655144,0.0001,4.139496539719403,2704.62109375,2705.4140625,2704.62109375,2704.62109375,2704.62109375,2704.62109375
144,0.037090862902203384,0.24723296978058662,0.0001,4.146681196056306,2704.62109375,2705.4140625,2704.62109375,2704.62109375,2704.62109375,2704.62109375
145,0.03708562915206324,0.038628965612033106,0.0001,4.150084727443755,2704.62109375,2705.4140625,2704.62109375,2704.62109375,2704.62109375,2704.62109375
146,0.037073952974817116,0.2055226513882884,0.0001,4.1489758640527725,2704.62109375,2705.4140625,2704.62109375,2704.62109375,2704.62109375,2704.62109375
147,0.03706628848014013,0.5930592293725607,0.0001,2.0669722398743033,2704.62109375,2705.4140625,2704.62109375,2704.62109375,2704.62109375,2704.62109375
148,0.03706339059327882,0.13628841812067405,0.0001,2.07528723962605,2704.62109375,2705.4140625,2704.62109375,2704.62109375,2704.62109375,2704.62109375
149,0.037062633788800314,0.0030999410305168063,0.0001,2.0726862298324704,2704.62109375,2705.4140625,2704.62109375,2704.62109375,2704.62109375,2704.62109375
150,0.03706248762521353,0.025018689493247814,0.0001,2.071424536406994,2704.62109375,2705.4140625,2704.62109375,2704.62109375,2704.62109375,2704.62109375
151,0.037062445011150996,0.0046307582405278325,0.0001,1.6155072171241045,2704.62109375,2705.4140625,2704.62109375,2704.62109375,2704.62109375,2704.62109375
152,0.037062387584641136,0.021201542410080543,0.0001,1.8876001248136163,2704.62109375,2705.4140625,2704.62109375,2704.62109375,2704.62109375,2704.62109375
153,0.037062365059931046,0.026032614886360994,0.0001,1.6182364467531443,2704.62109375,2705.4140625,2704.62109375,2704.62109375,2704.62109375,2704.62109375
154,0.037062317350975996,0.03753198170681149,0.0001,2.028078000061214,2704.62109375,2705.4140625,2704.62109375,2704.62109375,2704.62109375,2704.62109375
155,0.037062273285533506,0.010350350460610058,0.0001,1.9338207812979817,2704.62109375,2705.4140625,2704.62109375,2704.62109375,2704.62109375,2704.62109375
156,0.03706225393272768,0.0056160888213618865,0.0001,1.6239176681265235,2704.62109375,2705.4140625,2704.62109375,2704.62109375,2704.62109375,2704.62109375
157,0.03706223974767972,0.024602491898533474,0.0001,1.6201759232208133,2704.62109375,2705.4140625,2704.62109375,2704.62109375,2704.62109375,2704.62109375
158,0.03706222652682818,0.03320681284635074,0.0001,1.6191092804074287,2704.62109375,2705.4140625,2704.62109375,2704.62109375,2704.62109375,2704.62109375
159,0.03706215562336488,0.061430664432508,0.0001,1.6638925513252616,2704.62109375,2705.4140625,2704.62109375,2704.62109375,2704.62109375,2704.62109375
160,0.037061986681352535,0.09867018276445783,0.0001,1.8910616869106889,2704.62109375,2705.4140625,2704.62109375,2704.62109375,2704.62109375,2704.62109375
161,0.037061560309967004,0.15257393846021916,0.0001,2.0734053924679756,2704.62109375,2705.4140625,2704.62109375,2704.62109375,2704.62109375,2704.62109375
162,0.037060604457771804,0.22162177945561745,0.0001,2.0819643046706915,2704.62109375,2705.4140625,2704.62109375,2704.62109375,2704.62109375,2704.62109375
163,0.037058807316612465,0.26163028520465725,0.0001,2.070070590823889,2704.62109375,2705.4140625,2704.62109375,2704.62109375,2704.62109375,2704.62109375
164,0.03705855030485591,0.3251126343202073,0.0001,4.142017210833728,2704.62109375,2705.4140625,2704.62109375,2704.62109375,2704.62109375,2704.62109375
165,0.0370563755297954,0.23586243233327653,0.0001,2.0683999145403504,2704.62109375,2705.4140625,2704.62109375,2704.62109375,2704.62109375,2704.62109375
166,0.03705595586717155,0.11336661362594025,0.0001,2.0736682638525963,2704.62109375,2705.4140625,2704.62109375,2704.62109375,2704.62109375,2704.62109375
167,0.037055479346011846,0.009345488489386655,0.0001,2.0707690035924315,2704.62109375,2705.4140625,2704.62109375,2704.62109375,2704.62109375,2704.62109375
168,0.03705540399404096,0.01944086135551837,0.0001,1.9792633848264813,2704.62109375,2705.4140625,2704.62109375,2704.62109375,2704.62109375,2704.62109375
169,0.03705538264697417,0.016181133992897667,0.0001,3.9218872068449855,2704.62109375,2705.4140625,2704.62109375,2704.62109375,2704.62109375,2704.62109375
170,0.037055378161717174,0.011703144507252627,0.0001,1.6223224010318518,2704.62109375,2705.4140625,2704.62109375,2704.62109375,2704.62109375,2704.62109375
171,0.037055373919180255,0.0041373177530950045,0.0001,1.6160119203850627,2704.62109375,2705.4140625,2704.62109375,2704.62109375,2704.62109375,2704.62109375
172,0.03705537247362642,0.0005665636891201596,0.0001,1.6172491433098912,2704.62109375,2705.4140625,2704.62109375,2704.62109375,2704.62109375,2704.62109375
173,0.037055371881882515,0.0016631297244424914,0.0001,1.6158603271469474,2704.62109375,2705.4140625,2704.62109375,2704.62109375,2704.62109375,2704.62109375
174,0.0370553710838312,0.002156222083335102,0.0001,1.616821451112628,2704.62109375,2705.4140625,2704.62109375,2704.62109375,2704.62109375,2704.62109375
175,0.037055366086556386,0.005963334982111768,0.0001,1.6214872691780329,2704.62109375,2705.4140625,2704.62109375,2704.62109375,2704.62109375,2704.62109375
176,0.03705535487338563,0.008286581893499623,0.0001,1.6185751091688871,2704.62109375,2705.4140625,2704.62109375,2704.62109375,2704.62109375,2704.62109375
177,0.03705532945186526,0.014888173579978625,0.0001,1.6249489206820726,2704.62109375,2705.4140625,2704.62109375,2704.62109375,2704.62109375,2704.62109375
178,0.03705522008177061,0.029212151487823856,0.0001,1.8959751455113292,2704.62109375,2705.4140625,2704.62109375,2704.62109375,2704.62109375,2704.62109375
179,0.03705505503267297,0.041752629145273,0.0001,1.620343053713441,2704.62109375,2705.4140625,2704.62109375,2704.62109375,2704.62109375,2704.62109375
180,0.03705502175094949,0.07946860937603661,0.0001,4.139191838912666,2704.62109375,2705.4140625,2704.62109375,2704.62109375,2704.62109375,2704.62109375
181,0.037054824942909285,0.054217846525639324,0.0001,1.711054190993309,2704.62109375,2705.4140625,2704.62109375,2704.62109375,2704.62109375,2704.62109375
182,0.03705467543897934,0.01635853625059025,0.0001,1.934012282639742,2704.62109375,2705.4140625,2704.62109375,2704.62109375,2704.62109375,2704.62109375
183,0.03705462796305352,0.0025673674190098694,0.0001,1.7541704941540956,2704.62109375,2705.4140625,2704.62109375,2704.62109375,2704.62109375,2704.62109375
184,0.03705459653364232,0.016201986143695724,0.0001,1.6169594125822186,2704.62109375,2705.4140625,2704.62109375,2704.62109375,2704.62109375,2704.62109375
185,0.03705454292747896,0.03183466775745991,0.0001,1.6632573185488582,2704.62109375,2705.4140625,2704.62109375,2704.62109375,2704.62109375,2704.62109375
186,0.03705440418205712,0.054733543518843075,0.0001,1.981077341362834,2704.62109375,2705.4140625,2704.62109375,2704.62109375,2704.62109375,2704.62109375
187,0.037054066763156555,0.08321534594960533,0.0001,2.092745223082602,2704.62109375,2705.4140625,2704.62109375,2704.62109375,2704.62109375,2704.62109375
188,0.03705332438325674,0.10635702029139593,0.0001,2.07554045971483,2704.62109375,2705.4140625,2704.62109375,2704.62109375,2704.62109375,2704.62109375
189,0.03705183463458321,0.10209003492580582,0.0001,2.077036296017468,2704.62109375,2705.4140625,2704.62109375,2704.62109375,2704.62109375,2704.62109375
190,0.03705182322517544,0.1063361588545586,0.0001,4.14648119546473,2704.62109375,2705.4140625,2704.62109375,2704.62109375,2704.62109375,2704.62109375
191,0.03704945066131303,0.0688152767812652,0.0001,2.075670220889151,2704.62109375,2705.4140625,2704.62109375,2704.62109375,2704.62109375,2704.62109375
192,0.03704822861372072,0.22979519023052664,0.0001,2.0703058717772365,2704.62109375,2705.4140625,2704.62109375,2704.62109375,2704.62109375,2704.62109375
193,0.03704727649449342,0.035284018332278566,0.0001,4.147831459529698,2704.62109375,2705.4140625,2704.62109375,2704.62109375,2704.62109375,2704.62109375
194,0.03704580916254588,0.08942382206235333,0.0001,2.071521556004882,2704.62109375,2705.4140625,2704.62109375,2704.62109375,2704.62109375,2704.62109375
195,0.03704518615293928,0.09167225194111794,0.0001,2.0757981119677424,2704.62109375,2705.4140625,2704.62109375,2704.62109375,2704.62109375,2704.62109375
196,0.03704502118202738,0.08198400754109936,0.0001,4.552479524165392,2704.62109375,2705.4140625,2704.62109375,2704.62109375,2704.62109375,2704.62109375
197,0.037044432465367205,0.023809444632066912,0.0001,2.0774213476106524,2704.62109375,2705.4140625,2704.62109375,2704.62109375,2704.62109375,2704.62109375
198,0.03704435226782554,0.023337418002285504,0.0001,1.6217361092567444,2704.62109375,2705.4140625,2704.62109375,2704.62109375,2704.62109375,2704.62109375
199,0.03704420579285351,0.05696464012181357,0.0001,1.9365347316488624,2704.62109375,2705.4140625,2704.62109375,2704.62109375,2704.62109375,2704.62109375
200,0.037043897951588245,0.09554395552354256,0.0001,2.077717318199575,2704.62109375,2705.4140625,2704.62109375,2704.62109375,2704.62109375,2704.62109375
201,0.03704345928436986,0.10007464118501774,0.0001,2.071350635960698,2704.62109375,2705.4140625,2704.62109375,2704.62109375,2704.62109375,2704.62109375
202,0.03704257991796183,0.148836756807169,0.0001,2.0713545652106404,2704.62109375,2705.4140625,2704.62109375,2704.62109375,2704.62109375,2704.62109375
203,0.037040063508873906,0.11454972055273127,0.0001,2.0738538345322013,2704.62109375,2705.4140625,2704.62109375,2704.62109375,2704.62109375,2704.62109375
204,0.037034340304401225,0.03785689220948707,0.0001,2.0765273543074727,2704.62109375,2705.4140625,2704.62109375,2704.62109375,2704.62109375,2704.62109375
205,0.037020086845431274,0.21613730358833605,0.0001,2.0816001323983073,2704.62109375,2705.4140625,2704.62109375,2704.62109375,2704.62109375,2704.62109375
206,0.037006352345633334,0.38770810247906584,0.0001,2.0757927615195513,2704.62109375,2705.4140625,2704.62109375,2704.62109375,2704.62109375,2704.62109375
207,0.03698211839114515,0.24681443064534125,0.0001,2.0692334976047277,2704.62109375,2705.4140625,2704.62109375,2704.62109375,2704.62109375,2704.62109375
208,0.03693987659798278,0.5673644161062243,0.0001,2.0796641558408737,2704.62109375,2705.4140625,2704.62109375,2704.62109375,2704.62109375,2704.62109375
209,0.03687909110199226,0.24977431881132217,0.0001,4.151186722330749,2704.62109375,2705.4140625,2704.62109375,2704.62109375,2704.62109375,2704.62109375
210,0.036858834437401386,0.3221811551173348,0.0001,4.147290647961199,2704.62109375,2705.4140625,2704.62109375,2704.62109375,2704.62109375,2704.62109375
211,0.036804069259215845,0.30531770603854347,0.0001,4.152211125008762,2704.62109375,2705.4140625,2704.62109375,2704.62109375,2704.62109375,2704.62109375
212,0.03680318519437729,0.19278166240799455,0.0001,8.837632996961474,2704.62109375,2705.4140625,2704.62109375,2704.62109375,2704.62109375,2704.62109375
213,0.03675404456593059,0.5522504507451842,0.0001,4.161602159962058,2704.62109375,2705.4140625,2704.62109375,2704.62109375,2704.62109375,2704.62109375
214,0.03673457787241943,0.03675975725700775,0.0001,4.176955823786557,2704.62109375,2705.4140625,2704.62109375,2704.62109375,2704.62109375,2704.62109375
215,0.03670010107871099,0.47936981764106124,0.0001,4.185438835062087,2704.62109375,2705.4140625,2704.62109375,2704.62109375,2704.62109375,2704.62109375
216,0.0366177898757226,1.4303752380752153,0.0001,2.095479032024741,2704.62109375,2705.4140625,2704.62109375,2704.62109375,2704.62109375,2704.62109375
217,0.03649904787396188,0.6012013276665396,0.0001,2.080032247118652,2704.62109375,2705.4140625,2704.62109375,2704.62109375,2704.62109375,2704.62109375
218,0.03643696761367882,1.0911338205874475,0.0001,4.15337985008955,2704.62109375,2705.4140625,2704.62109375,2704.62109375,2704.62109375,2704.62109375
219,0.03635562873374417,2.8259523486884537,0.0001,2.088807768188417,2704.62109375,2705.4140625,2704.62109375,2704.62109375,2704.62109375,2704.62109375
220,0.03622002981667367,0.9419174484607984,0.0001,2.0750346491113305,2704.62109375,2705.4140625,2704.62109375,2704.62109375,2704.62109375,2704.62109375
221,0.03614363845357455,0.40275477085458333,0.0001,2.0746156070381403,2704.62109375,2705.4140625,2704.62109375,2704.62109375,2704.62109375,2704.62109375
222,0.03610887511741618,1.4230661027677707,0.0001,2.0737888449802995,2704.62109375,2705.4140625,2704.62109375,2704.62109375,2704.62109375,2704.62109375
223,0.0360709470846831,0.5309808345566933,0.0001,2.07740440685302,2704.62109375,2705.4140625,2704.62109375,2704.62109375,2704.62109375,2704.62109375
224,0.03603182235007173,0.6862769563137352,0.0001,2.0811162004247308,2704.62109375,2705.4140625,2704.62109375,2704.62109375,2704.62109375,2704.62109375
225,0.03601544107207752,0.6576738147242605,0.0001,4.1425367798656225,2704.62109375,2705.4140625,2704.62109375,2704.62109375,2704.62109375,2704.62109375
226,0.0360147173495582,0.6779025202706681,0.0001,4.074423276819289,2704.62109375,2705.4140625,2704.62109375,2704.62109375,2704.62109375,2704.62109375
227,0.036005007122338735,0.14357258578880328,0.0001,2.0382279669865966,2704.62109375,2705.4140625,2704.62109375,2704.62109375,2704.62109375,2704.62109375
228,0.035991542052887536,0.34348568990479644,0.0001,2.0462288046255708,2704.62109375,2705.4140625,2704.62109375,2704.62109375,2704.62109375,2704.62109375
229,0.03598190165497961,0.26664879635907224,0.0001,2.0363500099629164,2704.62109375,2705.4140625,2704.62109375,2704.62109375,2704.62109375,2704.62109375
230,0.03597607464475746,0.11973255450709774,0.0001,2.0455580931156874,2704.62109375,2705.4140625,2704.62109375,2704.62109375,2704.62109375,2704.62109375
231,0.035970379134100915,0.0240707963194966,0.0001,2.0493256263434887,2704.62109375,2705.4140625,2704.62109375,2704.62109375,2704.62109375,2704.62109375
232,0.035961816609074354,0.255027577956059,0.0001,2.0429061939939857,2704.62109375,2705.4140625,2704.62109375,2704.62109375,2704.62109375,2704.62109375
233,0.03595772695462965,0.020091517196643927,0.0001,4.081398139707744,2704.62109375,2705.4140625,2704.62109375,2704.62109375,2704.62109375,2704.62109375
234,0.03594834997098866,0.22097248481302056,0.0001,2.0401394134387374,2704.62109375,2705.4140625,2704.62109375,2704.62109375,2704.62109375,2704.62109375
235,0.03593688236360692,0.15432737832524124,0.0001,2.0375083247199655,2704.62109375,2705.4140625,2704.62109375,2704.62109375,2704.62109375,2704.62109375
236,0.03593330108882815,0.41155266376181787,0.0001,2.0382915968075395,2704.62109375,2705.4140625,2704.62109375,2704.62109375,2704.62109375,2704.62109375
237,0.0359277043244614,0.08449713830000516,0.0001,2.0429656328633428,2704.62109375,2705.4140625,2704.62109375,2704.62109375,2704.62109375,2704.62109375
238,0.035925336693217326,0.01584718243077543,0.0001,2.0404057493433356,2704.62109375,2705.4140625,2704.62109375,2704.62109375,2704.62109375,2704.62109375
239,0.03592455474297741,0.0759751477889854,0.0001,2.0374629236757755,2704.62109375,2705.4140625,2704.62109375,2704.62109375,2704.62109375,2704.62109375
240,0.0359240687796919,0.010274691278349679,0.0001,2.039179489016533,2704.62109375,2705.4140625,2704.62109375,2704.62109375,2704.62109375,2704.62109375
241,0.03592382783650402,0.036762856983672765,0.0001,2.0442546475678682,2704.62109375,2705.4140625,2704.62109375,2704.62109375,2704.62109375,2704.62109375
242,0.035923667214394724,0.026361666300271036,0.0001,2.041105247102678,2704.62109375,2705.4140625,2704.62109375,2704.62109375,2704.62109375,2704.62109375
243,0.035923565729180366,0.09333283502148171,0.0001,4.078629901632667,2704.62109375,2705.4140625,2704.62109375,2704.62109375,2704.62109375,2704.62109375
244,0.03592330798515514,0.0692009995709938,0.0001,2.0395464105531573,2704.62109375,2705.4140625,2704.62109375,2704.62109375,2704.62109375,2704.62109375
245,0.03592260717725533,0.003707742791393187,0.0001,2.040197813883424,2704.62109375,2705.4140625,2704.62109375,2704.62109375,2704.62109375,2704.62109375
246,0.035921793519951395,0.05987947729927812,0.0001,2.04149157833308,2704.62109375,2705.4140625,2704.62109375,2704.62109375,2704.62109375,2704.62109375
247,0.035920502147171664,0.13578685683471403,0.0001,2.04109672550112,2704.62109375,2705.4140625,2704.62109375,2704.62109375,2704.62109375,2704.62109375
248,0.03591980230458956,0.031568623215603386,0.0001,2.0403299648314714,2704.62109375,2705.4140625,2704.62109375,2704.62109375,2704.62109375,2704.62109375
249,0.03591921944164929,0.0023260278842314186,0.0001,2.0429436238482594,2704.62109375,2705.4140625,2704.62109375,2704.62109375,2704.62109375,2704.62109375
250,0.03591919518230105,0.026289147053623063,0.0001,4.082724784500897,2704.62109375,2705.4140625,2704.62109375,2704.62109375,2704.62109375,2704.62109375
251,0.035919163128860246,0.002016994709650888,0.0001,1.5892302049323916,2704.62109375,2705.4140625,2704.62109375,2704.62109375,2704.62109375,2704.62109375
252,0.035919159900172096,0.001402706325840608,0.0001,1.586495985276997,2704.62109375,2705.4140625,2704.62109375,2704.62109375,2704.62109375,2704.62109375
253,0.035917450674892805,0.010869671975378581,0.0001,5.235878964886069,2704.62109375,2705.4140625,2704.62109375,2704.62109375,2704.62109375,2704.62109375
254,0.035916912643901594,0.09572730877601732,0.0001,4.064051328226924,2704.62109375,2705.4140625,2704.62109375,2704.62109375,2704.62109375,2704.62109375
255,0.03591203621650277,0.2320122571988552,0.0001,2.027411228045821,2704.62109375,2705.4140625,2704.62109375,2704.62109375,2704.62109375,2704.62109375
256,0.03590629156896901,0.30505492764179887,0.0001,2.0386007064953446,2704.62109375,2705.4140625,2704.62109375,2704.62109375,2704.62109375,2704.62109375
257,0.03590332392728311,0.11680165440213841,0.0001,2.0424628825858235,2704.62109375,2705.4140625,2704.62109375,2704.62109375,2704.62109375,2704.62109375
258,0.035902921563883756,0.056064664683124876,0.0001,2.0410065464675426,2704.62109375,2705.4140625,2704.62109375,2704.62109375,2704.62109375,2704.62109375
259,0.035902849754524895,0.026320541521150598,0.0001,1.7743937093764544,2704.62109375,2705.4140625,2704.62109375,2704.62109375,2704.62109375,2704.62109375
260,0.03590283183782728,0.00401905681116177,0.0001,1.7247305810451508,2704.62109375,2705.4140625,2704.62109375,2704.62109375,2704.62109375,2704.62109375
261,0.03590282964031575,0.0023807141552343314,0.0001,1.5861275736242533,2704.62109375,2705.4140625,2704.62109375,2704.62109375,2704.62109375,2704.62109375
262,0.03590282776690558,0.004744480159064812,0.0001,3.2240846836939454,2704.62109375,2705.4140625,2704.62109375,2704.62109375,2704.62109375,2704.62109375
263,0.035902818430774155,0.0007788526268005237,0.0001,1.590002746321261,2704.62109375,2705.4140625,2704.62109375,2704.62109375,2704.62109375,2704.62109375
264,0.03590279759225314,0.006757870182584003,0.0001,1.60392308793962,2704.62109375,2705.4140625,2704.62109375,2704.62109375,2704.62109375,2704.62109375
265,0.035902749975114175,0.025475496793116448,0.0001,1.646422809921205,2704.62109375,2705.4140625,2704.62109375,2704.62109375,2704.62109375,2704.62109375
266,0.03590269372552583,0.029035607182630985,0.0001,1.6837104940786958,2704.62109375,2705.4140625,2704.62109375,2704.62109375,2704.62109375,2704.62109375
267,0.035902650143750554,0.04017594733931462,0.0001,4.087095730938017,2704.62109375,2705.4140625,2704.62109375,2704.62109375,2704.62109375,2704.62109375
268,0.03590246769509962,0.05737872093920271,0.0001,1.6302345022559166,2704.62109375,2705.4140625,2704.62109375,2704.62109375,2704.62109375,2704.62109375
269,0.03590123744855409,0.11483294799431143,0.0001,2.0314873522147536,2704.62109375,2705.4140625,2704.62109375,2704.62109375,2704.62109375,2704.62109375
270,0.035900214249197204,0.05073393279126748,0.0001,4.064255018718541,2704.62109375,2705.4140625,2704.62109375,2704.62109375,2704.62109375,2704.62109375
271,0.035895705805453426,0.14967431894140915,0.0001,2.027596468105912,2704.62109375,2705.4140625,2704.62109375,2704.62109375,2704.62109375,2704.62109375
272,0.03588288380915104,0.40092043513085074,0.0001,2.0277637289837003,2704.62109375,2705.4140625,2704.62109375,2704.62109375,2704.62109375,2704.62109375
273,0.03584414840016571,0.14378448391972398,0.0001,2.031233372166753,2704.62109375,2705.4140625,2704.62109375,2704.62109375,2704.62109375,2704.62109375
274,0.035736234387161905,0.7043853150816455,0.0001,2.0429506627842784,2704.62109375,2705.4140625,2704.62109375,2704.62109375,2704.62109375,2704.62109375
275,0.03562998074084827,0.13237642944965633,0.0001,4.0817378824576735,2704.62109375,2705.4140625,2704.62109375,2704.62109375,2704.62109375,2704.62109375
276,0.03559524029046636,0.6537250115636659,0.0001,4.071359124034643,2704.62109375,2705.4140625,2704.62109375,2704.62109375,2704.62109375,2704.62109375
277,0.035574274663373255,0.0412595885461281,0.0001,4.089334269054234,2704.62109375,2705.4140625,2704.62109375,2704.62109375,2704.62109375,2704.62109375
278,0.03555198861071216,0.4907701353581455,0.0001,2.041992529295385,2704.62109375,2705.4140625,2704.62109375,2704.62109375,2704.62109375,2704.62109375
279,0.03552790225115332,0.27659462743455787,0.0001,2.0465473271906376,2704.62109375,2705.4140625,2704.62109375,2704.62109375,2704.62109375,2704.62109375
280,0.035500979834665734,0.13328669615496325,0.0001,2.0402251835912466,2704.62109375,2705.4140625,2704.62109375,2704.62109375,2704.62109375,2704.62109375
281,0.035489276545683054,0.5478910798569834,0.0001,2.045742893591523,2704.62109375,2705.4140625,2704.62109375,2704.62109375,2704.62109375,2704.62109375
282,0.03548549228866568,0.5787591053164453,0.0001,2.0398021321743727,2704.62109375,2705.4140625,2704.62109375,2704.62109375,2704.62109375,2704.62109375
283,0.035479218785194645,0.00608828998502986,0.0001,2.0421406095847487,2704.62109375,2705.4140625,2704.62109375,2704.62109375,2704.62109375,2704.62109375
284,0.035477064558013305,0.1821416363020374,0.0001,2.042456411756575,2704.62109375,2705.4140625,2704.62109375,2704.62109375,2704.62109375,2704.62109375
285,0.03547443070649179,0.21704459922781938,0.0001,2.0426039528101683,2704.62109375,2705.4140625,2704.62109375,2704.62109375,2704.62109375,2704.62109375
286,0.03546979490126757,0.24282571507596207,0.0001,2.038361696526408,2704.62109375,2705.4140625,2704.62109375,2704.62109375,2704.62109375,2704.62109375
287,0.03546925138958511,0.3371423515448999,0.0001,4.078752251341939,2704.62109375,2705.4140625,2704.62109375,2704.62109375,2704.62109375,2704.62109375
288,0.0354644817614705,0.14963969427585044,0.0001,2.040836716070771,2704.62109375,2705.4140625,2704.62109375,2704.62109375,2704.62109375,2704.62109375
289,0.03546240570987427,0.10042632914791239,0.0001,2.042282270267606,2704.62109375,2705.4140625,2704.62109375,2704.62109375,2704.62109375,2704.62109375
290,0.03546174796535719,0.05674635045402354,0.0001,2.039422024972737,2704.62109375,2705.4140625,2704.62109375,2704.62109375,2704.62109375,2704.62109375
291,0.0354616731713806,0.044491697260657936,0.0001,2.0394337717443705,2704.62109375,2705.4140625,2704.62109375,2704.62109375,2704.62109375,2704.62109375
292,0.03546161696218879,0.004267993486095634,0.0001,1.730111250653863,2704.62109375,2705.4140625,2704.62109375,2704.62109375,2704.62109375,2704.62109375
293,0.03546160433771316,0.0015855335716732366,0.0001,1.5941957421600819,2704.62109375,2705.4140625,2704.62109375,2704.62109375,2704.62109375,2704.62109375
294,0.0354615698867923,0.009676479435014596,0.0001,1.8148464253172278,2704.62109375,2705.4140625,2704.62109375,2704.62109375,2704.62109375,2704.62109375
295,0.03546153026312047,0.02806742889667968,0.0001,1.641050591133535,2704.62109375,2705.4140625,2704.62109375,2704.62109375,2704.62109375,2704.62109375
296,0.03546149194256336,0.028952909770425417,0.0001,1.591069451533258,2704.62109375,2705.4140625,2704.62109375,2704.62109375,2704.62109375,2704.62109375
297,0.035461427178232495,0.026511964274148703,0.0001,1.9505081912502646,2704.62109375,2705.4140625,2704.62109375,2704.62109375,2704.62109375,2704.62109375
298,0.03546141643643365,0.03502554233271726,0.0001,4.081181489862502,2704.62109375,2705.4140625,2704.62109375,2704.62109375,2704.62109375,2704.62109375
299,0.03546125537161375,0.02571030748608616,0.0001,1.6802586121484637,2704.62109375,2705.4140625,2704.62109375,2704.62109375,2704.62109375,2704.62109375
300,0.03546020156733389,0.06223849163474715,0.0001,2.04217940941453,2704.62109375,2705.4140625,2704.62109375,2704.62109375,2704.62109375,2704.62109375
301,0.03545856325476688,0.16433602103745293,0.0001,2.0393095314502716,2704.62109375,2705.4140625,2704.62109375,2704.62109375,2704.62109375,2704.62109375
302,0.03545199196975269,0.4529461829698169,0.0001,2.0403131041675806,2704.62109375,2705.4140625,2704.62109375,2704.62109375,2704.62109375,2704.62109375
303,0.03544052942381582,0.7093181130284458,0.0001,2.0376817835494876,2704.62109375,2705.4140625,2704.62109375,2704.62109375,2704.62109375,2704.62109375
304,0.03542205842716196,0.7642632199052983,0.0001,2.0354375056922436,2704.62109375,2705.4140625,2704.62109375,2704.62109375,2704.62109375,2704.62109375
305,0.03542136555536333,0.6219511225252239,0.0001,6.206436639651656,2704.62109375,2705.4140625,2704.62109375,2704.62109375,2704.62109375,2704.62109375
306,0.0354075925333678,0.11776974161747988,0.0001,2.0373251726850867,2704.62109375,2705.4140625,2704.62109375,2704.62109375,2704.62109375,2704.62109375
307,0.035404105571792376,0.369476774413954,0.0001,2.0387192787602544,2704.62109375,2705.4140625,2704.62109375,2704.62109375,2704.62109375,2704.62109375
308,0.03540171058318126,0.047458860469398956,0.0001,2.0397863322868943,2704.62109375,2705.4140625,2704.62109375,2704.62109375,2704.62109375,2704.62109375
309,0.035401103453195894,0.05657440109999978,0.0001,2.0381390061229467,2704.62109375,2705.4140625,2704.62109375,2704.62109375,2704.62109375,2704.62109375
310,0.03540044950597204,0.06577575590452811,0.0001,2.040376814082265,2704.62109375,2705.4140625,2704.62109375,2704.62109375,2704.62109375,2704.62109375
311,0.035400266315691396,0.03846547998193284,0.0001,4.076592412777245,2704.62109375,2705.4140625,2704.62109375,2704.62109375,2704.62109375,2704.62109375
312,0.03539982313900668,0.06478744582154605,0.0001,2.036896461620927,2704.62109375,2705.4140625,2704.62109375,2704.62109375,2704.62109375,2704.62109375
313,0.035399570903818574,0.020503659121502982,0.0001,2.0545448949560523,2704.62109375,2705.4140625,2704.62109375,2704.62109375,2704.62109375,2704.62109375
314,0.03539954214312647,0.004983940006151433,0.0001,1.6356274411082268,2704.62109375,2705.4140625,2704.62109375,2704.62109375,2704.62109375,2704.62109375
315,0.03539953449810181,0.0026299480789702123,0.0001,1.5912461122497916,2704.62109375,2705.4140625,2704.62109375,2704.62109375,2704.62109375,2704.62109375
316,0.03539952220011576,0.01449887752409551,0.0001,1.5926419971510768,2704.62109375,2705.4140625,2704.62109375,2704.62109375,2704.62109375,2704.62109375
317,0.03539950899529842,0.023423151211985127,0.0001,1.590529790148139,2704.62109375,2705.4140625,2704.62109375,2704.62109375,2704.62109375,2704.62109375
318,0.03539948508179522,0.028259068515379182,0.0001,1.5884734215214849,2704.62109375,2705.4140625,2704.62109375,2704.62109375,2704.62109375,2704.62109375
319,0.035399480426299236,0.013272420881688118,0.0001,4.079146102070808,2704.62109375,2705.4140625,2704.62109375,2704.62109375,2704.62109375,2704.62109375
320,0.03539944880023842,0.012389935961419685,0.0001,1.6958017675206065,2704.62109375,2705.4140625,2704.62109375,2704.62109375,2704.62109375,2704.62109375
321,0.03539938778842117,0.028522067362474646,0.0001,2.099947838112712,2704.62109375,2705.4140625,2704.62109375,2704.62109375,2704.62109375,2704.62109375
322,0.03539934836645962,0.010409507568608367,0.0001,1.623668259009719,2704.62109375,2705.4140625,2704.62109375,2704.62109375,2704.62109375,2704.62109375
323,0.035399302298493404,0.011570066282634572,0.0001,1.7554934909567237,2704.62109375,2705.4140625,2704.62109375,2704.62109375,2704.62109375,2704.62109375
324,0.03539928416853963,0.013819462992905818,0.0001,1.6218603113666177,2704.62109375,2705.4140625,2704.62109375,2704.62109375,2704.62109375,2704.62109375
325,0.03539927252525719,0.023530046305976993,0.0001,4.047201428562403,2704.62109375,2705.4140625,2704.62109375,2704.62109375,2704.62109375,2704.62109375
326,0.035399251723677104,0.006566749050756493,0.0001,1.8451148923486471,2704.62109375,2705.4140625,2704.62109375,2704.62109375,2704.62109375,2704.62109375
327,0.0353992495572734,0.0004396212250364867,0.0001,1.6165071930736303,2704.62109375,2705.4140625,2704.62109375,2704.62109375,2704.62109375,2704.62109375
328,0.0353992481312905,0.006195108639473368,0.0001,1.6194299533963203,2704.62109375,2705.4140625,2704.62109375,2704.62109375,2704.62109375,2704.62109375
329,0.03539924677683399,0.009611653477380244,0.0001,1.622977145947516,2704.62109375,2705.4140625,2704.62109375,2704.62109375,2704.62109375,2704.62109375
330,0.03539924141280335,0.016538370212855646,0.0001,1.622580793686211,2704.62109375,2705.4140625,2704.62109375,2704.62109375,2704.62109375,2704.62109375
331,0.03539923024219275,0.024729679054607434,0.0001,1.6192982336506248,2704.62109375,2705.4140625,2704.62109375,2704.62109375,2704.62109375,2704.62109375
332,0.03539920051716505,0.03728525968835816,0.0001,1.6193913221359253,2704.62109375,2705.4140625,2704.62109375,2704.62109375,2704.62109375,2704.62109375
333,0.0353991334110875,0.05551042958456298,0.0001,1.7086765738204122,2704.62109375,2705.4140625,2704.62109375,2704.62109375,2704.62109375,2704.62109375
334,0.035398998796089716,0.06784112739464154,0.0001,1.9800510974600911,2704.62109375,2705.4140625,2704.62109375,2704.62109375,2704.62109375,2704.62109375
335,0.03539892875026407,0.1067384611602118,0.0001,4.138491556048393,2704.62109375,2705.4140625,2704.62109375,2704.62109375,2704.62109375,2704.62109375
336,0.03539875544798153,0.06996050219790129,0.0001,2.073567553423345,2704.62109375,2705.4140625,2704.62109375,2704.62109375,2704.62109375,2704.62109375
337,0.03539868045278215,0.045630034828643584,0.0001,1.6645345846191049,2704.62109375,2705.4140625,2704.62109375,2704.62109375,2704.62109375,2704.62109375
338,0.0353986380965531,0.01327886682059376,0.0001,1.6224590940400958,2704.62109375,2705.4140625,2704.62109375,2704.62109375,2704.62109375,2704.62109375
339,0.03539861768427521,0.007377101733687108,0.0001,1.623841319233179,2704.62109375,2705.4140625,2704.62109375,2704.62109375,2704.62109375,2704.62109375
340,0.03539850304799168,0.016057674717364856,0.0001,1.981158041395247,2704.62109375,2705.4140625,2704.62109375,2704.62109375,2704.62109375,2704.62109375
341,0.03539846380401313,0.0045812818504009645,0.0001,1.7076721098273993,2704.62109375,2705.4140625,2704.62109375,2704.62109375,2704.62109375,2704.62109375
342,0.035398436992367964,0.014632542941540705,0.0001,1.6211989494040608,2704.62109375,2705.4140625,2704.62109375,2704.62109375,2704.62109375,2704.62109375
343,0.03539840490314546,0.028994669646140392,0.0001,1.6197533840313554,2704.62109375,2705.4140625,2704.62109375,2704.62109375,2704.62109375,2704.62109375
344,0.03539831299482543,0.05174454565428932,0.0001,1.6645588651299477,2704.62109375,2705.4140625,2704.62109375,2704.62109375,2704.62109375,2704.62109375
345,0.03539811777991497,0.07678746425520655,0.0001,2.0267724357545376,2704.62109375,2705.4140625,2704.62109375,2704.62109375,2704.62109375,2704.62109375
346,0.03539779083611703,0.08343004305868384,0.0001,2.081767392344773,2704.62109375,2705.4140625,2704.62109375,2704.62109375,2704.62109375,2704.62109375
347,0.03539746320292117,0.04883079702193771,0.0001,2.073494632728398,2704.62109375,2705.4140625,2704.62109375,2704.62109375,2704.62109375,2704.62109375
348,0.03539732290802957,0.0173719953471263,0.0001,2.0274687483906746,2704.62109375,2705.4140625,2704.62109375,2704.62109375,2704.62109375,2704.62109375
349,0.03539726765893367,0.008543184130268333,0.0001,1.6723980624228716,2704.62109375,2705.4140625,2704.62109375,2704.62109375,2704.62109375,2704.62109375
350,0.035397232511645074,0.012611307631092972,0.0001,1.8032504934817553,2704.62109375,2705.4140625,2704.62109375,2704.62109375,2704.62109375,2704.62109375
351,0.03539723109730044,0.022341454535936833,0.0001,4.1434554839506745,2704.62109375,2705.4140625,2704.62109375,2704.62109375,2704.62109375,2704.62109375
352,0.03539721564295009,0.02122345463207198,0.0001,1.618438309058547,2704.62109375,2705.4140625,2704.62109375,2704.62109375,2704.62109375,2704.62109375
353,0.035397190339709506,0.018492071958517098,0.0001,4.154224451631308,2704.62109375,2705.4140625,2704.62109375,2704.62109375,2704.62109375,2704.62109375
354,0.03539709494952538,0.02620896467108702,0.0001,1.9378375662490726,2704.62109375,2705.4140625,2704.62109375,2704.62109375,2704.62109375,2704.62109375
355,0.035396894473741204,0.010023407320071565,0.0001,2.0363824600353837,2704.62109375,2705.4140625,2704.62109375,2704.62109375,2704.62109375,2704.62109375
356,0.03539677097152449,0.0021124344273919515,0.0001,1.8490030271932483,2704.62109375,2705.4140625,2704.62109375,2704.62109375,2704.62109375,2704.62109375
357,0.035396704644215966,0.00568046197341765,0.0001,1.8513096859678626,2704.62109375,2705.4140625,2704.62109375,2704.62109375,2704.62109375,2704.62109375
358,0.03539668275492582,0.0017705203542519588,0.0001,1.6662796009331942,2704.62109375,2705.4140625,2704.62109375,2704.62109375,2704.62109375,2704.62109375
359,0.035396674677815675,0.002338524715683521,0.0001,1.6259896466508508,2704.62109375,2705.4140625,2704.62109375,2704.62109375,2704.62109375,2704.62109375
360,0.03539667145732763,0.006837887337477699,0.0001,4.155169485136867,2704.62109375,2705.4140625,2704.62109375,2704.62109375,2704.62109375,2704.62109375
361,0.03539665286509558,0.0015757731849352918,0.0001,1.627296051941812,2704.62109375,2705.4140625,2704.62109375,2704.62109375,2704.62109375,2704.62109375
362,0.03539660445786052,0.01167255144702517,0.0001,1.7591848755255342,2704.62109375,2705.4140625,2704.62109375,2704.62109375,2704.62109375,2704.62109375
363,0.03539657123013298,0.03413345192008799,0.0001,4.15262935589999,2704.62109375,2705.4140625,2704.62109375,2704.62109375,2704.62109375,2704.62109375
364,0.035396451903107695,0.028615080894913048,0.0001,1.7126407381147146,2704.62109375,2705.4140625,2704.62109375,2704.62109375,2704.62109375,2704.62109375
365,0.035395425267782235,0.016950419717188137,0.0001,2.0719734067097306,2704.62109375,2705.4140625,2704.62109375,2704.62109375,2704.62109375,2704.62109375
366,0.0353935922577811,0.023408787179656332,0.0001,2.075933411717415,2704.62109375,2705.4140625,2704.62109375,2704.62109375,2704.62109375,2704.62109375
367,0.03538993499400187,0.09144489145340151,0.0001,2.0902679031714797,2704.62109375,2705.4140625,2704.62109375,2704.62109375,2704.62109375,2704.62109375
368,0.03537730453434602,0.1044759925238119,0.0001,2.0853076362982392,2704.62109375,2705.4140625,2704.62109375,2704.62109375,2704.62109375,2704.62109375
369,0.03537375996835042,0.2670297792292494,0.0001,4.155033344402909,2704.62109375,2705.4140625,2704.62109375,2704.62109375,2704.62109375,2704.62109375
370,0.035353482157519545,0.27632193543209527,0.0001,2.0857699774205685,2704.62109375,2705.4140625,2704.62109375,2704.62109375,2704.62109375,2704.62109375
371,0.03534529048238429,0.6754808473637164,0.0001,9.061045604757965,2704.62109375,2705.4140625,2704.62109375,2704.62109375,2704.62109375,2704.62109375
372,0.03528145271053124,0.12321166364738123,0.0001,2.057522665709257,2704.62109375,2705.4140625,2704.62109375,2704.62109375,2704.62109375,2704.62109375
373,0.03527125131551365,0.49093866477199,0.0001,4.099971887655556,2704.62109375,2705.4140625,2704.62109375,2704.62109375,2704.62109375,2704.62109375
374,0.03526207320290789,0.19555771138748446,0.0001,2.0524970972910523,2704.62109375,2705.4140625,2704.62109375,2704.62109375,2704.62109375,2704.62109375
375,0.03525926139926211,0.135950909163002,0.0001,4.121297124773264,2704.62109375,2705.4140625,2704.62109375,2704.62109375,2704.62109375,2704.62109375
376,0.035255681202385196,0.1143551481911722,0.0001,2.0629306146875024,2704.62109375,2705.4140625,2704.62109375,2704.62109375,2704.62109375,2704.62109375
377,0.03525344335823737,0.14755921493209656,0.0001,2.0621004216372967,2704.62109375,2705.4140625,2704.62109375,2704.62109375,2704.62109375,2704.62109375
378,0.035253015164817054,0.010567048935407275,0.0001,4.097693849354982,2704.62109375,2705.4140625,2704.62109375,2704.62109375,2704.62109375,2704.62109375
379,0.03525277004744624,0.010739569222690148,0.0001,1.9075934877619147,2704.62109375,2705.4140625,2704.62109375,2704.62109375,2704.62109375,2704.62109375
380,0.035252681669495224,0.004526845435347537,0.0001,2.0407446548342705,2704.62109375,2705.4140625,2704.62109375,2704.62109375,2704.62109375,2704.62109375
381,0.035252433554687344,0.03510919346599528,0.0001,1.76579112932086,2704.62109375,2705.4140625,2704.62109375,2704.62109375,2704.62109375,2704.62109375
382,0.035251919081019316,0.0664019951301299,0.0001,1.9907350363209844,2704.62109375,2705.4140625,2704.62109375,2704.62109375,2704.62109375,2704.62109375
383,0.03525046659370996,0.11607621225535292,0.0001,2.0370505014434457,2704.62109375,2705.4140625,2704.62109375,2704.62109375,2704.62109375,2704.62109375
384,0.03524740985999379,0.13184462383828965,0.0001,2.034643093124032,2704.62109375,2705.4140625,2704.62109375,2704.62109375,2704.62109375,2704.62109375
385,0.03524336052259672,0.09268323775077292,0.0001,4.077483837492764,2704.62109375,2705.4140625,2704.62109375,2704.62109375,2704.62109375,2704.62109375
386,0.03523014186346238,0.027955306554551695,0.0001,2.1025960063561797,2704.62109375,2705.4140625,2704.62109375,2704.62109375,2704.62109375,2704.62109375
387,0.03520141878443631,0.6863038795035574,0.0001,2.1092698024585843,2704.62109375,2705.4140625,2704.62109375,2704.62109375,2704.62109375,2704.62109375
388,0.03519269432194012,0.2986386862914202,0.0001,2.116536056622863,2704.62109375,2705.4140625,2704.62109375,2704.62109375,2704.62109375,2704.62109375
389,0.035189031629464185,0.17706362628918326,0.0001,4.1851112730801105,2704.62109375,2705.4140625,2704.62109375,2704.62109375,2704.62109375,2704.62109375
390,0.03518794738405498,0.12224109482335466,0.0001,4.1726570492610335,2704.62109375,2705.4140625,2704.62109375,2704.62109375,2704.62109375,2704.62109375
391,0.03518727381221013,0.0782676308939867,0.0001,4.168367901816964,2704.62109375,2705.4140625,2704.62109375,2704.62109375,2704.62109375,2704.62109375
392,0.035187038387179084,0.005766846358813971,0.0001,2.0843793926760554,2704.62109375,2705.4140625,2704.62109375,2704.62109375,2704.62109375,2704.62109375
393,0.03518698035489718,0.00194297607367111,0.0001,1.6824855292215943,2704.62109375,2705.4140625,2704.62109375,2704.62109375,2704.62109375,2704.62109375
394,0.035186945432383945,0.0024946835521475474,0.0001,4.1720566265285015,2704.62109375,2705.4140625,2704.62109375,2704.62109375,2704.62109375,2704.62109375
395,0.03518691702092948,0.006420186437771758,0.0001,1.63947759475559,2704.62109375,2705.4140625,2704.62109375,2704.62109375,2704.62109375,2704.62109375
396,0.03518690372065439,0.002321489957736622,0.0001,1.6291225776076317,2704.62109375,2705.4140625,2704.62109375,2704.62109375,2704.62109375,2704.62109375
397,0.03518687288514925,0.0007512771328918033,0.0001,1.636799386702478,2704.62109375,2705.4140625,2704.62109375,2704.62109375,2704.62109375,2704.62109375
398,0.03518673987507425,0.004844268102531468,0.0001,1.735999590717256,2704.62109375,2705.4140625,2704.62109375,2704.62109375,2704.62109375,2704.62109375
399,0.035186366146816125,0.016531342935734883,0.0001,2.0750187588855624,2704.62109375,2705.4140625,2704.62109375,2704.62109375,2704.62109375,2704.62109375
400,0.03518586185186929,0.010440813614132849,0.0001,2.0741558047011495,2704.62109375,2705.4140625,2704.62109375,2704.62109375,2704.62109375,2704.62109375
401,0.035185694902455225,0.04714682854696417,0.0001,4.142566330730915,2704.62109375,2705.4140625,2704.62109375,2704.62109375,2704.62109375,2704.62109375
402,0.035185583365451446,0.046344550720815114,0.0001,4.153628439642489,2704.62109375,2705.4140625,2704.62109375,2704.62109375,2704.62109375,2704.62109375
403,0.03518531133867312,0.027299496853552485,0.0001,1.978038139641285,2704.62109375,2705.4140625,2704.62109375,2704.62109375,2704.62109375,2704.62109375
404,0.035185179255020044,0.00850774108696517,0.0001,2.02918538544327,2704.62109375,2705.4140625,2704.62109375,2704.62109375,2704.62109375,2704.62109375
405,0.035185138182803055,0.0014012083570669187,0.0001,1.6249802727252245,2704.62109375,2705.4140625,2704.62109375,2704.62109375,2704.62109375,2704.62109375
406,0.0351850491362841,0.014074563802418782,0.0001,1.984646974131465,2704.62109375,2705.4140625,2704.62109375,2704.62109375,2704.62109375,2704.62109375
407,0.035184923718639315,0.024473293065195523,0.0001,1.9858184782788157,2704.62109375,2705.4140625,2704.62109375,2704.62109375,2704.62109375,2704.62109375
408,0.03518473644591003,0.027941741411593113,0.0001,2.0760554019361734,2704.62109375,2705.4140625,2704.62109375,2704.62109375,2704.62109375,2704.62109375
409,0.03518468985060073,0.05001928923498222,0.0001,4.152288964949548,2704.62109375,2705.4140625,2704.62109375,2704.62109375,2704.62109375,2704.62109375
410,0.035184565549882287,0.0268156448484963,0.0001,1.9865688905119896,2704.62109375,2705.4140625,2704.62109375,2704.62109375,2704.62109375,2704.62109375
411,0.035184507079842595,0.01116659013695076,0.0001,1.9448928525671363,2704.62109375,2705.4140625,2704.62109375,2704.62109375,2704.62109375,2704.62109375
412,0.0351844635869651,0.0008958256037452372,0.0001,1.6728587932884693,2704.62109375,2705.4140625,2704.62109375,2704.62109375,2704.62109375,2704.62109375
413,0.035184398301393846,0.057945752472516654,0.0001,1.9815075630322099,2704.62109375,2705.4140625,2704.62109375,2704.62109375,2704.62109375,2704.62109375
414,0.035184323458454445,0.042817334130067275,0.0001,1.9388924408704042,2704.62109375,2705.4140625,2704.62109375,2704.62109375,2704.62109375,2704.62109375
415,0.03518419978221993,0.029154240319404945,0.0001,2.0749895088374615,2704.62109375,2705.4140625,2704.62109375,2704.62109375,2704.62109375,2704.62109375
416,0.035184192234614234,0.0193542859630208,0.0001,1.8977086916565895,2704.62109375,2705.4140625,2704.62109375,2704.62109375,2704.62109375,2704.62109375
417,0.035184161111310966,0.0008145326203409273,0.0001,1.6642236839979887,2704.62109375,2705.4140625,2704.62109375,2704.62109375,2704.62109375,2704.62109375
418,0.03518414837276338,0.00839446170487701,0.0001,1.618617749772966,2704.62109375,2705.4140625,2704.62109375,2704.62109375,2704.62109375,2704.62109375
419,0.035184130104586125,0.013712638400072752,0.0001,1.6185198305174708,2704.62109375,2705.4140625,2704.62109375,2704.62109375,2704.62109375,2704.62109375
420,0.03518411336174136,0.011523418213173375,0.0001,1.6216442305594683,2704.62109375,2705.4140625,2704.62109375,2704.62109375,2704.62109375,2704.62109375
421,0.0351841109444203,0.007952915102862113,0.0001,4.155608647502959,2704.62109375,2705.4140625,2704.62109375,2704.62109375,2704.62109375,2704.62109375
422,0.03518410135624043,0.006630998990122983,0.0001,1.6199884749948978,2704.62109375,2705.4140625,2704.62109375,2704.62109375,2704.62109375,2704.62109375
423,0.035184089086366686,0.0005889836306685048,0.0001,1.6191798830404878,2704.62109375,2705.4140625,2704.62109375,2704.62109375,2704.62109375,2704.62109375
424,0.03518405734990556,0.0006470023205464859,0.0001,1.8934456072747707,2704.62109375,2705.4140625,2704.62109375,2704.62109375,2704.62109375,2704.62109375
425,0.03518405514744918,0.006429215098637697,0.0001,4.154523963108659,2704.62109375,2705.4140625,2704.62109375,2704.62109375,2704.62109375,2704.62109375
426,0.03518402478830893,0.008231628730759444,0.0001,1.6272241109982133,2704.62109375,2705.4140625,2704.62109375,2704.62109375,2704.62109375,2704.62109375
427,0.0351840015202723,0.03454452891158055,0.0001,4.153083357959986,2704.62109375,2705.4140625,2704.62109375,2704.62109375,2704.62109375,2704.62109375
428,0.03518388903286269,0.014742880504027944,0.0001,1.9870105534791946,2704.62109375,2705.4140625,2704.62109375,2704.62109375,2704.62109375,2704.62109375
429,0.03518375173283757,0.004172559710772461,0.0001,1.7558235125616193,2704.62109375,2705.4140625,2704.62109375,2704.62109375,2704.62109375,2704.62109375
430,0.035183485450644425,0.04044106098732225,0.0001,1.9867243310436606,2704.62109375,2705.4140625,2704.62109375,2704.62109375,2704.62109375,2704.62109375
431,0.03518311122143347,0.07546516017507798,0.0001,1.9836798012256622,2704.62109375,2705.4140625,2704.62109375,2704.62109375,2704.62109375,2704.62109375
432,0.03518233845943863,0.116688793587584,0.0001,2.075098829343915,2704.62109375,2705.4140625,2704.62109375,2704.62109375,2704.62109375,2704.62109375
433,0.035180931629589504,0.14294480164674805,0.0001,2.0740050142630935,2704.62109375,2705.4140625,2704.62109375,2704.62109375,2704.62109375,2704.62109375
434,0.03517999757810483,0.08546797775885473,0.0001,2.074145045131445,2704.62109375,2705.4140625,2704.62109375,2704.62109375,2704.62109375,2704.62109375
435,0.035177684605639914,0.10460846016758851,0.0001,4.16046127397567,2704.62109375,2705.4140625,2704.62109375,2704.62109375,2704.62109375,2704.62109375
436,0.03517767790851389,0.0967236716664106,0.0001,4.240982435643673,2704.62109375,2705.4140625,2704.62109375,2704.62109375,2704.62109375,2704.62109375
437,0.035175310774007124,0.05466448208440311,0.0001,2.071535595692694,2704.62109375,2705.4140625,2704.62109375,2704.62109375,2704.62109375,2704.62109375
438,0.035173088941473196,0.061783072077203016,0.0001,2.0773792257532477,2704.62109375,2705.4140625,2704.62109375,2704.62109375,2704.62109375,2704.62109375
439,0.035173064423594934,0.0790174048407013,0.0001,4.152539807371795,2704.62109375,2705.4140625,2704.62109375,2704.62109375,2704.62109375,2704.62109375
440,0.03517149802342691,0.02796595571195215,0.0001,2.0807306887581944,2704.62109375,2705.4140625,2704.62109375,2704.62109375,2704.62109375,2704.62109375
441,0.0351707874056693,0.053373837129327306,0.0001,2.074044505134225,2704.62109375,2705.4140625,2704.62109375,2704.62109375,2704.62109375,2704.62109375
442,0.03517065892328244,0.016710804588306205,0.0001,2.077016284689307,2704.62109375,2705.4140625,2704.62109375,2704.62109375,2704.62109375,2704.62109375
443,0.035170650121504485,0.001945992962370191,0.0001,1.6292111994698644,2704.62109375,2705.4140625,2704.62109375,2704.62109375,2704.62109375,2704.62109375
444,0.03517064044704304,0.011244127807110926,0.0001,1.62198144197464,2704.62109375,2705.4140625,2704.62109375,2704.62109375,2704.62109375,2704.62109375
445,0.03517062395420505,0.02551010016737376,0.0001,1.6237133787944913,2704.62109375,2705.4140625,2704.62109375,2704.62109375,2704.62109375,2704.62109375
446,0.03517057559598878,0.05041072131574509,0.0001,1.620509097352624,2704.62109375,2705.4140625,2704.62109375,2704.62109375,2704.62109375,2704.62109375
447,0.03517046122049792,0.08439856414833324,0.0001,1.8481815438717604,2704.62109375,2705.4140625,2704.62109375,2704.62109375,2704.62109375,2704.62109375
448,0.035170166199963895,0.13191472171644902,0.0001,2.079847825691104,2704.62109375,2705.4140625,2704.62109375,2704.62109375,2704.62109375,2704.62109375
449,0.035169456216338914,0.1865666641492214,0.0001,2.0777009883895516,2704.62109375,2705.4140625,2704.62109375,2704.62109375,2704.62109375,2704.62109375
450,0.03516781779779753,0.24142663341392678,0.0001,2.080785458907485,2704.62109375,2705.4140625,2704.62109375,2704.62109375,2704.62109375,2704.62109375
451,0.03516442008459031,0.2815414037550311,0.0001,2.0792554235085845,2704.62109375,2705.4140625,2704.62109375,2704.62109375,2704.62109375,2704.62109375
452,0.03515923696187971,0.4415191042291795,0.0001,2.0751814991235733,2704.62109375,2705.4140625,2704.62109375,2704.62109375,2704.62109375,2704.62109375
453,0.035156922990676326,0.25035068062013965,0.0001,4.158744787797332,2704.62109375,2705.4140625,2704.62109375,2704.62109375,2704.62109375,2704.62109375
454,0.03515494499222511,0.03541138569717406,0.0001,2.0788812935352325,2704.62109375,2705.4140625,2704.62109375,2704.62109375,2704.62109375,2704.62109375
455,0.03515248853158543,0.24389420840044107,0.0001,2.0702222203835845,2704.62109375,2705.4140625,2704.62109375,2704.62109375,2704.62109375,2704.62109375
456,0.03515089246696326,0.12052832931051072,0.0001,2.0850878451019526,2704.62109375,2705.4140625,2704.62109375,2704.62109375,2704.62109375,2704.62109375
457,0.0351493020288687,0.01839065914421667,0.0001,2.078588681295514,2704.62109375,2705.4140625,2704.62109375,2704.62109375,2704.62109375,2704.62109375
458,0.03514819207780465,0.022248825276502737,0.0001,2.086484430357814,2704.62109375,2705.4140625,2704.62109375,2704.62109375,2704.62109375,2704.62109375
459,0.035147708700298326,0.06648589734877963,0.0001,4.157081391662359,2704.62109375,2705.4140625,2704.62109375,2704.62109375,2704.62109375,2704.62109375
460,0.03513953729395923,0.3616763809341088,0.0001,2.081570401787758,2704.62109375,2705.4140625,2704.62109375,2704.62109375,2704.62109375,2704.62109375
461,0.03513279869034078,0.4537576804990282,0.0001,2.0775548182427883,2704.62109375,2705.4140625,2704.62109375,2704.62109375,2704.62109375,2704.62109375
462,0.03511615631967804,0.621574329409383,0.0001,2.0848799338564277,2704.62109375,2705.4140625,2704.62109375,2704.62109375,2704.62109375,2704.62109375
463,0.03509333417891885,0.7145845607994998,0.0001,2.0962554747238755,2704.62109375,2705.4140625,2704.62109375,2704.62109375,2704.62109375,2704.62109375
464,0.03506776524942362,0.6599987055663112,0.0001,2.082754966802895,2704.62109375,2705.4140625,2704.62109375,2704.62109375,2704.62109375,2704.62109375
465,0.0350429896662559,0.8879996901560294,0.0001,2.079968455247581,2704.62109375,2705.4140625,2704.62109375,2704.62109375,2704.62109375,2704.62109375
466,0.034968787788474134,0.552676582664832,0.0001,2.085167315788567,2704.62109375,2705.4140625,2704.62109375,2704.62109375,2704.62109375,2704.62109375
467,0.034966055456458936,0.42465641457644787,0.0001,4.164877819828689,2704.62109375,2705.4140625,2704.62109375,2704.62109375,2704.62109375,2704.62109375
468,0.03494794008202357,0.04803064243331856,0.0001,4.159716381691396,2704.62109375,2705.4140625,2704.62109375,2704.62109375,2704.62109375,2704.62109375
469,0.0349353114911936,0.43522240604275964,0.0001,4.159132280386984,2704.62109375,2705.4140625,2704.62109375,2704.62109375,2704.62109375,2704.62109375
470,0.034916970925328875,0.1945005632148371,0.0001,2.080993339419365,2704.62109375,2705.4140625,2704.62109375,2704.62109375,2704.62109375,2704.62109375
471,0.03491246920052857,0.400929831018181,0.0001,2.078771692700684,2704.62109375,2705.4140625,2704.62109375,2704.62109375,2704.62109375,2704.62109375
472,0.034911096828738414,0.0898704435746348,0.0001,2.0747404163703322,2704.62109375,2705.4140625,2704.62109375,2704.62109375,2704.62109375,2704.62109375
473,0.034909314795100815,0.055574153338465826,0.0001,2.082906337454915,2704.62109375,2705.4140625,2704.62109375,2704.62109375,2704.62109375,2704.62109375
474,0.03490904987969937,0.032010981979426756,0.0001,4.190939413383603,2704.62109375,2705.4140625,2704.62109375,2704.62109375,2704.62109375,2704.62109375
475,0.034908974064889575,0.022327961039280586,0.0001,1.8991868672892451,2704.62109375,2705.4140625,2704.62109375,2704.62109375,2704.62109375,2704.62109375
476,0.03490893834422066,0.019885203559076636,0.0001,1.6681086476892233,2704.62109375,2705.4140625,2704.62109375,2704.62109375,2704.62109375,2704.62109375
477,0.034908936362882476,0.009462860680850671,0.0001,4.159824622794986,2704.62109375,2705.4140625,2704.62109375,2704.62109375,2704.62109375,2704.62109375
478,0.03490892346766581,0.005612900237344176,0.0001,1.6235647276043892,2704.62109375,2705.4140625,2704.62109375,2704.62109375,2704.62109375,2704.62109375
479,0.034908900332051566,0.0040471991077069,0.0001,2.0778908291831613,2704.62109375,2705.4140625,2704.62109375,2704.62109375,2704.62109375,2704.62109375
480,0.034908891205968066,0.0022368850562435316,0.0001,5.771274306811392,2704.62109375,2705.4140625,2704.62109375,2704.62109375,2704.62109375,2704.62109375
481,0.03490886825966638,0.0015512774314470068,0.0001,1.669851933605969,2704.62109375,2705.4140625,2704.62109375,2704.62109375,2704.62109375,2704.62109375
482,0.03490884062405807,0.0014307288429307174,0.0001,1.67024243529886,2704.62109375,2705.4140625,2704.62109375,2704.62109375,2704.62109375,2704.62109375
483,0.03490882594156513,0.03270044475957268,0.0001,4.155847148038447,2704.62109375,2705.4140625,2704.62109375,2704.62109375,2704.62109375,2704.62109375
484,0.03490874564855855,0.0249648094521423,0.0001,1.8051479803398252,2704.62109375,2705.4140625,2704.62109375,2704.62109375,2704.62109375,2704.62109375
485,0.03490845723625915,0.0018385448430598972,0.0001,2.08109650015831,2704.62109375,2705.4140625,2704.62109375,2704.62109375,2704.62109375,2704.62109375
486,0.03490812816823915,0.021139905166483786,0.0001,2.077492947690189,2704.62109375,2705.4140625,2704.62109375,2704.62109375,2704.62109375,2704.62109375
487,0.034907986149712335,0.01300898007817164,0.0001,2.076606433838606,2704.62109375,2705.4140625,2704.62109375,2704.62109375,2704.62109375,2704.62109375
488,0.03490798334819681,0.0015937077734955452,0.0001,4.159756132401526,2704.62109375,2705.4140625,2704.62109375,2704.62109375,2704.62109375,2704.62109375
489,0.03490796045426227,0.003648762508715042,0.0001,1.7193392720073462,2704.62109375,2705.4140625,2704.62109375,2704.62109375,2704.62109375,2704.62109375
490,0.0349079418068498,0.0010661092782288026,0.0001,1.6257384549826384,2704.62109375,2705.4140625,2704.62109375,2704.62109375,2704.62109375,2704.62109375
491,0.034907925010545716,0.0009701550274744984,0.0001,1.6270626606419683,2704.62109375,2705.4140625,2704.62109375,2704.62109375,2704.62109375,2704.62109375
492,0.034907876088043306,0.0019934536053245466,0.0001,4.155094435438514,2704.62109375,2705.4140625,2704.62109375,2704.62109375,2704.62109375,2704.62109375
493,0.03490767574151642,0.0007341057910497106,0.0001,1.9878973057493567,2704.62109375,2705.4140625,2704.62109375,2704.62109375,2704.62109375,2704.62109375
494,0.03490766504807827,0.014509188732130474,0.0001,4.155759626999497,2704.62109375,2705.4140625,2704.62109375,2704.62109375,2704.62109375,2704.62109375
495,0.03490722990881187,0.03136926950668206,0.0001,2.080065406858921,2704.62109375,2705.4140625,2704.62109375,2704.62109375,2704.62109375,2704.62109375
496,0.034906127307179985,0.06140156791405915,0.0001,2.080202947370708,2704.62109375,2705.4140625,2704.62109375,2704.62109375,2704.62109375,2704.62109375
497,0.034903843842995524,0.09057114598717031,0.0001,2.1048508752137423,2704.62109375,2705.4140625,2704.62109375,2704.62109375,2704.62109375,2704.62109375
498,0.03490078547041269,0.22642569827039072,0.0001,2.1008885810151696,2704.62109375,2705.4140625,2704.62109375,2704.62109375,2704.62109375,2704.62109375
499,0.034898351402307265,0.15717218551337242,0.0001,2.135320534929633,2704.62109375,2705.4140625,2704.62109375,2704.62109375,2704.62109375,2704.62109375
500,0.03489363621851072,0.15133578425174032,0.0001,2.120080220513046,2704.62109375,2705.4140625,2704.62109375,2704.62109375,2704.62109375,2704.62109375
501,0.03488869343843282,0.08423136967591971,0.0001,4.173738662153482,2704.62109375,2705.4140625,2704.62109375,2704.62109375,2704.62109375,2704.62109375
502,0.034871954616794876,0.26739413559446956,0.0001,2.1134572671726346,2704.62109375,2705.4140625,2704.62109375,2704.62109375,2704.62109375,2704.62109375
503,0.034849893862783435,0.015131413027926754,0.0001,2.1393456887453794,2704.62109375,2705.4140625,2704.62109375,2704.62109375,2704.62109375,2704.62109375
504,0.034821405929618215,0.8652235830592478,0.0001,2.134794413112104,2704.62109375,2705.4140625,2704.62109375,2704.62109375,2704.62109375,2704.62109375
505,0.03477689179100362,0.013949943580420454,0.0001,2.1334294574335217,2704.62109375,2705.4140625,2704.62109375,2704.62109375,2704.62109375,2704.62109375
506,0.03477125654034372,0.7595982439935202,0.0001,2.230147265829146,2704.62109375,2705.4140625,2704.62109375,2704.62109375,2704.62109375,2704.62109375
507,0.03475826166380561,0.07526123821635244,0.0001,2.2051995266228914,2704.62109375,2705.4140625,2704.62109375,2704.62109375,2704.62109375,2704.62109375
508,0.03475728746343515,0.03783899354191411,0.0001,2.040974515490234,2704.62109375,2705.4140625,2704.62109375,2704.62109375,2704.62109375,2704.62109375
509,0.03475648633515373,0.010134649170683852,0.0001,4.072125677019358,2704.62109375,2705.4140625,2704.62109375,2704.62109375,2704.62109375,2704.62109375
510,0.03475607991482331,0.05122602564442669,0.0001,4.073245991952717,2704.62109375,2705.4140625,2704.62109375,2704.62109375,2704.62109375,2704.62109375
511,0.034754525528365804,0.21087996672669596,0.0001,2.0335043696686625,2704.62109375,2705.4140625,2704.62109375,2704.62109375,2704.62109375,2704.62109375
512,0.034751941430136886,0.1184251230339739,0.0001,2.0386722180992365,2704.62109375,2705.4140625,2704.62109375,2704.62109375,2704.62109375,2704.62109375
513,0.03474335827130879,0.2239519924078317,0.0001,2.074149325489998,2704.62109375,2705.4140625,2704.62109375,2704.62109375,2704.62109375,2704.62109375
514,0.03473235132917803,0.49027124816688605,0.0001,2.1156859043985605,2704.62109375,2705.4140625,2704.62109375,2704.62109375,2704.62109375,2704.62109375
515,0.03471074224081418,0.9461666899104679,0.0001,2.1349374540150166,2704.62109375,2705.4140625,2704.62109375,2704.62109375,2704.62109375,2704.62109375
516,0.03468438580588556,0.9346818838092059,0.0001,2.122315777465701,2704.62109375,2705.4140625,2704.62109375,2704.62109375,2704.62109375,2704.62109375
517,0.03466524782472335,0.2659253437173976,0.0001,9.335500601679087,2704.62109375,2705.4140625,2704.62109375,2704.62109375,2704.62109375,2704.62109375
518,0.034626367218042305,0.36740317502595676,0.0001,2.1408539544790983,2704.62109375,2705.4140625,2704.62109375,2704.62109375,2704.62109375,2704.62109375
519,0.034622692298361187,0.42301938943148776,0.0001,4.440567418932915,2704.62109375,2705.4140625,2704.62109375,2704.62109375,2704.62109375,2704.62109375
520,0.03461148231764956,0.7502820625346005,0.0001,4.084887464530766,2704.62109375,2705.4140625,2704.62109375,2704.62109375,2704.62109375,2704.62109375
521,0.034593597218998184,0.7750836260889942,0.0001,2.039875512011349,2704.62109375,2705.4140625,2704.62109375,2704.62109375,2704.62109375,2704.62109375
522,0.0345932624165823,0.7286221686303433,0.0001,4.161582848988473,2704.62109375,2705.4140625,2704.62109375,2704.62109375,2704.62109375,2704.62109375
523,0.034578273603029494,0.20895725777803964,0.0001,2.035582035779953,2704.62109375,2705.4140625,2704.62109375,2704.62109375,2704.62109375,2704.62109375
524,0.034573318947761354,0.5133203799440451,0.0001,2.0471313586458564,2704.62109375,2705.4140625,2704.62109375,2704.62109375,2704.62109375,2704.62109375
525,0.03456922480434054,0.02354045521618664,0.0001,2.100886531174183,2704.62109375,2705.4140625,2704.62109375,2704.62109375,2704.62109375,2704.62109375
526,0.03456803281993132,0.03788722695146274,0.0001,2.1337034786120057,2704.62109375,2705.4140625,2704.62109375,2704.62109375,2704.62109375,2704.62109375
527,0.03456772576830015,0.05606142136038317,0.0001,4.22922748234123,2704.62109375,2705.4140625,2704.62109375,2704.62109375,2704.62109375,2704.62109375
528,0.0345672694683784,0.032245722612875616,0.0001,4.159090058878064,2704.62109375,2705.4140625,2704.62109375,2704.62109375,2704.62109375,2704.62109375
529,0.03456711766388953,0.015249140045604737,0.0001,1.9032092820852995,2704.62109375,2705.4140625,2704.62109375,2704.62109375,2704.62109375,2704.62109375
530,0.0345669205912875,0.06036971024419968,0.0001,2.1241712449118495,2704.62109375,2705.4140625,2704.62109375,2704.62109375,2704.62109375,2704.62109375
531,0.03456677803286705,0.07223018378006085,0.0001,2.1372694224119186,2704.62109375,2705.4140625,2704.62109375,2704.62109375,2704.62109375,2704.62109375
532,0.0345665991689412,0.059374466078317645,0.0001,2.208634467795491,2704.62109375,2705.4140625,2704.62109375,2704.62109375,2704.62109375,2704.62109375
533,0.03456654188328759,0.06999410373406034,0.0001,4.315286699682474,2704.62109375,2705.4140625,2704.62109375,2704.62109375,2704.62109375,2704.62109375
534,0.0345664692989427,0.029054007492503864,0.0001,1.9854065170511603,2704.62109375,2705.4140625,2704.62109375,2704.62109375,2704.62109375,2704.62109375
535,0.03456644074642198,0.0022222520058441386,0.0001,1.6805252032354474,2704.62109375,2705.4140625,2704.62109375,2704.62109375,2704.62109375,2704.62109375
536,0.034566424868395,0.016700752341174185,0.0001,1.6770490501075983,2704.62109375,2705.4140625,2704.62109375,2704.62109375,2704.62109375,2704.62109375
537,0.03456641237657351,0.024145632540715445,0.0001,1.6396063352003694,2704.62109375,2705.4140625,2704.62109375,2704.62109375,2704.62109375,2704.62109375
538,0.034566363910705125,0.03935072198858358,0.0001,1.749553369358182,2704.62109375,2705.4140625,2704.62109375,2704.62109375,2704.62109375,2704.62109375
539,0.03456630803696914,0.03886413692750246,0.0001,1.795633646659553,2704.62109375,2705.4140625,2704.62109375,2704.62109375,2704.62109375,2704.62109375
540,0.03456630709757986,0.03732907521094542,0.0001,4.259872131049633,2704.62109375,2705.4140625,2704.62109375,2704.62109375,2704.62109375,2704.62109375
541,0.034566249520901156,0.010319826916476593,0.0001,1.8797755865380168,2704.62109375,2705.4140625,2704.62109375,2704.62109375,2704.62109375,2704.62109375
542,0.03456621916747546,0.014043403314830893,0.0001,1.7141457144171,2704.62109375,2705.4140625,2704.62109375,2704.62109375,2704.62109375,2704.62109375
543,0.034566201679514415,0.024710890219297954,0.0001,1.7670918023213744,2704.62109375,2705.4140625,2704.62109375,2704.62109375,2704.62109375,2704.62109375
544,0.03456618799993547,0.02616427639456198,0.0001,1.7529267622157931,2704.62109375,2705.4140625,2704.62109375,2704.62109375,2704.62109375,2704.62109375
545,0.03456617923192937,0.002887896510987642,0.0001,3.6509591788053513,2704.62109375,2705.4140625,2704.62109375,2704.62109375,2704.62109375,2704.62109375
546,0.03456615699805551,0.009346105629813417,0.0001,1.619958215393126,2704.62109375,2705.4140625,2704.62109375,2704.62109375,2704.62109375,2704.62109375
547,0.034566110588489185,0.01719351337467534,0.0001,1.7887397203594446,2704.62109375,2705.4140625,2704.62109375,2704.62109375,2704.62109375,2704.62109375
548,0.034566015363959916,0.02554165014382903,0.0001,1.9242850476875901,2704.62109375,2705.4140625,2704.62109375,2704.62109375,2704.62109375,2704.62109375
549,0.0345659775847981,0.017892973269625023,0.0001,4.115480952896178,2704.62109375,2705.4140625,2704.62109375,2704.62109375,2704.62109375,2704.62109375
550,0.0345658880243113,0.006396864010844716,0.0001,2.0593117820098996,2704.62109375,2705.4140625,2704.62109375,2704.62109375,2704.62109375,2704.62109375
551,0.03456585810248189,0.006582956813675378,0.0001,1.8346300357952714,2704.62109375,2705.4140625,2704.62109375,2704.62109375,2704.62109375,2704.62109375
552,0.03456584830307458,0.009768030549598627,0.0001,4.127291184850037,2704.62109375,2705.4140625,2704.62109375,2704.62109375,2704.62109375,2704.62109375
553,0.03456583085928452,0.016412100271016028,0.0001,1.6063845064491034,2704.62109375,2705.4140625,2704.62109375,2704.62109375,2704.62109375,2704.62109375
554,0.0345657717792837,0.02077084638840554,0.0001,1.876754636876285,2704.62109375,2705.4140625,2704.62109375,2704.62109375,2704.62109375,2704.62109375
555,0.03456574247247747,0.013669784637330817,0.0001,2.0644833808764815,2704.62109375,2705.4140625,2704.62109375,2704.62109375,2704.62109375,2704.62109375
556,0.034565724842503476,0.02667916912069468,0.0001,1.6082712933421135,2704.62109375,2705.4140625,2704.62109375,2704.62109375,2704.62109375,2704.62109375
557,0.03456570817272453,0.01669020520137643,0.0001,1.6089024245738983,2704.62109375,2705.4140625,2704.62109375,2704.62109375,2704.62109375,2704.62109375
558,0.034565674990333424,0.004084406183282763,0.0001,1.6116879964247346,2704.62109375,2705.4140625,2704.62109375,2704.62109375,2704.62109375,2704.62109375
559,0.034565597316218645,0.013655835543832096,0.0001,1.9236678751185536,2704.62109375,2705.4140625,2704.62109375,2704.62109375,2704.62109375,2704.62109375
560,0.03456542834819142,0.036814415331956285,0.0001,1.9698203708976507,2704.62109375,2705.4140625,2704.62109375,2704.62109375,2704.62109375,2704.62109375
561,0.03456499002366459,0.0664852344432012,0.0001,2.0625543734058738,2704.62109375,2705.4140625,2704.62109375,2704.62109375,2704.62109375,2704.62109375
562,0.03456398883286004,0.09411611495296435,0.0001,2.060529086738825,2704.62109375,2705.4140625,2704.62109375,2704.62109375,2704.62109375,2704.62109375
563,0.034562054511263623,0.18871459026352044,0.0001,2.059028821066022,2704.62109375,2705.4140625,2704.62109375,2704.62109375,2704.62109375,2704.62109375
564,0.03455920772160547,0.007240784171781645,0.0001,2.061920691281557,2704.62109375,2705.4140625,2704.62109375,2704.62109375,2704.62109375,2704.62109375
565,0.034554159122126636,0.35522766845550746,0.0001,2.062808584421873,2704.62109375,2705.4140625,2704.62109375,2704.62109375,2704.62109375,2704.62109375
566,0.03454629742139948,0.3463017103193101,0.0001,2.068074063397944,2704.62109375,2705.4140625,2704.62109375,2704.62109375,2704.62109375,2704.62109375
567,0.03454591734903384,0.3275578203450864,0.0001,9.383326133713126,2704.62109375,2705.4140625,2704.62109375,2704.62109375,2704.62109375,2704.62109375
568,0.034540976287882684,0.09403272187929013,0.0001,4.086209357716143,2704.62109375,2705.4140625,2704.62109375,2704.62109375,2704.62109375,2704.62109375
569,0.03453819503409676,0.2811053950697082,0.0001,2.04517475143075,2704.62109375,2705.4140625,2704.62109375,2704.62109375,2704.62109375,2704.62109375
570,0.034536549519452946,0.11788303897456553,0.0001,2.0427385829389095,2704.62109375,2705.4140625,2704.62109375,2704.62109375,2704.62109375,2704.62109375
571,0.03453529904227563,0.0898066872647616,0.0001,2.039412531070411,2704.62109375,2705.4140625,2704.62109375,2704.62109375,2704.62109375,2704.62109375
572,0.03453118796445461,0.055675638952866535,0.0001,2.0421916097402573,2704.62109375,2705.4140625,2704.62109375,2704.62109375,2704.62109375,2704.62109375
573,0.03452669033190659,0.44691423081087045,0.0001,2.0439181867986917,2704.62109375,2705.4140625,2704.62109375,2704.62109375,2704.62109375,2704.62109375
574,0.03451593286271966,0.007797371975471368,0.0001,2.0430098343640566,2704.62109375,2705.4140625,2704.62109375,2704.62109375,2704.62109375,2704.62109375
575,0.034502963283906174,0.23973108760921225,0.0001,2.0488517433404922,2704.62109375,2705.4140625,2704.62109375,2704.62109375,2704.62109375,2704.62109375
576,0.034500983179015066,0.0788730219824445,0.0001,2.0434289751574397,2704.62109375,2705.4140625,2704.62109375,2704.62109375,2704.62109375,2704.62109375
577,0.03449307810170149,0.055903630648278746,0.0001,2.041194657795131,2704.62109375,2705.4140625,2704.62109375,2704.62109375,2704.62109375,2704.62109375
578,0.034493035523626765,0.037018840372627926,0.0001,4.082847065292299,2704.62109375,2705.4140625,2704.62109375,2704.62109375,2704.62109375,2704.62109375
579,0.03449250437093426,0.014904750125212862,0.0001,4.082666545175016,2704.62109375,2705.4140625,2704.62109375,2704.62109375,2704.62109375,2704.62109375
580,0.034492455507612166,0.012822562543161942,0.0001,1.593201139010489,2704.62109375,2705.4140625,2704.62109375,2704.62109375,2704.62109375,2704.62109375
581,0.0344924148702835,0.012031199553991234,0.0001,4.078274630010128,2704.62109375,2705.4140625,2704.62109375,2704.62109375,2704.62109375,2704.62109375
582,0.034492155868943074,0.05992013202544677,0.0001,3.5434331195428967,2704.62109375,2705.4140625,2704.62109375,2704.62109375,2704.62109375,2704.62109375
583,0.03449165812878832,0.0764726339156172,0.0001,2.0466454960405827,2704.62109375,2705.4140625,2704.62109375,2704.62109375,2704.62109375,2704.62109375
584,0.034490546055504924,0.02079852022921247,0.0001,2.044092098250985,2704.62109375,2705.4140625,2704.62109375,2704.62109375,2704.62109375,2704.62109375
585,0.03448913153024857,0.0032020523840637916,0.0001,2.0418875589966774,2704.62109375,2705.4140625,2704.62109375,2704.62109375,2704.62109375,2704.62109375
586,0.03448751436589196,0.05288856217003557,0.0001,2.044593549333513,2704.62109375,2705.4140625,2704.62109375,2704.62109375,2704.62109375,2704.62109375
587,0.03448544956102886,0.03374787607551388,0.0001,4.083993650041521,2704.62109375,2705.4140625,2704.62109375,2704.62109375,2704.62109375,2704.62109375
588,0.03448315585611876,0.0035756298727749325,0.0001,2.0415656687691808,2704.62109375,2705.4140625,2704.62109375,2704.62109375,2704.62109375,2704.62109375
589,0.03448221912658323,0.1916726898566421,0.0001,2.0404411936178803,2704.62109375,2705.4140625,2704.62109375,2704.62109375,2704.62109375,2704.62109375
590,0.034481449310586554,0.11953186627228285,0.0001,2.037749355658889,2704.62109375,2705.4140625,2704.62109375,2704.62109375,2704.62109375,2704.62109375
591,0.03448110631563575,0.03926445106485654,0.0001,2.0376878939568996,2704.62109375,2705.4140625,2704.62109375,2704.62109375,2704.62109375,2704.62109375
592,0.03448103762154102,0.023661525459198085,0.0001,2.0408663460984826,2704.62109375,2705.4140625,2704.62109375,2704.62109375,2704.62109375,2704.62109375
593,0.0344810360052399,0.0034998581556167085,0.0001,1.5917707532644272,2704.62109375,2705.4140625,2704.62109375,2704.62109375,2704.62109375,2704.62109375
594,0.03448103043863381,0.0008388611458280959,0.0001,1.5961039504036307,2704.62109375,2705.4140625,2704.62109375,2704.62109375,2704.62109375,2704.62109375
595,0.03448102900996331,0.0016652514402997198,0.0001,1.5949196750298142,2704.62109375,2705.4140625,2704.62109375,2704.62109375,2704.62109375,2704.62109375
596,0.03448102227995167,0.004620554235291063,0.0001,1.58969955611974,2704.62109375,2705.4140625,2704.62109375,2704.62109375,2704.62109375,2704.62109375
597,0.034481000483587765,0.005718264679260732,0.0001,1.5966680916026235,2704.62109375,2705.4140625,2704.62109375,2704.62109375,2704.62109375,2704.62109375
598,0.03448098923166636,0.03021896446234751,0.0001,2.0437667360529304,2704.62109375,2705.4140625,2704.62109375,2704.62109375,2704.62109375,2704.62109375
599,0.034480945677466145,0.0014786403388049596,0.0001,1.8167724311351776,2704.62109375,2705.4140625,2704.62109375,2704.62109375,2704.62109375,2704.62109375
600,0.034480934938086,0.007578092659516145,0.0001,1.5911719119176269,2704.62109375,2705.4140625,2704.62109375,2704.62109375,2704.62109375,2704.62109375
601,0.034480914306572824,0.018407140670584354,0.0001,1.5923006758093834,2704.62109375,2705.4140625,2704.62109375,2704.62109375,2704.62109375,2704.62109375
602,0.034480902283708884,0.004756187115039667,0.0001,1.5913519226014614,2704.62109375,2705.4140625,2704.62109375,2704.62109375,2704.62109375,2704.62109375
603,0.03448089507618374,0.0005410493199763263,0.0001,1.5944806234911084,2704.62109375,2705.4140625,2704.62109375,2704.62109375,2704.62109375,2704.62109375
604,0.03448088914590989,0.01860705337957369,0.0001,1.5923878457397223,2704.62109375,2705.4140625,2704.62109375,2704.62109375,2704.62109375,2704.62109375
605,0.034480882255317515,0.01835207433058772,0.0001,1.5951001159846783,2704.62109375,2705.4140625,2704.62109375,2704.62109375,2704.62109375,2704.62109375
606,0.03448087927418833,0.012139125218681435,0.0001,4.082118533551693,2704.62109375,2705.4140625,2704.62109375,2704.62109375,2704.62109375,2704.62109375
607,0.03448084433527589,0.010199665167148653,0.0001,1.8602247266098857,2704.62109375,2705.4140625,2704.62109375,2704.62109375,2704.62109375,2704.62109375
608,0.03448079247431558,0.024161448561349275,0.0001,2.040346854366362,2704.62109375,2705.4140625,2704.62109375,2704.62109375,2704.62109375,2704.62109375
609,0.0344807233187199,0.015432750609839285,0.0001,1.5952406469732523,2704.62109375,2705.4140625,2704.62109375,2704.62109375,2704.62109375,2704.62109375
610,0.034480486657768074,0.012904087481386828,0.0001,2.0472617587074637,2704.62109375,2705.4140625,2704.62109375,2704.62109375,2704.62109375,2704.62109375
611,0.03448046919169434,0.013221273019190072,0.0001,4.081230880692601,2704.62109375,2705.4140625,2704.62109375,2704.62109375,2704.62109375,2704.62109375
612,0.0344802386191468,0.0009918987538299203,0.0001,6.127204783260822,2704.62109375,2705.4140625,2704.62109375,2704.62109375,2704.62109375,2704.62109375
613,0.03447995730586172,0.1977381953636942,0.0001,2.0379300052300096,2704.62109375,2705.4140625,2704.62109375,2704.62109375,2704.62109375,2704.62109375
614,0.03447913629120148,0.10682111419977125,0.0001,2.0397425023838878,2704.62109375,2705.4140625,2704.62109375,2704.62109375,2704.62109375,2704.62109375
615,0.03447825163990775,0.02794486906207183,0.0001,2.0386421279981732,2704.62109375,2705.4140625,2704.62109375,2704.62109375,2704.62109375,2704.62109375
616,0.034477826194931394,0.03261986180153165,0.0001,2.04149925801903,2704.62109375,2705.4140625,2704.62109375,2704.62109375,2704.62109375,2704.62109375
617,0.034477807414071325,0.038600912241668395,0.0001,4.08246514480561,2704.62109375,2705.4140625,2704.62109375,2704.62109375,2704.62109375,2704.62109375
618,0.034477253270111925,0.0576008326483084,0.0001,2.0422276901081204,2704.62109375,2705.4140625,2704.62109375,2704.62109375,2704.62109375,2704.62109375
619,0.034476686419267814,0.035228061984496684,0.0001,4.085247114300728,2704.62109375,2705.4140625,2704.62109375,2704.62109375,2704.62109375,2704.62109375
620,0.034476005370595954,0.010579503156796677,0.0001,2.050626021809876,2704.62109375,2705.4140625,2704.62109375,2704.62109375,2704.62109375,2704.62109375
621,0.03447487160368228,0.05186948797929758,0.0001,2.054337433539331,2704.62109375,2705.4140625,2704.62109375,2704.62109375,2704.62109375,2704.62109375
622,0.03447282810180283,0.0702689175697575,0.0001,2.04356387630105,2704.62109375,2705.4140625,2704.62109375,2704.62109375,2704.62109375,2704.62109375
623,0.03446839767267782,0.05268775115583446,0.0001,2.0444593280553818,2704.62109375,2705.4140625,2704.62109375,2704.62109375,2704.62109375,2704.62109375
624,0.03446646913033877,0.318647673066184,0.0001,6.1346235210075974,2704.62109375,2705.4140625,2704.62109375,2704.62109375,2704.62109375,2704.62109375
625,0.034459676987623096,0.13139701517808466,0.0001,2.0433094250038266,2704.62109375,2705.4140625,2704.62109375,2704.62109375,2704.62109375,2704.62109375
626,0.034453198914997867,0.0928546242953392,0.0001,2.033620339818299,2704.62109375,2705.4140625,2704.62109375,2704.62109375,2704.62109375,2704.62109375
627,0.034448279010497865,0.10916007069456968,0.0001,2.0325015662238,2704.62109375,2705.4140625,2704.62109375,2704.62109375,2704.62109375,2704.62109375
628,0.034448089176068154,0.08287671421344678,0.0001,4.07288352958858,2704.62109375,2705.4140625,2704.62109375,2704.62109375,2704.62109375,2704.62109375
629,0.03444614058204585,0.04142112785584928,0.0001,2.029313144274056,2704.62109375,2705.4140625,2704.62109375,2704.62109375,2704.62109375,2704.62109375
630,0.03444517580451824,0.0723155643236566,0.0001,2.028172151185572,2704.62109375,2705.4140625,2704.62109375,2704.62109375,2704.62109375,2704.62109375
631,0.03444197949531445,0.1385124584434595,0.0001,2.030712628737092,2704.62109375,2705.4140625,2704.62109375,2704.62109375,2704.62109375,2704.62109375
632,0.034436530962988446,0.05342737335288594,0.0001,2.033808740787208,2704.62109375,2705.4140625,2704.62109375,2704.62109375,2704.62109375,2704.62109375
633,0.034433381579041744,0.06566673142470547,0.0001,2.043970297090709,2704.62109375,2705.4140625,2704.62109375,2704.62109375,2704.62109375,2704.62109375
634,0.034429834107818434,0.07673440899974482,0.0001,4.083690828643739,2704.62109375,2705.4140625,2704.62109375,2704.62109375,2704.62109375,2704.62109375
635,0.0344293203280754,0.005494449343749652,0.0001,2.03925062995404,2704.62109375,2705.4140625,2704.62109375,2704.62109375,2704.62109375,2704.62109375
636,0.03442884960685808,0.02246949531050646,0.0001,2.0370557820424438,2704.62109375,2705.4140625,2704.62109375,2704.62109375,2704.62109375,2704.62109375
637,0.03442832024378851,0.06775032732696162,0.0001,2.0385514879599214,2704.62109375,2705.4140625,2704.62109375,2704.62109375,2704.62109375,2704.62109375
638,0.034427393392426314,0.019344260847233286,0.0001,2.040076923556626,2704.62109375,2705.4140625,2704.62109375,2704.62109375,2704.62109375,2704.62109375
639,0.034425514983924065,0.025663658976379455,0.0001,2.0396119505167007,2704.62109375,2705.4140625,2704.62109375,2704.62109375,2704.62109375,2704.62109375
640,0.03442458581615006,0.2710393490515264,0.0001,4.078859692439437,2704.62109375,2705.4140625,2704.62109375,2704.62109375,2704.62109375,2704.62109375
641,0.03441911116302127,0.18008438359360368,0.0001,2.0410613855347037,2704.62109375,2705.4140625,2704.62109375,2704.62109375,2704.62109375,2704.62109375
642,0.03441703523480278,0.3640468325614563,0.0001,6.0694913771003485,2704.62109375,2705.4140625,2704.62109375,2704.62109375,2704.62109375,2704.62109375
643,0.034402161335005024,0.4170517178804195,0.0001,2.0453318525105715,2704.62109375,2705.4140625,2704.62109375,2704.62109375,2704.62109375,2704.62109375
644,0.03439515319703295,0.026710532670094933,0.0001,2.0419985400512815,2704.62109375,2705.4140625,2704.62109375,2704.62109375,2704.62109375,2704.62109375
645,0.034390387388171774,0.12625065020401105,0.0001,2.0379517255350947,2704.62109375,2705.4140625,2704.62109375,2704.62109375,2704.62109375,2704.62109375
646,0.034389038313641825,0.14041320290147463,0.0001,4.072947590611875,2704.62109375,2705.4140625,2704.62109375,2704.62109375,2704.62109375,2704.62109375
647,0.03438894475084582,0.05269403066896072,0.0001,4.085921476595104,2704.62109375,2705.4140625,2704.62109375,2704.62109375,2704.62109375,2704.62109375
648,0.03438831745531414,0.0035720710169137027,0.0001,2.0408577658236027,2704.62109375,2705.4140625,2704.62109375,2704.62109375,2704.62109375,2704.62109375
649,0.034387853559570934,0.057276712218273795,0.0001,2.0406741751357913,2704.62109375,2705.4140625,2704.62109375,2704.62109375,2704.62109375,2704.62109375
650,0.03438766229064073,0.015324153099677273,0.0001,2.0392178604379296,2704.62109375,2705.4140625,2704.62109375,2704.62109375,2704.62109375,2704.62109375
651,0.03438759610205407,0.025586442847050916,0.0001,1.7256661849096417,2704.62109375,2705.4140625,2704.62109375,2704.62109375,2704.62109375,2704.62109375
652,0.03438750546714356,0.02866514769636508,0.0001,1.9518533553928137,2704.62109375,2705.4140625,2704.62109375,2704.62109375,2704.62109375,2704.62109375
653,0.03438748319526396,0.0661532262989607,0.0001,4.0755513701587915,2704.62109375,2705.4140625,2704.62109375,2704.62109375,2704.62109375,2704.62109375
654,0.03438738476709522,0.05307179715460186,0.0001,1.8572813272476196,2704.62109375,2705.4140625,2704.62109375,2704.62109375,2704.62109375,2704.62109375
655,0.03438718165629586,0.02007150378791467,0.0001,2.0351391350850463,2704.62109375,2705.4140625,2704.62109375,2704.62109375,2704.62109375,2704.62109375
656,0.034387128204714526,0.0028198570617093965,0.0001,1.9914834387600422,2704.62109375,2705.4140625,2704.62109375,2704.62109375,2704.62109375,2704.62109375
657,0.03438711579189187,0.001006270469688033,0.0001,1.5916056325659156,2704.62109375,2705.4140625,2704.62109375,2704.62109375,2704.62109375,2704.62109375
658,0.03438708428982847,0.0021047264908740093,0.0001,1.592252996750176,2704.62109375,2705.4140625,2704.62109375,2704.62109375,2704.62109375,2704.62109375
659,0.034386872762493095,0.02168495597108544,0.0001,2.0390943083912134,2704.62109375,2705.4140625,2704.62109375,2704.62109375,2704.62109375,2704.62109375
660,0.03438662081728548,0.06857288675446926,0.0001,2.0333047891035676,2704.62109375,2705.4140625,2704.62109375,2704.62109375,2704.62109375,2704.62109375
661,0.034385981456624325,0.05351080066301761,0.0001,2.042420291341841,2704.62109375,2705.4140625,2704.62109375,2704.62109375,2704.62109375,2704.62109375
662,0.03438420637684427,0.28135472519202365,0.0001,2.038000105880201,2704.62109375,2705.4140625,2704.62109375,2704.62109375,2704.62109375,2704.62109375
663,0.03438237253915125,0.010877711528333167,0.0001,2.038277047686279,2704.62109375,2705.4140625,2704.62109375,2704.62109375,2704.62109375,2704.62109375
664,0.03438169874427318,0.028963852922100353,0.0001,2.046085176989436,2704.62109375,2705.4140625,2704.62109375,2704.62109375,2704.62109375,2704.62109375
665,0.03437986683245395,0.11023324017256564,0.0001,2.0378037178888917,2704.62109375,2705.4140625,2704.62109375,2704.62109375,2704.62109375,2704.62109375
666,0.034378530236997704,0.1925423313156569,0.0001,4.078944379463792,2704.62109375,2705.4140625,2704.62109375,2704.62109375,2704.62109375,2704.62109375
667,0.03437719307651183,0.1760915261783218,0.0001,2.0404356671497226,2704.62109375,2705.4140625,2704.62109375,2704.62109375,2704.62109375,2704.62109375
668,0.03437062530573356,0.10426384378416687,0.0001,2.041314920410514,2704.62109375,2705.4140625,2704.62109375,2704.62109375,2704.62109375,2704.62109375
669,0.03436722381246293,0.1349550471459211,0.0001,2.0403188774362206,2704.62109375,2705.4140625,2704.62109375,2704.62109375,2704.62109375,2704.62109375
670,0.03436522600381685,0.08762645894759213,0.0001,2.045705346390605,2704.62109375,2705.4140625,2704.62109375,2704.62109375,2704.62109375,2704.62109375
671,0.03436476571724347,0.09172568846231932,0.0001,2.0391955533996224,2704.62109375,2705.4140625,2704.62109375,2704.62109375,2704.62109375,2704.62109375
672,0.03436441955864686,0.1030901988344104,0.0001,1.9499290464445949,2704.62109375,2705.4140625,2704.62109375,2704.62109375,2704.62109375,2704.62109375
673,0.03436217745755379,0.06220011101904688,0.0001,2.036584294401109,2704.62109375,2705.4140625,2704.62109375,2704.62109375,2704.62109375,2704.62109375
674,0.03435686251449759,0.11830316144796882,0.0001,4.077293552458286,2704.62109375,2705.4140625,2704.62109375,2704.62109375,2704.62109375,2704.62109375
675,0.03435085369299436,0.16436353169104834,0.0001,2.0383366411551833,2704.62109375,2705.4140625,2704.62109375,2704.62109375,2704.62109375,2704.62109375
676,0.03434349161026062,0.26594566615901016,0.0001,2.0419735331088305,2704.62109375,2705.4140625,2704.62109375,2704.62109375,2704.62109375,2704.62109375
677,0.03433533037489219,0.03697975968282918,0.0001,2.0391426626592875,2704.62109375,2705.4140625,2704.62109375,2704.62109375,2704.62109375,2704.62109375
678,0.03432344223538095,0.2540114148390613,0.0001,4.091486582532525,2704.62109375,2705.4140625,2704.62109375,2704.62109375,2704.62109375,2704.62109375
679,0.034311989967182585,0.7635061210806358,0.0001,2.0385710913687944,2704.62109375,2705.4140625,2704.62109375,2704.62109375,2704.62109375,2704.62109375
680,0.034299161668738025,0.3252692123439791,0.0001,2.043149197474122,2704.62109375,2705.4140625,2704.62109375,2704.62109375,2704.62109375,2704.62109375
681,0.03428757401087576,0.3670008661150912,0.0001,2.044076190330088,2704.62109375,2705.4140625,2704.62109375,2704.62109375,2704.62109375,2704.62109375
682,0.0342874286659867,0.22647250618074444,0.0001,4.0808570655062795,2704.62109375,2705.4140625,2704.62109375,2704.62109375,2704.62109375,2704.62109375
683,0.03428436428369943,0.150457431972842,0.0001,2.0425214944407344,2704.62109375,2705.4140625,2704.62109375,2704.62109375,2704.62109375,2704.62109375
684,0.03428342241735475,0.09542884842715327,0.0001,2.0399177661165595,2704.62109375,2705.4140625,2704.62109375,2704.62109375,2704.62109375,2704.62109375
685,0.03428312201059716,0.032892912458626355,0.0001,2.0405751885846257,2704.62109375,2705.4140625,2704.62109375,2704.62109375,2704.62109375,2704.62109375
686,0.034283025116765696,0.026863780209736232,0.0001,2.0442254403606057,2704.62109375,2705.4140625,2704.62109375,2704.62109375,2704.62109375,2704.62109375
687,0.034282811391259806,0.012199735007192514,0.0001,1.6835965821519494,2704.62109375,2705.4140625,2704.62109375,2704.62109375,2704.62109375,2704.62109375
688,0.03428234288409197,0.01872655847860305,0.0001,2.041127090342343,2704.62109375,2705.4140625,2704.62109375,2704.62109375,2704.62109375,2704.62109375
689,0.034281778596877886,0.013363077722095995,0.0001,2.0451409434899688,2704.62109375,2705.4140625,2704.62109375,2704.62109375,2704.62109375,2704.62109375
690,0.0342817497360946,0.0024480354232285784,0.0001,4.0866231163963675,2704.62109375,2705.4140625,2704.62109375,2704.62109375,2704.62109375,2704.62109375
691,0.03428081416104165,0.04135600426144581,0.0001,2.042260834015906,2704.62109375,2705.4140625,2704.62109375,2704.62109375,2704.62109375,2704.62109375
692,0.03427978661575485,0.07589410690634213,0.0001,2.0422291439026594,2704.62109375,2705.4140625,2704.62109375,2704.62109375,2704.62109375,2704.62109375
693,0.03427924611854547,0.1869673499486113,0.0001,2.045115454122424,2704.62109375,2705.4140625,2704.62109375,2704.62109375,2704.62109375,2704.62109375
694,0.03427902692504708,0.04436720874095812,0.0001,2.042724994942546,2704.62109375,2705.4140625,2704.62109375,2704.62109375,2704.62109375,2704.62109375
695,0.0342787685559579,0.00713896310669937,0.0001,2.050349093042314,2704.62109375,2705.4140625,2704.62109375,2704.62109375,2704.62109375,2704.62109375
696,0.03427876068495808,0.002578035270621948,0.0001,1.6027045352384448,2704.62109375,2705.4140625,2704.62109375,2704.62109375,2704.62109375,2704.62109375
697,0.03427875980255254,0.0015215994818353895,0.0001,1.600323535501957,2704.62109375,2705.4140625,2704.62109375,2704.62109375,2704.62109375,2704.62109375
698,0.03427875810435484,0.0021042783432476675,0.0001,1.5913144052028656,2704.62109375,2705.4140625,2704.62109375,2704.62109375,2704.62109375,2704.62109375
699,0.034278757309260104,0.0037637813411858234,0.0001,4.075279984623194,2704.62109375,2705.4140625,2704.62109375,2704.62109375,2704.62109375,2704.62109375
700,0.03427875492342055,0.003912000802742899,0.0001,1.587938902899623,2704.62109375,2705.4140625,2704.62109375,2704.62109375,2704.62109375,2704.62109375
701,0.034278754509187784,0.0009620447555438449,0.0001,4.087044057436287,2704.62109375,2705.4140625,2704.62109375,2704.62109375,2704.62109375,2704.62109375
702,0.03427874870803597,0.0036891051424127186,0.0001,1.594047644175589,2704.62109375,2705.4140625,2704.62109375,2704.62109375,2704.62109375,2704.62109375
703,0.03427874437655445,0.005404078128656953,0.0001,1.5904619321227074,2704.62109375,2705.4140625,2704.62109375,2704.62109375,2704.62109375,2704.62109375
704,0.034278739605135874,0.0019498165828053526,0.0001,1.5875868704169989,2704.62109375,2705.4140625,2704.62109375,2704.62109375,2704.62109375,2704.62109375
705,0.0342787365470374,0.008320844033378738,0.0001,1.5917706666514277,2704.62109375,2705.4140625,2704.62109375,2704.62109375,2704.62109375,2704.62109375
706,0.03427873383316099,0.0030146277774767416,0.0001,1.589040705934167,2704.62109375,2705.4140625,2704.62109375,2704.62109375,2704.62109375,2704.62109375
707,0.03427873308551797,0.0003342069234018773,0.0001,1.5920532764866948,2704.62109375,2705.4140625,2704.62109375,2704.62109375,2704.62109375,2704.62109375
708,0.03427873287425112,0.0007593024249725744,0.0001,1.588867305777967,2704.62109375,2705.4140625,2704.62109375,2704.62109375,2704.62109375,2704.62109375
709,0.034278732044271024,0.001889885844053918,0.0001,1.593330992385745,2704.62109375,2705.4140625,2704.62109375,2704.62109375,2704.62109375,2704.62109375
710,0.03427873053168585,0.0029411109933332735,0.0001,1.5933564715087414,2704.62109375,2705.4140625,2704.62109375,2704.62109375,2704.62109375,2704.62109375
711,0.03427873021016029,0.0003807576367096587,0.0001,3.18016252014786,2704.62109375,2705.4140625,2704.62109375,2704.62109375,2704.62109375,2704.62109375
712,0.03427872858674706,0.0026307962919418504,0.0001,1.5901801800355315,2704.62109375,2705.4140625,2704.62109375,2704.62109375,2704.62109375,2704.62109375
713,0.03427872758579418,0.00034295253434405245,0.0001,1.5910361045971513,2704.62109375,2705.4140625,2704.62109375,2704.62109375,2704.62109375,2704.62109375
714,0.03427872696766932,0.000610620580098975,0.0001,1.591821275651455,2704.62109375,2705.4140625,2704.62109375,2704.62109375,2704.62109375,2704.62109375
715,0.03427872625659616,0.003996502795624579,0.0001,3.188194199465215,2704.62109375,2705.4140625,2704.62109375,2704.62109375,2704.62109375,2704.62109375
716,0.03427872549913564,0.0015007587308157877,0.0001,1.5909653222188354,2704.62109375,2705.4140625,2704.62109375,2704.62109375,2704.62109375,2704.62109375
717,0.0342787240627827,0.0023669891676385557,0.0001,1.5896216789260507,2704.62109375,2705.4140625,2704.62109375,2704.62109375,2704.62109375,2704.62109375
718,0.03427872100011389,0.0072378481079977686,0.0001,1.594525226391852,2704.62109375,2705.4140625,2704.62109375,2704.62109375,2704.62109375,2704.62109375
719,0.03427871439333631,0.01313471819172718,0.0001,1.5930340504273772,2704.62109375,2705.4140625,2704.62109375,2704.62109375,2704.62109375,2704.62109375
720,0.034278703897568284,0.015356752495591763,0.0001,1.5944746658205986,2704.62109375,2705.4140625,2704.62109375,2704.62109375,2704.62109375,2704.62109375
721,0.034278702715324905,0.022080793788213704,0.0001,1.7701889891177416,2704.62109375,2705.4140625,2704.62109375,2704.62109375,2704.62109375,2704.62109375
722,0.034278699794603906,0.010742761355449604,0.0001,4.041437114588916,2704.62109375,2705.4140625,2704.62109375,2704.62109375,2704.62109375,2704.62109375
723,0.03427869118026228,0.006764842336996146,0.0001,1.592936109751463,2704.62109375,2705.4140625,2704.62109375,2704.62109375,2704.62109375,2704.62109375
724,0.034278686796681467,0.0002770936249327178,0.0001,1.593193942680955,2704.62109375,2705.4140625,2704.62109375,2704.62109375,2704.62109375,2704.62109375
725,0.03427868550616812,0.003156957733385868,0.0001,1.5952073372900486,2704.62109375,2705.4140625,2704.62109375,2704.62109375,2704.62109375,2704.62109375
726,0.034278684828466084,0.004291845913562242,0.0001,1.5985948303714395,2704.62109375,2705.4140625,2704.62109375,2704.62109375,2704.62109375,2704.62109375
727,0.03427868350170064,0.005105763456556667,0.0001,1.5985241699963808,2704.62109375,2705.4140625,2704.62109375,2704.62109375,2704.62109375,2704.62109375
728,0.034278682867468616,0.00041052294591914507,0.0001,3.1856831796467304,2704.62109375,2705.4140625,2704.62109375,2704.62109375,2704.62109375,2704.62109375
729,0.03427868047984179,0.0020558954417443376,0.0001,1.6204994283616543,2704.62109375,2705.4140625,2704.62109375,2704.62109375,2704.62109375,2704.62109375
730,0.03427867437121737,0.0065228875252004714,0.0001,1.598745591007173,2704.62109375,2705.4140625,2704.62109375,2704.62109375,2704.62109375,2704.62109375
731,0.034278661962152505,0.009863588274136803,0.0001,1.5949952974915504,2704.62109375,2705.4140625,2704.62109375,2704.62109375,2704.62109375,2704.62109375
732,0.03427864717743064,0.00882026698234395,0.0001,1.5965007236227393,2704.62109375,2705.4140625,2704.62109375,2704.62109375,2704.62109375,2704.62109375
733,0.034278645982498475,0.014766120381253134,0.0001,3.9469934795051813,2704.62109375,2705.4140625,2704.62109375,2704.62109375,2704.62109375,2704.62109375
734,0.03427863800147056,0.005581738051968599,0.0001,1.5958394799381495,2704.62109375,2705.4140625,2704.62109375,2704.62109375,2704.62109375,2704.62109375
735,0.034278635951647325,0.00024002185358009518,0.0001,1.5962574621662498,2704.62109375,2705.4140625,2704.62109375,2704.62109375,2704.62109375,2704.62109375
736,0.03427863539450403,0.002121099536849913,0.0001,1.5979650784283876,2704.62109375,2705.4140625,2704.62109375,2704.62109375,2704.62109375,2704.62109375
737,0.03427863469588918,0.003389097714627587,0.0001,1.5919713964685798,2704.62109375,2705.4140625,2704.62109375,2704.62109375,2704.62109375,2704.62109375
738,0.03427863239088947,0.005831265466677893,0.0001,1.592154348269105,2704.62109375,2705.4140625,2704.62109375,2704.62109375,2704.62109375,2704.62109375
739,0.03427862707851306,0.009361143232323954,0.0001,1.5922815278172493,2704.62109375,2705.4140625,2704.62109375,2704.62109375,2704.62109375,2704.62109375
740,0.03427861467192299,0.010352702689674587,0.0001,1.5926146488636732,2704.62109375,2705.4140625,2704.62109375,2704.62109375,2704.62109375,2704.62109375
741,0.034278613206037006,0.016905492021310087,0.0001,4.093226719647646,2704.62109375,2705.4140625,2704.62109375,2704.62109375,2704.62109375,2704.62109375
742,0.034278591248402344,0.015624745501729098,0.0001,1.5931422607973218,2704.62109375,2705.4140625,2704.62109375,2704.62109375,2704.62109375,2704.62109375
743,0.034278546395445884,0.014146331638210663,0.0001,1.594889396801591,2704.62109375,2705.4140625,2704.62109375,2704.62109375,2704.62109375,2704.62109375
744,0.034278483625560845,0.009681578032434857,0.0001,1.6395090855658054,2704.62109375,2705.4140625,2704.62109375,2704.62109375,2704.62109375,2704.62109375
745,0.03427847900268033,0.006094387045994187,0.0001,4.088975653983653,2704.62109375,2705.4140625,2704.62109375,2704.62109375,2704.62109375,2704.62109375
746,0.034278427745421614,0.00624908795146617,0.0001,1.7330920174717903,2704.62109375,2705.4140625,2704.62109375,2704.62109375,2704.62109375,2704.62109375
747,0.034278427073163635,0.0073663490236516305,0.0001,4.082344030030072,2704.62109375,2705.4140625,2704.62109375,2704.62109375,2704.62109375,2704.62109375
748,0.0342783873980417,0.012026094954306621,0.0001,1.641133881174028,2704.62109375,2705.4140625,2704.62109375,2704.62109375,2704.62109375,2704.62109375
749,0.03427826473522726,0.019210134895710995,0.0001,1.728040549904108,2704.62109375,2705.4140625,2704.62109375,2704.62109375,2704.62109375,2704.62109375
750,0.034277796939382245,0.03099780999999069,0.0001,2.046236247755587,2704.62109375,2705.4140625,2704.62109375,2704.62109375,2704.62109375,2704.62109375
751,0.03427687942722412,0.041899251759236256,0.0001,2.038376349955797,2704.62109375,2705.4140625,2704.62109375,2704.62109375,2704.62109375,2704.62109375
752,0.034275490013780045,0.1401627296100476,0.0001,2.0395436752587557,2704.62109375,2705.4140625,2704.62109375,2704.62109375,2704.62109375,2704.62109375
753,0.03427444645572784,0.009956444972972767,0.0001,4.086509454995394,2704.62109375,2705.4140625,2704.62109375,2704.62109375,2704.62109375,2704.62109375
754,0.034273328900506314,0.02726829797217112,0.0001,2.0540983555838466,2704.62109375,2705.4140625,2704.62109375,2704.62109375,2704.62109375,2704.62109375
755,0.03427294816268969,0.011484994955817562,0.0001,2.048129445873201,2704.62109375,2705.4140625,2704.62109375,2704.62109375,2704.62109375,2704.62109375
756,0.03427292229077444,0.019417601727785727,0.0001,3.6438795747235417,2704.62109375,2705.4140625,2704.62109375,2704.62109375,2704.62109375,2704.62109375
757,0.03427290347064983,0.0023449050267795313,0.0001,1.7753706770017743,2704.62109375,2705.4140625,2704.62109375,2704.62109375,2704.62109375,2704.62109375
758,0.03427290227632998,0.001242513429008274,0.0001,1.5940818740054965,2704.62109375,2705.4140625,2704.62109375,2704.62109375,2704.62109375,2704.62109375
759,0.03427289050117807,0.0012673831507241662,0.0001,3.202481299638748,2704.62109375,2705.4140625,2704.62109375,2704.62109375,2704.62109375,2704.62109375
760,0.0342728389285971,0.006233049546090275,0.0001,1.6408236799761653,2704.62109375,2705.4140625,2704.62109375,2704.62109375,2704.62109375,2704.62109375
761,0.03427279788336992,0.0059806052321818015,0.0001,1.6497992826625705,2704.62109375,2705.4140625,2704.62109375,2704.62109375,2704.62109375,2704.62109375
762,0.034272797513055966,0.0014895786704853808,0.0001,4.102478511631489,2704.62109375,2705.4140625,2704.62109375,2704.62109375,2704.62109375,2704.62109375
763,0.03427276938973602,0.0029014584980207037,0.0001,1.8337090238928795,2704.62109375,2705.4140625,2704.62109375,2704.62109375,2704.62109375,2704.62109375
764,0.034272768767679616,0.0011020511797659172,0.0001,4.10066475532949,2704.62109375,2705.4140625,2704.62109375,2704.62109375,2704.62109375,2704.62109375
765,0.03427275661938864,0.0019885936386776493,0.0001,1.6481840470805764,2704.62109375,2705.4140625,2704.62109375,2704.62109375,2704.62109375,2704.62109375
766,0.03427274426763982,0.006809102383927179,0.0001,1.6000894447788596,2704.62109375,2705.4140625,2704.62109375,2704.62109375,2704.62109375,2704.62109375
767,0.03427273409963385,0.010437759093062549,0.0001,1.5967259742319584,2704.62109375,2705.4140625,2704.62109375,2704.62109375,2704.62109375,2704.62109375
768,0.03427271964315036,0.011836148969649019,0.0001,1.5976567165926099,2704.62109375,2705.4140625,2704.62109375,2704.62109375,2704.62109375,2704.62109375
769,0.034272548879542314,0.0008156921838020637,0.0001,2.0470431307330728,2704.62109375,2705.4140625,2704.62109375,2704.62109375,2704.62109375,2704.62109375
770,0.03427229026241112,0.00649977582953809,0.0001,2.04259667545557,2704.62109375,2705.4140625,2704.62109375,2704.62109375,2704.62109375,2704.62109375
771,0.034271673196431304,0.07864300297218452,0.0001,2.0449628541246057,2704.62109375,2705.4140625,2704.62109375,2704.62109375,2704.62109375,2704.62109375
772,0.03427096851406781,0.015720490876727444,0.0001,2.042327714152634,2704.62109375,2705.4140625,2704.62109375,2704.62109375,2704.62109375,2704.62109375
773,0.034270463014983044,0.0031930893203502286,0.0001,2.039633894339204,2704.62109375,2705.4140625,2704.62109375,2704.62109375,2704.62109375,2704.62109375
774,0.03427035711574125,0.007696098224751924,0.0001,2.0518434084951878,2704.62109375,2705.4140625,2704.62109375,2704.62109375,2704.62109375,2704.62109375
775,0.034270355863921825,0.0010046754983269457,0.0001,4.105531111359596,2704.62109375,2705.4140625,2704.62109375,2704.62109375,2704.62109375,2704.62109375
776,0.03427033849934515,0.0030872558958350282,0.0001,1.6016964223235846,2704.62109375,2705.4140625,2704.62109375,2704.62109375,2704.62109375,2704.62109375
777,0.0342703093332092,0.006509479410364838,0.0001,1.60120121948421,2704.62109375,2705.4140625,2704.62109375,2704.62109375,2704.62109375,2704.62109375
778,0.034270296260053935,0.011585225965913493,0.0001,3.426268202252686,2704.62109375,2705.4140625,2704.62109375,2704.62109375,2704.62109375,2704.62109375
779,0.03427027788957683,0.0015286733147070741,0.0001,1.6475262846797705,2704.62109375,2705.4140625,2704.62109375,2704.62109375,2704.62109375,2704.62109375
780,0.0342702724917387,0.0011492002642943255,0.0001,1.6047996524721384,2704.62109375,2705.4140625,2704.62109375,2704.62109375,2704.62109375,2704.62109375
781,0.034270261816584414,0.008700275878306352,0.0001,1.9239325039088726,2704.62109375,2705.4140625,2704.62109375,2704.62109375,2704.62109375,2704.62109375
782,0.034270242218348186,0.013297321489684766,0.0001,1.6087367059662938,2704.62109375,2705.4140625,2704.62109375,2704.62109375,2704.62109375,2704.62109375
783,0.03427015746322749,0.0011018587783108158,0.0001,2.0500463927164674,2704.62109375,2705.4140625,2704.62109375,2704.62109375,2704.62109375,2704.62109375
784,0.0342700047316117,0.007893147715478,0.0001,2.0136608928442,2704.62109375,2705.4140625,2704.62109375,2704.62109375,2704.62109375,2704.62109375
785,0.03426961288037091,0.004771491679524287,0.0001,2.053898924961686,2704.62109375,2705.4140625,2704.62109375,2704.62109375,2704.62109375,2704.62109375
786,0.03426961144445475,0.009532774294188417,0.0001,4.091404131613672,2704.62109375,2705.4140625,2704.62109375,2704.62109375,2704.62109375,2704.62109375
787,0.034269317455945275,0.017576922341468793,0.0001,2.0522963497787714,2704.62109375,2705.4140625,2704.62109375,2704.62109375,2704.62109375,2704.62109375
788,0.03426906375370106,0.011420323239306418,0.0001,2.058013290166855,2704.62109375,2705.4140625,2704.62109375,2704.62109375,2704.62109375,2704.62109375
789,0.034269059561569865,0.0025247000053817414,0.0001,4.104537819512188,2704.62109375,2705.4140625,2704.62109375,2704.62109375,2704.62109375,2704.62109375
790,0.03426899535896149,0.006452217592941234,0.0001,2.0539847454056144,2704.62109375,2705.4140625,2704.62109375,2704.62109375,2704.62109375,2704.62109375
791,0.03426890872554005,0.031228071219352893,0.0001,4.135101497173309,2704.62109375,2705.4140625,2704.62109375,2704.62109375,2704.62109375,2704.62109375
792,0.0342687830898422,0.02021647073880417,0.0001,1.7052610293030739,2704.62109375,2705.4140625,2704.62109375,2704.62109375,2704.62109375,2704.62109375
793,0.034267942754959486,0.02409119866200704,0.0001,2.05830483045429,2704.62109375,2705.4140625,2704.62109375,2704.62109375,2704.62109375,2704.62109375
794,0.03426702243480277,0.055738332736051444,0.0001,2.050763244740665,2704.62109375,2705.4140625,2704.62109375,2704.62109375,2704.62109375,2704.62109375
795,0.034264549169410435,0.09518643957888417,0.0001,2.0545382974669337,2704.62109375,2705.4140625,2704.62109375,2704.62109375,2704.62109375,2704.62109375
796,0.03426076551064545,0.10057331579338435,0.0001,2.0687585584819317,2704.62109375,2705.4140625,2704.62109375,2704.62109375,2704.62109375,2704.62109375
797,0.034260765252550576,0.10228139531376235,0.0001,6.191951182670891,2704.62109375,2705.4140625,2704.62109375,2704.62109375,2704.62109375,2704.62109375
798,0.0342555034975103,0.26468702756984597,0.0001,2.0629430767148733,2704.62109375,2705.4140625,2704.62109375,2704.62109375,2704.62109375,2704.62109375
799,0.03425322910655426,0.024079614552213413,0.0001,4.132121707312763,2704.62109375,2705.4140625,2704.62109375,2704.62109375,2704.62109375,2704.62109375
800,0.034247929476431266,0.0185183534624902,0.0001,2.064573323354125,2704.62109375,2705.4140625,2704.62109375,2704.62109375,2704.62109375,2704.62109375
801,0.03424727548334553,0.04121353755894974,0.0001,6.833554518409073,2704.62109375,2705.4140625,2704.62109375,2704.62109375,2704.62109375,2704.62109375
802,0.03424590363524345,0.05447229528379105,0.0001,4.120823547244072,2704.62109375,2705.4140625,2704.62109375,2704.62109375,2704.62109375,2704.62109375
803,0.034242177093347814,0.3390521282822909,0.0001,2.04984647128731,2704.62109375,2705.4140625,2704.62109375,2704.62109375,2704.62109375,2704.62109375
804,0.03424076182582688,0.03305396149059381,0.0001,2.0408849883824587,2704.62109375,2705.4140625,2704.62109375,2704.62109375,2704.62109375,2704.62109375
805,0.03424029317282457,0.01882293700525528,0.0001,2.0438447603955865,2704.62109375,2705.4140625,2704.62109375,2704.62109375,2704.62109375,2704.62109375
806,0.0342394073099446,0.027226206617044113,0.0001,2.0429046861827374,2704.62109375,2705.4140625,2704.62109375,2704.62109375,2704.62109375,2704.62109375
807,0.03423930589193276,0.01047215815691871,0.0001,4.088666292838752,2704.62109375,2705.4140625,2704.62109375,2704.62109375,2704.62109375,2704.62109375
808,0.03423892245612006,0.02791863813298212,0.0001,2.0378476390615106,2704.62109375,2705.4140625,2704.62109375,2704.62109375,2704.62109375,2704.62109375
809,0.034238489199019846,0.031083492283410896,0.0001,2.0377895375713706,2704.62109375,2705.4140625,2704.62109375,2704.62109375,2704.62109375,2704.62109375
810,0.034238480079470945,0.04486652368930699,0.0001,4.075623728334904,2704.62109375,2705.4140625,2704.62109375,2704.62109375,2704.62109375,2704.62109375
811,0.03423824916393107,0.03042203605672089,0.0001,2.042415593750775,2704.62109375,2705.4140625,2704.62109375,2704.62109375,2704.62109375,2704.62109375
812,0.03423807961571332,0.015715323531919734,0.0001,1.949245734140277,2704.62109375,2705.4140625,2704.62109375,2704.62109375,2704.62109375,2704.62109375
813,0.03423742568650316,0.03568810788268717,0.0001,2.0407221289351583,2704.62109375,2705.4140625,2704.62109375,2704.62109375,2704.62109375,2704.62109375
814,0.03423635243952167,0.11126794642682292,0.0001,2.0374339474365115,2704.62109375,2705.4140625,2704.62109375,2704.62109375,2704.62109375,2704.62109375
815,0.03423407259130954,0.1241224977755091,0.0001,2.039930434897542,2704.62109375,2705.4140625,2704.62109375,2704.62109375,2704.62109375,2704.62109375
816,0.03423393710833183,0.13990103664255615,0.0001,4.07785405497998,2704.62109375,2705.4140625,2704.62109375,2704.62109375,2704.62109375,2704.62109375
817,0.034231405839689005,0.12913568209892223,0.0001,2.0390266831964254,2704.62109375,2705.4140625,2704.62109375,2704.62109375,2704.62109375,2704.62109375
818,0.034229246447787895,0.10798736951199372,0.0001,2.0409743385389447,2704.62109375,2705.4140625,2704.62109375,2704.62109375,2704.62109375,2704.62109375
819,0.03422857135371633,0.007978815769602021,0.0001,2.0400491561740637,2704.62109375,2705.4140625,2704.62109375,2704.62109375,2704.62109375,2704.62109375
820,0.03422843394958894,0.0067652823588078,0.0001,1.9964785119518638,2704.62109375,2705.4140625,2704.62109375,2704.62109375,2704.62109375,2704.62109375
821,0.03422841898708722,0.04093540243058924,0.0001,6.124156973324716,2704.62109375,2705.4140625,2704.62109375,2704.62109375,2704.62109375,2704.62109375
822,0.03422817027333689,0.0436700291681692,0.0001,1.9976838156580925,2704.62109375,2705.4140625,2704.62109375,2704.62109375,2704.62109375,2704.62109375
823,0.03422765370457855,0.03524067101096784,0.0001,4.0824597999453545,2704.62109375,2705.4140625,2704.62109375,2704.62109375,2704.62109375,2704.62109375
824,0.03422708180493973,0.03436700548873328,0.0001,2.0471417419612408,2704.62109375,2705.4140625,2704.62109375,2704.62109375,2704.62109375,2704.62109375
825,0.03422679993295889,0.037156527524450755,0.0001,4.09881928935647,2704.62109375,2705.4140625,2704.62109375,2704.62109375,2704.62109375,2704.62109375
826,0.03422663243083727,0.007000109416726907,0.0001,2.0393146127462387,2704.62109375,2705.4140625,2704.62109375,2704.62109375,2704.62109375,2704.62109375
827,0.034226572510469934,0.020643582143696437,0.0001,1.7734563909471035,2704.62109375,2705.4140625,2704.62109375,2704.62109375,2704.62109375,2704.62109375
828,0.03422652082673185,0.029170979357578952,0.0001,1.6396906757727265,2704.62109375,2705.4140625,2704.62109375,2704.62109375,2704.62109375,2704.62109375
829,0.03422637493721356,0.04994213959961835,0.0001,1.909766724333167,2704.62109375,2705.4140625,2704.62109375,2704.62109375,2704.62109375,2704.62109375
830,0.034226038424899484,0.06923472294909205,0.0001,2.039520983584225,2704.62109375,2705.4140625,2704.62109375,2704.62109375,2704.62109375,2704.62109375
831,0.03422521956732225,0.09722927610473353,0.0001,2.0405704881995916,2704.62109375,2705.4140625,2704.62109375,2704.62109375,2704.62109375,2704.62109375
832,0.0342236674160519,0.024438635799694186,0.0001,2.0424276450648904,2704.62109375,2705.4140625,2704.62109375,2704.62109375,2704.62109375,2704.62109375
833,0.03422095732355129,0.29263832195145556,0.0001,2.042151363566518,2704.62109375,2705.4140625,2704.62109375,2704.62109375,2704.62109375,2704.62109375
834,0.034218230796427405,0.09054360155572194,0.0001,2.040471637621522,2704.62109375,2705.4140625,2704.62109375,2704.62109375,2704.62109375,2704.62109375
835,0.03421291868455471,0.18498542933891682,0.0001,4.083522564731538,2704.62109375,2705.4140625,2704.62109375,2704.62109375,2704.62109375,2704.62109375
836,0.03421126886755744,0.3189461806545555,0.0001,2.041890532709658,2704.62109375,2705.4140625,2704.62109375,2704.62109375,2704.62109375,2704.62109375
837,0.03420909632492358,0.11924257170998054,0.0001,2.038056909106672,2704.62109375,2705.4140625,2704.62109375,2704.62109375,2704.62109375,2704.62109375
838,0.034207305823693954,0.0334746390389018,0.0001,2.0419744635000825,2704.62109375,2705.4140625,2704.62109375,2704.62109375,2704.62109375,2704.62109375
839,0.03420691884043993,0.03286101211272996,0.0001,2.037461197003722,2704.62109375,2705.4140625,2704.62109375,2704.62109375,2704.62109375,2704.62109375
840,0.034206905695374275,0.014897135176822562,0.0001,4.079389119520783,2704.62109375,2705.4140625,2704.62109375,2704.62109375,2704.62109375,2704.62109375
841,0.034206859672974356,0.004629906277829665,0.0001,1.7695971867069602,2704.62109375,2705.4140625,2704.62109375,2704.62109375,2704.62109375,2704.62109375
842,0.034206782622039696,0.0030831962512040123,0.0001,1.5902797607704997,2704.62109375,2705.4140625,2704.62109375,2704.62109375,2704.62109375,2704.62109375
843,0.03420636615472592,0.03663242537547906,0.0001,2.0434114979580045,2704.62109375,2705.4140625,2704.62109375,2704.62109375,2704.62109375,2704.62109375
844,0.03420599369750891,0.05515489462621059,0.0001,2.044073141179979,2704.62109375,2705.4140625,2704.62109375,2704.62109375,2704.62109375,2704.62109375
845,0.03420581039058519,0.04201480752152209,0.0001,2.042777675203979,2704.62109375,2705.4140625,2704.62109375,2704.62109375,2704.62109375,2704.62109375
846,0.03420558923314683,0.01794472962570859,0.0001,2.0392944430932403,2704.62109375,2705.4140625,2704.62109375,2704.62109375,2704.62109375,2704.62109375
847,0.03420553947567748,0.01614818475157176,0.0001,1.906666463240981,2704.62109375,2705.4140625,2704.62109375,2704.62109375,2704.62109375,2704.62109375
848,0.0342055379269952,0.01533603826298191,0.0001,4.084480588324368,2704.62109375,2705.4140625,2704.62109375,2704.62109375,2704.62109375,2704.62109375
849,0.034205518742458724,0.008126027083736886,0.0001,1.5927344402298331,2704.62109375,2705.4140625,2704.62109375,2704.62109375,2704.62109375,2704.62109375
850,0.03420549872831381,0.00361055357388973,0.0001,1.600240365602076,2704.62109375,2705.4140625,2704.62109375,2704.62109375,2704.62109375,2704.62109375
851,0.03420547482656269,0.014884915904115559,0.0001,1.5985487401485443,2704.62109375,2705.4140625,2704.62109375,2704.62109375,2704.62109375,2704.62109375
852,0.03420545494014995,0.010775922831246953,0.0001,1.6395636359229684,2704.62109375,2705.4140625,2704.62109375,2704.62109375,2704.62109375,2704.62109375
853,0.034205453201425574,0.016525472602709756,0.0001,4.084730248898268,2704.62109375,2705.4140625,2704.62109375,2704.62109375,2704.62109375,2704.62109375
854,0.03420544633208955,0.003976654177647365,0.0001,1.5916686048731208,2704.62109375,2705.4140625,2704.62109375,2704.62109375,2704.62109375,2704.62109375
855,0.034205444609724384,0.0030866770596473803,0.0001,1.5938046537339687,2704.62109375,2705.4140625,2704.62109375,2704.62109375,2704.62109375,2704.62109375
856,0.03420544343996207,0.0060521656292018555,0.0001,1.5910426136106253,2704.62109375,2705.4140625,2704.62109375,2704.62109375,2704.62109375,2704.62109375
857,0.034205440804115896,0.008503722925794377,0.0001,1.591039233841002,2704.62109375,2705.4140625,2704.62109375,2704.62109375,2704.62109375,2704.62109375
858,0.034205439634034246,0.0268223348769141,0.0001,1.5920600770041347,2704.62109375,2705.4140625,2704.62109375,2704.62109375,2704.62109375,2704.62109375
859,0.03420543287251651,0.016526137699936938,0.0001,1.5932459412142634,2704.62109375,2705.4140625,2704.62109375,2704.62109375,2704.62109375,2704.62109375
860,0.034205424286022204,0.004113903648917616,0.0001,1.5915679456666112,2704.62109375,2705.4140625,2704.62109375,2704.62109375,2704.62109375,2704.62109375
861,0.034205416872719004,0.005054832973049761,0.0001,1.5903273709118366,2704.62109375,2705.4140625,2704.62109375,2704.62109375,2704.62109375,2704.62109375
862,0.03420541331239941,0.005896809360198985,0.0001,1.591170304454863,2704.62109375,2705.4140625,2704.62109375,2704.62109375,2704.62109375,2704.62109375
863,0.034205402660719975,0.008696666267039799,0.0001,1.5897042490541935,2704.62109375,2705.4140625,2704.62109375,2704.62109375,2704.62109375,2704.62109375
864,0.034205375629081484,0.02547819967150944,0.0001,3.988776837475598,2704.62109375,2705.4140625,2704.62109375,2704.62109375,2704.62109375,2704.62109375
865,0.03420528670519596,0.03216352375445952,0.0001,1.951210031285882,2704.62109375,2705.4140625,2704.62109375,2704.62109375,2704.62109375,2704.62109375
866,0.03420522305787616,0.03523041841436991,0.0001,4.084481397643685,2704.62109375,2705.4140625,2704.62109375,2704.62109375,2704.62109375,2704.62109375
867,0.034204987896364704,0.019434313835012484,0.0001,4.089088073931634,2704.62109375,2705.4140625,2704.62109375,2704.62109375,2704.62109375,2704.62109375
868,0.03420457355818604,0.03040134013738449,0.0001,2.0403603380545974,2704.62109375,2705.4140625,2704.62109375,2704.62109375,2704.62109375,2704.62109375
869,0.03420438181499964,0.025826747673471928,0.0001,4.088036050088704,2704.62109375,2705.4140625,2704.62109375,2704.62109375,2704.62109375,2704.62109375
870,0.03420413671100201,0.03184665514804286,0.0001,2.039441354572773,2704.62109375,2705.4140625,2704.62109375,2704.62109375,2704.62109375,2704.62109375
871,0.03420406228132648,0.014144159294988912,0.0001,2.0446312529966235,2704.62109375,2705.4140625,2704.62109375,2704.62109375,2704.62109375,2704.62109375
872,0.034204039977391784,0.0008032426060074104,0.0001,1.5902218697592616,2704.62109375,2705.4140625,2704.62109375,2704.62109375,2704.62109375,2704.62109375
873,0.03420398750050979,0.023075811294898663,0.0001,1.7263591839000583,2704.62109375,2705.4140625,2704.62109375,2704.62109375,2704.62109375,2704.62109375
874,0.034203901854903,0.045840229261595034,0.0001,1.7292611338198185,2704.62109375,2705.4140625,2704.62109375,2704.62109375,2704.62109375,2704.62109375
875,0.0342036779164575,0.07887117194776905,0.0001,1.908226198516786,2704.62109375,2705.4140625,2704.62109375,2704.62109375,2704.62109375,2704.62109375
876,0.03420315512616628,0.11940555652167029,0.0001,1.9491019733250141,2704.62109375,2705.4140625,2704.62109375,2704.62109375,2704.62109375,2704.62109375
877,0.034202051065525964,0.15834118010859055,0.0001,2.0399842858314514,2704.62109375,2705.4140625,2704.62109375,2704.62109375,2704.62109375,2704.62109375
878,0.0342001739986352,0.1671228038078264,0.0001,2.0452892454341054,2704.62109375,2705.4140625,2704.62109375,2704.62109375,2704.62109375,2704.62109375
879,0.03420002015127758,0.1902818207590038,0.0001,6.125740198418498,2704.62109375,2705.4140625,2704.62109375,2704.62109375,2704.62109375,2704.62109375
880,0.0341978719110634,0.2043643996609965,0.0001,2.041881702840328,2704.62109375,2705.4140625,2704.62109375,2704.62109375,2704.62109375,2704.62109375
881,0.034197779744639625,0.14014363146106312,0.0001,6.118521932512522,2704.62109375,2705.4140625,2704.62109375,2704.62109375,2704.62109375,2704.62109375
882,0.034196650087623515,0.046162128346093456,0.0001,2.0425524348393083,2704.62109375,2705.4140625,2704.62109375,2704.62109375,2704.62109375,2704.62109375
883,0.034196482866347716,0.00872341324741055,0.0001,4.089366715401411,2704.62109375,2705.4140625,2704.62109375,2704.62109375,2704.62109375,2704.62109375
884,0.03419637669516399,0.0034639932272864105,0.0001,2.0447708927094936,2704.62109375,2705.4140625,2704.62109375,2704.62109375,2704.62109375,2704.62109375
885,0.03419614136105835,0.009908312472709513,0.0001,1.5924864979460835,2704.62109375,2705.4140625,2704.62109375,2704.62109375,2704.62109375,2704.62109375
886,0.034194598952744466,0.052170914736513696,0.0001,2.044431822374463,2704.62109375,2705.4140625,2704.62109375,2704.62109375,2704.62109375,2704.62109375
887,0.034194263127274874,0.0011331211080312098,0.0001,1.9948953362181783,2704.62109375,2705.4140625,2704.62109375,2704.62109375,2704.62109375,2704.62109375
888,0.034194059513305,0.00763835123361889,0.0001,2.041996832937002,2704.62109375,2705.4140625,2704.62109375,2704.62109375,2704.62109375,2704.62109375
889,0.03419396276688966,0.027310654403254753,0.0001,2.0354963401332498,2704.62109375,2705.4140625,2704.62109375,2704.62109375,2704.62109375,2704.62109375
890,0.034193876669545216,0.014944336954422766,0.0001,2.041832792572677,2704.62109375,2705.4140625,2704.62109375,2704.62109375,2704.62109375,2704.62109375
891,0.03419380695471414,0.030201355524288265,0.0001,2.0367791447788477,2704.62109375,2705.4140625,2704.62109375,2704.62109375,2704.62109375,2704.62109375
892,0.0341937964864136,0.006033835085478834,0.0001,4.077180300839245,2704.62109375,2705.4140625,2704.62109375,2704.62109375,2704.62109375,2704.62109375
893,0.034193762193564355,0.00245973842570657,0.0001,1.901299505494535,2704.62109375,2705.4140625,2704.62109375,2704.62109375,2704.62109375,2704.62109375
894,0.034193751956571934,0.007242668740901292,0.0001,1.5880558332428336,2704.62109375,2705.4140625,2704.62109375,2704.62109375,2704.62109375,2704.62109375
895,0.034193728087979255,0.0025145781544790857,0.0001,1.6753048915416002,2704.62109375,2705.4140625,2704.62109375,2704.62109375,2704.62109375,2704.62109375
896,0.0341937096588098,0.0016847788067366753,0.0001,1.5904902424663305,2704.62109375,2705.4140625,2704.62109375,2704.62109375,2704.62109375,2704.62109375
897,0.03419366643812,0.005322828604346963,0.0001,1.8651557946577668,2704.62109375,2705.4140625,2704.62109375,2704.62109375,2704.62109375,2704.62109375
898,0.034193656524194524,0.011398518455721263,0.0001,1.6868248637765646,2704.62109375,2705.4140625,2704.62109375,2704.62109375,2704.62109375,2704.62109375
899,0.03419364711620162,0.006171776715548916,0.0001,1.5998814245685935,2704.62109375,2705.4140625,2704.62109375,2704.62109375,2704.62109375,2704.62109375
900,0.03419364016445988,0.0014330783398314173,0.0001,1.595999482087791,2704.62109375,2705.4140625,2704.62109375,2704.62109375,2704.62109375,2704.62109375
901,0.03419363531522181,0.000409172500740706,0.0001,1.591733175329864,2704.62109375,2705.4140625,2704.62109375,2704.62109375,2704.62109375,2704.62109375
902,0.03419362574605858,0.001552392606934072,0.0001,1.5918720560148358,2704.62109375,2705.4140625,2704.62109375,2704.62109375,2704.62109375,2704.62109375
903,0.034193625468572894,0.0028314077788388348,0.0001,4.090429308824241,2704.62109375,2705.4140625,2704.62109375,2704.62109375,2704.62109375,2704.62109375
904,0.03419361924181101,0.0023848875258877245,0.0001,1.59346030279994,2704.62109375,2705.4140625,2704.62109375,2704.62109375,2704.62109375,2704.62109375
905,0.03419359977643261,0.001320448601639157,0.0001,4.077156691811979,2704.62109375,2705.4140625,2704.62109375,2704.62109375,2704.62109375,2704.62109375
906,0.034193585280061736,0.0037565632397644766,0.0001,1.815076807513833,2704.62109375,2705.4140625,2704.62109375,2704.62109375,2704.62109375,2704.62109375
907,0.03419357205891904,0.0018434401842173376,0.0001,1.5961082121357322,2704.62109375,2705.4140625,2704.62109375,2704.62109375,2704.62109375,2704.62109375
908,0.03419355468794231,0.002929774406024377,0.0001,1.6890866607427597,2704.62109375,2705.4140625,2704.62109375,2704.62109375,2704.62109375,2704.62109375
909,0.03419354434839304,0.004080012496132879,0.0001,1.5923495283350348,2704.62109375,2705.4140625,2704.62109375,2704.62109375,2704.62109375,2704.62109375
910,0.03419352153722156,0.003332477686699309,0.0001,1.589589019306004,2704.62109375,2705.4140625,2704.62109375,2704.62109375,2704.62109375,2704.62109375
911,0.03419350594709368,0.024740608700956734,0.0001,4.07194279320538,2704.62109375,2705.4140625,2704.62109375,2704.62109375,2704.62109375,2704.62109375
912,0.03419339384430338,0.018019715019653382,0.0001,1.9039411935955286,2704.62109375,2705.4140625,2704.62109375,2704.62109375,2704.62109375,2704.62109375
913,0.03419314847485792,0.005809718994009505,0.0001,1.9508742596954107,2704.62109375,2705.4140625,2704.62109375,2704.62109375,2704.62109375,2704.62109375
914,0.03419290844025219,0.09585227484266301,0.0001,2.0384260807186365,2704.62109375,2705.4140625,2704.62109375,2704.62109375,2704.62109375,2704.62109375
915,0.034192482093609276,0.0335748221618124,0.0001,2.0395048232749104,2704.62109375,2705.4140625,2704.62109375,2704.62109375,2704.62109375,2704.62109375
916,0.034192046389021236,0.02619052614512163,0.0001,1.9951918171718717,2704.62109375,2705.4140625,2704.62109375,2704.62109375,2704.62109375,2704.62109375
917,0.03419068431836386,0.02401634690409238,0.0001,2.04240913502872,2704.62109375,2705.4140625,2704.62109375,2704.62109375,2704.62109375,2704.62109375
918,0.03419065805158485,0.022441206467443076,0.0001,4.079611700959504,2704.62109375,2705.4140625,2704.62109375,2704.62109375,2704.62109375,2704.62109375
919,0.03418888222044445,0.015668158466833226,0.0001,2.0374376075342298,2704.62109375,2705.4140625,2704.62109375,2704.62109375,2704.62109375,2704.62109375
920,0.034184272188695956,0.10466197075417771,0.0001,2.0369111746549606,2704.62109375,2705.4140625,2704.62109375,2704.62109375,2704.62109375,2704.62109375
921,0.034178280028272265,0.28181034733639454,0.0001,2.0398189751431346,2704.62109375,2705.4140625,2704.62109375,2704.62109375,2704.62109375,2704.62109375
922,0.03416809646967726,0.2742261712229749,0.0001,2.0444558914750814,2704.62109375,2705.4140625,2704.62109375,2704.62109375,2704.62109375,2704.62109375
923,0.03416646807635546,0.5422158313607744,0.0001,6.743355949409306,2704.62109375,2705.4140625,2704.62109375,2704.62109375,2704.62109375,2704.62109375
924,0.0341367370579384,0.9529604795461389,0.0001,2.04578510671854,2704.62109375,2705.4140625,2704.62109375,2704.62109375,2704.62109375,2704.62109375
925,0.03412016541653314,0.6558013618350146,0.0001,4.08324159309268,2704.62109375,2705.4140625,2704.62109375,2704.62109375,2704.62109375,2704.62109375
926,0.034105796008269094,0.2079543347952395,0.0001,4.084865179844201,2704.62109375,2705.4140625,2704.62109375,2704.62109375,2704.62109375,2704.62109375
927,0.03409205852730583,0.3087840441592369,0.0001,4.090751300565898,2704.62109375,2705.4140625,2704.62109375,2704.62109375,2704.62109375,2704.62109375
928,0.034083682765144424,0.33814633723583154,0.0001,2.0394471641629934,2704.62109375,2705.4140625,2704.62109375,2704.62109375,2704.62109375,2704.62109375
929,0.03408275985980349,0.3428135214945953,0.0001,4.095091654919088,2704.62109375,2705.4140625,2704.62109375,2704.62109375,2704.62109375,2704.62109375
930,0.034079800630366745,0.17989970519663356,0.0001,2.061065890826285,2704.62109375,2705.4140625,2704.62109375,2704.62109375,2704.62109375,2704.62109375
931,0.0340786670902007,0.13607387926612136,0.0001,2.046504719182849,2704.62109375,2705.4140625,2704.62109375,2704.62109375,2704.62109375,2704.62109375
932,0.03407793157477214,0.0010571224941959834,0.0001,2.033133761957288,2704.62109375,2705.4140625,2704.62109375,2704.62109375,2704.62109375,2704.62109375
933,0.03407766714577356,0.06151023804686595,0.0001,2.052685210481286,2704.62109375,2705.4140625,2704.62109375,2704.62109375,2704.62109375,2704.62109375
934,0.034077540207889216,0.005499966767474662,0.0001,1.993134530261159,2704.62109375,2705.4140625,2704.62109375,2704.62109375,2704.62109375,2704.62109375
935,0.03407750646092078,0.002489675889249865,0.0001,1.6780398022383451,2704.62109375,2705.4140625,2704.62109375,2704.62109375,2704.62109375,2704.62109375
936,0.03407748924531821,0.016298860021675132,0.0001,4.069135122932494,2704.62109375,2705.4140625,2704.62109375,2704.62109375,2704.62109375,2704.62109375
937,0.03407748040703277,0.008208222783407715,0.0001,1.5842735301703215,2704.62109375,2705.4140625,2704.62109375,2704.62109375,2704.62109375,2704.62109375
938,0.034077474209727614,0.0022256363918691235,0.0001,1.5849916320294142,2704.62109375,2705.4140625,2704.62109375,2704.62109375,2704.62109375,2704.62109375
939,0.03407746102364658,0.009549995292097102,0.0001,1.5879174517467618,2704.62109375,2705.4140625,2704.62109375,2704.62109375,2704.62109375,2704.62109375
940,0.03407745313950846,0.01211937353908088,0.0001,1.5880001531913877,2704.62109375,2705.4140625,2704.62109375,2704.62109375,2704.62109375,2704.62109375
941,0.03407744750198881,0.003938344258545667,0.0001,1.5900868698954582,2704.62109375,2705.4140625,2704.62109375,2704.62109375,2704.62109375,2704.62109375
942,0.03407744127023989,0.002299420931006435,0.0001,1.6290879594162107,2704.62109375,2705.4140625,2704.62109375,2704.62109375,2704.62109375,2704.62109375
943,0.034077439289863856,0.008311997055037712,0.0001,3.588746130466461,2704.62109375,2705.4140625,2704.62109375,2704.62109375,2704.62109375,2704.62109375
944,0.034077434033006636,0.0032572043524065064,0.0001,1.588240153156221,2704.62109375,2705.4140625,2704.62109375,2704.62109375,2704.62109375,2704.62109375
945,0.03407742763682655,0.004372279695028292,0.0001,1.5919355070218444,2704.62109375,2705.4140625,2704.62109375,2704.62109375,2704.62109375,2704.62109375
946,0.03407742374339561,0.008585884030264612,0.0001,1.5885553248226643,2704.62109375,2705.4140625,2704.62109375,2704.62109375,2704.62109375,2704.62109375
947,0.03407741806682656,0.00848590793148185,0.0001,1.5961656020954251,2704.62109375,2705.4140625,2704.62109375,2704.62109375,2704.62109375,2704.62109375
948,0.034077417500059354,0.010395433730278292,0.0001,4.078885237686336,2704.62109375,2705.4140625,2704.62109375,2704.62109375,2704.62109375,2704.62109375
949,0.03407740615637825,0.013095966702739048,0.0001,1.5925548393279314,2704.62109375,2705.4140625,2704.62109375,2704.62109375,2704.62109375,2704.62109375
950,0.03407740242542616,0.003528841501205915,0.0001,1.5859179943799973,2704.62109375,2705.4140625,2704.62109375,2704.62109375,2704.62109375,2704.62109375
951,0.034077389530199495,0.0020964064245558856,0.0001,1.5899324305355549,2704.62109375,2705.4140625,2704.62109375,2704.62109375,2704.62109375,2704.62109375
952,0.0340773861574164,0.0007506168904447552,0.0001,1.593043520115316,2704.62109375,2705.4140625,2704.62109375,2704.62109375,2704.62109375,2704.62109375
953,0.03407738224804672,0.0040935085358728696,0.0001,1.5894833877682686,2704.62109375,2705.4140625,2704.62109375,2704.62109375,2704.62109375,2704.62109375
954,0.03407737831608465,0.002354719262671612,0.0001,1.592974971048534,2704.62109375,2705.4140625,2704.62109375,2704.62109375,2704.62109375,2704.62109375
955,0.03407736901374354,0.023791613782643273,0.0001,3.407316965982318,2704.62109375,2705.4140625,2704.62109375,2704.62109375,2704.62109375,2704.62109375
956,0.03407734978349537,0.021635196718385985,0.0001,1.587222839705646,2704.62109375,2705.4140625,2704.62109375,2704.62109375,2704.62109375,2704.62109375
957,0.034077165196746285,0.0005512602897855798,0.0001,1.9519159533083439,2704.62109375,2705.4140625,2704.62109375,2704.62109375,2704.62109375,2704.62109375
958,0.0340768474278315,0.018760530447028634,0.0001,1.9919283855706453,2704.62109375,2705.4140625,2704.62109375,2704.62109375,2704.62109375,2704.62109375
959,0.03407639625646767,0.16100549394470343,0.0001,2.035307439044118,2704.62109375,2705.4140625,2704.62109375,2704.62109375,2704.62109375,2704.62109375
960,0.034075642030471275,0.09153751735847337,0.0001,2.037143216468394,2704.62109375,2705.4140625,2704.62109375,2704.62109375,2704.62109375,2704.62109375
961,0.034074561400708865,0.0026093333872119207,0.0001,2.032040188089013,2704.62109375,2705.4140625,2704.62109375,2704.62109375,2704.62109375,2704.62109375
962,0.03407400808219665,0.02205564247723535,0.0001,2.0421235533431172,2704.62109375,2705.4140625,2704.62109375,2704.62109375,2704.62109375,2704.62109375
963,0.034073828872880574,0.013660408110683031,0.0001,1.9957594191655517,2704.62109375,2705.4140625,2704.62109375,2704.62109375,2704.62109375,2704.62109375
964,0.03407378442933565,0.008428067055397115,0.0001,1.7684553833678365,2704.62109375,2705.4140625,2704.62109375,2704.62109375,2704.62109375,2704.62109375
965,0.03407376378769127,0.000904465276777216,0.0001,3.898439297452569,2704.62109375,2705.4140625,2704.62109375,2704.62109375,2704.62109375,2704.62109375
966,0.034073759028419776,0.011396038486326532,0.0001,4.08106489572674,2704.62109375,2705.4140625,2704.62109375,2704.62109375,2704.62109375,2704.62109375
967,0.034073742984144534,0.0038817667960890923,0.0001,1.5921313278377056,2704.62109375,2705.4140625,2704.62109375,2704.62109375,2704.62109375,2704.62109375
968,0.03407372163970656,0.006976844690893325,0.0001,1.6334845535457134,2704.62109375,2705.4140625,2704.62109375,2704.62109375,2704.62109375,2704.62109375
969,0.03407371168324482,0.010439987372295345,0.0001,1.584946632385254,2704.62109375,2705.4140625,2704.62109375,2704.62109375,2704.62109375,2704.62109375
970,0.034073687137005426,0.010116446918027489,0.0001,1.5850174315273762,2704.62109375,2705.4140625,2704.62109375,2704.62109375,2704.62109375,2704.62109375
971,0.03407368562113857,0.014301627694574659,0.0001,4.0765293799340725,2704.62109375,2705.4140625,2704.62109375,2704.62109375,2704.62109375,2704.62109375
972,0.034073644271600506,0.02001247656070615,0.0001,1.5907225422561169,2704.62109375,2705.4140625,2704.62109375,2704.62109375,2704.62109375,2704.62109375
973,0.034073540236905474,0.024745701938332143,0.0001,1.9929215991869569,2704.62109375,2705.4140625,2704.62109375,2704.62109375,2704.62109375,2704.62109375
974,0.034073404475308496,0.024114853450280416,0.0001,2.0334323327988386,2704.62109375,2705.4140625,2704.62109375,2704.62109375,2704.62109375,2704.62109375
975,0.03407331731832573,0.03157493853279947,0.0001,4.076051508076489,2704.62109375,2705.4140625,2704.62109375,2704.62109375,2704.62109375,2704.62109375
976,0.034073294428824626,0.01193471009363578,0.0001,2.0373397264629602,2704.62109375,2705.4140625,2704.62109375,2704.62109375,2704.62109375,2704.62109375
977,0.03407322672527239,0.01739710191034427,0.0001,1.946799075230956,2704.62109375,2705.4140625,2704.62109375,2704.62109375,2704.62109375,2704.62109375
978,0.03407318849047065,0.0019111296305462933,0.0001,1.945997592061758,2704.62109375,2705.4140625,2704.62109375,2704.62109375,2704.62109375,2704.62109375
979,0.03407315470464807,0.0019116353131264363,0.0001,1.5886613763868809,2704.62109375,2705.4140625,2704.62109375,2704.62109375,2704.62109375,2704.62109375
980,0.03407309626202335,0.049857330409147305,0.0001,4.078447385691106,2704.62109375,2705.4140625,2704.62109375,2704.62109375,2704.62109375,2704.62109375
981,0.03407300513601463,0.026607217878397704,0.0001,1.8234015284106135,2704.62109375,2705.4140625,2704.62109375,2704.62109375,2704.62109375,2704.62109375
982,0.034072867625990426,0.0020697114650289894,0.0001,1.902772949077189,2704.62109375,2705.4140625,2704.62109375,2704.62109375,2704.62109375,2704.62109375
983,0.034072590126443224,0.04998790648305396,0.0001,1.991217453032732,2704.62109375,2705.4140625,2704.62109375,2704.62109375,2704.62109375,2704.62109375
984,0.034071921500213286,0.11680550164760928,0.0001,2.0363389924168587,2704.62109375,2705.4140625,2704.62109375,2704.62109375,2704.62109375,2704.62109375
985,0.034070110196146745,0.24010951035420613,0.0001,2.044260561466217,2704.62109375,2705.4140625,2704.62109375,2704.62109375,2704.62109375,2704.62109375
986,0.03406621922648906,0.4065567876873124,0.0001,2.044813913293183,2704.62109375,2705.4140625,2704.62109375,2704.62109375,2704.62109375,2704.62109375
987,0.03405971211746215,0.5349628385013527,0.0001,2.034894327633083,2704.62109375,2705.4140625,2704.62109375,2704.62109375,2704.62109375,2704.62109375
988,0.03405830166736039,0.3554911707750297,0.0001,4.073440369218588,2704.62109375,2705.4140625,2704.62109375,2704.62109375,2704.62109375,2704.62109375
989,0.03405389697369947,0.20766439083685384,0.0001,2.041568871587515,2704.62109375,2705.4140625,2704.62109375,2704.62109375,2704.62109375,2704.62109375
990,0.03405373654715789,0.35337588781083196,0.0001,2.039736734703183,2704.62109375,2705.4140625,2704.62109375,2704.62109375,2704.62109375,2704.62109375
991,0.03405235357423911,0.10760858757726133,0.0001,2.0370735758915544,2704.62109375,2705.4140625,2704.62109375,2704.62109375,2704.62109375,2704.62109375
992,0.03405203370434802,0.006688646093712114,0.0001,2.0398923959583044,2704.62109375,2705.4140625,2704.62109375,2704.62109375,2704.62109375,2704.62109375
993,0.03405170895261361,0.025889341985547043,0.0001,1.9937530811876059,2704.62109375,2705.4140625,2704.62109375,2704.62109375,2704.62109375,2704.62109375
994,0.03405125323122496,0.05616838919390732,0.0001,2.0469558015465736,2704.62109375,2705.4140625,2704.62109375,2704.62109375,2704.62109375,2704.62109375
995,0.034050663823825995,0.08878286332515795,0.0001,2.0346180871129036,2704.62109375,2705.4140625,2704.62109375,2704.62109375,2704.62109375,2704.62109375
996,0.034048612977651514,0.10287855111321198,0.0001,2.0383167900145054,2704.62109375,2705.4140625,2704.62109375,2704.62109375,2704.62109375,2704.62109375
997,0.03404792902844448,0.19988485174020632,0.0001,2.0376594867557287,2704.62109375,2705.4140625,2704.62109375,2704.62109375,2704.62109375,2704.62109375
998,0.03404735158628826,0.05908304969375977,0.0001,2.0415600519627333,2704.62109375,2705.4140625,2704.62109375,2704.62109375,2704.62109375,2704.62109375
999,0.03404561601010271,0.04540655115705816,0.0001,2.04561569634825,2704.62109375,2705.4140625,2704.62109375,2704.62109375,2704.62109375,2704.62109375
1000,0.03404545833929384,0.07326043418093164,0.0001,4.097558713518083,2704.62109375,2705.4140625,2704.62109375,2704.62109375,2704.62109375,2704.62109375
1001,0.03404530221094404,0.030594173903444544,0.0001,2.037214065901935,2704.62109375,2705.4140625,2704.62109375,2704.62109375,2704.62109375,2704.62109375
1002,0.03404522455762106,0.01261067183581921,0.0001,1.5845543211326003,2704.62109375,2705.4140625,2704.62109375,2704.62109375,2704.62109375,2704.62109375
1003,0.03404517594601916,0.009309732583243857,0.0001,1.8985985144972801,2704.62109375,2705.4140625,2704.62109375,2704.62109375,2704.62109375,2704.62109375
1004,0.03404517327092671,0.002616623683082131,0.0001,4.072852306999266,2704.62109375,2705.4140625,2704.62109375,2704.62109375,2704.62109375,2704.62109375
1005,0.034045159218093896,0.003715918391849704,0.0001,1.5918571660295129,2704.62109375,2705.4140625,2704.62109375,2704.62109375,2704.62109375,2704.62109375
1006,0.034045067955404885,0.011436486419457714,0.0001,1.7658568331971765,2704.62109375,2705.4140625,2704.62109375,2704.62109375,2704.62109375,2704.62109375
1007,0.03404490938674211,0.012393644607812893,0.0001,2.0376465879380703,2704.62109375,2705.4140625,2704.62109375,2704.62109375,2704.62109375,2704.62109375
1008,0.034044898148658215,0.03819284419554214,0.0001,4.082643051631749,2704.62109375,2705.4140625,2704.62109375,2704.62109375,2704.62109375,2704.62109375
1009,0.03404473976695282,0.016296727414245815,0.0001,1.988461152650416,2704.62109375,2705.4140625,2704.62109375,2704.62109375,2704.62109375,2704.62109375
1010,0.034044635182701406,0.0017272590156405254,0.0001,1.769641906954348,2704.62109375,2705.4140625,2704.62109375,2704.62109375,2704.62109375,2704.62109375
1011,0.03404448235643553,0.019161817346480037,0.0001,1.9031753409653902,2704.62109375,2705.4140625,2704.62109375,2704.62109375,2704.62109375,2704.62109375
1012,0.034044358527944324,0.017372415122239304,0.0001,2.0357810212299228,2704.62109375,2705.4140625,2704.62109375,2704.62109375,2704.62109375,2704.62109375
1013,0.03404429566842203,0.0961233243921722,0.0001,2.038171039894223,2704.62109375,2705.4140625,2704.62109375,2704.62109375,2704.62109375,2704.62109375
1014,0.034044034339742145,0.024190526398033096,0.0001,2.036358962766826,2704.62109375,2705.4140625,2704.62109375,2704.62109375,2704.62109375,2704.62109375
1015,0.03404382478278434,0.017901458250294544,0.0001,1.9109172886237502,2704.62109375,2705.4140625,2704.62109375,2704.62109375,2704.62109375,2704.62109375
1016,0.034043583368055914,0.03134691365640174,0.0001,2.040870748460293,2704.62109375,2705.4140625,2704.62109375,2704.62109375,2704.62109375,2704.62109375
1017,0.03404357556165004,0.04615391272355185,0.0001,4.099460591562092,2704.62109375,2705.4140625,2704.62109375,2704.62109375,2704.62109375,2704.62109375
1018,0.03404351380042054,0.022273005672567403,0.0001,1.9062917921692133,2704.62109375,2705.4140625,2704.62109375,2704.62109375,2704.62109375,2704.62109375
1019,0.034043495735987604,0.004771808479530626,0.0001,1.5961905615404248,2704.62109375,2705.4140625,2704.62109375,2704.62109375,2704.62109375,2704.62109375
1020,0.03404348348029821,0.009662760150748406,0.0001,1.5925447391346097,2704.62109375,2705.4140625,2704.62109375,2704.62109375,2704.62109375,2704.62109375
1021,0.034043478089285095,0.014219985306499261,0.0001,1.5933226309716702,2704.62109375,2705.4140625,2704.62109375,2704.62109375,2704.62109375,2704.62109375
1022,0.03404347114956688,0.013548588426294028,0.0001,1.5921994680538774,2704.62109375,2705.4140625,2704.62109375,2704.62109375,2704.62109375,2704.62109375
1023,0.03404346955308432,0.014486074922871683,0.0001,4.08713149651885,2704.62109375,2705.4140625,2704.62109375,2704.62109375,2704.62109375,2704.62109375
1024,0.03404346173255374,0.0005356393265873219,0.0001,4.090164978057146,2704.62109375,2705.4140625,2704.62109375,2704.62109375,2704.62109375,2704.62109375
1025,0.034043453883251404,0.006969456188487211,0.0001,1.5908986935392022,2704.62109375,2705.4140625,2704.62109375,2704.62109375,2704.62109375,2704.62109375
1026,0.034043440726102825,0.017613249988761792,0.0001,1.5937782740220428,2704.62109375,2705.4140625,2704.62109375,2704.62109375,2704.62109375,2704.62109375
1027,0.034043419881102564,0.02878430503568552,0.0001,1.5924755381420255,2704.62109375,2705.4140625,2704.62109375,2704.62109375,2704.62109375,2704.62109375
1028,0.034043380303762694,0.033163814322430096,0.0001,1.7624956415966153,2704.62109375,2705.4140625,2704.62109375,2704.62109375,2704.62109375,2704.62109375
1029,0.03404337323666125,0.04716177665474519,0.0001,4.074447551742196,2704.62109375,2705.4140625,2704.62109375,2704.62109375,2704.62109375,2704.62109375
1030,0.03404332475349809,0.030170725888946315,0.0001,1.808653736487031,2704.62109375,2705.4140625,2704.62109375,2704.62109375,2704.62109375,2704.62109375
1031,0.034043285993083296,0.013251062919631962,0.0001,1.8567949961870909,2704.62109375,2705.4140625,2704.62109375,2704.62109375,2704.62109375,2704.62109375
1032,0.034043269640730435,0.014622432273615482,0.0001,1.5864306464791298,2704.62109375,2705.4140625,2704.62109375,2704.62109375,2704.62109375,2704.62109375
1033,0.03404326234975721,0.010701349066487786,0.0001,1.5852156830951571,2704.62109375,2705.4140625,2704.62109375,2704.62109375,2704.62109375,2704.62109375
1034,0.03404325546464687,0.0058893896551026614,0.0001,1.5833722557872534,2704.62109375,2705.4140625,2704.62109375,2704.62109375,2704.62109375,2704.62109375
1035,0.03404324757877348,0.00022904969712111978,0.0001,1.5944673465564847,2704.62109375,2705.4140625,2704.62109375,2704.62109375,2704.62109375,2704.62109375
1036,0.034043239929547,0.0003694669145876128,0.0001,1.5940749635919929,2704.62109375,2705.4140625,2704.62109375,2704.62109375,2704.62109375,2704.62109375
1037,0.034043238394981815,0.00822746539072794,0.0001,4.074718022719026,2704.62109375,2705.4140625,2704.62109375,2704.62109375,2704.62109375,2704.62109375
1038,0.03404323501666232,0.003079816126907997,0.0001,1.5937993945553899,2704.62109375,2705.4140625,2704.62109375,2704.62109375,2704.62109375,2704.62109375
1039,0.03404323420344726,0.0001781147854932704,0.0001,1.593586541712284,2704.62109375,2705.4140625,2704.62109375,2704.62109375,2704.62109375,2704.62109375
1040,0.03404323411631418,0.0005493472113575759,0.0001,1.5971497660502791,2704.62109375,2705.4140625,2704.62109375,2704.62109375,2704.62109375,2704.62109375
1041,0.034043233866380695,0.0005404802261164132,0.0001,1.5903830407187343,2704.62109375,2705.4140625,2704.62109375,2704.62109375,2704.62109375,2704.62109375
1042,0.03404323384803901,0.0008117852328262121,0.0001,4.083555484190583,2704.62109375,2705.4140625,2704.62109375,2704.62109375,2704.62109375,2704.62109375
1043,0.034043233328465136,0.0008942143027899085,0.0001,1.5937526235356927,2704.62109375,2705.4140625,2704.62109375,2704.62109375,2704.62109375,2704.62109375
1044,0.0340432332700284,0.0022627731810693774,0.0001,4.086269544437528,2704.62109375,2705.4140625,2704.62109375,2704.62109375,2704.62109375,2704.62109375
1045,0.03404323240628002,0.002326059540668668,0.0001,1.5936760529875755,2704.62109375,2705.4140625,2704.62109375,2704.62109375,2704.62109375,2704.62109375
1046,0.03404323104519815,0.00722987630392824,0.0001,4.080889005213976,2704.62109375,2705.4140625,2704.62109375,2704.62109375,2704.62109375,2704.62109375
1047,0.03404322695327152,0.0072001392438572065,0.0001,1.5854471642524004,2704.62109375,2705.4140625,2704.62109375,2704.62109375,2704.62109375,2704.62109375
1048,0.03404322677545023,0.009183076614484253,0.0001,4.059672879986465,2704.62109375,2705.4140625,2704.62109375,2704.62109375,2704.62109375,2704.62109375
1049,0.03404320827376806,0.00918281833453527,0.0001,1.5827247332781553,2704.62109375,2705.4140625,2704.62109375,2704.62109375,2704.62109375,2704.62109375
1050,0.03404320328431553,0.008994170761646103,0.0001,4.053326677531004,2704.62109375,2705.4140625,2704.62109375,2704.62109375,2704.62109375,2704.62109375
1051,0.03404307628368844,0.006840034544477236,0.0001,1.9449214190244675,2704.62109375,2705.4140625,2704.62109375,2704.62109375,2704.62109375,2704.62109375
1052,0.034042961951535215,0.0033436697191278064,0.0001,2.04587893653661,2704.62109375,2705.4140625,2704.62109375,2704.62109375,2704.62109375,2704.62109375
1053,0.03404295934055677,0.009887525053208446,0.0001,4.07446423266083,2704.62109375,2705.4140625,2704.62109375,2704.62109375,2704.62109375,2704.62109375
1054,0.034042932495646765,0.0017754671453524828,0.0001,1.724937567487359,2704.62109375,2705.4140625,2704.62109375,2704.62109375,2704.62109375,2704.62109375
1055,0.03404292374105521,0.007181341540500541,0.0001,1.5849841330200434,2704.62109375,2705.4140625,2704.62109375,2704.62109375,2704.62109375,2704.62109375
1056,0.03404290959780478,0.0039736502376599425,0.0001,1.5832661148160696,2704.62109375,2705.4140625,2704.62109375,2704.62109375,2704.62109375,2704.62109375
1057,0.03404290536047426,0.018069110986001946,0.0001,4.077375273220241,2704.62109375,2705.4140625,2704.62109375,2704.62109375,2704.62109375,2704.62109375
1058,0.03404288358765566,0.011910943791336281,0.0001,1.5945292757824063,2704.62109375,2705.4140625,2704.62109375,2704.62109375,2704.62109375,2704.62109375
1059,0.03404280199387138,0.008133354615267763,0.0001,1.725066409446299,2704.62109375,2705.4140625,2704.62109375,2704.62109375,2704.62109375,2704.62109375
1060,0.034042652052968525,0.031623130577006275,0.0001,1.9042205046862364,2704.62109375,2705.4140625,2704.62109375,2704.62109375,2704.62109375,2704.62109375
1061,0.034042266159896736,0.07397669786926198,0.0001,2.041006409563124,2704.62109375,2705.4140625,2704.62109375,2704.62109375,2704.62109375,2704.62109375
1062,0.03404143006204638,0.13088717366657265,0.0001,2.060854739509523,2704.62109375,2705.4140625,2704.62109375,2704.62109375,2704.62109375,2704.62109375
1063,0.034039793740884554,0.1918542897595732,0.0001,2.035193999297917,2704.62109375,2705.4140625,2704.62109375,2704.62109375,2704.62109375,2704.62109375
1064,0.03403785350096873,0.13945767252394292,0.0001,2.038521360605955,2704.62109375,2705.4140625,2704.62109375,2704.62109375,2704.62109375,2704.62109375
1065,0.03403758490514753,0.19694954455357494,0.0001,4.079133539460599,2704.62109375,2705.4140625,2704.62109375,2704.62109375,2704.62109375,2704.62109375
1066,0.03403652905150634,0.05447677576571475,0.0001,2.0340737150982022,2704.62109375,2705.4140625,2704.62109375,2704.62109375,2704.62109375,2704.62109375
1067,0.03403639950303888,0.008440864037061901,0.0001,1.5857042632997036,2704.62109375,2705.4140625,2704.62109375,2704.62109375,2704.62109375,2704.62109375
1068,0.03403624789544881,0.022115885047033434,0.0001,1.951464262790978,2704.62109375,2705.4140625,2704.62109375,2704.62109375,2704.62109375,2704.62109375
1069,0.0340361165259444,0.06908081893811113,0.0001,1.725094578228891,2704.62109375,2705.4140625,2704.62109375,2704.62109375,2704.62109375,2704.62109375
1070,0.03403591428824465,0.08340694021445727,0.0001,2.0395210050046444,2704.62109375,2705.4140625,2704.62109375,2704.62109375,2704.62109375,2704.62109375
1071,0.03403548039490124,0.0526298814779228,0.0001,2.0392237436026335,2704.62109375,2705.4140625,2704.62109375,2704.62109375,2704.62109375,2704.62109375
1072,0.034034856066718404,0.12782926716699272,0.0001,2.0385300805792212,2704.62109375,2705.4140625,2704.62109375,2704.62109375,2704.62109375,2704.62109375
1073,0.034033992094653985,0.08197608837479042,0.0001,2.044741863384843,2704.62109375,2705.4140625,2704.62109375,2704.62109375,2704.62109375,2704.62109375
1074,0.03403135241241992,0.21203738844871234,0.0001,2.036217411980033,2704.62109375,2705.4140625,2704.62109375,2704.62109375,2704.62109375,2704.62109375
1075,0.03402956889262122,0.09922405370380649,0.0001,2.0326942894607782,2704.62109375,2705.4140625,2704.62109375,2704.62109375,2704.62109375,2704.62109375
1076,0.03402882262945177,0.16648573395263178,0.0001,2.0330655220896006,2704.62109375,2705.4140625,2704.62109375,2704.62109375,2704.62109375,2704.62109375
1077,0.03402849039833655,0.014846282156337987,0.0001,1.90186320617795,2704.62109375,2705.4140625,2704.62109375,2704.62109375,2704.62109375,2704.62109375
1078,0.03402837457008115,0.008147451472718892,0.0001,1.7660526540130377,2704.62109375,2705.4140625,2704.62109375,2704.62109375,2704.62109375,2704.62109375
1079,0.03402822779167448,0.01442897016079081,0.0001,2.039279623888433,2704.62109375,2705.4140625,2704.62109375,2704.62109375,2704.62109375,2704.62109375
1080,0.03402807451621165,0.0037525235185120742,0.0001,4.06583537068218,2704.62109375,2705.4140625,2704.62109375,2704.62109375,2704.62109375,2704.62109375
1081,0.03402788794900846,0.012879607789312741,0.0001,1.6813238244503736,2704.62109375,2705.4140625,2704.62109375,2704.62109375,2704.62109375,2704.62109375
1082,0.03402661063835266,0.02065884512364191,0.0001,2.0349756004288793,2704.62109375,2705.4140625,2704.62109375,2704.62109375,2704.62109375,2704.62109375
1083,0.03402652167386014,0.03180926430199338,0.0001,4.07065833825618,2704.62109375,2705.4140625,2704.62109375,2704.62109375,2704.62109375,2704.62109375
1084,0.034024699906219605,0.003317007629179969,0.0001,2.0355281000956893,2704.62109375,2705.4140625,2704.62109375,2704.62109375,2704.62109375,2704.62109375
1085,0.034023680326221294,0.034342239816192,0.0001,2.0354880103841424,2704.62109375,2705.4140625,2704.62109375,2704.62109375,2704.62109375,2704.62109375
1086,0.034023367566124584,0.04255787299981628,0.0001,2.035621751099825,2704.62109375,2705.4140625,2704.62109375,2704.62109375,2704.62109375,2704.62109375
1087,0.03402333765670486,0.023635446040019548,0.0001,4.068337270990014,2704.62109375,2705.4140625,2704.62109375,2704.62109375,2704.62109375,2704.62109375
1088,0.03402328834030894,0.03701864049294712,0.0001,2.036861944012344,2704.62109375,2705.4140625,2704.62109375,2704.62109375,2704.62109375,2704.62109375
1089,0.03402326334819165,0.01002556249604869,0.0001,1.9471758669242263,2704.62109375,2705.4140625,2704.62109375,2704.62109375,2704.62109375,2704.62109375
1090,0.03402325844015933,0.0005035148371673737,0.0001,1.5898155886679888,2704.62109375,2705.4140625,2704.62109375,2704.62109375,2704.62109375,2704.62109375
1091,0.034023258275636806,0.00025049249749575786,0.0001,1.5880328929051757,2704.62109375,2705.4140625,2704.62109375,2704.62109375,2704.62109375,2704.62109375
1092,0.034023257218030505,0.0005122427960890796,0.0001,3.17609063629061,2704.62109375,2705.4140625,2704.62109375,2704.62109375,2704.62109375,2704.62109375
1093,0.03402325581029731,0.0011686840732582082,0.0001,3.175720024853945,2704.62109375,2705.4140625,2704.62109375,2704.62109375,2704.62109375,2704.62109375
1094,0.03402324711008347,0.0065564789479876096,0.0001,1.5885316338390112,2704.62109375,2705.4140625,2704.62109375,2704.62109375,2704.62109375,2704.62109375
1095,0.03402321148205329,0.017206125394974014,0.0001,1.5932102408260107,2704.62109375,2705.4140625,2704.62109375,2704.62109375,2704.62109375,2704.62109375
1096,0.03402311153613051,0.03785780198944899,0.0001,1.9044424667954445,2704.62109375,2705.4140625,2704.62109375,2704.62109375,2704.62109375,2704.62109375
1097,0.034022872941539474,0.06916039284274722,0.0001,1.9932004697620869,2704.62109375,2705.4140625,2704.62109375,2704.62109375,2704.62109375,2704.62109375
1098,0.03402224919212676,0.11572683592257027,0.0001,2.0378858279436827,2704.62109375,2705.4140625,2704.62109375,2704.62109375,2704.62109375,2704.62109375
1099,0.03402072698363152,0.15317470040727532,0.0001,2.03711274638772,2704.62109375,2705.4140625,2704.62109375,2704.62109375,2704.62109375,2704.62109375
1100,0.034020177411867754,0.3732537358195318,0.0001,4.074852983467281,2704.62109375,2705.4140625,2704.62109375,2704.62109375,2704.62109375,2704.62109375
1101,0.03401668794843781,0.2679039666087094,0.0001,2.036818515509367,2704.62109375,2705.4140625,2704.62109375,2704.62109375,2704.62109375,2704.62109375
1102,0.03401119766709555,0.006576626210343431,0.0001,2.040030375123024,2704.62109375,2705.4140625,2704.62109375,2704.62109375,2704.62109375,2704.62109375
1103,0.03400302834158134,0.04446293704850457,0.0001,2.0399175453931093,2704.62109375,2705.4140625,2704.62109375,2704.62109375,2704.62109375,2704.62109375
1104,0.033999114907782964,0.028266054157256804,0.0001,4.078336847014725,2704.62109375,2705.4140625,2704.62109375,2704.62109375,2704.62109375,2704.62109375
1105,0.03399842187864516,0.0035559841815035863,0.0001,4.176155143417418,2704.62109375,2705.4140625,2704.62109375,2704.62109375,2704.62109375,2704.62109375
1106,0.03399502565391207,0.12654853025964452,0.0001,2.0378513680770993,2704.62109375,2705.4140625,2704.62109375,2704.62109375,2704.62109375,2704.62109375
1107,0.03399433212459549,0.023216638793911892,0.0001,2.0406130272895098,2704.62109375,2705.4140625,2704.62109375,2704.62109375,2704.62109375,2704.62109375
1108,0.03399387838383892,0.023044734744341322,0.0001,2.0429867170751095,2704.62109375,2705.4140625,2704.62109375,2704.62109375,2704.62109375,2704.62109375
1109,0.033993529033736786,0.13416037060054187,0.0001,2.043845950625837,2704.62109375,2705.4140625,2704.62109375,2704.62109375,2704.62109375,2704.62109375
1110,0.03399317501625677,0.09538148106766031,0.0001,2.0417704517021775,2704.62109375,2705.4140625,2704.62109375,2704.62109375,2704.62109375,2704.62109375
1111,0.03399280995542039,0.017642781109571404,0.0001,2.041893722489476,2704.62109375,2705.4140625,2704.62109375,2704.62109375,2704.62109375,2704.62109375
1112,0.033992224710083084,0.04699285406848608,0.0001,2.0471463315188885,2704.62109375,2705.4140625,2704.62109375,2704.62109375,2704.62109375,2704.62109375
1113,0.03399204529760908,0.015198881390816266,0.0001,2.046147587709129,2704.62109375,2705.4140625,2704.62109375,2704.62109375,2704.62109375,2704.62109375
1114,0.033992016827072716,0.002024440263391991,0.0001,1.638667281717062,2704.62109375,2705.4140625,2704.62109375,2704.62109375,2704.62109375,2704.62109375
1115,0.03399200407797534,0.010878015029129884,0.0001,1.5981399295851588,2704.62109375,2705.4140625,2704.62109375,2704.62109375,2704.62109375,2704.62109375
1116,0.033991960121805366,0.03658189835810832,0.0001,1.5963323321193457,2704.62109375,2705.4140625,2704.62109375,2704.62109375,2704.62109375,2704.62109375
1117,0.033991885811538634,0.06418905072417425,0.0001,1.5942965922877192,2704.62109375,2705.4140625,2704.62109375,2704.62109375,2704.62109375,2704.62109375
1118,0.03399168848215936,0.10711607998322403,0.0001,1.9555401308462024,2704.62109375,2705.4140625,2704.62109375,2704.62109375,2704.62109375,2704.62109375
1119,0.03399134214842261,0.14052287903984917,0.0001,2.0411655586212873,2704.62109375,2705.4140625,2704.62109375,2704.62109375,2704.62109375,2704.62109375
1120,0.03399093367187927,0.09435448522418466,0.0001,2.046916658990085,2704.62109375,2705.4140625,2704.62109375,2704.62109375,2704.62109375,2704.62109375
1121,0.0339908102537804,0.1349322435433873,0.0001,4.082854169420898,2704.62109375,2705.4140625,2704.62109375,2704.62109375,2704.62109375,2704.62109375
1122,0.03399059897539943,0.026752646147420345,0.0001,1.8591695548966527,2704.62109375,2705.4140625,2704.62109375,2704.62109375,2704.62109375,2704.62109375
1123,0.033990565621256845,0.0020888474026364845,0.0001,1.5933398567140102,2704.62109375,2705.4140625,2704.62109375,2704.62109375,2704.62109375,2704.62109375
1124,0.033990551592292764,0.013650436890800366,0.0001,1.5963524179533124,2704.62109375,2705.4140625,2704.62109375,2704.62109375,2704.62109375,2704.62109375
1125,0.033990537756803045,0.019074698295152404,0.0001,1.5942599810659885,2704.62109375,2705.4140625,2704.62109375,2704.62109375,2704.62109375,2704.62109375
1126,0.033990514588538606,0.019859990763481328,0.0001,1.5924406442791224,2704.62109375,2705.4140625,2704.62109375,2704.62109375,2704.62109375,2704.62109375
1127,0.033990490038642886,0.003212361181901935,0.0001,4.078858995810151,2704.62109375,2705.4140625,2704.62109375,2704.62109375,2704.62109375,2704.62109375
1128,0.03399043727768902,0.003207453717883002,0.0001,1.5934031680226326,2704.62109375,2705.4140625,2704.62109375,2704.62109375,2704.62109375,2704.62109375
1129,0.03399035664788645,0.02176737082547442,0.0001,1.7741367081180215,2704.62109375,2705.4140625,2704.62109375,2704.62109375,2704.62109375,2704.62109375
1130,0.03399029246341076,0.0351934926563946,0.0001,1.6977010797709227,2704.62109375,2705.4140625,2704.62109375,2704.62109375,2704.62109375,2704.62109375
1131,0.03399022666506753,0.03834976901853482,0.0001,1.904127025976777,2704.62109375,2705.4140625,2704.62109375,2704.62109375,2704.62109375,2704.62109375
1132,0.03399022460593117,0.031035942560317276,0.0001,4.079105706885457,2704.62109375,2705.4140625,2704.62109375,2704.62109375,2704.62109375,2704.62109375
1133,0.03399018623302313,0.021686616490151245,0.0001,1.6827336493879557,2704.62109375,2705.4140625,2704.62109375,2704.62109375,2704.62109375,2704.62109375
1134,0.033990179953995045,0.0015754354699186734,0.0001,3.5469265803694725,2704.62109375,2705.4140625,2704.62109375,2704.62109375,2704.62109375,2704.62109375
1135,0.03399017270905567,0.0009611051400455484,0.0001,1.591642701998353,2704.62109375,2705.4140625,2704.62109375,2704.62109375,2704.62109375,2704.62109375
1136,0.0339901630563688,0.0002759556685103526,0.0001,4.090964336879551,2704.62109375,2705.4140625,2704.62109375,2704.62109375,2704.62109375,2704.62109375
1137,0.03399013776186259,0.0028806472846526487,0.0001,1.5889238538220525,2704.62109375,2705.4140625,2704.62109375,2704.62109375,2704.62109375,2704.62109375
1138,0.033990017695199395,0.01385067353825531,0.0001,1.951158714480698,2704.62109375,2705.4140625,2704.62109375,2704.62109375,2704.62109375,2704.62109375
1139,0.03398987353333408,0.012851689377514575,0.0001,1.9938178788870573,2704.62109375,2705.4140625,2704.62109375,2704.62109375,2704.62109375,2704.62109375
1140,0.03398986828652627,0.016854418456854203,0.0001,4.082170466892421,2704.62109375,2705.4140625,2704.62109375,2704.62109375,2704.62109375,2704.62109375
1141,0.03398960336510549,0.018634443602508988,0.0001,2.040503497235477,2704.62109375,2705.4140625,2704.62109375,2704.62109375,2704.62109375,2704.62109375
1142,0.03398955413376223,0.016906842940491384,0.0001,4.07611411716789,2704.62109375,2705.4140625,2704.62109375,2704.62109375,2704.62109375,2704.62109375
1143,0.03398955346186567,0.020689432736673008,0.0001,6.076883559115231,2704.62109375,2705.4140625,2704.62109375,2704.62109375,2704.62109375,2704.62109375
1144,0.03398924608207011,0.01361839243056051,0.0001,2.037641206756234,2704.62109375,2705.4140625,2704.62109375,2704.62109375,2704.62109375,2704.62109375
1145,0.033989244643064624,0.00496305000070163,0.0001,4.077528892084956,2704.62109375,2705.4140625,2704.62109375,2704.62109375,2704.62109375,2704.62109375
1146,0.03398915737888468,0.0009323769073770194,0.0001,1.9030221123248339,2704.62109375,2705.4140625,2704.62109375,2704.62109375,2704.62109375,2704.62109375
1147,0.033989143718484084,0.00045908219130663674,0.0001,1.588034269399941,2704.62109375,2705.4140625,2704.62109375,2704.62109375,2704.62109375,2704.62109375
1148,0.03398906362617322,0.007909243888655326,0.0001,3.183699325658381,2704.62109375,2705.4140625,2704.62109375,2704.62109375,2704.62109375,2704.62109375
1149,0.033988825097052665,0.01992250776480098,0.0001,1.9044179078191519,2704.62109375,2705.4140625,2704.62109375,2704.62109375,2704.62109375,2704.62109375
1150,0.033987989345515106,0.032640958466559455,0.0001,2.0361062306910753,2704.62109375,2705.4140625,2704.62109375,2704.62109375,2704.62109375,2704.62109375
1151,0.033986978569556715,0.031697222578302986,0.0001,2.035748020745814,2704.62109375,2705.4140625,2704.62109375,2704.62109375,2704.62109375,2704.62109375
1152,0.03398590942099045,0.04770967286687644,0.0001,2.0363341635093093,2704.62109375,2705.4140625,2704.62109375,2704.62109375,2704.62109375,2704.62109375
1153,0.03398486095946654,0.10022971193145813,0.0001,2.0356868393719196,2704.62109375,2705.4140625,2704.62109375,2704.62109375,2704.62109375,2704.62109375
1154,0.033984527159366194,0.013095454539972518,0.0001,4.073306447826326,2704.62109375,2705.4140625,2704.62109375,2704.62109375,2704.62109375,2704.62109375
1155,0.033984291878101015,0.006583735146975522,0.0001,2.0325348991900682,2704.62109375,2705.4140625,2704.62109375,2704.62109375,2704.62109375,2704.62109375
1156,0.033983500501380444,0.09033334986066921,0.0001,3.43595224712044,2704.62109375,2705.4140625,2704.62109375,2704.62109375,2704.62109375,2704.62109375
1157,0.033979998526119194,0.2132706390850525,0.0001,2.0287790773436427,2704.62109375,2705.4140625,2704.62109375,2704.62109375,2704.62109375,2704.62109375
1158,0.03396787913541256,0.19010606420469234,0.0001,2.0297490498051047,2704.62109375,2705.4140625,2704.62109375,2704.62109375,2704.62109375,2704.62109375
1159,0.03396708685583608,0.2884452735966351,0.0001,4.052714598365128,2704.62109375,2705.4140625,2704.62109375,2704.62109375,2704.62109375,2704.62109375
1160,0.03395105149749111,0.04372602373887746,0.0001,2.0268169501796365,2704.62109375,2705.4140625,2704.62109375,2704.62109375,2704.62109375,2704.62109375
1161,0.033932050307411366,0.025495759134830598,0.0001,2.030921774916351,2704.62109375,2705.4140625,2704.62109375,2704.62109375,2704.62109375,2704.62109375
1162,0.033927815453511645,0.0199811065440465,0.0001,4.079782378859818,2704.62109375,2705.4140625,2704.62109375,2704.62109375,2704.62109375,2704.62109375
1163,0.03392694712614597,0.009521071867545028,0.0001,8.155444635078311,2704.62109375,2705.4140625,2704.62109375,2704.62109375,2704.62109375,2704.62109375
1164,0.03391944001416827,0.018775957444127855,0.0001,4.066838434897363,2704.62109375,2705.4140625,2704.62109375,2704.62109375,2704.62109375,2704.62109375
1165,0.033919262534663173,0.0046379778057845655,0.0001,8.137008062563837,2704.62109375,2705.4140625,2704.62109375,2704.62109375,2704.62109375,2704.62109375
1166,0.0339163342823303,0.1117915678718735,0.0001,4.063862635754049,2704.62109375,2705.4140625,2704.62109375,2704.62109375,2704.62109375,2704.62109375
1167,0.03390928522027591,0.1586151153050348,0.0001,6.103032297454774,2704.62109375,2705.4140625,2704.62109375,2704.62109375,2704.62109375,2704.62109375
1168,0.03390645057543753,0.3357019363072077,0.0001,6.104140060953796,2704.62109375,2705.4140625,2704.62109375,2704.62109375,2704.62109375,2704.62109375
1169,0.033903954620093886,0.028087040781676897,0.0001,2.035642390139401,2704.62109375,2705.4140625,2704.62109375,2704.62109375,2704.62109375,2704.62109375
1170,0.03390003138326574,0.012792727905914125,0.0001,2.0334241930395365,2704.62109375,2705.4140625,2704.62109375,2704.62109375,2704.62109375,2704.62109375
1171,0.03389959472115131,0.03765927553930726,0.0001,4.067765358835459,2704.62109375,2705.4140625,2704.62109375,2704.62109375,2704.62109375,2704.62109375
1172,0.03389208498413037,0.1586765165346018,0.0001,2.032680280506611,2704.62109375,2705.4140625,2704.62109375,2704.62109375,2704.62109375,2704.62109375
1173,0.033873121991635335,0.30184747890876107,0.0001,2.03656904399395,2704.62109375,2705.4140625,2704.62109375,2704.62109375,2704.62109375,2704.62109375
1174,0.03384530094846962,0.5628816514741009,0.0001,2.0334239220246673,2704.62109375,2705.4140625,2704.62109375,2704.62109375,2704.62109375,2704.62109375
1175,0.03381393552840769,1.0041405374134342,0.0001,2.036574823781848,2704.62109375,2705.4140625,2704.62109375,2704.62109375,2704.62109375,2704.62109375
1176,0.033802267156962655,0.18699287185897417,0.0001,2.038305048830807,2704.62109375,2705.4140625,2704.62109375,2704.62109375,2704.62109375,2704.62109375
1177,0.033796579266250924,0.18015485795947916,0.0001,2.0350113278254867,2704.62109375,2705.4140625,2704.62109375,2704.62109375,2704.62109375,2704.62109375
1178,0.03379425451156225,0.08574420110907743,0.0001,2.0397208342328668,2704.62109375,2705.4140625,2704.62109375,2704.62109375,2704.62109375,2704.62109375
1179,0.03379375770048828,0.011557393844357833,0.0001,2.0355502096936107,2704.62109375,2705.4140625,2704.62109375,2704.62109375,2704.62109375,2704.62109375
1180,0.03379322822738823,0.004977658759950598,0.0001,2.038706880994141,2704.62109375,2705.4140625,2704.62109375,2704.62109375,2704.62109375,2704.62109375
1181,0.033793190751478665,0.12551912348121863,0.0001,2.0499610593542457,2704.62109375,2705.4140625,2704.62109375,2704.62109375,2704.62109375,2704.62109375
1182,0.033792740646079095,0.0739511549287899,0.0001,1.7216150294989347,2704.62109375,2705.4140625,2704.62109375,2704.62109375,2704.62109375,2704.62109375
1183,0.033791711677276876,0.056831758425631484,0.0001,2.0567023809999228,2704.62109375,2705.4140625,2704.62109375,2704.62109375,2704.62109375,2704.62109375
1184,0.03379089351815912,0.06968324776994939,0.0001,2.0371915260329843,2704.62109375,2705.4140625,2704.62109375,2704.62109375,2704.62109375,2704.62109375
1185,0.033788551333135484,0.051643376987180134,0.0001,2.0548352152109146,2704.62109375,2705.4140625,2704.62109375,2704.62109375,2704.62109375,2704.62109375
1186,0.033786469135158474,0.13793169756459378,0.0001,2.0399924349039793,2704.62109375,2705.4140625,2704.62109375,2704.62109375,2704.62109375,2704.62109375
1187,0.033783449236502484,0.06381586737778266,0.0001,2.039349103346467,2704.62109375,2705.4140625,2704.62109375,2704.62109375,2704.62109375,2704.62109375
1188,0.03378105295873037,0.17396871558658367,0.0001,2.0621838998049498,2704.62109375,2705.4140625,2704.62109375,2704.62109375,2704.62109375,2704.62109375
1189,0.03377887531794907,0.14113901429354048,0.0001,2.0418093409389257,2704.62109375,2705.4140625,2704.62109375,2704.62109375,2704.62109375,2704.62109375
1190,0.03377612033142795,0.13393940825199158,0.0001,2.0387019300833344,2704.62109375,2705.4140625,2704.62109375,2704.62109375,2704.62109375,2704.62109375
1191,0.03377273632296365,0.04127207339746075,0.0001,2.0423987731337547,2704.62109375,2705.4140625,2704.62109375,2704.62109375,2704.62109375,2704.62109375
1192,0.03377049300773408,0.1995490764890232,0.0001,2.0359406918287277,2704.62109375,2705.4140625,2704.62109375,2704.62109375,2704.62109375,2704.62109375
1193,0.033769009844695184,0.030613171808113182,0.0001,2.0568466214463115,2704.62109375,2705.4140625,2704.62109375,2704.62109375,2704.62109375,2704.62109375
1194,0.03376828260063183,0.029396215092972966,0.0001,2.045466663315892,2704.62109375,2705.4140625,2704.62109375,2704.62109375,2704.62109375,2704.62109375
1195,0.03376813404119024,0.025480547088652994,0.0001,2.0355075607076287,2704.62109375,2705.4140625,2704.62109375,2704.62109375,2704.62109375,2704.62109375
1196,0.033768091565413924,0.00038273391021617555,0.0001,4.071807092055678,2704.62109375,2705.4140625,2704.62109375,2704.62109375,2704.62109375,2704.62109375
1197,0.03376804323938628,0.0007887354869774432,0.0001,1.9911072291433811,2704.62109375,2705.4140625,2704.62109375,2704.62109375,2704.62109375,2704.62109375
1198,0.0337680263537726,0.0005472147844838545,0.0001,4.088417889550328,2704.62109375,2705.4140625,2704.62109375,2704.62109375,2704.62109375,2704.62109375
1199,0.033768022673378105,0.009710099787866522,0.0001,6.110391391441226,2704.62109375,2705.4140625,2704.62109375,2704.62109375,2704.62109375,2704.62109375
1200,0.033768016403345966,0.005629053305166387,0.0001,1.6130112241953611,2704.62109375,2705.4140625,2704.62109375,2704.62109375,2704.62109375,2704.62109375
