iteration,model_cost,projected_grad_inf_norm,epsilon,iter_time_sec,rss_mb,peak_rss_mb,cost_rss_before_mb,cost_rss_after_mb,grad_rss_before_mb,grad_rss_after_mb
1,0.9991339353227658,1.0,0.0001,nan,2704.62109375,2705.4140625,2704.62109375,2704.62109375,2704.62109375,2704.62109375
2,0.26116807781972884,1.0,0.0001,2.109228039160371,2704.62109375,2705.4140625,2704.62109375,2704.62109375,2704.62109375,2704.62109375
3,0.2485269539886684,7.803900325046698,0.0001,2.4149903021752834,2704.62109375,2705.4140625,2704.62109375,2704.62109375,2704.62109375,2704.62109375
4,0.24846098278654874,1.0,0.0001,0.8072207756340504,2704.62109375,2705.4140625,2704.62109375,2704.62109375,2704.62109375,2704.62109375
5,0.2484143745581104,0.47183946130777976,0.0001,0.32458246033638716,2704.62109375,2705.4140625,2704.62109375,2704.62109375,2704.62109375,2704.62109375
6,0.24841344306885957,0.13891200509797152,0.0001,0.3232238255441189,2704.62109375,2705.4140625,2704.62109375,2704.62109375,2704.62109375,2704.62109375
7,0.24841321404410224,0.04510372901292525,0.0001,0.16105701588094234,2704.62109375,2705.4140625,2704.62109375,2704.62109375,2704.62109375,2704.62109375
8,0.2484129676817285,0.12738702875366448,0.0001,0.16207621898502111,2704.62109375,2705.4140625,2704.62109375,2704.62109375,2704.62109375,2704.62109375
9,0.2484110829231362,0.5592173847165738,0.0001,0.16125874686986208,2704.62109375,2705.4140625,2704.62109375,2704.62109375,2704.62109375,2704.62109375
10,0.24840727605410315,1.1003516730089955,0.0001,0.16232964023947716,2704.62109375,2705.4140625,2704.62109375,2704.62109375,2704.62109375,2704.62109375
11,0.24839452614569849,2.2656001088658475,0.0001,0.16162045672535896,2704.62109375,2705.4140625,2704.62109375,2704.62109375,2704.62109375,2704.62109375
12,0.24835899910821074,4.288325001658959,0.0001,0.16119150724262,2704.62109375,2705.4140625,2704.62109375,2704.62109375,2704.62109375,2704.62109375
13,0.2482480190783486,8.128529413442786,0.0001,0.16217690892517567,2704.62109375,2705.4140625,2704.62109375,2704.62109375,2704.62109375,2704.62109375
14,0.24792342898772388,14.421029922086843,0.0001,0.16121820732951164,2704.62109375,2705.4140625,2704.62109375,2704.62109375,2704.62109375,2704.62109375
15,0.24713046388141366,18.999999999999982,0.0001,0.20584289450198412,2704.62109375,2705.4140625,2704.62109375,2704.62109375,2704.62109375,2704.62109375
16,0.24592003697015655,18.999999999999982,0.0001,0.20601183734834194,2704.62109375,2705.4140625,2704.62109375,2704.62109375,2704.62109375,2704.62109375
17,0.24064837530479707,18.999999999999982,0.0001,0.2055912148207426,2704.62109375,2705.4140625,2704.62109375,2704.62109375,2704.62109375,2704.62109375
18,0.23922632641342723,1.0,0.0001,0.20678082946687937,2704.62109375,2705.4140625,2704.62109375,2704.62109375,2704.62109375,2704.62109375
19,0.13463413495992152,1.0,0.0001,1.1210981961339712,2704.62109375,2705.4140625,2704.62109375,2704.62109375,2704.62109375,2704.62109375
20,0.12950739105971115,1.0,0.0001,2.8431127537041903,2704.62109375,2705.4140625,2704.62109375,2704.62109375,2704.62109375,2704.62109375
21,0.1294084203637113,1.2720013800823322,0.0001,0.9850713908672333,2704.62109375,2705.4140625,2704.62109375,2704.62109375,2704.62109375,2704.62109375
22,0.12495119823377777,18.999999999999982,0.0001,0.20591716561466455,2704.62109375,2705.4140625,2704.62109375,2704.62109375,2704.62109375,2704.62109375
23,0.12040560147743319,18.999999999999982,0.0001,0.41257039550691843,2704.62109375,2705.4140625,2704.62109375,2704.62109375,2704.62109375,2704.62109375
24,0.11969387777739023,18.999999999999982,0.0001,0.4115659110248089,2704.62109375,2705.4140625,2704.62109375,2704.62109375,2704.62109375,2704.62109375
25,0.11445736724939096,18.999999999999982,0.0001,0.2064700573682785,2704.62109375,2705.4140625,2704.62109375,2704.62109375,2704.62109375,2704.62109375
26,0.11072369191089909,1.0,0.0001,0.20644142851233482,2704.62109375,2705.4140625,2704.62109375,2704.62109375,2704.62109375,2704.62109375
27,0.09916731321737783,8.340004703880341,0.0001,0.6177434381097555,2704.62109375,2705.4140625,2704.62109375,2704.62109375,2704.62109375,2704.62109375
28,0.09870762562326496,18.999999999999982,0.0001,0.2072830405086279,2704.62109375,2705.4140625,2704.62109375,2704.62109375,2704.62109375,2704.62109375
29,0.0927563570110779,18.999999999999982,0.0001,0.20634596794843674,2704.62109375,2705.4140625,2704.62109375,2704.62109375,2704.62109375,2704.62109375
30,0.08803540318915998,1.0,0.0001,0.2056247852742672,2704.62109375,2705.4140625,2704.62109375,2704.62109375,2704.62109375,2704.62109375
31,0.08155398028893998,18.583409934265244,0.0001,0.61988674569875,2704.62109375,2705.4140625,2704.62109375,2704.62109375,2704.62109375,2704.62109375
32,0.0788655692656942,1.0,0.0001,0.20651845820248127,2704.62109375,2705.4140625,2704.62109375,2704.62109375,2704.62109375,2704.62109375
33,0.07562848303461873,18.999983457275043,0.0001,0.41223316453397274,2704.62109375,2705.4140625,2704.62109375,2704.62109375,2704.62109375,2704.62109375
34,0.07353286271790503,13.795775520569952,0.0001,0.20642128679901361,2704.62109375,2705.4140625,2704.62109375,2704.62109375,2704.62109375,2704.62109375
35,0.07054137393790452,18.999999999999982,0.0001,0.20984714105725288,2704.62109375,2705.4140625,2704.62109375,2704.62109375,2704.62109375,2704.62109375
36,0.06473705315158158,1.0,0.0001,0.20694986917078495,2704.62109375,2705.4140625,2704.62109375,2704.62109375,2704.62109375,2704.62109375
37,0.06160752048658691,18.999999999999982,0.0001,0.41372454818338156,2704.62109375,2705.4140625,2704.62109375,2704.62109375,2704.62109375,2704.62109375
38,0.059545207869352114,18.979956878974946,0.0001,0.20703884027898312,2704.62109375,2705.4140625,2704.62109375,2704.62109375,2704.62109375,2704.62109375
39,0.0593840737922937,18.999999999999982,0.0001,0.5047847153618932,2704.62109375,2705.4140625,2704.62109375,2704.62109375,2704.62109375,2704.62109375
40,0.05725877779969244,1.0,0.0001,0.20551864337176085,2704.62109375,2705.4140625,2704.62109375,2704.62109375,2704.62109375,2704.62109375
41,0.05021566255089927,6.0140097009110685,0.0001,0.8249875092878938,2704.62109375,2705.4140625,2704.62109375,2704.62109375,2704.62109375,2704.62109375
42,0.049689441487132426,18.062213367360368,0.0001,0.205650195479393,2704.62109375,2705.4140625,2704.62109375,2704.62109375,2704.62109375,2704.62109375
43,0.04753513938246425,18.999999999999982,0.0001,0.4174993624910712,2704.62109375,2705.4140625,2704.62109375,2704.62109375,2704.62109375,2704.62109375
44,0.04723528631340836,18.999999999999982,0.0001,0.5026761274784803,2704.62109375,2705.4140625,2704.62109375,2704.62109375,2704.62109375,2704.62109375
45,0.044244656629656265,1.0,0.0001,0.20613637566566467,2704.62109375,2705.4140625,2704.62109375,2704.62109375,2704.62109375,2704.62109375
46,0.03635045086333661,11.618730514604286,0.0001,0.8257269524037838,2704.62109375,2705.4140625,2704.62109375,2704.62109375,2704.62109375,2704.62109375
47,0.03624380653062664,0.7941869506919331,0.0001,0.4165265988558531,2704.62109375,2705.4140625,2704.62109375,2704.62109375,2704.62109375,2704.62109375
48,0.03521566557875812,9.598434554745655,0.0001,0.41374961845576763,2704.62109375,2705.4140625,2704.62109375,2704.62109375,2704.62109375,2704.62109375
49,0.03501918699849388,16.192862475723455,0.0001,0.41264709550887346,2704.62109375,2705.4140625,2704.62109375,2704.62109375,2704.62109375,2704.62109375
50,0.03438943674641675,13.657944366024747,0.0001,0.2065798081457615,2704.62109375,2705.4140625,2704.62109375,2704.62109375,2704.62109375,2704.62109375
51,0.03234328055936685,9.011054599293834,0.0001,0.20741268154233694,2704.62109375,2705.4140625,2704.62109375,2704.62109375,2704.62109375,2704.62109375
52,0.030887387717026198,18.999999999999982,0.0001,0.20649259816855192,2704.62109375,2705.4140625,2704.62109375,2704.62109375,2704.62109375,2704.62109375
53,0.027805603571458327,17.07011396023096,0.0001,0.2070867894217372,2704.62109375,2705.4140625,2704.62109375,2704.62109375,2704.62109375,2704.62109375
54,0.027705412859211513,1.0,0.0001,0.20716654136776924,2704.62109375,2705.4140625,2704.62109375,2704.62109375,2704.62109375,2704.62109375
55,0.025679261176223843,4.100076193486079,0.0001,0.62082289904356,2704.62109375,2705.4140625,2704.62109375,2704.62109375,2704.62109375,2704.62109375
56,0.02559194224278113,9.601761992970173,0.0001,0.4132660673931241,2704.62109375,2705.4140625,2704.62109375,2704.62109375,2704.62109375,2704.62109375
57,0.025214868489422306,12.734505943505983,0.0001,0.41460541170090437,2704.62109375,2705.4140625,2704.62109375,2704.62109375,2704.62109375,2704.62109375
58,0.02474218687283832,8.29753945615611,0.0001,0.20669680926948786,2704.62109375,2705.4140625,2704.62109375,2704.62109375,2704.62109375,2704.62109375
59,0.024018262024257574,12.696328879849903,0.0001,0.20784633234143257,2704.62109375,2705.4140625,2704.62109375,2704.62109375,2704.62109375,2704.62109375
60,0.022305968862185208,3.5366690560668,0.0001,0.20769940223544836,2704.62109375,2705.4140625,2704.62109375,2704.62109375,2704.62109375,2704.62109375
61,0.0220480680817944,11.757907084686703,0.0001,0.4138110801577568,2704.62109375,2705.4140625,2704.62109375,2704.62109375,2704.62109375,2704.62109375
62,0.02118901588304831,18.999999999999982,0.0001,0.20659062825143337,2704.62109375,2705.4140625,2704.62109375,2704.62109375,2704.62109375,2704.62109375
63,0.01976487664532228,4.4164337419160065,0.0001,0.21039062179625034,2704.62109375,2705.4140625,2704.62109375,2704.62109375,2704.62109375,2704.62109375
64,0.01837349521351061,15.107842581943071,0.0001,0.2080034837126732,2704.62109375,2705.4140625,2704.62109375,2704.62109375,2704.62109375,2704.62109375
65,0.017533182486379802,18.52186959842922,0.0001,0.2079200828447938,2704.62109375,2705.4140625,2704.62109375,2704.62109375,2704.62109375,2704.62109375
66,0.016524928440045765,0.8144824040801047,0.0001,0.20759074203670025,2704.62109375,2705.4140625,2704.62109375,2704.62109375,2704.62109375,2704.62109375
67,0.016052510705197826,4.373371491705366,0.0001,0.41334044747054577,2704.62109375,2705.4140625,2704.62109375,2704.62109375,2704.62109375,2704.62109375
68,0.015898190522984836,9.886883168606868,0.0001,0.4150015339255333,2704.62109375,2705.4140625,2704.62109375,2704.62109375,2704.62109375,2704.62109375
69,0.015712762673945016,11.998387998897167,0.0001,0.2063919072970748,2704.62109375,2705.4140625,2704.62109375,2704.62109375,2704.62109375,2704.62109375
70,0.01525448130362883,11.281153608829285,0.0001,0.20750260166823864,2704.62109375,2705.4140625,2704.62109375,2704.62109375,2704.62109375,2704.62109375
71,0.014847395268235211,13.900183738270309,0.0001,0.4137111892923713,2704.62109375,2705.4140625,2704.62109375,2704.62109375,2704.62109375,2704.62109375
72,0.014122548170782272,5.132398381460942,0.0001,0.20802431367337704,2704.62109375,2705.4140625,2704.62109375,2704.62109375,2704.62109375,2704.62109375
73,0.013748035191825601,12.2950547272801,0.0001,0.4136949284002185,2704.62109375,2705.4140625,2704.62109375,2704.62109375,2704.62109375,2704.62109375
74,0.013099057042174877,13.848326601921716,0.0001,0.20795755367726088,2704.62109375,2705.4140625,2704.62109375,2704.62109375,2704.62109375,2704.62109375
75,0.012048737680922026,15.71879016580494,0.0001,0.20697318017482758,2704.62109375,2705.4140625,2704.62109375,2704.62109375,2704.62109375,2704.62109375
76,0.010191784740008286,1.0,0.0001,0.20773811172693968,2704.62109375,2705.4140625,2704.62109375,2704.62109375,2704.62109375,2704.62109375
77,0.009731247001995146,0.8563962785002821,0.0001,1.0330334631726146,2704.62109375,2705.4140625,2704.62109375,2704.62109375,2704.62109375,2704.62109375
78,0.009656888826572037,4.8816959109168865,0.0001,0.4133559465408325,2704.62109375,2705.4140625,2704.62109375,2704.62109375,2704.62109375,2704.62109375
79,0.009349917072569812,7.969208957383039,0.0001,0.4139708699658513,2704.62109375,2705.4140625,2704.62109375,2704.62109375,2704.62109375,2704.62109375
80,0.009097283255623818,16.75667360041047,0.0001,0.2078567435964942,2704.62109375,2705.4140625,2704.62109375,2704.62109375,2704.62109375,2704.62109375
81,0.008608137379758681,1.8119980829593612,0.0001,0.2099319202825427,2704.62109375,2705.4140625,2704.62109375,2704.62109375,2704.62109375,2704.62109375
82,0.008233421492798609,2.935209186457978,0.0001,0.2083631744608283,2704.62109375,2705.4140625,2704.62109375,2704.62109375,2704.62109375,2704.62109375
83,0.008032130623380427,6.536734782203826,0.0001,0.41365368850529194,2704.62109375,2705.4140625,2704.62109375,2704.62109375,2704.62109375,2704.62109375
84,0.007830459701945099,9.388356881243698,0.0001,0.41675860434770584,2704.62109375,2705.4140625,2704.62109375,2704.62109375,2704.62109375,2704.62109375
85,0.007454683779634227,9.697259260719715,0.0001,0.20894496887922287,2704.62109375,2705.4140625,2704.62109375,2704.62109375,2704.62109375,2704.62109375
86,0.007044524684542826,0.8939322401658452,0.0001,0.2073887838050723,2704.62109375,2705.4140625,2704.62109375,2704.62109375,2704.62109375,2704.62109375
87,0.006856574507791428,4.636771887271256,0.0001,0.4146321667358279,2704.62109375,2705.4140625,2704.62109375,2704.62109375,2704.62109375,2704.62109375
88,0.006740173379683669,8.445233216363782,0.0001,0.4146737167611718,2704.62109375,2705.4140625,2704.62109375,2704.62109375,2704.62109375,2704.62109375
89,0.006527027363216357,7.257625903916907,0.0001,0.2075408147647977,2704.62109375,2705.4140625,2704.62109375,2704.62109375,2704.62109375,2704.62109375
90,0.0062456252609738045,1.0398473294035266,0.0001,0.2069054413586855,2704.62109375,2705.4140625,2704.62109375,2704.62109375,2704.62109375,2704.62109375
91,0.006140398246240634,3.5057679497922187,0.0001,0.41345359291881323,2704.62109375,2705.4140625,2704.62109375,2704.62109375,2704.62109375,2704.62109375
92,0.006045016096398586,6.633892965302658,0.0001,0.4148332979530096,2704.62109375,2705.4140625,2704.62109375,2704.62109375,2704.62109375,2704.62109375
93,0.0058967633389241094,5.9262708866465665,0.0001,0.20747060328722,2704.62109375,2705.4140625,2704.62109375,2704.62109375,2704.62109375,2704.62109375
94,0.005698031719942153,0.5131179389050788,0.0001,0.20818292628973722,2704.62109375,2705.4140625,2704.62109375,2704.62109375,2704.62109375,2704.62109375
95,0.005613883664556408,2.8044422457157028,0.0001,0.41561869997531176,2704.62109375,2705.4140625,2704.62109375,2704.62109375,2704.62109375,2704.62109375
96,0.005555191005885856,5.296572416630865,0.0001,0.4245061120018363,2704.62109375,2705.4140625,2704.62109375,2704.62109375,2704.62109375,2704.62109375
97,0.005455296786367122,4.40558746700601,0.0001,0.20858870819211006,2704.62109375,2705.4140625,2704.62109375,2704.62109375,2704.62109375,2704.62109375
98,0.005340401052666708,0.5780501145942525,0.0001,0.21057843510061502,2704.62109375,2705.4140625,2704.62109375,2704.62109375,2704.62109375,2704.62109375
99,0.005292282702684506,2.4491132712375787,0.0001,0.41914322320371866,2704.62109375,2705.4140625,2704.62109375,2704.62109375,2704.62109375,2704.62109375
100,0.0052648615422112984,6.230816718518914,0.0001,0.20848481822758913,2704.62109375,2705.4140625,2704.62109375,2704.62109375,2704.62109375,2704.62109375
101,0.005197363519340839,1.1277164470539587,0.0001,0.20893612876534462,2704.62109375,2705.4140625,2704.62109375,2704.62109375,2704.62109375,2704.62109375
102,0.0051560610464017635,0.9974773691443422,0.0001,0.21209734119474888,2704.62109375,2705.4140625,2704.62109375,2704.62109375,2704.62109375,2704.62109375
103,0.005129131592260907,2.314920326804364,0.0001,0.42172745149582624,2704.62109375,2705.4140625,2704.62109375,2704.62109375,2704.62109375,2704.62109375
104,0.0051042008776403655,1.9048992239772193,0.0001,0.20843400713056326,2704.62109375,2705.4140625,2704.62109375,2704.62109375,2704.62109375,2704.62109375
105,0.005081497711858933,0.0614378161546103,0.0001,0.2096896916627884,2704.62109375,2705.4140625,2704.62109375,2704.62109375,2704.62109375,2704.62109375
106,0.005070309561389382,0.8819334029091606,0.0001,0.4177062688395381,2704.62109375,2705.4140625,2704.62109375,2704.62109375,2704.62109375,2704.62109375
107,0.005064974791086005,1.0297594299522572,0.0001,0.20933889038860798,2704.62109375,2705.4140625,2704.62109375,2704.62109375,2704.62109375,2704.62109375
108,0.0050587662730085916,0.054561568513589176,0.0001,0.20758997462689877,2704.62109375,2705.4140625,2704.62109375,2704.62109375,2704.62109375,2704.62109375
109,0.0050572993203909945,0.29446945533447155,0.0001,0.20994829293340445,2704.62109375,2705.4140625,2704.62109375,2704.62109375,2704.62109375,2704.62109375
110,0.005056742714793262,0.055595577993182266,0.0001,0.20743374340236187,2704.62109375,2705.4140625,2704.62109375,2704.62109375,2704.62109375,2704.62109375
111,0.005056534279644559,0.03801974394401286,0.0001,0.20800740644335747,2704.62109375,2705.4140625,2704.62109375,2704.62109375,2704.62109375,2704.62109375
112,0.005056459293898464,0.09183003107525078,0.0001,0.1636151559650898,2704.62109375,2705.4140625,2704.62109375,2704.62109375,2704.62109375,2704.62109375
113,0.005056340046928055,0.14209729903971913,0.0001,0.207184842787683,2704.62109375,2705.4140625,2704.62109375,2704.62109375,2704.62109375,2704.62109375
114,0.005056139301043922,0.19221049454903139,0.0001,0.2087769592180848,2704.62109375,2705.4140625,2704.62109375,2704.62109375,2704.62109375,2704.62109375
115,0.005055728558776234,0.22183466427995535,0.0001,0.20715474151074886,2704.62109375,2705.4140625,2704.62109375,2704.62109375,2704.62109375,2704.62109375
116,0.005055148324788575,0.1899570572577971,0.0001,0.20824854727834463,2704.62109375,2705.4140625,2704.62109375,2704.62109375,2704.62109375,2704.62109375
117,0.005054693302032842,0.06927539232060087,0.0001,0.20834229700267315,2704.62109375,2705.4140625,2704.62109375,2704.62109375,2704.62109375,2704.62109375
118,0.0050546000833128196,0.02837683542148628,0.0001,0.2069424521178007,2704.62109375,2705.4140625,2704.62109375,2704.62109375,2704.62109375,2704.62109375
119,0.005054581069572959,0.007580539894668226,0.0001,0.1643002089112997,2704.62109375,2705.4140625,2704.62109375,2704.62109375,2704.62109375,2704.62109375
120,0.005054578709184313,0.012471466380217233,0.0001,0.16524206288158894,2704.62109375,2705.4140625,2704.62109375,2704.62109375,2704.62109375,2704.62109375
121,0.005054574434564713,0.003219110522934221,0.0001,0.16249925270676613,2704.62109375,2705.4140625,2704.62109375,2704.62109375,2704.62109375,2704.62109375
122,0.005054563811500938,0.003825217652159374,0.0001,0.16731943003833294,2704.62109375,2705.4140625,2704.62109375,2704.62109375,2704.62109375,2704.62109375
123,0.005054446502025994,0.05166735447107751,0.0001,0.21106742601841688,2704.62109375,2705.4140625,2704.62109375,2704.62109375,2704.62109375,2704.62109375
124,0.005054207941190672,0.11392040277098814,0.0001,0.211346548050642,2704.62109375,2705.4140625,2704.62109375,2704.62109375,2704.62109375,2704.62109375
125,0.005053455629759662,0.24438563752066433,0.0001,0.21067215595394373,2704.62109375,2705.4140625,2704.62109375,2704.62109375,2704.62109375,2704.62109375
126,0.005051414757585731,0.478278994562487,0.0001,0.20794745534658432,2704.62109375,2705.4140625,2704.62109375,2704.62109375,2704.62109375,2704.62109375
127,0.00504502459899417,0.9679798568601481,0.0001,0.20986920315772295,2704.62109375,2705.4140625,2704.62109375,2704.62109375,2704.62109375,2704.62109375
128,0.005024368217217525,1.9988034216460804,0.0001,0.2111033871769905,2704.62109375,2705.4140625,2704.62109375,2704.62109375,2704.62109375,2704.62109375
129,0.004964973483050224,4.461788578172917,0.0001,0.2094792304560542,2704.62109375,2705.4140625,2704.62109375,2704.62109375,2704.62109375,2704.62109375
130,0.004887355735961228,6.080180982653046,0.0001,0.20806446578353643,2704.62109375,2705.4140625,2704.62109375,2704.62109375,2704.62109375,2704.62109375
131,0.004835977000271293,5.322106375057063,0.0001,0.4173921775072813,2704.62109375,2705.4140625,2704.62109375,2704.62109375,2704.62109375,2704.62109375
132,0.004806155226203676,4.681025198849036,0.0001,0.4152137488126755,2704.62109375,2705.4140625,2704.62109375,2704.62109375,2704.62109375,2704.62109375
133,0.004724684069827528,0.9562957275842418,0.0001,0.20783192478120327,2704.62109375,2705.4140625,2704.62109375,2704.62109375,2704.62109375,2704.62109375
134,0.004659719542991954,0.04842992129806678,0.0001,0.4154211897403002,2704.62109375,2705.4140625,2704.62109375,2704.62109375,2704.62109375,2704.62109375
135,0.004646154123233402,0.4675490142718095,0.0001,0.41632190253585577,2704.62109375,2705.4140625,2704.62109375,2704.62109375,2704.62109375,2704.62109375
136,0.004619498173482787,2.1707748125805546,0.0001,0.4172707563266158,2704.62109375,2705.4140625,2704.62109375,2704.62109375,2704.62109375,2704.62109375
137,0.0046008156144900355,3.0582584661834042,0.0001,0.20926507096737623,2704.62109375,2705.4140625,2704.62109375,2704.62109375,2704.62109375,2704.62109375
138,0.004564923856957075,1.9391704019876284,0.0001,0.2099117124453187,2704.62109375,2705.4140625,2704.62109375,2704.62109375,2704.62109375,2704.62109375
139,0.004538127414757745,0.9350992580782209,0.0001,0.2110415967181325,2704.62109375,2705.4140625,2704.62109375,2704.62109375,2704.62109375,2704.62109375
140,0.004526165654479623,2.2852778025565574,0.0001,0.20912658981978893,2704.62109375,2705.4140625,2704.62109375,2704.62109375,2704.62109375,2704.62109375
141,0.004507446574729799,0.22798722677864658,0.0001,0.20876483898609877,2704.62109375,2705.4140625,2704.62109375,2704.62109375,2704.62109375,2704.62109375
142,0.004502983006848203,0.6105797488041329,0.0001,0.2077998947352171,2704.62109375,2705.4140625,2704.62109375,2704.62109375,2704.62109375,2704.62109375
143,0.00450189246888747,0.22002209692566366,0.0001,0.1621894408017397,2704.62109375,2705.4140625,2704.62109375,2704.62109375,2704.62109375,2704.62109375
144,0.004500975259869145,0.09022326710817752,0.0001,0.21003374457359314,2704.62109375,2705.4140625,2704.62109375,2704.62109375,2704.62109375,2704.62109375
145,0.004500886035160178,0.026025145845442132,0.0001,0.20718782301992178,2704.62109375,2705.4140625,2704.62109375,2704.62109375,2704.62109375,2704.62109375
146,0.004500879310032225,0.0011208510820429245,0.0001,0.16267032269388437,2704.62109375,2705.4140625,2704.62109375,2704.62109375,2704.62109375,2704.62109375
147,0.004500879021433478,0.0011194631877589779,0.0001,0.16238758154213428,2704.62109375,2705.4140625,2704.62109375,2704.62109375,2704.62109375,2704.62109375
148,0.004500878139354858,0.0036273342480459547,0.0001,0.16081321705132723,2704.62109375,2705.4140625,2704.62109375,2704.62109375,2704.62109375,2704.62109375
149,0.00450087359045176,0.01146193791371719,0.0001,0.16058832500129938,2704.62109375,2705.4140625,2704.62109375,2704.62109375,2704.62109375,2704.62109375
150,0.004500865460058688,0.019414268970579518,0.0001,0.16294271498918533,2704.62109375,2705.4140625,2704.62109375,2704.62109375,2704.62109375,2704.62109375
151,0.004500846059258935,0.02788061642681605,0.0001,0.16105095762759447,2704.62109375,2705.4140625,2704.62109375,2704.62109375,2704.62109375,2704.62109375
152,0.004500816326229124,0.020038348787928983,0.0001,0.16124074906110764,2704.62109375,2705.4140625,2704.62109375,2704.62109375,2704.62109375,2704.62109375
153,0.004500778824819415,0.018917731167807816,0.0001,0.16075337585061789,2704.62109375,2705.4140625,2704.62109375,2704.62109375,2704.62109375,2704.62109375
154,0.004500778192141707,0.013336763625653059,0.0001,0.4104947214946151,2704.62109375,2705.4140625,2704.62109375,2704.62109375,2704.62109375,2704.62109375
155,0.004500751469402015,0.011478241087993668,0.0001,0.16067799646407366,2704.62109375,2705.4140625,2704.62109375,2704.62109375,2704.62109375,2704.62109375
156,0.004500742212608938,0.021981864864598855,0.0001,0.16164086945354939,2704.62109375,2705.4140625,2704.62109375,2704.62109375,2704.62109375,2704.62109375
157,0.004500730703760691,0.028254651042446843,0.0001,0.16201393026858568,2704.62109375,2705.4140625,2704.62109375,2704.62109375,2704.62109375,2704.62109375
158,0.004500689316680063,0.03989655878851228,0.0001,0.1608690870925784,2704.62109375,2705.4140625,2704.62109375,2704.62109375,2704.62109375,2704.62109375
159,0.00450054754753928,0.06710420730584166,0.0001,0.1633775057271123,2704.62109375,2705.4140625,2704.62109375,2704.62109375,2704.62109375,2704.62109375
160,0.0045001987547423255,0.1104566333060697,0.0001,0.21833452302962542,2704.62109375,2705.4140625,2704.62109375,2704.62109375,2704.62109375,2704.62109375
161,0.0044993559857125194,0.17548964661180988,0.0001,0.21144063863903284,2704.62109375,2705.4140625,2704.62109375,2704.62109375,2704.62109375,2704.62109375
162,0.004497767634300725,0.23609933125999705,0.0001,0.207361763343215,2704.62109375,2705.4140625,2704.62109375,2704.62109375,2704.62109375,2704.62109375
163,0.0044958673994797875,0.2088575667770518,0.0001,0.20754039473831654,2704.62109375,2705.4140625,2704.62109375,2704.62109375,2704.62109375,2704.62109375
164,0.00449531001396742,0.047945163661627266,0.0001,0.20710909273475409,2704.62109375,2705.4140625,2704.62109375,2704.62109375,2704.62109375,2704.62109375
165,0.004495176541013953,0.12647365078219408,0.0001,0.41276566963642836,2704.62109375,2705.4140625,2704.62109375,2704.62109375,2704.62109375,2704.62109375
166,0.004494805019282749,0.019579414567947317,0.0001,0.20707688201218843,2704.62109375,2705.4140625,2704.62109375,2704.62109375,2704.62109375,2704.62109375
167,0.004494684423687541,0.025377219160729103,0.0001,0.2060272293165326,2704.62109375,2705.4140625,2704.62109375,2704.62109375,2704.62109375,2704.62109375
168,0.0044946478863200825,0.011144289393855256,0.0001,0.16156677901744843,2704.62109375,2705.4140625,2704.62109375,2704.62109375,2704.62109375,2704.62109375
169,0.004494619184681915,0.042158194505677926,0.0001,0.1613442786037922,2704.62109375,2705.4140625,2704.62109375,2704.62109375,2704.62109375,2704.62109375
170,0.004494568471227117,0.07746510351488645,0.0001,0.16140638943761587,2704.62109375,2705.4140625,2704.62109375,2704.62109375,2704.62109375,2704.62109375
171,0.004494430972100459,0.13453103144789025,0.0001,0.16285106353461742,2704.62109375,2705.4140625,2704.62109375,2704.62109375,2704.62109375,2704.62109375
172,0.004494091873532467,0.21341710596547858,0.0001,0.20748882461339235,2704.62109375,2705.4140625,2704.62109375,2704.62109375,2704.62109375,2704.62109375
173,0.00449324114875973,0.31365955547458635,0.0001,0.20879671722650528,2704.62109375,2705.4140625,2704.62109375,2704.62109375,2704.62109375,2704.62109375
174,0.004491188160906631,0.4106382159266434,0.0001,0.20742543414235115,2704.62109375,2705.4140625,2704.62109375,2704.62109375,2704.62109375,2704.62109375
175,0.004486333910521952,0.45603391059201615,0.0001,0.20716437324881554,2704.62109375,2705.4140625,2704.62109375,2704.62109375,2704.62109375,2704.62109375
176,0.004485840636170036,0.7568517569102575,0.0001,0.6234544850885868,2704.62109375,2705.4140625,2704.62109375,2704.62109375,2704.62109375,2704.62109375
177,0.0044767246347430425,0.04377409272849464,0.0001,0.20774116460233927,2704.62109375,2705.4140625,2704.62109375,2704.62109375,2704.62109375,2704.62109375
178,0.004465014613080036,0.22146841166995013,0.0001,0.20717794355005026,2704.62109375,2705.4140625,2704.62109375,2704.62109375,2704.62109375,2704.62109375
179,0.004408461525446164,0.5716797725902394,0.0001,0.20772850513458252,2704.62109375,2705.4140625,2704.62109375,2704.62109375,2704.62109375,2704.62109375
180,0.0043832370809886965,0.44556483031886107,0.0001,0.830532867461443,2704.62109375,2705.4140625,2704.62109375,2704.62109375,2704.62109375,2704.62109375
181,0.004339361387297707,1.3363591878262886,0.0001,0.828597460873425,2704.62109375,2705.4140625,2704.62109375,2704.62109375,2704.62109375,2704.62109375
182,0.00429639925702118,1.0147421426733376,0.0001,0.41636273358017206,2704.62109375,2705.4140625,2704.62109375,2704.62109375,2704.62109375,2704.62109375
183,0.004280922828847635,0.7617754334928244,0.0001,0.4137467937543988,2704.62109375,2705.4140625,2704.62109375,2704.62109375,2704.62109375,2704.62109375
184,0.00424624308233464,1.0675873339647763,0.0001,0.41462728660553694,2704.62109375,2705.4140625,2704.62109375,2704.62109375,2704.62109375,2704.62109375
185,0.004196044934588347,0.3344500475294685,0.0001,0.4133650725707412,2704.62109375,2705.4140625,2704.62109375,2704.62109375,2704.62109375,2704.62109375
186,0.004183230211679003,1.4244319781436623,0.0001,0.4132538614794612,2704.62109375,2705.4140625,2704.62109375,2704.62109375,2704.62109375,2704.62109375
187,0.0041633227593157645,1.6483432256599713,0.0001,0.4129390502348542,2704.62109375,2705.4140625,2704.62109375,2704.62109375,2704.62109375,2704.62109375
188,0.004146888429079075,1.469359372462769,0.0001,0.2095120521262288,2704.62109375,2705.4140625,2704.62109375,2704.62109375,2704.62109375,2704.62109375
189,0.004126214043564949,0.032666261668592766,0.0001,0.41792880836874247,2704.62109375,2705.4140625,2704.62109375,2704.62109375,2704.62109375,2704.62109375
190,0.004125634421919896,0.2751265423130489,0.0001,0.4136202223598957,2704.62109375,2705.4140625,2704.62109375,2704.62109375,2704.62109375,2704.62109375
191,0.004124099317512977,0.16257657447140805,0.0001,0.20496368501335382,2704.62109375,2705.4140625,2704.62109375,2704.62109375,2704.62109375,2704.62109375
192,0.004123476535602462,0.016529320262449687,0.0001,0.20617733988910913,2704.62109375,2705.4140625,2704.62109375,2704.62109375,2704.62109375,2704.62109375
193,0.00412326285474148,0.058916796059514165,0.0001,0.20617497898638248,2704.62109375,2705.4140625,2704.62109375,2704.62109375,2704.62109375,2704.62109375
194,0.004123068975783315,0.14691916471473399,0.0001,0.16158494912087917,2704.62109375,2705.4140625,2704.62109375,2704.62109375,2704.62109375,2704.62109375
195,0.004122736578631372,0.1827886593805591,0.0001,0.20670300256460905,2704.62109375,2705.4140625,2704.62109375,2704.62109375,2704.62109375,2704.62109375
196,0.004121939682638457,0.28472498143549474,0.0001,0.20608421880751848,2704.62109375,2705.4140625,2704.62109375,2704.62109375,2704.62109375,2704.62109375
197,0.004119821360082729,0.2823984251209847,0.0001,0.20775383431464434,2704.62109375,2705.4140625,2704.62109375,2704.62109375,2704.62109375,2704.62109375
198,0.004112413425204343,1.069500082547775,0.0001,0.7134747682139277,2704.62109375,2705.4140625,2704.62109375,2704.62109375,2704.62109375,2704.62109375
199,0.004090799025791836,0.15323241422895606,0.0001,0.20684667117893696,2704.62109375,2705.4140625,2704.62109375,2704.62109375,2704.62109375,2704.62109375
200,0.0040770454949031155,0.5774219877019138,0.0001,0.20801010634750128,2704.62109375,2705.4140625,2704.62109375,2704.62109375,2704.62109375,2704.62109375
201,0.003998595411925423,0.2455246842947444,0.0001,0.209023579955101,2704.62109375,2705.4140625,2704.62109375,2704.62109375,2704.62109375,2704.62109375
202,0.00396102026119299,1.4342608925067362,0.0001,0.2080200258642435,2704.62109375,2705.4140625,2704.62109375,2704.62109375,2704.62109375,2704.62109375
203,0.003942988042506415,1.1947110203401232,0.0001,0.41466607712209225,2704.62109375,2705.4140625,2704.62109375,2704.62109375,2704.62109375,2704.62109375
204,0.0038692370888168686,0.2702645990595094,0.0001,0.20972574222832918,2704.62109375,2705.4140625,2704.62109375,2704.62109375,2704.62109375,2704.62109375
205,0.0038395691470182896,1.3565000711417472,0.0001,0.41778857726603746,2704.62109375,2705.4140625,2704.62109375,2704.62109375,2704.62109375,2704.62109375
206,0.0038009279200512886,1.1349518197433714,0.0001,0.4153330996632576,2704.62109375,2705.4140625,2704.62109375,2704.62109375,2704.62109375,2704.62109375
207,0.0037968347760662406,1.1482913566743336,0.0001,0.4156558206304908,2704.62109375,2705.4140625,2704.62109375,2704.62109375,2704.62109375,2704.62109375
208,0.003791450425241429,1.0234104473272834,0.0001,0.41524255834519863,2704.62109375,2705.4140625,2704.62109375,2704.62109375,2704.62109375,2704.62109375
209,0.0037682008024193417,1.4927594373915856,0.0001,0.4172756867483258,2704.62109375,2705.4140625,2704.62109375,2704.62109375,2704.62109375,2704.62109375
210,0.0037336273334161703,0.17159778685372196,0.0001,0.20903935935348272,2704.62109375,2705.4140625,2704.62109375,2704.62109375,2704.62109375,2704.62109375
211,0.003731597448605407,0.7254243157029427,0.0001,0.4140660744160414,2704.62109375,2705.4140625,2704.62109375,2704.62109375,2704.62109375,2704.62109375
212,0.0037276169437609782,0.6250715967409164,0.0001,0.20672656130045652,2704.62109375,2705.4140625,2704.62109375,2704.62109375,2704.62109375,2704.62109375
213,0.003724985048920547,0.5101756826576795,0.0001,0.4155134800821543,2704.62109375,2705.4140625,2704.62109375,2704.62109375,2704.62109375,2704.62109375
214,0.0037237112313601834,0.09409460274819803,0.0001,0.20787777565419674,2704.62109375,2705.4140625,2704.62109375,2704.62109375,2704.62109375,2704.62109375
215,0.0037231487622654616,0.06308733739958927,0.0001,0.20641733054071665,2704.62109375,2705.4140625,2704.62109375,2704.62109375,2704.62109375,2704.62109375
216,0.003723090744040466,0.027244121532261856,0.0001,0.20828995667397976,2704.62109375,2705.4140625,2704.62109375,2704.62109375,2704.62109375,2704.62109375
217,0.003723069442007875,0.01142556816694451,0.0001,0.16196305956691504,2704.62109375,2705.4140625,2704.62109375,2704.62109375,2704.62109375,2704.62109375
218,0.0037230633038121182,0.0160390627172452,0.0001,0.16219137236475945,2704.62109375,2705.4140625,2704.62109375,2704.62109375,2704.62109375,2704.62109375
219,0.0037230361847956053,0.026401108318974575,0.0001,0.16140319872647524,2704.62109375,2705.4140625,2704.62109375,2704.62109375,2704.62109375,2704.62109375
220,0.0037229359059224427,0.043126763956772396,0.0001,0.20652816072106361,2704.62109375,2705.4140625,2704.62109375,2704.62109375,2704.62109375,2704.62109375
221,0.003722747987808236,0.06363817416789785,0.0001,0.2061348194256425,2704.62109375,2705.4140625,2704.62109375,2704.62109375,2704.62109375,2704.62109375
222,0.0037223254702617075,0.0803079948828549,0.0001,0.20705105178058147,2704.62109375,2705.4140625,2704.62109375,2704.62109375,2704.62109375,2704.62109375
223,0.003721591064120032,0.06842557289578266,0.0001,0.20711910352110863,2704.62109375,2705.4140625,2704.62109375,2704.62109375,2704.62109375,2704.62109375
224,0.003721360936065433,0.08414664706387098,0.0001,0.20719746313989162,2704.62109375,2705.4140625,2704.62109375,2704.62109375,2704.62109375,2704.62109375
225,0.003720836297794712,0.2599222934370251,0.0001,0.20645909011363983,2704.62109375,2705.4140625,2704.62109375,2704.62109375,2704.62109375,2704.62109375
226,0.0037185410931089872,0.16542150094149288,0.0001,0.4122316874563694,2704.62109375,2705.4140625,2704.62109375,2704.62109375,2704.62109375,2704.62109375
227,0.003716568504929762,0.45577199259166234,0.0001,0.2062678700312972,2704.62109375,2705.4140625,2704.62109375,2704.62109375,2704.62109375,2704.62109375
228,0.0037146471327682666,0.018047930079741814,0.0001,0.20626823883503675,2704.62109375,2705.4140625,2704.62109375,2704.62109375,2704.62109375,2704.62109375
229,0.003713230595877655,0.022057967145561186,0.0001,0.2063829805701971,2704.62109375,2705.4140625,2704.62109375,2704.62109375,2704.62109375,2704.62109375
230,0.0037122979672304965,0.03352050926281103,0.0001,0.20660030096769333,2704.62109375,2705.4140625,2704.62109375,2704.62109375,2704.62109375,2704.62109375
231,0.003710969996676127,0.041038146178181356,0.0001,0.20622112974524498,2704.62109375,2705.4140625,2704.62109375,2704.62109375,2704.62109375,2704.62109375
232,0.0037090735331203302,0.13218574188420817,0.0001,0.20557616744190454,2704.62109375,2705.4140625,2704.62109375,2704.62109375,2704.62109375,2704.62109375
233,0.00370700515062898,0.1113304194705722,0.0001,0.20566085632890463,2704.62109375,2705.4140625,2704.62109375,2704.62109375,2704.62109375,2704.62109375
234,0.0037053703808023757,0.1232712094255215,0.0001,0.20546259731054306,2704.62109375,2705.4140625,2704.62109375,2704.62109375,2704.62109375,2704.62109375
235,0.003705051826214066,0.15834063404179488,0.0001,0.412252607755363,2704.62109375,2705.4140625,2704.62109375,2704.62109375,2704.62109375,2704.62109375
236,0.003701935850410146,0.22280962739642463,0.0001,0.20720269344747066,2704.62109375,2705.4140625,2704.62109375,2704.62109375,2704.62109375,2704.62109375
237,0.00369835284321251,0.30749227253857125,0.0001,0.20733398385345936,2704.62109375,2705.4140625,2704.62109375,2704.62109375,2704.62109375,2704.62109375
238,0.0036975873311275343,0.04724809096715077,0.0001,0.2060069078579545,2704.62109375,2705.4140625,2704.62109375,2704.62109375,2704.62109375,2704.62109375
239,0.003696956120286591,0.0020940183722716332,0.0001,0.20721100270748138,2704.62109375,2705.4140625,2704.62109375,2704.62109375,2704.62109375,2704.62109375
240,0.0036968843255643915,0.004495890349881626,0.0001,0.2061408804729581,2704.62109375,2705.4140625,2704.62109375,2704.62109375,2704.62109375,2704.62109375
241,0.00369670665112343,0.04180574113715274,0.0001,0.4107246221974492,2704.62109375,2705.4140625,2704.62109375,2704.62109375,2704.62109375,2704.62109375
242,0.0036949800359862115,0.17630329305791137,0.0001,0.20549454633146524,2704.62109375,2705.4140625,2704.62109375,2704.62109375,2704.62109375,2704.62109375
243,0.003691188210897081,0.4310056473994811,0.0001,0.20684411190450191,2704.62109375,2705.4140625,2704.62109375,2704.62109375,2704.62109375,2704.62109375
244,0.003681608536925319,0.3046862559768051,0.0001,0.20681648142635822,2704.62109375,2705.4140625,2704.62109375,2704.62109375,2704.62109375,2704.62109375
245,0.0036665474615189073,0.14111916918331957,0.0001,0.20551608689129353,2704.62109375,2705.4140625,2704.62109375,2704.62109375,2704.62109375,2704.62109375
246,0.0036589171250395133,0.25274776276384836,0.0001,0.20496489480137825,2704.62109375,2705.4140625,2704.62109375,2704.62109375,2704.62109375,2704.62109375
247,0.003657967032482198,0.07334847850910142,0.0001,0.4186253109946847,2704.62109375,2705.4140625,2704.62109375,2704.62109375,2704.62109375,2704.62109375
248,0.00365743954421863,0.11666275418309002,0.0001,0.2141066985204816,2704.62109375,2705.4140625,2704.62109375,2704.62109375,2704.62109375,2704.62109375
249,0.0036574010734832917,0.08756411540134801,0.0001,0.41706771589815617,2704.62109375,2705.4140625,2704.62109375,2704.62109375,2704.62109375,2704.62109375
250,0.0036573260556819957,0.008276414312856306,0.0001,0.16277841292321682,2704.62109375,2705.4140625,2704.62109375,2704.62109375,2704.62109375,2704.62109375
251,0.0036573037443888195,0.014064419664430283,0.0001,0.16358525678515434,2704.62109375,2705.4140625,2704.62109375,2704.62109375,2704.62109375,2704.62109375
252,0.0036572610479395527,0.030386422840508853,0.0001,0.20913461036980152,2704.62109375,2705.4140625,2704.62109375,2704.62109375,2704.62109375,2704.62109375
253,0.003657242911125142,0.02858357473377915,0.0001,0.16432431899011135,2704.62109375,2705.4140625,2704.62109375,2704.62109375,2704.62109375,2704.62109375
254,0.0036572381843833148,0.015256395962569003,0.0001,0.6233447846025229,2704.62109375,2705.4140625,2704.62109375,2704.62109375,2704.62109375,2704.62109375
255,0.003657227587286669,0.009609603675854173,0.0001,0.1615955103188753,2704.62109375,2705.4140625,2704.62109375,2704.62109375,2704.62109375,2704.62109375
256,0.003657223515223577,0.004229446635066192,0.0001,0.16237130202353,2704.62109375,2705.4140625,2704.62109375,2704.62109375,2704.62109375,2704.62109375
257,0.0036572185057035,0.0032050330443400554,0.0001,0.16140910889953375,2704.62109375,2705.4140625,2704.62109375,2704.62109375,2704.62109375,2704.62109375
258,0.0036572155181809405,0.008233708621024682,0.0001,0.16105271689593792,2704.62109375,2705.4140625,2704.62109375,2704.62109375,2704.62109375,2704.62109375
259,0.003657213496047684,0.003488816584384713,0.0001,0.1605495661497116,2704.62109375,2705.4140625,2704.62109375,2704.62109375,2704.62109375,2704.62109375
260,0.00365721262411796,0.001642308297605144,0.0001,0.16224571224302053,2704.62109375,2705.4140625,2704.62109375,2704.62109375,2704.62109375,2704.62109375
261,0.0036572125240014277,0.0031143462418776746,0.0001,0.32370673958212137,2704.62109375,2705.4140625,2704.62109375,2704.62109375,2704.62109375,2704.62109375
262,0.0036572122208290902,0.003719591069364925,0.0001,0.1622642921283841,2704.62109375,2705.4140625,2704.62109375,2704.62109375,2704.62109375,2704.62109375
263,0.0036572097418096955,0.005561710231621442,0.0001,0.1607553567737341,2704.62109375,2705.4140625,2704.62109375,2704.62109375,2704.62109375,2704.62109375
264,0.003657202069446738,0.008535223295048744,0.0001,0.16126857791095972,2704.62109375,2705.4140625,2704.62109375,2704.62109375,2704.62109375,2704.62109375
265,0.0036571927092567394,0.027455398785430907,0.0001,0.1626044036820531,2704.62109375,2705.4140625,2704.62109375,2704.62109375,2704.62109375,2704.62109375
266,0.0036571739200953524,0.019261493758141568,0.0001,0.16214664094150066,2704.62109375,2705.4140625,2704.62109375,2704.62109375,2704.62109375,2704.62109375
267,0.0036571386390344615,0.002995825068985436,0.0001,0.1613298486918211,2704.62109375,2705.4140625,2704.62109375,2704.62109375,2704.62109375,2704.62109375
268,0.00365711151426689,0.009678823116438418,0.0001,0.16177836991846561,2704.62109375,2705.4140625,2704.62109375,2704.62109375,2704.62109375,2704.62109375
269,0.003657097522081003,0.011787375681787005,0.0001,0.1607139464467764,2704.62109375,2705.4140625,2704.62109375,2704.62109375,2704.62109375,2704.62109375
270,0.003657095344061719,0.0106543896281166,0.0001,0.4127293396741152,2704.62109375,2705.4140625,2704.62109375,2704.62109375,2704.62109375,2704.62109375
271,0.0036570700381419303,0.013223335408760084,0.0001,0.1634070361033082,2704.62109375,2705.4140625,2704.62109375,2704.62109375,2704.62109375,2704.62109375
272,0.0036570687094523865,0.028786891830966832,0.0001,0.41625173296779394,2704.62109375,2705.4140625,2704.62109375,2704.62109375,2704.62109375,2704.62109375
273,0.0036570361035810285,0.02655118216467489,0.0001,0.20652395952492952,2704.62109375,2705.4140625,2704.62109375,2704.62109375,2704.62109375,2704.62109375
274,0.00365660173837027,0.15274532093125903,0.0001,0.4164336137473583,2704.62109375,2705.4140625,2704.62109375,2704.62109375,2704.62109375,2704.62109375
275,0.0036525036535255554,0.120316076478298,0.0001,0.36947610415518284,2704.62109375,2705.4140625,2704.62109375,2704.62109375,2704.62109375,2704.62109375
276,0.00364532565555211,1.4678291986976588,0.0001,0.6212818287312984,2704.62109375,2705.4140625,2704.62109375,2704.62109375,2704.62109375,2704.62109375
277,0.003589949274856179,1.1165356254669967,0.0001,0.20739744324237108,2704.62109375,2705.4140625,2704.62109375,2704.62109375,2704.62109375,2704.62109375
278,0.003458969758845277,0.7712768654355091,0.0001,0.20672260131686926,2704.62109375,2705.4140625,2704.62109375,2704.62109375,2704.62109375,2704.62109375
279,0.00342382343137026,2.2658667765089215,0.0001,0.41343664191663265,2704.62109375,2705.4140625,2704.62109375,2704.62109375,2704.62109375,2704.62109375
280,0.0033922016821917823,2.2441778982194407,0.0001,0.4178824294358492,2704.62109375,2705.4140625,2704.62109375,2704.62109375,2704.62109375,2704.62109375
281,0.003391801947230352,2.2281575673289162,0.0001,0.502423751167953,2704.62109375,2705.4140625,2704.62109375,2704.62109375,2704.62109375,2704.62109375
282,0.00336782914862815,0.986907874655423,0.0001,0.20604940876364708,2704.62109375,2705.4140625,2704.62109375,2704.62109375,2704.62109375,2704.62109375
283,0.0033527342117231325,1.587249538467229,0.0001,0.4106590524315834,2704.62109375,2705.4140625,2704.62109375,2704.62109375,2704.62109375,2704.62109375
284,0.0033195305750530514,2.226677343128292,0.0001,0.2053104266524315,2704.62109375,2705.4140625,2704.62109375,2704.62109375,2704.62109375,2704.62109375
285,0.0033053226641218247,0.37767653248984423,0.0001,0.2066429303959012,2704.62109375,2705.4140625,2704.62109375,2704.62109375,2704.62109375,2704.62109375
286,0.003295769424125926,0.40450497168595634,0.0001,0.20721920300275087,2704.62109375,2705.4140625,2704.62109375,2704.62109375,2704.62109375,2704.62109375
287,0.003294199032994092,0.9502271669803817,0.0001,0.20556217711418867,2704.62109375,2705.4140625,2704.62109375,2704.62109375,2704.62109375,2704.62109375
288,0.003291866044382081,0.3418223826063713,0.0001,0.23180367145687342,2704.62109375,2705.4140625,2704.62109375,2704.62109375,2704.62109375,2704.62109375
289,0.003290767639582576,0.12455392472352345,0.0001,0.21291061397641897,2704.62109375,2705.4140625,2704.62109375,2704.62109375,2704.62109375,2704.62109375
290,0.0032904970517883343,0.06886740325479623,0.0001,0.20851869694888592,2704.62109375,2705.4140625,2704.62109375,2704.62109375,2704.62109375,2704.62109375
291,0.003290277980239233,0.0019486455000339298,0.0001,0.20598692912608385,2704.62109375,2705.4140625,2704.62109375,2704.62109375,2704.62109375,2704.62109375
292,0.0032899502806632177,0.049305709906591,0.0001,0.20639755949378014,2704.62109375,2705.4140625,2704.62109375,2704.62109375,2704.62109375,2704.62109375
293,0.003289413331473999,0.011741367870770514,0.0001,0.20449555292725563,2704.62109375,2705.4140625,2704.62109375,2704.62109375,2704.62109375,2704.62109375
294,0.0032891511343211056,0.030698605721415806,0.0001,0.20501036569476128,2704.62109375,2705.4140625,2704.62109375,2704.62109375,2704.62109375,2704.62109375
295,0.0032891135407824117,0.03986700648169683,0.0001,0.16153569985181093,2704.62109375,2705.4140625,2704.62109375,2704.62109375,2704.62109375,2704.62109375
296,0.003288895435228986,0.21839288627949904,0.0001,0.41153003461658955,2704.62109375,2705.4140625,2704.62109375,2704.62109375,2704.62109375,2704.62109375
297,0.003288687897178574,0.1572661265062283,0.0001,0.2067286018282175,2704.62109375,2705.4140625,2704.62109375,2704.62109375,2704.62109375,2704.62109375
298,0.0032884363824451546,0.07001893137879356,0.0001,0.20599494874477386,2704.62109375,2705.4140625,2704.62109375,2704.62109375,2704.62109375,2704.62109375
299,0.0032882011921873183,0.013657240516394165,0.0001,0.2076430842280388,2704.62109375,2705.4140625,2704.62109375,2704.62109375,2704.62109375,2704.62109375
300,0.0032880783117180796,0.01118815601443357,0.0001,0.22152930404990911,2704.62109375,2705.4140625,2704.62109375,2704.62109375,2704.62109375,2704.62109375
301,0.0032880437629175113,0.015785241229054003,0.0001,0.20784635562449694,2704.62109375,2705.4140625,2704.62109375,2704.62109375,2704.62109375,2704.62109375
302,0.003288026571758923,0.007253533563020609,0.0001,0.16356254648417234,2704.62109375,2705.4140625,2704.62109375,2704.62109375,2704.62109375,2704.62109375
303,0.0032879772463014247,0.030821598273495843,0.0001,0.1649492308497429,2704.62109375,2705.4140625,2704.62109375,2704.62109375,2704.62109375,2704.62109375
304,0.0032879303726240225,0.043982985205209824,0.0001,0.21072002593427896,2704.62109375,2705.4140625,2704.62109375,2704.62109375,2704.62109375,2704.62109375
305,0.0032879062154489024,0.03462427248971833,0.0001,0.162314441986382,2704.62109375,2705.4140625,2704.62109375,2704.62109375,2704.62109375,2704.62109375
306,0.003287884510777322,0.010503273302308491,0.0001,0.16163391061127186,2704.62109375,2705.4140625,2704.62109375,2704.62109375,2704.62109375,2704.62109375
307,0.003287881290959908,0.000724637464904187,0.0001,0.16122848819941282,2704.62109375,2705.4140625,2704.62109375,2704.62109375,2704.62109375,2704.62109375
308,0.0032878808676510747,0.0007252406644937184,0.0001,0.16120618768036366,2704.62109375,2705.4140625,2704.62109375,2704.62109375,2704.62109375,2704.62109375
309,0.003287880787748806,0.004019271129889979,0.0001,0.41225316748023033,2704.62109375,2705.4140625,2704.62109375,2704.62109375,2704.62109375,2704.62109375
310,0.003287880577723774,0.0032641464423545097,0.0001,0.1618322003632784,2704.62109375,2705.4140625,2704.62109375,2704.62109375,2704.62109375,2704.62109375
311,0.0032878788056611265,0.001569698120703067,0.0001,0.1617562398314476,2704.62109375,2705.4140625,2704.62109375,2704.62109375,2704.62109375,2704.62109375
312,0.0032878714110631067,0.0020599087056369925,0.0001,0.16072516702115536,2704.62109375,2705.4140625,2704.62109375,2704.62109375,2704.62109375,2704.62109375
313,0.003287857352499373,0.003592035410041383,0.0001,0.16090415697544813,2704.62109375,2705.4140625,2704.62109375,2704.62109375,2704.62109375,2704.62109375
314,0.003287854683641893,0.02363993336569936,0.0001,0.4160442715510726,2704.62109375,2705.4140625,2704.62109375,2704.62109375,2704.62109375,2704.62109375
315,0.0032878139757311505,0.015580827422279953,0.0001,0.1614438183605671,2704.62109375,2705.4140625,2704.62109375,2704.62109375,2704.62109375,2704.62109375
316,0.0032877413396226315,0.007429095544526421,0.0001,0.16098476760089397,2704.62109375,2705.4140625,2704.62109375,2704.62109375,2704.62109375,2704.62109375
317,0.0032876348521789704,0.024658209707209444,0.0001,0.20593347866088152,2704.62109375,2705.4140625,2704.62109375,2704.62109375,2704.62109375,2704.62109375
318,0.0032875492260929376,0.011719996098507268,0.0001,0.20619660895317793,2704.62109375,2705.4140625,2704.62109375,2704.62109375,2704.62109375,2704.62109375
319,0.0032874434556824485,0.037635584478232564,0.0001,0.20723236352205276,2704.62109375,2705.4140625,2704.62109375,2704.62109375,2704.62109375,2704.62109375
320,0.0032873270297085143,0.011039711616267489,0.0001,0.20636319927871227,2704.62109375,2705.4140625,2704.62109375,2704.62109375,2704.62109375,2704.62109375
321,0.0032871200728530545,0.07768264579983353,0.0001,0.20547118689864874,2704.62109375,2705.4140625,2704.62109375,2704.62109375,2704.62109375,2704.62109375
322,0.0032867910175336194,0.05408201915961519,0.0001,0.20505934581160545,2704.62109375,2705.4140625,2704.62109375,2704.62109375,2704.62109375,2704.62109375
323,0.003285675837872731,0.24797668464147704,0.0001,0.20663374103605747,2704.62109375,2705.4140625,2704.62109375,2704.62109375,2704.62109375,2704.62109375
324,0.003281635367099247,0.8395635992527479,0.0001,0.20576605759561062,2704.62109375,2705.4140625,2704.62109375,2704.62109375,2704.62109375,2704.62109375
325,0.0032758926589885164,1.2529967460742655,0.0001,0.20560125727206469,2704.62109375,2705.4140625,2704.62109375,2704.62109375,2704.62109375,2704.62109375
326,0.0032661345746246508,1.4136090238221546,0.0001,0.20505521539598703,2704.62109375,2705.4140625,2704.62109375,2704.62109375,2704.62109375,2704.62109375
327,0.0032629218653064886,1.104636412288885,0.0001,0.40954051818698645,2704.62109375,2705.4140625,2704.62109375,2704.62109375,2704.62109375,2704.62109375
328,0.00325527920469066,0.08928820649341596,0.0001,0.20571832824498415,2704.62109375,2705.4140625,2704.62109375,2704.62109375,2704.62109375,2704.62109375
329,0.0032529997863664996,0.461511952594688,0.0001,0.20543974544852972,2704.62109375,2705.4140625,2704.62109375,2704.62109375,2704.62109375,2704.62109375
330,0.003251846482338607,0.13856826591541105,0.0001,0.2053124876692891,2704.62109375,2705.4140625,2704.62109375,2704.62109375,2704.62109375,2704.62109375
331,0.0032516064122557094,0.06715407081216607,0.0001,0.20431617181748152,2704.62109375,2705.4140625,2704.62109375,2704.62109375,2704.62109375,2704.62109375
332,0.0032515088502078748,0.004844513750056567,0.0001,0.20663413126021624,2704.62109375,2705.4140625,2704.62109375,2704.62109375,2704.62109375,2704.62109375
333,0.0032515066580375744,0.0038418188450948243,0.0001,0.16114173736423254,2704.62109375,2705.4140625,2704.62109375,2704.62109375,2704.62109375,2704.62109375
334,0.0032515055347667513,0.0016262336180544734,0.0001,0.16088039707392454,2704.62109375,2705.4140625,2704.62109375,2704.62109375,2704.62109375,2704.62109375
335,0.003251504825287619,0.002882206598228132,0.0001,0.16043757554143667,2704.62109375,2705.4140625,2704.62109375,2704.62109375,2704.62109375,2704.62109375
336,0.0032515019697564565,0.0008265520342607334,0.0001,0.16017838474363089,2704.62109375,2705.4140625,2704.62109375,2704.62109375,2704.62109375,2704.62109375
337,0.0032514974031717606,0.010361506322876135,0.0001,0.16048418451100588,2704.62109375,2705.4140625,2704.62109375,2704.62109375,2704.62109375,2704.62109375
338,0.0032514953036150815,0.01478567685773391,0.0001,0.1606087163090706,2704.62109375,2705.4140625,2704.62109375,2704.62109375,2704.62109375,2704.62109375
339,0.003251486318101219,0.025208474501628997,0.0001,0.16052125580608845,2704.62109375,2705.4140625,2704.62109375,2704.62109375,2704.62109375,2704.62109375
340,0.0032514675001861495,0.03655680771347969,0.0001,0.16211074125021696,2704.62109375,2705.4140625,2704.62109375,2704.62109375,2704.62109375,2704.62109375
341,0.003251434954951665,0.0065253895562795705,0.0001,0.1617537597194314,2704.62109375,2705.4140625,2704.62109375,2704.62109375,2704.62109375,2704.62109375
342,0.0032514117531626777,0.020125895318293896,0.0001,0.16174260061234236,2704.62109375,2705.4140625,2704.62109375,2704.62109375,2704.62109375,2704.62109375
343,0.0032514036106350273,0.01386147181998143,0.0001,0.16138710733503103,2704.62109375,2705.4140625,2704.62109375,2704.62109375,2704.62109375,2704.62109375
344,0.0032514012087700617,0.002854713304788703,0.0001,0.1612717192620039,2704.62109375,2705.4140625,2704.62109375,2704.62109375,2704.62109375,2704.62109375
345,0.0032514001756082534,0.006738236967286593,0.0001,0.16235327254980803,2704.62109375,2705.4140625,2704.62109375,2704.62109375,2704.62109375,2704.62109375
346,0.003251397910944758,0.010338239928558979,0.0001,0.16268067248165607,2704.62109375,2705.4140625,2704.62109375,2704.62109375,2704.62109375,2704.62109375
347,0.003251392128835701,0.011724017324334701,0.0001,0.1616030903533101,2704.62109375,2705.4140625,2704.62109375,2704.62109375,2704.62109375,2704.62109375
348,0.003251387092126073,0.01113345029524826,0.0001,0.16044746432453394,2704.62109375,2705.4140625,2704.62109375,2704.62109375,2704.62109375,2704.62109375
349,0.003251348146357778,0.05965267852317324,0.0001,0.617830365896225,2704.62109375,2705.4140625,2704.62109375,2704.62109375,2704.62109375,2704.62109375
350,0.003251290984710445,0.04925057089884621,0.0001,0.16285812389105558,2704.62109375,2705.4140625,2704.62109375,2704.62109375,2704.62109375,2704.62109375
351,0.0032510775485762628,0.04049474217555238,0.0001,0.20672832150012255,2704.62109375,2705.4140625,2704.62109375,2704.62109375,2704.62109375,2704.62109375
352,0.00325102589088211,0.03934220928294452,0.0001,0.2049956852570176,2704.62109375,2705.4140625,2704.62109375,2704.62109375,2704.62109375,2704.62109375
353,0.0032509091736362848,0.006806163217289329,0.0001,0.4125776086002588,2704.62109375,2705.4140625,2704.62109375,2704.62109375,2704.62109375,2704.62109375
354,0.0032499957713977906,0.18447449067701593,0.0001,0.20885027945041656,2704.62109375,2705.4140625,2704.62109375,2704.62109375,2704.62109375,2704.62109375
355,0.0032488774603785745,0.1057576431973486,0.0001,0.20768292527645826,2704.62109375,2705.4140625,2704.62109375,2704.62109375,2704.62109375,2704.62109375
356,0.0032478392460112927,0.08725768250201926,0.0001,0.20654086954891682,2704.62109375,2705.4140625,2704.62109375,2704.62109375,2704.62109375,2704.62109375
357,0.003247228586486183,0.008864889053447067,0.0001,0.20771908480674028,2704.62109375,2705.4140625,2704.62109375,2704.62109375,2704.62109375,2704.62109375
358,0.003246755905136712,0.03977354221319618,0.0001,0.2069408418610692,2704.62109375,2705.4140625,2704.62109375,2704.62109375,2704.62109375,2704.62109375
359,0.0032466864118290513,0.0627386897032225,0.0001,0.41109446436166763,2704.62109375,2705.4140625,2704.62109375,2704.62109375,2704.62109375,2704.62109375
360,0.003246619205102429,0.020019100319156213,0.0001,0.2062250403687358,2704.62109375,2705.4140625,2704.62109375,2704.62109375,2704.62109375,2704.62109375
361,0.003246572574319065,0.005306751684037936,0.0001,0.2085025366395712,2704.62109375,2705.4140625,2704.62109375,2704.62109375,2704.62109375,2704.62109375
362,0.0032465422864356923,0.027346244255586516,0.0001,0.16136802919209003,2704.62109375,2705.4140625,2704.62109375,2704.62109375,2704.62109375,2704.62109375
363,0.00324651551525854,0.03219360630115964,0.0001,0.16149581875652075,2704.62109375,2705.4140625,2704.62109375,2704.62109375,2704.62109375,2704.62109375
364,0.003246436453438274,0.026715662118551142,0.0001,0.20552117750048637,2704.62109375,2705.4140625,2704.62109375,2704.62109375,2704.62109375,2704.62109375
365,0.0032463859504807983,0.049125326951232395,0.0001,0.6179874651134014,2704.62109375,2705.4140625,2704.62109375,2704.62109375,2704.62109375,2704.62109375
366,0.0032462262613143986,0.03475817719692609,0.0001,0.20575280860066414,2704.62109375,2705.4140625,2704.62109375,2704.62109375,2704.62109375,2704.62109375
367,0.0032455123579534437,0.02242024567032541,0.0001,0.2061355384066701,2704.62109375,2705.4140625,2704.62109375,2704.62109375,2704.62109375,2704.62109375
368,0.003245381182371001,0.038260703771435534,0.0001,0.41292767133563757,2704.62109375,2705.4140625,2704.62109375,2704.62109375,2704.62109375,2704.62109375
369,0.003245188133046853,0.012438620835077407,0.0001,0.20673544146120548,2704.62109375,2705.4140625,2704.62109375,2704.62109375,2704.62109375,2704.62109375
370,0.0032451573994613735,0.0250258563927801,0.0001,0.16152354888617992,2704.62109375,2705.4140625,2704.62109375,2704.62109375,2704.62109375,2704.62109375
371,0.0032451070305843034,0.024969513659814813,0.0001,0.20512535609304905,2704.62109375,2705.4140625,2704.62109375,2704.62109375,2704.62109375,2704.62109375
372,0.0032450511552265782,0.0023917649925428996,0.0001,0.16241315193474293,2704.62109375,2705.4140625,2704.62109375,2704.62109375,2704.62109375,2704.62109375
373,0.0032448797909538354,0.07337760202194032,0.0001,0.20637664943933487,2704.62109375,2705.4140625,2704.62109375,2704.62109375,2704.62109375,2704.62109375
374,0.00324471633368203,0.08872773266037348,0.0001,0.16138597950339317,2704.62109375,2705.4140625,2704.62109375,2704.62109375,2704.62109375,2704.62109375
375,0.003243625551336239,0.1423267257982359,0.0001,0.20644407998770475,2704.62109375,2705.4140625,2704.62109375,2704.62109375,2704.62109375,2704.62109375
376,0.003242136000921281,0.1799632794093795,0.0001,0.2055821167305112,2704.62109375,2705.4140625,2704.62109375,2704.62109375,2704.62109375,2704.62109375
377,0.003241073342347272,0.2090040583014423,0.0001,0.2053789971396327,2704.62109375,2705.4140625,2704.62109375,2704.62109375,2704.62109375,2704.62109375
378,0.0032407171111637884,0.1344572016200356,0.0001,0.6157985078170896,2704.62109375,2705.4140625,2704.62109375,2704.62109375,2704.62109375,2704.62109375
379,0.0032405440234420163,0.03180689291270644,0.0001,0.20550366677343845,2704.62109375,2705.4140625,2704.62109375,2704.62109375,2704.62109375,2704.62109375
380,0.00324052614336087,0.009451311016297592,0.0001,0.16003049351274967,2704.62109375,2705.4140625,2704.62109375,2704.62109375,2704.62109375,2704.62109375
381,0.003240523332117338,0.0009211484643250653,0.0001,0.16064135544002056,2704.62109375,2705.4140625,2704.62109375,2704.62109375,2704.62109375,2704.62109375
382,0.003240522102546614,0.000920621906652673,0.0001,0.16063724644482136,2704.62109375,2705.4140625,2704.62109375,2704.62109375,2704.62109375,2704.62109375
383,0.0032405217087762513,0.003979080623010667,0.0001,0.41361690405756235,2704.62109375,2705.4140625,2704.62109375,2704.62109375,2704.62109375,2704.62109375
384,0.0032405206740101435,0.0036797708350799763,0.0001,0.16074786614626646,2704.62109375,2705.4140625,2704.62109375,2704.62109375,2704.62109375,2704.62109375
385,0.003240503700607509,0.0014669702468926848,0.0001,0.2064848393201828,2704.62109375,2705.4140625,2704.62109375,2704.62109375,2704.62109375,2704.62109375
386,0.0032404511931698665,0.0026183421628852566,0.0001,0.32259643729776144,2704.62109375,2705.4140625,2704.62109375,2704.62109375,2704.62109375,2704.62109375
387,0.0032402261223685265,0.027387909005364586,0.0001,0.20770628470927477,2704.62109375,2705.4140625,2704.62109375,2704.62109375,2704.62109375,2704.62109375
388,0.00323984278484416,0.0061441756314111196,0.0001,0.20706893224269152,2704.62109375,2705.4140625,2704.62109375,2704.62109375,2704.62109375,2704.62109375
389,0.0032370862306733148,0.02654483716889744,0.0001,0.2055001575499773,2704.62109375,2705.4140625,2704.62109375,2704.62109375,2704.62109375,2704.62109375
390,0.00323706027838855,0.005975043535501268,0.0001,0.4143123058602214,2704.62109375,2705.4140625,2704.62109375,2704.62109375,2704.62109375,2704.62109375
391,0.003232943586707276,0.020183841005068315,0.0001,0.20557784661650658,2704.62109375,2705.4140625,2704.62109375,2704.62109375,2704.62109375,2704.62109375
392,0.00323281562486963,0.049992597530376326,0.0001,0.6155856568366289,2704.62109375,2705.4140625,2704.62109375,2704.62109375,2704.62109375,2704.62109375
393,0.003222090366958447,0.20155458628569822,0.0001,0.20691733248531818,2704.62109375,2705.4140625,2704.62109375,2704.62109375,2704.62109375,2704.62109375
394,0.0031957592073446448,0.7691977648451958,0.0001,0.2073022536933422,2704.62109375,2705.4140625,2704.62109375,2704.62109375,2704.62109375,2704.62109375
395,0.0031173763217385293,0.4738249042733085,0.0001,0.20603434834629297,2704.62109375,2705.4140625,2704.62109375,2704.62109375,2704.62109375,2704.62109375
396,0.003066553229604511,0.7938057461390566,0.0001,0.41327255219221115,2704.62109375,2705.4140625,2704.62109375,2704.62109375,2704.62109375,2704.62109375
397,0.0030252441993509818,0.7392438331639,0.0001,0.4144097054377198,2704.62109375,2705.4140625,2704.62109375,2704.62109375,2704.62109375,2704.62109375
398,0.003014814746648928,0.8333134233693769,0.0001,0.410164731554687,2704.62109375,2705.4140625,2704.62109375,2704.62109375,2704.62109375,2704.62109375
399,0.00281555462167102,0.06727450168779503,0.0001,0.4125404981896281,2704.62109375,2705.4140625,2704.62109375,2704.62109375,2704.62109375,2704.62109375
400,0.0027920663448416923,0.6877511790070541,0.0001,0.41106641478836536,2704.62109375,2705.4140625,2704.62109375,2704.62109375,2704.62109375,2704.62109375
401,0.0027397572686875655,1.0387782077151915,0.0001,0.4110866440460086,2704.62109375,2705.4140625,2704.62109375,2704.62109375,2704.62109375,2704.62109375
402,0.0026692253352193452,1.9928607978870283,0.0001,0.4100544508546591,2704.62109375,2705.4140625,2704.62109375,2704.62109375,2704.62109375,2704.62109375
403,0.002591660759028695,3.8137257392466815,0.0001,0.4107078714296222,2704.62109375,2705.4140625,2704.62109375,2704.62109375,2704.62109375,2704.62109375
404,0.002489866023571498,5.042750926837706,0.0001,0.20535657741129398,2704.62109375,2705.4140625,2704.62109375,2704.62109375,2704.62109375,2704.62109375
405,0.002365971878239141,0.14436353758924692,0.0001,0.20510242506861687,2704.62109375,2705.4140625,2704.62109375,2704.62109375,2704.62109375,2704.62109375
406,0.0023126556454815613,2.0172115617371764,0.0001,0.410343911498785,2704.62109375,2705.4140625,2704.62109375,2704.62109375,2704.62109375,2704.62109375
407,0.002281847056811307,3.5445818301444056,0.0001,0.409321216866374,2704.62109375,2705.4140625,2704.62109375,2704.62109375,2704.62109375,2704.62109375
408,0.002224824296250296,2.2156939437086525,0.0001,0.20599571987986565,2704.62109375,2705.4140625,2704.62109375,2704.62109375,2704.62109375,2704.62109375
409,0.0021685537672190194,1.5281640741289113,0.0001,0.20540031511336565,2704.62109375,2705.4140625,2704.62109375,2704.62109375,2704.62109375,2704.62109375
410,0.002112553251810894,1.505244323707538,0.0001,0.2049861466512084,2704.62109375,2705.4140625,2704.62109375,2704.62109375,2704.62109375,2704.62109375
411,0.002110281520025293,1.5049361533825252,0.0001,0.4092495171353221,2704.62109375,2705.4140625,2704.62109375,2704.62109375,2704.62109375,2704.62109375
412,0.0021087838184680363,1.622998077268135,0.0001,0.41040614154189825,2704.62109375,2705.4140625,2704.62109375,2704.62109375,2704.62109375,2704.62109375
413,0.0020409425317390734,0.8193205186717145,0.0001,0.20506728533655405,2704.62109375,2705.4140625,2704.62109375,2704.62109375,2704.62109375,2704.62109375
414,0.0020264223583229867,1.5438757824562157,0.0001,0.41231170762330294,2704.62109375,2705.4140625,2704.62109375,2704.62109375,2704.62109375,2704.62109375
415,0.002005930994799188,2.6659909305686096,0.0001,0.20619845017790794,2704.62109375,2705.4140625,2704.62109375,2704.62109375,2704.62109375,2704.62109375
416,0.0019872840790482915,0.29971328316764356,0.0001,0.2063116692006588,2704.62109375,2705.4140625,2704.62109375,2704.62109375,2704.62109375,2704.62109375
417,0.0019834149623319396,0.048327946927402055,0.0001,0.20669502206146717,2704.62109375,2705.4140625,2704.62109375,2704.62109375,2704.62109375,2704.62109375
418,0.00197952103177401,0.45824543214195557,0.0001,0.41116305347532034,2704.62109375,2705.4140625,2704.62109375,2704.62109375,2704.62109375,2704.62109375
419,0.0019776144448921313,0.46879046011819847,0.0001,0.206027009524405,2704.62109375,2705.4140625,2704.62109375,2704.62109375,2704.62109375,2704.62109375
420,0.0019689715454249026,0.25740884616379023,0.0001,0.4101700196042657,2704.62109375,2705.4140625,2704.62109375,2704.62109375,2704.62109375,2704.62109375
421,0.00196697385842379,0.7056624029240945,0.0001,0.20585787948220968,2704.62109375,2705.4140625,2704.62109375,2704.62109375,2704.62109375,2704.62109375
422,0.0019654261682899923,0.2533461145189173,0.0001,0.20577156636863947,2704.62109375,2705.4140625,2704.62109375,2704.62109375,2704.62109375,2704.62109375
423,0.0019646580620812384,0.11456032590102483,0.0001,0.20641986094415188,2704.62109375,2705.4140625,2704.62109375,2704.62109375,2704.62109375,2704.62109375
424,0.0019642326356106342,0.013779596661975368,0.0001,0.20624366961419582,2704.62109375,2705.4140625,2704.62109375,2704.62109375,2704.62109375,2704.62109375
425,0.0019640369301893662,0.017719219118488394,0.0001,0.20641774963587523,2704.62109375,2705.4140625,2704.62109375,2704.62109375,2704.62109375,2704.62109375
426,0.00196398336023986,0.03198831660541335,0.0001,0.2065222905948758,2704.62109375,2705.4140625,2704.62109375,2704.62109375,2704.62109375,2704.62109375
427,0.00196394168570903,0.0814164387834535,0.0001,0.20680575165897608,2704.62109375,2705.4140625,2704.62109375,2704.62109375,2704.62109375,2704.62109375
428,0.0019638595613671954,0.058093995011432975,0.0001,0.16218078136444092,2704.62109375,2705.4140625,2704.62109375,2704.62109375,2704.62109375,2704.62109375
429,0.0019635736163617517,0.0440821677092762,0.0001,0.20600450970232487,2704.62109375,2705.4140625,2704.62109375,2704.62109375,2704.62109375,2704.62109375
430,0.0019634449350433426,0.0779721119970771,0.0001,0.2052198452875018,2704.62109375,2705.4140625,2704.62109375,2704.62109375,2704.62109375,2704.62109375
431,0.0019632969728070383,0.09395988417699064,0.0001,0.20589874871075153,2704.62109375,2705.4140625,2704.62109375,2704.62109375,2704.62109375,2704.62109375
432,0.001963278087025432,0.03886379592263434,0.0001,0.4127361197024584,2704.62109375,2705.4140625,2704.62109375,2704.62109375,2704.62109375,2704.62109375
433,0.001963240967306384,0.03432628717751118,0.0001,0.1610667873173952,2704.62109375,2705.4140625,2704.62109375,2704.62109375,2704.62109375,2704.62109375
434,0.001963163077529113,0.03560829419124922,0.0001,0.41211719810962677,2704.62109375,2705.4140625,2704.62109375,2704.62109375,2704.62109375,2704.62109375
435,0.001963098421560492,0.10341194710226964,0.0001,1.0305567244067788,2704.62109375,2705.4140625,2704.62109375,2704.62109375,2704.62109375,2704.62109375
436,0.0019629432357481285,0.05080659188239056,0.0001,0.20757426507771015,2704.62109375,2705.4140625,2704.62109375,2704.62109375,2704.62109375,2704.62109375
437,0.001962805576373185,0.020965006776831885,0.0001,0.20594910811632872,2704.62109375,2705.4140625,2704.62109375,2704.62109375,2704.62109375,2704.62109375
438,0.0019627311005031506,0.0662468253873918,0.0001,0.160502215847373,2704.62109375,2705.4140625,2704.62109375,2704.62109375,2704.62109375,2704.62109375
439,0.001962582441211306,0.1202326808248465,0.0001,0.2056625271216035,2704.62109375,2705.4140625,2704.62109375,2704.62109375,2704.62109375,2704.62109375
440,0.0019622161928098463,0.18472375837610155,0.0001,0.20588489808142185,2704.62109375,2705.4140625,2704.62109375,2704.62109375,2704.62109375,2704.62109375
441,0.0019613106111951812,0.2616216110823687,0.0001,0.20584316924214363,2704.62109375,2705.4140625,2704.62109375,2704.62109375,2704.62109375,2704.62109375
442,0.001959498577921084,0.3048046447115208,0.0001,0.20645391941070557,2704.62109375,2705.4140625,2704.62109375,2704.62109375,2704.62109375,2704.62109375
443,0.0019594857401211956,0.3654415215613924,0.0001,0.4103262908756733,2704.62109375,2705.4140625,2704.62109375,2704.62109375,2704.62109375,2704.62109375
444,0.0019589752695008105,0.10449975859385274,0.0001,0.20641626045107841,2704.62109375,2705.4140625,2704.62109375,2704.62109375,2704.62109375,2704.62109375
445,0.0019574677648449557,0.22910138490466558,0.0001,0.20656640082597733,2704.62109375,2705.4140625,2704.62109375,2704.62109375,2704.62109375,2704.62109375
446,0.0019560982128922406,0.20701205119361754,0.0001,0.2058150079101324,2704.62109375,2705.4140625,2704.62109375,2704.62109375,2704.62109375,2704.62109375
447,0.0019560039099880805,0.13351843717611056,0.0001,0.4111772542819381,2704.62109375,2705.4140625,2704.62109375,2704.62109375,2704.62109375,2704.62109375
448,0.001955649402457869,0.01193482915388755,0.0001,0.20653059054166079,2704.62109375,2705.4140625,2704.62109375,2704.62109375,2704.62109375,2704.62109375
449,0.0019555214556914945,0.05351215690517164,0.0001,0.20598731935024261,2704.62109375,2705.4140625,2704.62109375,2704.62109375,2704.62109375,2704.62109375
450,0.0019554695027839603,0.029122662727749882,0.0001,0.20513995550572872,2704.62109375,2705.4140625,2704.62109375,2704.62109375,2704.62109375,2704.62109375
451,0.0019554582807458083,0.020910395588190522,0.0001,0.16129710897803307,2704.62109375,2705.4140625,2704.62109375,2704.62109375,2704.62109375,2704.62109375
452,0.001955412374572783,0.014237518704379948,0.0001,0.16065072547644377,2704.62109375,2705.4140625,2704.62109375,2704.62109375,2704.62109375,2704.62109375
453,0.0019553534113465397,0.0526687864721902,0.0001,0.16127136815339327,2704.62109375,2705.4140625,2704.62109375,2704.62109375,2704.62109375,2704.62109375
454,0.0019552670427915673,0.09169257882776338,0.0001,0.2052915757521987,2704.62109375,2705.4140625,2704.62109375,2704.62109375,2704.62109375,2704.62109375
455,0.0019551902932665585,0.06936365085434582,0.0001,0.20775049552321434,2704.62109375,2705.4140625,2704.62109375,2704.62109375,2704.62109375,2704.62109375
456,0.001955157970025046,0.01955321448075087,0.0001,0.16026937495917082,2704.62109375,2705.4140625,2704.62109375,2704.62109375,2704.62109375,2704.62109375
457,0.0019551555327528775,0.0010687293420190702,0.0001,0.160152243450284,2704.62109375,2705.4140625,2704.62109375,2704.62109375,2704.62109375,2704.62109375
458,0.0019551554346500825,0.0013533218290577853,0.0001,0.16035297513008118,2704.62109375,2705.4140625,2704.62109375,2704.62109375,2704.62109375,2704.62109375
459,0.001955155311346791,0.0032152171897639192,0.0001,0.413111281581223,2704.62109375,2705.4140625,2704.62109375,2704.62109375,2704.62109375,2704.62109375
460,0.001955155085013384,0.0024924688984594434,0.0001,0.1633164156228304,2704.62109375,2705.4140625,2704.62109375,2704.62109375,2704.62109375,2704.62109375
461,0.001955154332020038,0.0005884656679220335,0.0001,0.1622330518439412,2704.62109375,2705.4140625,2704.62109375,2704.62109375,2704.62109375,2704.62109375
462,0.0019551540224312484,0.0014830141705679534,0.0001,0.1608492862433195,2704.62109375,2705.4140625,2704.62109375,2704.62109375,2704.62109375,2704.62109375
463,0.0019551532849846776,0.0018683187099044485,0.0001,0.1615736000239849,2704.62109375,2705.4140625,2704.62109375,2704.62109375,2704.62109375,2704.62109375
464,0.0019551530309828845,0.0019338832031787767,0.0001,0.41160207614302635,2704.62109375,2705.4140625,2704.62109375,2704.62109375,2704.62109375,2704.62109375
465,0.0019551524278052157,0.010029212184347491,0.0001,0.5728599140420556,2704.62109375,2705.4140625,2704.62109375,2704.62109375,2704.62109375,2704.62109375
466,0.0019551506205330482,0.00972900168941404,0.0001,0.16166260838508606,2704.62109375,2705.4140625,2704.62109375,2704.62109375,2704.62109375,2704.62109375
467,0.0019551283382467964,0.010577330435007415,0.0001,0.16235890332609415,2704.62109375,2705.4140625,2704.62109375,2704.62109375,2704.62109375,2704.62109375
468,0.001955125181274145,0.012122980781403614,0.0001,0.4147906871512532,2704.62109375,2705.4140625,2704.62109375,2704.62109375,2704.62109375,2704.62109375
469,0.0019550368048407768,0.015106054498963628,0.0001,0.2053452655673027,2704.62109375,2705.4140625,2704.62109375,2704.62109375,2704.62109375,2704.62109375
470,0.0019550363057316655,0.0009837924339755055,0.0001,0.41604094207286835,2704.62109375,2705.4140625,2704.62109375,2704.62109375,2704.62109375,2704.62109375
471,0.0019548880215425326,0.0062345174542626225,0.0001,0.16428395919501781,2704.62109375,2705.4140625,2704.62109375,2704.62109375,2704.62109375,2704.62109375
472,0.001953930433459053,0.056385267436684705,0.0001,0.20705731306225061,2704.62109375,2705.4140625,2704.62109375,2704.62109375,2704.62109375,2704.62109375
473,0.0019520837441039114,0.10670508522640865,0.0001,0.2062548091635108,2704.62109375,2705.4140625,2704.62109375,2704.62109375,2704.62109375,2704.62109375
474,0.0019464772448333015,0.19092720511779548,0.0001,0.20610669907182455,2704.62109375,2705.4140625,2704.62109375,2704.62109375,2704.62109375,2704.62109375
475,0.001932262088580255,0.289635523741296,0.0001,0.20668494049459696,2704.62109375,2705.4140625,2704.62109375,2704.62109375,2704.62109375,2704.62109375
476,0.0019227003727373003,0.8757268224074617,0.0001,0.41225110925734043,2704.62109375,2705.4140625,2704.62109375,2704.62109375,2704.62109375,2704.62109375
477,0.0018727783624400527,2.7350543267948777,0.0001,0.2092195600271225,2704.62109375,2705.4140625,2704.62109375,2704.62109375,2704.62109375,2704.62109375
478,0.0017846141723066268,0.0782141626531121,0.0001,0.20836356654763222,2704.62109375,2705.4140625,2704.62109375,2704.62109375,2704.62109375,2704.62109375
479,0.0017697762576769946,1.2747168721558269,0.0001,0.41153741627931595,2704.62109375,2705.4140625,2704.62109375,2704.62109375,2704.62109375,2704.62109375
480,0.0017517946527690678,1.882762431515233,0.0001,0.41283745039254427,2704.62109375,2705.4140625,2704.62109375,2704.62109375,2704.62109375,2704.62109375
481,0.0017197632017711027,1.2319805550530099,0.0001,0.20646010991185904,2704.62109375,2705.4140625,2704.62109375,2704.62109375,2704.62109375,2704.62109375
482,0.0016904892113854511,0.15784649017040375,0.0001,0.20653974078595638,2704.62109375,2705.4140625,2704.62109375,2704.62109375,2704.62109375,2704.62109375
483,0.0016822864779046012,0.9860846563848382,0.0001,0.4106718832626939,2704.62109375,2705.4140625,2704.62109375,2704.62109375,2704.62109375,2704.62109375
484,0.0016642666547301368,1.4585326505649765,0.0001,0.20764777343720198,2704.62109375,2705.4140625,2704.62109375,2704.62109375,2704.62109375,2704.62109375
485,0.001648482627733767,0.3275635617920165,0.0001,0.2072657933458686,2704.62109375,2705.4140625,2704.62109375,2704.62109375,2704.62109375,2704.62109375
486,0.0016407901169741646,0.7382117382230695,0.0001,0.2075195536017418,2704.62109375,2705.4140625,2704.62109375,2704.62109375,2704.62109375,2704.62109375
487,0.0016368860920256516,0.015133800431600286,0.0001,0.20560893788933754,2704.62109375,2705.4140625,2704.62109375,2704.62109375,2704.62109375,2704.62109375
488,0.0016319786001605914,0.05087120834270409,0.0001,0.2053750567138195,2704.62109375,2705.4140625,2704.62109375,2704.62109375,2704.62109375,2704.62109375
489,0.001627656136674739,0.3476807555970344,0.0001,0.4154144795611501,2704.62109375,2705.4140625,2704.62109375,2704.62109375,2704.62109375,2704.62109375
490,0.00160632953338133,0.7524798959302932,0.0001,0.20527782570570707,2704.62109375,2705.4140625,2704.62109375,2704.62109375,2704.62109375,2704.62109375
491,0.0015949206722227517,0.34486824599798127,0.0001,0.2049549650400877,2704.62109375,2705.4140625,2704.62109375,2704.62109375,2704.62109375,2704.62109375
492,0.001584777484671877,0.20808989689923263,0.0001,0.20758658461272717,2704.62109375,2705.4140625,2704.62109375,2704.62109375,2704.62109375,2704.62109375
493,0.0015593241083767082,0.4721365865446676,0.0001,0.20663763117045164,2704.62109375,2705.4140625,2704.62109375,2704.62109375,2704.62109375,2704.62109375
494,0.0015552689171026346,0.0008439286196046947,0.0001,0.4156030099838972,2704.62109375,2705.4140625,2704.62109375,2704.62109375,2704.62109375,2704.62109375
495,0.0015484550440939947,0.2765400527773265,0.0001,0.41114950459450483,2704.62109375,2705.4140625,2704.62109375,2704.62109375,2704.62109375,2704.62109375
496,0.0015416842860687448,1.0146606172087447,0.0001,0.20612035878002644,2704.62109375,2705.4140625,2704.62109375,2704.62109375,2704.62109375,2704.62109375
497,0.0015367078595861334,0.23619229433321764,0.0001,0.20626011956483126,2704.62109375,2705.4140625,2704.62109375,2704.62109375,2704.62109375,2704.62109375
498,0.001535000894603043,0.08399174241131369,0.0001,0.20710099302232265,2704.62109375,2705.4140625,2704.62109375,2704.62109375,2704.62109375,2704.62109375
499,0.0015340315438052113,0.10590176339637014,0.0001,0.20466273371130228,2704.62109375,2705.4140625,2704.62109375,2704.62109375,2704.62109375,2704.62109375
500,0.0015329947771459487,0.018001807311979312,0.0001,0.206162478774786,2704.62109375,2705.4140625,2704.62109375,2704.62109375,2704.62109375,2704.62109375
501,0.0015290197146748956,0.27118546634725116,0.0001,0.20672621112316847,2704.62109375,2705.4140625,2704.62109375,2704.62109375,2704.62109375,2704.62109375
502,0.0015240032710577096,0.22631451041081696,0.0001,0.20569611806422472,2704.62109375,2705.4140625,2704.62109375,2704.62109375,2704.62109375,2704.62109375
503,0.001523980236630339,0.2240046472813142,0.0001,0.4270048514008522,2704.62109375,2705.4140625,2704.62109375,2704.62109375,2704.62109375,2704.62109375
504,0.001522476429624925,1.0,0.0001,0.21193331945687532,2704.62109375,2705.4140625,2704.62109375,2704.62109375,2704.62109375,2704.62109375
505,0.0015137699984115402,0.551126516068998,0.0001,0.21172838937491179,2704.62109375,2705.4140625,2704.62109375,2704.62109375,2704.62109375,2704.62109375
506,0.0015116687100039832,0.19273372350022522,0.0001,0.42543185595422983,2704.62109375,2705.4140625,2704.62109375,2704.62109375,2704.62109375,2704.62109375
507,0.0015085341921016093,0.1648598541384576,0.0001,0.4249104727059603,2704.62109375,2705.4140625,2704.62109375,2704.62109375,2704.62109375,2704.62109375
508,0.0015018987011515873,0.006444328781412434,0.0001,0.4228475261479616,2704.62109375,2705.4140625,2704.62109375,2704.62109375,2704.62109375,2704.62109375
509,0.0014961744258175104,0.6225742705323132,0.0001,0.2132469853386283,2704.62109375,2705.4140625,2704.62109375,2704.62109375,2704.62109375,2704.62109375
510,0.0014942254298918975,0.4146748183931537,0.0001,0.21269588265568018,2704.62109375,2705.4140625,2704.62109375,2704.62109375,2704.62109375,2704.62109375
511,0.001493448862176467,0.12790993958455799,0.0001,0.21442331932485104,2704.62109375,2705.4140625,2704.62109375,2704.62109375,2704.62109375,2704.62109375
512,0.0014933878284831238,0.03384839634634851,0.0001,0.17011293955147266,2704.62109375,2705.4140625,2704.62109375,2704.62109375,2704.62109375,2704.62109375
513,0.0014933439038532555,0.012530526684947585,0.0001,0.17312484048306942,2704.62109375,2705.4140625,2704.62109375,2704.62109375,2704.62109375,2704.62109375
514,0.001493304266061543,0.04797633420976033,0.0001,0.21103516686707735,2704.62109375,2705.4140625,2704.62109375,2704.62109375,2704.62109375,2704.62109375
515,0.0014932799991008024,0.054102153542451736,0.0001,0.16604182496666908,2704.62109375,2705.4140625,2704.62109375,2704.62109375,2704.62109375,2704.62109375
516,0.001493203451525505,0.1292621727072505,0.0001,0.4251048546284437,2704.62109375,2705.4140625,2704.62109375,2704.62109375,2704.62109375,2704.62109375
517,0.0014930149616853323,0.12613141299518227,0.0001,0.16714938916265965,2704.62109375,2705.4140625,2704.62109375,2704.62109375,2704.62109375,2704.62109375
518,0.001492453915048142,0.30753314389922237,0.0001,0.42327149864286184,2704.62109375,2705.4140625,2704.62109375,2704.62109375,2704.62109375,2704.62109375
519,0.0014911130859802599,0.18181278694611192,0.0001,0.21200221125036478,2704.62109375,2705.4140625,2704.62109375,2704.62109375,2704.62109375,2704.62109375
520,0.001489585939550145,0.06280908931958318,0.0001,0.2132704947143793,2704.62109375,2705.4140625,2704.62109375,2704.62109375,2704.62109375,2704.62109375
521,0.0014885063891922144,0.09721531186020926,0.0001,0.2125679226592183,2704.62109375,2705.4140625,2704.62109375,2704.62109375,2704.62109375,2704.62109375
522,0.0014853196037137614,0.05703208430359619,0.0001,0.21157134883105755,2704.62109375,2705.4140625,2704.62109375,2704.62109375,2704.62109375,2704.62109375
523,0.001483799422543382,0.08895839755044632,0.0001,0.211887720040977,2704.62109375,2705.4140625,2704.62109375,2704.62109375,2704.62109375,2704.62109375
524,0.001483720724377466,0.008838936122132157,0.0001,0.6363246021792293,2704.62109375,2705.4140625,2704.62109375,2704.62109375,2704.62109375,2704.62109375
525,0.0014830058062435603,0.013002340691532499,0.0001,0.21055956464260817,2704.62109375,2705.4140625,2704.62109375,2704.62109375,2704.62109375,2704.62109375
526,0.001482994196538281,0.037490926031246596,0.0001,0.4233755078166723,2704.62109375,2705.4140625,2704.62109375,2704.62109375,2704.62109375,2704.62109375
527,0.0014829561562952447,0.005320459975490688,0.0001,0.16628717631101608,2704.62109375,2705.4140625,2704.62109375,2704.62109375,2704.62109375,2704.62109375
528,0.0014829520685803424,0.0063275237922155725,0.0001,0.16589371487498283,2704.62109375,2705.4140625,2704.62109375,2704.62109375,2704.62109375,2704.62109375
529,0.001482949930771305,0.00442591604539877,0.0001,0.16553872358053923,2704.62109375,2705.4140625,2704.62109375,2704.62109375,2704.62109375,2704.62109375
530,0.0014829461581412275,0.011940430880645225,0.0001,0.16583192441612482,2704.62109375,2705.4140625,2704.62109375,2704.62109375,2704.62109375,2704.62109375
531,0.0014829355898983503,0.014902683345495937,0.0001,0.16666007786989212,2704.62109375,2705.4140625,2704.62109375,2704.62109375,2704.62109375,2704.62109375
532,0.0014828431476918257,0.031178345896121007,0.0001,0.21135110780596733,2704.62109375,2705.4140625,2704.62109375,2704.62109375,2704.62109375,2704.62109375
533,0.0014827812003291438,0.027341146378161874,0.0001,0.16706527955830097,2704.62109375,2705.4140625,2704.62109375,2704.62109375,2704.62109375,2704.62109375
534,0.0014827227672287173,0.1007364330652809,0.0001,0.4220886928960681,2704.62109375,2705.4140625,2704.62109375,2704.62109375,2704.62109375,2704.62109375
535,0.0014825320412678257,0.07023531344438516,0.0001,0.16751812119036913,2704.62109375,2705.4140625,2704.62109375,2704.62109375,2704.62109375,2704.62109375
536,0.0014818057257566667,0.01190661603965859,0.0001,0.2114290278404951,2704.62109375,2705.4140625,2704.62109375,2704.62109375,2704.62109375,2704.62109375
537,0.0014802911654088905,0.1441964417901952,0.0001,0.21187105029821396,2704.62109375,2705.4140625,2704.62109375,2704.62109375,2704.62109375,2704.62109375
538,0.0014780596539085275,0.025663365939031735,0.0001,0.21067706495523453,2704.62109375,2705.4140625,2704.62109375,2704.62109375,2704.62109375,2704.62109375
539,0.0014756693906117899,0.38266964171898543,0.0001,0.21204089000821114,2704.62109375,2705.4140625,2704.62109375,2704.62109375,2704.62109375,2704.62109375
540,0.0014727216744088714,0.465215424534665,0.0001,0.2131506446748972,2704.62109375,2705.4140625,2704.62109375,2704.62109375,2704.62109375,2704.62109375
541,0.0014707325021660353,0.05229202142493783,0.0001,0.4243523506447673,2704.62109375,2705.4140625,2704.62109375,2704.62109375,2704.62109375,2704.62109375
542,0.001467438119568606,0.20021663743383078,0.0001,0.21098341699689627,2704.62109375,2705.4140625,2704.62109375,2704.62109375,2704.62109375,2704.62109375
543,0.0014636628672608592,0.006441046831265562,0.0001,0.2110046176239848,2704.62109375,2705.4140625,2704.62109375,2704.62109375,2704.62109375,2704.62109375
544,0.0014611625391125953,0.16019287149476003,0.0001,0.2113722963258624,2704.62109375,2705.4140625,2704.62109375,2704.62109375,2704.62109375,2704.62109375
545,0.0014566193826401211,0.08930486134888405,0.0001,0.2110342076048255,2704.62109375,2705.4140625,2704.62109375,2704.62109375,2704.62109375,2704.62109375
546,0.0014512822796050099,0.030132779188155157,0.0001,0.2108383858576417,2704.62109375,2705.4140625,2704.62109375,2704.62109375,2704.62109375,2704.62109375
547,0.001440415403137393,0.005146985274251947,0.0001,0.21056543476879597,2704.62109375,2705.4140625,2704.62109375,2704.62109375,2704.62109375,2704.62109375
548,0.0014402996881320894,0.012518335274411596,0.0001,0.8449835199862719,2704.62109375,2705.4140625,2704.62109375,2704.62109375,2704.62109375,2704.62109375
549,0.0014362944686670087,0.35775481341316284,0.0001,0.21197998989373446,2704.62109375,2705.4140625,2704.62109375,2704.62109375,2704.62109375,2704.62109375
550,0.001435238497063458,0.09530249558057058,0.0001,0.42355456948280334,2704.62109375,2705.4140625,2704.62109375,2704.62109375,2704.62109375,2704.62109375
551,0.0014342554980022661,0.014468250194106469,0.0001,0.21200403943657875,2704.62109375,2705.4140625,2704.62109375,2704.62109375,2704.62109375,2704.62109375
552,0.0014336166650870434,0.052743806010775884,0.0001,0.4427409879863262,2704.62109375,2705.4140625,2704.62109375,2704.62109375,2704.62109375,2704.62109375
553,0.0014332734644579078,0.13598480250445255,0.0001,0.21806159149855375,2704.62109375,2705.4140625,2704.62109375,2704.62109375,2704.62109375,2704.62109375
554,0.001433131405553787,0.02191565862768652,0.0001,0.21330528520047665,2704.62109375,2705.4140625,2704.62109375,2704.62109375,2704.62109375,2704.62109375
555,0.001433036330318588,0.008416563617888895,0.0001,0.21150042861700058,2704.62109375,2705.4140625,2704.62109375,2704.62109375,2704.62109375,2704.62109375
556,0.0014329130325070208,0.04094253362096367,0.0001,0.21167413890361786,2704.62109375,2705.4140625,2704.62109375,2704.62109375,2704.62109375,2704.62109375
557,0.0014327144662743842,0.04638964726844519,0.0001,0.2164048459380865,2704.62109375,2705.4140625,2704.62109375,2704.62109375,2704.62109375,2704.62109375
558,0.0014324961903962308,0.1607404922095952,0.0001,0.4272995023056865,2704.62109375,2705.4140625,2704.62109375,2704.62109375,2704.62109375,2704.62109375
559,0.0014319009599064105,0.15954701370917646,0.0001,0.21154814772307873,2704.62109375,2705.4140625,2704.62109375,2704.62109375,2704.62109375,2704.62109375
560,0.001431892073598142,0.1594557082703869,0.0001,0.8447978002950549,2704.62109375,2705.4140625,2704.62109375,2704.62109375,2704.62109375,2704.62109375
561,0.001431701635961268,0.036000245594377756,0.0001,0.42088348884135485,2704.62109375,2705.4140625,2704.62109375,2704.62109375,2704.62109375,2704.62109375
562,0.0014280323593671201,0.04498036222395685,0.0001,0.2125403918325901,2704.62109375,2705.4140625,2704.62109375,2704.62109375,2704.62109375,2704.62109375
563,0.0014220365929760049,0.130322889413238,0.0001,0.21147840935736895,2704.62109375,2705.4140625,2704.62109375,2704.62109375,2704.62109375,2704.62109375
564,0.0014056133419558519,0.6943568397611359,0.0001,0.21107862703502178,2704.62109375,2705.4140625,2704.62109375,2704.62109375,2704.62109375,2704.62109375
565,0.0013905413471744271,0.3464845734589208,0.0001,0.210782284848392,2704.62109375,2705.4140625,2704.62109375,2704.62109375,2704.62109375,2704.62109375
566,0.0013892870437396657,0.276693787430061,0.0001,0.4242378417402506,2704.62109375,2705.4140625,2704.62109375,2704.62109375,2704.62109375,2704.62109375
567,0.0013871456755865945,0.8860254584169998,0.0001,0.21208177972584963,2704.62109375,2705.4140625,2704.62109375,2704.62109375,2704.62109375,2704.62109375
568,0.0013858454579710347,0.6109279691379674,0.0001,0.21258266270160675,2704.62109375,2705.4140625,2704.62109375,2704.62109375,2704.62109375,2704.62109375
569,0.0013854907327224357,0.6285136457890095,0.0001,0.21109892707318068,2704.62109375,2705.4140625,2704.62109375,2704.62109375,2704.62109375,2704.62109375
570,0.0013830517193889715,0.18274630752115328,0.0001,0.21256732288748026,2704.62109375,2705.4140625,2704.62109375,2704.62109375,2704.62109375,2704.62109375
571,0.0013827047423619736,0.17243538267432723,0.0001,0.21346292458474636,2704.62109375,2705.4140625,2704.62109375,2704.62109375,2704.62109375,2704.62109375
572,0.0013824767093161008,0.04586981734508622,0.0001,0.1672164388000965,2704.62109375,2705.4140625,2704.62109375,2704.62109375,2704.62109375,2704.62109375
573,0.0013820404142127938,0.09627271526903547,0.0001,0.21129052806645632,2704.62109375,2705.4140625,2704.62109375,2704.62109375,2704.62109375,2704.62109375
574,0.0013815475382315296,0.16833061576536212,0.0001,0.21198017057031393,2704.62109375,2705.4140625,2704.62109375,2704.62109375,2704.62109375,2704.62109375
575,0.0013810663264179495,0.1285900677385441,0.0001,0.21369361598044634,2704.62109375,2705.4140625,2704.62109375,2704.62109375,2704.62109375,2704.62109375
576,0.0013809226634248321,0.024141991276046992,0.0001,0.21247499156743288,2704.62109375,2705.4140625,2704.62109375,2704.62109375,2704.62109375,2704.62109375
577,0.00138082232472628,0.05839838641185702,0.0001,0.21469159051775932,2704.62109375,2705.4140625,2704.62109375,2704.62109375,2704.62109375,2704.62109375
578,0.0013808018036181177,0.04506180999402931,0.0001,0.2127378722652793,2704.62109375,2705.4140625,2704.62109375,2704.62109375,2704.62109375,2704.62109375
579,0.0013807999115760645,0.0024237436756480157,0.0001,0.16414755955338478,2704.62109375,2705.4140625,2704.62109375,2704.62109375,2704.62109375,2704.62109375
580,0.0013807927136809826,0.01729450789483078,0.0001,0.16464766021817923,2704.62109375,2705.4140625,2704.62109375,2704.62109375,2704.62109375,2704.62109375
581,0.0013807888062219616,0.014187132711257489,0.0001,0.16447736974805593,2704.62109375,2705.4140625,2704.62109375,2704.62109375,2704.62109375,2704.62109375
582,0.001380786409586556,0.002987643997252043,0.0001,0.1652654316276312,2704.62109375,2705.4140625,2704.62109375,2704.62109375,2704.62109375,2704.62109375
583,0.0013807862901376773,0.0011652953838268143,0.0001,0.16447850037366152,2704.62109375,2705.4140625,2704.62109375,2704.62109375,2704.62109375,2704.62109375
584,0.0013807862038114323,0.0005019038412742427,0.0001,0.16410882864147425,2704.62109375,2705.4140625,2704.62109375,2704.62109375,2704.62109375,2704.62109375
585,0.0013807859578626005,0.002592336668131856,0.0001,0.16402727831155062,2704.62109375,2705.4140625,2704.62109375,2704.62109375,2704.62109375,2704.62109375
586,0.0013807852512540525,0.005732790179786229,0.0001,0.1657072538509965,2704.62109375,2705.4140625,2704.62109375,2704.62109375,2704.62109375,2704.62109375
587,0.0013807839450119097,0.008163655457547825,0.0001,0.16512189339846373,2704.62109375,2705.4140625,2704.62109375,2704.62109375,2704.62109375,2704.62109375
588,0.0013807810135167376,0.00971406290447896,0.0001,0.16486541088670492,2704.62109375,2705.4140625,2704.62109375,2704.62109375,2704.62109375,2704.62109375
589,0.0013807774791175214,0.02278037499498331,0.0001,0.16468806006014347,2704.62109375,2705.4140625,2704.62109375,2704.62109375,2704.62109375,2704.62109375
590,0.0013807701607531145,0.008337018909593374,0.0001,0.16495057195425034,2704.62109375,2705.4140625,2704.62109375,2704.62109375,2704.62109375,2704.62109375
591,0.0013807630714398865,0.0029436229711561346,0.0001,0.1648090211674571,2704.62109375,2705.4140625,2704.62109375,2704.62109375,2704.62109375,2704.62109375
592,0.0013807590165135243,0.001468448681531287,0.0001,0.1642256174236536,2704.62109375,2705.4140625,2704.62109375,2704.62109375,2704.62109375,2704.62109375
593,0.0013807589669773657,0.004118700682580578,0.0001,0.33143732883036137,2704.62109375,2705.4140625,2704.62109375,2704.62109375,2704.62109375,2704.62109375
594,0.0013807588248949277,0.0040193021891560266,0.0001,0.1647956818342209,2704.62109375,2705.4140625,2704.62109375,2704.62109375,2704.62109375,2704.62109375
595,0.0013807581603937432,0.003293781799263762,0.0001,0.42314143665134907,2704.62109375,2705.4140625,2704.62109375,2704.62109375,2704.62109375,2704.62109375
596,0.001380757870684412,0.0038173343724292597,0.0001,0.16663722787052393,2704.62109375,2705.4140625,2704.62109375,2704.62109375,2704.62109375,2704.62109375
597,0.0013807529663219054,0.0038963237639582093,0.0001,0.16668606735765934,2704.62109375,2705.4140625,2704.62109375,2704.62109375,2704.62109375,2704.62109375
598,0.0013806535983858967,0.00022880031184929726,0.0001,0.21348220575600863,2704.62109375,2705.4140625,2704.62109375,2704.62109375,2704.62109375,2704.62109375
599,0.0013803642338900796,0.005615424271448899,0.0001,0.21119857672601938,2704.62109375,2705.4140625,2704.62109375,2704.62109375,2704.62109375,2704.62109375
600,0.0013803529174486436,0.022195404223125936,0.0001,0.6325505888089538,2704.62109375,2705.4140625,2704.62109375,2704.62109375,2704.62109375,2704.62109375
601,0.0013797586518552154,0.008868599127920485,0.0001,0.2127873133867979,2704.62109375,2705.4140625,2704.62109375,2704.62109375,2704.62109375,2704.62109375
602,0.0013793723727173058,0.07230951571837707,0.0001,0.42100431863218546,2704.62109375,2705.4140625,2704.62109375,2704.62109375,2704.62109375,2704.62109375
603,0.001377391427684585,0.055459564297004715,0.0001,0.21098773647099733,2704.62109375,2705.4140625,2704.62109375,2704.62109375,2704.62109375,2704.62109375
604,0.0013773820576720864,0.046608837308162676,0.0001,0.4240990011021495,2704.62109375,2705.4140625,2704.62109375,2704.62109375,2704.62109375,2704.62109375
605,0.0013726546471973288,0.16372896002703063,0.0001,0.21059226617217064,2704.62109375,2705.4140625,2704.62109375,2704.62109375,2704.62109375,2704.62109375
606,0.0013646395370789583,0.6014622170786335,0.0001,0.21130139660090208,2704.62109375,2705.4140625,2704.62109375,2704.62109375,2704.62109375,2704.62109375
607,0.0013539450712300495,0.6719498922435501,0.0001,0.21152549888938665,2704.62109375,2705.4140625,2704.62109375,2704.62109375,2704.62109375,2704.62109375
608,0.0013537724923885315,0.7282344916304251,0.0001,0.422612595371902,2704.62109375,2705.4140625,2704.62109375,2704.62109375,2704.62109375,2704.62109375
609,0.001349594738574515,0.07276826581370477,0.0001,0.21084558591246605,2704.62109375,2705.4140625,2704.62109375,2704.62109375,2704.62109375,2704.62109375
610,0.0013491545074136887,0.39831889354708117,0.0001,0.2117731599137187,2704.62109375,2705.4140625,2704.62109375,2704.62109375,2704.62109375,2704.62109375
611,0.0013486841590462442,0.06777948494872232,0.0001,0.2129993736743927,2704.62109375,2705.4140625,2704.62109375,2704.62109375,2704.62109375,2704.62109375
612,0.001348615289183039,0.04930207441649892,0.0001,0.16614689491689205,2704.62109375,2705.4140625,2704.62109375,2704.62109375,2704.62109375,2704.62109375
613,0.0013485430830179224,0.021960205845712677,0.0001,0.4225312052294612,2704.62109375,2705.4140625,2704.62109375,2704.62109375,2704.62109375,2704.62109375
614,0.0013485342778375201,0.015793430717784496,0.0001,0.16659685783088207,2704.62109375,2705.4140625,2704.62109375,2704.62109375,2704.62109375,2704.62109375
615,0.0013485298294742486,0.031572650924720946,0.0001,0.37697746232151985,2704.62109375,2705.4140625,2704.62109375,2704.62109375,2704.62109375,2704.62109375
616,0.0013485249707775324,0.023203170934459116,0.0001,0.16560634318739176,2704.62109375,2705.4140625,2704.62109375,2704.62109375,2704.62109375,2704.62109375
617,0.0013485088806887262,0.005070241139023435,0.0001,0.16503549180924892,2704.62109375,2705.4140625,2704.62109375,2704.62109375,2704.62109375,2704.62109375
618,0.0013485068815082516,0.0038563522294943198,0.0001,0.16561950370669365,2704.62109375,2705.4140625,2704.62109375,2704.62109375,2704.62109375,2704.62109375
619,0.0013485043328641867,0.0014589408444856122,0.0001,0.33245713263750076,2704.62109375,2705.4140625,2704.62109375,2704.62109375,2704.62109375,2704.62109375
620,0.0013485022902727725,0.018227610726149646,0.0001,0.33093936648219824,2704.62109375,2705.4140625,2704.62109375,2704.62109375,2704.62109375,2704.62109375
621,0.0013484891649850196,0.014248805550971522,0.0001,0.3293799413368106,2704.62109375,2705.4140625,2704.62109375,2704.62109375,2704.62109375,2704.62109375
622,0.001348444598604515,0.004548712891954132,0.0001,0.21048633474856615,2704.62109375,2705.4140625,2704.62109375,2704.62109375,2704.62109375,2704.62109375
623,0.001348419287599808,0.00034039226473383405,0.0001,0.16523616202175617,2704.62109375,2705.4140625,2704.62109375,2704.62109375,2704.62109375,2704.62109375
624,0.0013484123375773328,0.00034124264805487724,0.0001,0.16624277643859386,2704.62109375,2705.4140625,2704.62109375,2704.62109375,2704.62109375,2704.62109375
625,0.00134841218299536,0.000715800720305082,0.0001,0.42084827926009893,2704.62109375,2705.4140625,2704.62109375,2704.62109375,2704.62109375,2704.62109375
626,0.0013484109282400395,0.0003424547888247561,0.0001,0.16677449829876423,2704.62109375,2705.4140625,2704.62109375,2704.62109375,2704.62109375,2704.62109375
627,0.0013484108297515576,0.002298170638625141,0.0001,0.42518905363976955,2704.62109375,2705.4140625,2704.62109375,2704.62109375,2704.62109375,2704.62109375
628,0.0013484103260063731,0.0016904524885996697,0.0001,0.16551937349140644,2704.62109375,2705.4140625,2704.62109375,2704.62109375,2704.62109375,2704.62109375
629,0.0013484064040058402,0.0013235443728811802,0.0001,0.1665877578780055,2704.62109375,2705.4140625,2704.62109375,2704.62109375,2704.62109375,2704.62109375
630,0.0013483984169357414,0.00573961151092095,0.0001,0.1663733972236514,2704.62109375,2705.4140625,2704.62109375,2704.62109375,2704.62109375,2704.62109375
631,0.0013483862659936672,0.0009617623172154532,0.0001,0.1671024188399315,2704.62109375,2705.4140625,2704.62109375,2704.62109375,2704.62109375,2704.62109375
632,0.0013483836272868421,0.019095543877208687,0.0001,0.4227049760520458,2704.62109375,2705.4140625,2704.62109375,2704.62109375,2704.62109375,2704.62109375
633,0.0013483723721646138,0.010019280862306967,0.0001,0.16489181108772755,2704.62109375,2705.4140625,2704.62109375,2704.62109375,2704.62109375,2704.62109375
634,0.0013483658602107698,0.001443556420376968,0.0001,0.16494765039533377,2704.62109375,2705.4140625,2704.62109375,2704.62109375,2704.62109375,2704.62109375
635,0.0013483648668500508,0.0007513547415548549,0.0001,0.17153217550367117,2704.62109375,2705.4140625,2704.62109375,2704.62109375,2704.62109375,2704.62109375
636,0.0013483641701950275,0.0006776357982130055,0.0001,0.18000206630676985,2704.62109375,2705.4140625,2704.62109375,2704.62109375,2704.62109375,2704.62109375
637,0.0013483639792680364,0.002880729132194837,0.0001,0.6435300670564175,2704.62109375,2705.4140625,2704.62109375,2704.62109375,2704.62109375,2704.62109375
638,0.0013483623722682352,0.000642543341122126,0.0001,0.17007611971348524,2704.62109375,2705.4140625,2704.62109375,2704.62109375,2704.62109375,2704.62109375
639,0.0013483598986292907,0.0024177390438366864,0.0001,0.16790184192359447,2704.62109375,2705.4140625,2704.62109375,2704.62109375,2704.62109375,2704.62109375
640,0.0013483571517519009,0.007091316087066035,0.0001,0.3384164934977889,2704.62109375,2705.4140625,2704.62109375,2704.62109375,2704.62109375,2704.62109375
641,0.0013483538159131685,0.004569344832381139,0.0001,0.16687470860779285,2704.62109375,2705.4140625,2704.62109375,2704.62109375,2704.62109375,2704.62109375
642,0.001348351076503662,0.000966373289625011,0.0001,0.16751426085829735,2704.62109375,2705.4140625,2704.62109375,2704.62109375,2704.62109375,2704.62109375
643,0.0013483510278797294,0.0020862157806040837,0.0001,0.33691588789224625,2704.62109375,2705.4140625,2704.62109375,2704.62109375,2704.62109375,2704.62109375
644,0.0013483508802061882,0.0025237216094092796,0.0001,0.1683616042137146,2704.62109375,2705.4140625,2704.62109375,2704.62109375,2704.62109375,2704.62109375
645,0.0013483496753005015,0.0003515905677312685,0.0001,0.16843037400394678,2704.62109375,2705.4140625,2704.62109375,2704.62109375,2704.62109375,2704.62109375
646,0.0013483468261054543,0.002844323361232415,0.0001,0.1668010577559471,2704.62109375,2705.4140625,2704.62109375,2704.62109375,2704.62109375,2704.62109375
647,0.001348334957459862,0.008940242697703327,0.0001,0.16953968815505505,2704.62109375,2705.4140625,2704.62109375,2704.62109375,2704.62109375,2704.62109375
648,0.0013482994558572541,0.01688576129013819,0.0001,0.1659946646541357,2704.62109375,2705.4140625,2704.62109375,2704.62109375,2704.62109375,2704.62109375
649,0.0013482380543406137,0.0340909600865702,0.0001,0.21230944152921438,2704.62109375,2705.4140625,2704.62109375,2704.62109375,2704.62109375,2704.62109375
650,0.0013481595655128826,0.013239397267908681,0.0001,0.2114810086786747,2704.62109375,2705.4140625,2704.62109375,2704.62109375,2704.62109375,2704.62109375
651,0.0013481353558012091,0.041022438873907,0.0001,0.42284804582595825,2704.62109375,2705.4140625,2704.62109375,2704.62109375,2704.62109375,2704.62109375
652,0.0013480999968013946,0.018440741589370035,0.0001,0.16782008204609156,2704.62109375,2705.4140625,2704.62109375,2704.62109375,2704.62109375,2704.62109375
653,0.001348079834507904,0.0031171881110745314,0.0001,0.16581845376640558,2704.62109375,2705.4140625,2704.62109375,2704.62109375,2704.62109375,2704.62109375
654,0.0013480754177951553,0.011058688959345142,0.0001,0.16649752762168646,2704.62109375,2705.4140625,2704.62109375,2704.62109375,2704.62109375,2704.62109375
655,0.0013480741684757493,0.020030660544066325,0.0001,0.165998094715178,2704.62109375,2705.4140625,2704.62109375,2704.62109375,2704.62109375,2704.62109375
656,0.001348070396847965,0.00034478586858305483,0.0001,0.1653913939371705,2704.62109375,2705.4140625,2704.62109375,2704.62109375,2704.62109375,2704.62109375
657,0.0013480689351141684,0.005101428583699441,0.0001,0.16516190208494663,2704.62109375,2705.4140625,2704.62109375,2704.62109375,2704.62109375,2704.62109375
658,0.0013480636232942268,0.01565339763649476,0.0001,0.16709421947598457,2704.62109375,2705.4140625,2704.62109375,2704.62109375,2704.62109375,2704.62109375
659,0.0013480586349083855,0.018370391298766053,0.0001,0.1664852863177657,2704.62109375,2705.4140625,2704.62109375,2704.62109375,2704.62109375,2704.62109375
660,0.0013480542727487936,0.010723710403425124,0.0001,0.16650881711393595,2704.62109375,2705.4140625,2704.62109375,2704.62109375,2704.62109375,2704.62109375
661,0.0013480522754559625,0.006818753044122938,0.0001,0.16633045580238104,2704.62109375,2705.4140625,2704.62109375,2704.62109375,2704.62109375,2704.62109375
662,0.0013480510391588206,0.002058850266726253,0.0001,0.16580271534621716,2704.62109375,2705.4140625,2704.62109375,2704.62109375,2704.62109375,2704.62109375
663,0.0013480507285077408,0.004519040705235122,0.0001,0.16532849334180355,2704.62109375,2705.4140625,2704.62109375,2704.62109375,2704.62109375,2704.62109375
664,0.0013480504825403453,0.004122382998918761,0.0001,0.166292785666883,2704.62109375,2705.4140625,2704.62109375,2704.62109375,2704.62109375,2704.62109375
665,0.001348050119235294,0.008251727346689108,0.0001,0.33202500082552433,2704.62109375,2705.4140625,2704.62109375,2704.62109375,2704.62109375,2704.62109375
666,0.00134804919823658,0.0021951452115629433,0.0001,0.16561597306281328,2704.62109375,2705.4140625,2704.62109375,2704.62109375,2704.62109375,2704.62109375
667,0.0013480475216722505,0.007931110379083228,0.0001,0.1651802333071828,2704.62109375,2705.4140625,2704.62109375,2704.62109375,2704.62109375,2704.62109375
668,0.0013480447217034512,0.019125798338498035,0.0001,0.16569531336426735,2704.62109375,2705.4140625,2704.62109375,2704.62109375,2704.62109375,2704.62109375
669,0.0013480377014002008,0.036534808863700974,0.0001,0.166781198233366,2704.62109375,2705.4140625,2704.62109375,2704.62109375,2704.62109375,2704.62109375
670,0.001348023515066151,0.056082396254692246,0.0001,0.16580336447805166,2704.62109375,2705.4140625,2704.62109375,2704.62109375,2704.62109375,2704.62109375
671,0.0013479984021414317,0.06843462478210227,0.0001,0.16653227806091309,2704.62109375,2705.4140625,2704.62109375,2704.62109375,2704.62109375,2704.62109375
672,0.0013479556721505978,0.06864992155671068,0.0001,0.21159308776259422,2704.62109375,2705.4140625,2704.62109375,2704.62109375,2704.62109375,2704.62109375
673,0.0013460812562214582,0.4026899376998425,0.0001,0.42225223407149315,2704.62109375,2705.4140625,2704.62109375,2704.62109375,2704.62109375,2704.62109375
674,0.0013419899995450668,0.7259328941151567,0.0001,0.21140906773507595,2704.62109375,2705.4140625,2704.62109375,2704.62109375,2704.62109375,2704.62109375
675,0.0013289712637368485,0.8635148792513098,0.0001,0.21309993416070938,2704.62109375,2705.4140625,2704.62109375,2704.62109375,2704.62109375,2704.62109375
676,0.0013190418779980464,0.23521201821739246,0.0001,0.8467582268640399,2704.62109375,2705.4140625,2704.62109375,2704.62109375,2704.62109375,2704.62109375
677,0.001313395616691004,0.38903378301608416,0.0001,0.42331500817090273,2704.62109375,2705.4140625,2704.62109375,2704.62109375,2704.62109375,2704.62109375
678,0.0013037925000633443,0.9547158991276774,0.0001,0.21236745081841946,2704.62109375,2705.4140625,2704.62109375,2704.62109375,2704.62109375,2704.62109375
679,0.0012947447516695385,0.323224477901753,0.0001,0.21313607413321733,2704.62109375,2705.4140625,2704.62109375,2704.62109375,2704.62109375,2704.62109375
680,0.0012896286707831796,0.03398817751562677,0.0001,0.2134203463792801,2704.62109375,2705.4140625,2704.62109375,2704.62109375,2704.62109375,2704.62109375
681,0.0012852413660055738,0.5953712705840204,0.0001,0.21538960188627243,2704.62109375,2705.4140625,2704.62109375,2704.62109375,2704.62109375,2704.62109375
682,0.0012773043776347854,0.46991858387411845,0.0001,0.2146812593564391,2704.62109375,2705.4140625,2704.62109375,2704.62109375,2704.62109375,2704.62109375
683,0.0012724401773863334,0.13332610574070336,0.0001,0.42912702914327383,2704.62109375,2705.4140625,2704.62109375,2704.62109375,2704.62109375,2704.62109375
684,0.0012677003409132502,0.20545543132417277,0.0001,0.21412660740315914,2704.62109375,2705.4140625,2704.62109375,2704.62109375,2704.62109375,2704.62109375
685,0.001267400499575546,0.18648649524087957,0.0001,0.43138489685952663,2704.62109375,2705.4140625,2704.62109375,2704.62109375,2704.62109375,2704.62109375
686,0.0012653551097629764,0.3650235703856366,0.0001,0.2166738072410226,2704.62109375,2705.4140625,2704.62109375,2704.62109375,2704.62109375,2704.62109375
687,0.001265121740430981,0.173708189307607,0.0001,0.21360764559358358,2704.62109375,2705.4140625,2704.62109375,2704.62109375,2704.62109375,2704.62109375
688,0.0012647580217295803,0.00285312043935515,0.0001,0.21480709966272116,2704.62109375,2705.4140625,2704.62109375,2704.62109375,2704.62109375,2704.62109375
689,0.00126465936583443,0.052860979289576226,0.0001,0.21304564457386732,2704.62109375,2705.4140625,2704.62109375,2704.62109375,2704.62109375,2704.62109375
690,0.0012645340810126728,0.028519225334873166,0.0001,0.21294731367379427,2704.62109375,2705.4140625,2704.62109375,2704.62109375,2704.62109375,2704.62109375
691,0.0012644313195334935,0.0077740946334581285,0.0001,0.21504994109272957,2704.62109375,2705.4140625,2704.62109375,2704.62109375,2704.62109375,2704.62109375
692,0.001264284334788732,0.010898190743643843,0.0001,0.21417717821896076,2704.62109375,2705.4140625,2704.62109375,2704.62109375,2704.62109375,2704.62109375
693,0.0012641936006385817,0.08361391218764358,0.0001,0.4304584627971053,2704.62109375,2705.4140625,2704.62109375,2704.62109375,2704.62109375,2704.62109375
694,0.0012641073180939832,0.059221518159921716,0.0001,0.21677429787814617,2704.62109375,2705.4140625,2704.62109375,2704.62109375,2704.62109375,2704.62109375
695,0.0012640584551793042,0.007340399831740174,0.0001,0.21397720742970705,2704.62109375,2705.4140625,2704.62109375,2704.62109375,2704.62109375,2704.62109375
696,0.0012640525156018682,0.00500503446214684,0.0001,0.1688002748414874,2704.62109375,2705.4140625,2704.62109375,2704.62109375,2704.62109375,2704.62109375
697,0.0012640442677681698,0.018591210787830104,0.0001,0.16919560730457306,2704.62109375,2705.4140625,2704.62109375,2704.62109375,2704.62109375,2704.62109375
698,0.0012640381357663928,0.009629817561019216,0.0001,0.4280621949583292,2704.62109375,2705.4140625,2704.62109375,2704.62109375,2704.62109375,2704.62109375
699,0.0012640342793758827,0.01073321816784012,0.0001,0.1690892856568098,2704.62109375,2705.4140625,2704.62109375,2704.62109375,2704.62109375,2704.62109375
700,0.0012640001513082642,0.0009318149880198634,0.0001,0.21439010929316282,2704.62109375,2705.4140625,2704.62109375,2704.62109375,2704.62109375,2704.62109375
701,0.0012639734048764564,0.01276065737582921,0.0001,0.17510703764855862,2704.62109375,2705.4140625,2704.62109375,2704.62109375,2704.62109375,2704.62109375
702,0.0012637730448542821,0.07661095211036262,0.0001,0.21159092895686626,2704.62109375,2705.4140625,2704.62109375,2704.62109375,2704.62109375,2704.62109375
703,0.0012634071351405197,0.14429247025010894,0.0001,0.21179402898997068,2704.62109375,2705.4140625,2704.62109375,2704.62109375,2704.62109375,2704.62109375
704,0.001262273760187441,0.27852841307097176,0.0001,0.2144870087504387,2704.62109375,2705.4140625,2704.62109375,2704.62109375,2704.62109375,2704.62109375
705,0.0012597300119440073,0.4646345661271363,0.0001,0.21209402102977037,2704.62109375,2705.4140625,2704.62109375,2704.62109375,2704.62109375,2704.62109375
706,0.0012547171068776617,0.6482689128790569,0.0001,0.2112627774477005,2704.62109375,2705.4140625,2704.62109375,2704.62109375,2704.62109375,2704.62109375
707,0.0012496785886827568,0.6434644636981854,0.0001,0.21189900022000074,2704.62109375,2705.4140625,2704.62109375,2704.62109375,2704.62109375,2704.62109375
708,0.0012484779358219276,0.1747298891660407,0.0001,0.5131082199513912,2704.62109375,2705.4140625,2704.62109375,2704.62109375,2704.62109375,2704.62109375
709,0.0012471957598120494,0.16596397203037805,0.0001,0.2109818561002612,2704.62109375,2705.4140625,2704.62109375,2704.62109375,2704.62109375,2704.62109375
710,0.001247183411518227,0.15832695702197563,0.0001,1.0568950399756432,2704.62109375,2705.4140625,2704.62109375,2704.62109375,2704.62109375,2704.62109375
711,0.0012467906136337085,0.13891802566926859,0.0001,0.21140666771680117,2704.62109375,2705.4140625,2704.62109375,2704.62109375,2704.62109375,2704.62109375
712,0.0012467373428595332,0.09208538910078912,0.0001,0.4245405327528715,2704.62109375,2705.4140625,2704.62109375,2704.62109375,2704.62109375,2704.62109375
713,0.0012463250260895677,0.020766939975018328,0.0001,0.2143015582114458,2704.62109375,2705.4140625,2704.62109375,2704.62109375,2704.62109375,2704.62109375
714,0.0012459338711476255,0.02345884869879089,0.0001,0.21214662119746208,2704.62109375,2705.4140625,2704.62109375,2704.62109375,2704.62109375,2704.62109375
715,0.0012441437681837487,0.1653207806600394,0.0001,0.4223694633692503,2704.62109375,2705.4140625,2704.62109375,2704.62109375,2704.62109375,2704.62109375
716,0.0012427197265560876,0.23268403207391697,0.0001,0.2113002585247159,2704.62109375,2705.4140625,2704.62109375,2704.62109375,2704.62109375,2704.62109375
717,0.001241020267526644,0.2707764521278746,0.0001,0.21292290277779102,2704.62109375,2705.4140625,2704.62109375,2704.62109375,2704.62109375,2704.62109375
718,0.0012395291907800598,0.05135402575790948,0.0001,0.2142375586554408,2704.62109375,2705.4140625,2704.62109375,2704.62109375,2704.62109375,2704.62109375
719,0.0012371249508067866,0.0265059456504686,0.0001,0.2119446201249957,2704.62109375,2705.4140625,2704.62109375,2704.62109375,2704.62109375,2704.62109375
720,0.0012368207226709142,0.157042695384632,0.0001,0.4235870884731412,2704.62109375,2705.4140625,2704.62109375,2704.62109375,2704.62109375,2704.62109375
721,0.0012363515805372065,0.049276906115068186,0.0001,0.2116601588204503,2704.62109375,2705.4140625,2704.62109375,2704.62109375,2704.62109375,2704.62109375
722,0.001235910604859163,0.02716836012729784,0.0001,0.21134025789797306,2704.62109375,2705.4140625,2704.62109375,2704.62109375,2704.62109375,2704.62109375
723,0.0012357692718100199,0.0011938625030335492,0.0001,0.2113785780966282,2704.62109375,2705.4140625,2704.62109375,2704.62109375,2704.62109375,2704.62109375
724,0.0012356139803069357,0.0020605818454951796,0.0001,0.21268654335290194,2704.62109375,2705.4140625,2704.62109375,2704.62109375,2704.62109375,2704.62109375
725,0.0012352779835284385,0.0028365159788207306,0.0001,0.21216381061822176,2704.62109375,2705.4140625,2704.62109375,2704.62109375,2704.62109375,2704.62109375
726,0.0012344255272342842,0.032712570665005325,0.0001,0.21237171068787575,2704.62109375,2705.4140625,2704.62109375,2704.62109375,2704.62109375,2704.62109375
727,0.0012333854282897702,0.08443174573360346,0.0001,0.21151463966816664,2704.62109375,2705.4140625,2704.62109375,2704.62109375,2704.62109375,2704.62109375
728,0.0012328739685956496,0.09454195705412316,0.0001,0.21218462008982897,2704.62109375,2705.4140625,2704.62109375,2704.62109375,2704.62109375,2704.62109375
729,0.0012325021336726091,0.0860594747843757,0.0001,0.21347970515489578,2704.62109375,2705.4140625,2704.62109375,2704.62109375,2704.62109375,2704.62109375
730,0.0012318236036191303,0.19237886381997837,0.0001,0.21302193403244019,2704.62109375,2705.4140625,2704.62109375,2704.62109375,2704.62109375,2704.62109375
731,0.001230981651771323,0.21933882852101405,0.0001,0.21248690225183964,2704.62109375,2705.4140625,2704.62109375,2704.62109375,2704.62109375,2704.62109375
732,0.0012307396382679207,0.092044477144954,0.0001,0.4255165047943592,2704.62109375,2705.4140625,2704.62109375,2704.62109375,2704.62109375,2704.62109375
733,0.0012301437915939112,0.06987966087242237,0.0001,0.21279351320117712,2704.62109375,2705.4140625,2704.62109375,2704.62109375,2704.62109375,2704.62109375
734,0.0012289373354720282,0.0517695576627446,0.0001,0.21307974494993687,2704.62109375,2705.4140625,2704.62109375,2704.62109375,2704.62109375,2704.62109375
735,0.0012271819694011604,0.3491676821917852,0.0001,0.2140702474862337,2704.62109375,2705.4140625,2704.62109375,2704.62109375,2704.62109375,2704.62109375
736,0.0012259973489642795,0.13594296572901154,0.0001,0.21181396953761578,2704.62109375,2705.4140625,2704.62109375,2704.62109375,2704.62109375,2704.62109375
737,0.001225229290815557,0.21747568993625066,0.0001,0.21207275055348873,2704.62109375,2705.4140625,2704.62109375,2704.62109375,2704.62109375,2704.62109375
738,0.0012249925127424007,0.041458433094901714,0.0001,0.2126085925847292,2704.62109375,2705.4140625,2704.62109375,2704.62109375,2704.62109375,2704.62109375
739,0.0012249173647535018,0.026915772529967574,0.0001,0.1657477943226695,2704.62109375,2705.4140625,2704.62109375,2704.62109375,2704.62109375,2704.62109375
740,0.00122476137675599,0.0017133580394563808,0.0001,0.2112192064523697,2704.62109375,2705.4140625,2704.62109375,2704.62109375,2704.62109375,2704.62109375
741,0.0012246769890579632,0.019219350863029172,0.0001,0.21157962922006845,2704.62109375,2705.4140625,2704.62109375,2704.62109375,2704.62109375,2704.62109375
742,0.0012244983246685927,0.05828733983595191,0.0001,0.21244053170084953,2704.62109375,2705.4140625,2704.62109375,2704.62109375,2704.62109375,2704.62109375
743,0.0012237674101681075,0.11402222312284627,0.0001,0.21482074074447155,2704.62109375,2705.4140625,2704.62109375,2704.62109375,2704.62109375,2704.62109375
744,0.0012225250909439881,0.19436489040440064,0.0001,0.21459118835628033,2704.62109375,2705.4140625,2704.62109375,2704.62109375,2704.62109375,2704.62109375
745,0.0012209139118701223,0.037154679469728946,0.0001,0.21347185596823692,2704.62109375,2705.4140625,2704.62109375,2704.62109375,2704.62109375,2704.62109375
746,0.0012196124605154464,0.19441781887600884,0.0001,0.21087043639272451,2704.62109375,2705.4140625,2704.62109375,2704.62109375,2704.62109375,2704.62109375
747,0.0012190929273309913,0.11554206909833886,0.0001,0.21204356011003256,2704.62109375,2705.4140625,2704.62109375,2704.62109375,2704.62109375,2704.62109375
748,0.0012185057157223344,0.11562198662410705,0.0001,0.21150178834795952,2704.62109375,2705.4140625,2704.62109375,2704.62109375,2704.62109375,2704.62109375
749,0.0012183276997589337,0.07664821704890756,0.0001,0.21153759863227606,2704.62109375,2705.4140625,2704.62109375,2704.62109375,2704.62109375,2704.62109375
750,0.0012182750021473496,0.0005493627062600481,0.0001,0.16588435508310795,2704.62109375,2705.4140625,2704.62109375,2704.62109375,2704.62109375,2704.62109375
751,0.0012182599789478776,0.012652616911811965,0.0001,0.16894805617630482,2704.62109375,2705.4140625,2704.62109375,2704.62109375,2704.62109375,2704.62109375
752,0.0012182546263734388,0.00043793976991812755,0.0001,0.16639798693358898,2704.62109375,2705.4140625,2704.62109375,2704.62109375,2704.62109375,2704.62109375
753,0.0012182542873012648,0.00022075342053167341,0.0001,0.1666674865409732,2704.62109375,2705.4140625,2704.62109375,2704.62109375,2704.62109375,2704.62109375
754,0.0012182532329283386,0.001369730387684731,0.0001,0.16560818441212177,2704.62109375,2705.4140625,2704.62109375,2704.62109375,2704.62109375,2704.62109375
755,0.0012182487297770562,0.0008602651891358448,0.0001,0.1663156859576702,2704.62109375,2705.4140625,2704.62109375,2704.62109375,2704.62109375,2704.62109375
756,0.0012182468286611923,0.006127313687957159,0.0001,0.4243229916319251,2704.62109375,2705.4140625,2704.62109375,2704.62109375,2704.62109375,2704.62109375
757,0.0012182396160844748,0.003899993948835778,0.0001,0.16622835583984852,2704.62109375,2705.4140625,2704.62109375,2704.62109375,2704.62109375,2704.62109375
758,0.0012182082692468537,0.0034590295421892403,0.0001,0.16616207640618086,2704.62109375,2705.4140625,2704.62109375,2704.62109375,2704.62109375,2704.62109375
759,0.0012181955727983012,0.04205929929129659,0.0001,0.42262467462569475,2704.62109375,2705.4140625,2704.62109375,2704.62109375,2704.62109375,2704.62109375
760,0.001218078054589561,0.03212419958980772,0.0001,0.1667233183979988,2704.62109375,2705.4140625,2704.62109375,2704.62109375,2704.62109375,2704.62109375
761,0.0012179078255278046,0.08863473625498997,0.0001,0.4252670146524906,2704.62109375,2705.4140625,2704.62109375,2704.62109375,2704.62109375,2704.62109375
762,0.0012172100464176248,0.11623322458133156,0.0001,0.21188001055270433,2704.62109375,2705.4140625,2704.62109375,2704.62109375,2704.62109375,2704.62109375
763,0.0012147499111547898,0.3397751983799988,0.0001,0.21163443755358458,2704.62109375,2705.4140625,2704.62109375,2704.62109375,2704.62109375,2704.62109375
764,0.0012133261484900155,0.08586378951165163,0.0001,0.21169314999133348,2704.62109375,2705.4140625,2704.62109375,2704.62109375,2704.62109375,2704.62109375
765,0.0012114289929802775,0.07992271344247093,0.0001,0.21148795820772648,2704.62109375,2705.4140625,2704.62109375,2704.62109375,2704.62109375,2704.62109375
766,0.001209427767746018,0.19017840385942653,0.0001,0.21226266119629145,2704.62109375,2705.4140625,2704.62109375,2704.62109375,2704.62109375,2704.62109375
767,0.0012068979933587314,0.21436584723232743,0.0001,0.2124300617724657,2704.62109375,2705.4140625,2704.62109375,2704.62109375,2704.62109375,2704.62109375
768,0.001205125304088279,0.20971246290892176,0.0001,0.2110684672370553,2704.62109375,2705.4140625,2704.62109375,2704.62109375,2704.62109375,2704.62109375
769,0.0012049324861660032,0.16053399603988228,0.0001,1.056921798735857,2704.62109375,2705.4140625,2704.62109375,2704.62109375,2704.62109375,2704.62109375
770,0.0012043664814320955,0.2086273898526867,0.0001,0.21287117432802916,2704.62109375,2705.4140625,2704.62109375,2704.62109375,2704.62109375,2704.62109375
771,0.0012041417750551287,0.05681930386347345,0.0001,0.21421063784509897,2704.62109375,2705.4140625,2704.62109375,2704.62109375,2704.62109375,2704.62109375
772,0.0012039762826556984,0.050308432087846966,0.0001,0.21265461202710867,2704.62109375,2705.4140625,2704.62109375,2704.62109375,2704.62109375,2704.62109375
773,0.0012039311201012398,0.03944282590230752,0.0001,0.16599181573837996,2704.62109375,2705.4140625,2704.62109375,2704.62109375,2704.62109375,2704.62109375
774,0.0012038754615779264,0.02223583273244556,0.0001,0.42480071261525154,2704.62109375,2705.4140625,2704.62109375,2704.62109375,2704.62109375,2704.62109375
775,0.0012037857139723935,0.0826987505336434,0.0001,0.21231024153530598,2704.62109375,2705.4140625,2704.62109375,2704.62109375,2704.62109375,2704.62109375
776,0.0012036270023620022,0.041975699023580004,0.0001,0.2126082917675376,2704.62109375,2705.4140625,2704.62109375,2704.62109375,2704.62109375,2704.62109375
777,0.0012035862609088349,0.002208869032254146,0.0001,0.21341945603489876,2704.62109375,2705.4140625,2704.62109375,2704.62109375,2704.62109375,2704.62109375
778,0.0012035826269735056,0.0031113954942174615,0.0001,0.16542791295796633,2704.62109375,2705.4140625,2704.62109375,2704.62109375,2704.62109375,2704.62109375
779,0.0012035608229836342,0.024567814671982546,0.0001,0.16705655865371227,2704.62109375,2705.4140625,2704.62109375,2704.62109375,2704.62109375,2704.62109375
780,0.0012035225371604561,0.04718057316495283,0.0001,0.16630548611283302,2704.62109375,2705.4140625,2704.62109375,2704.62109375,2704.62109375,2704.62109375
781,0.0012034141154666858,0.08471061314336636,0.0001,0.1671952698379755,2704.62109375,2705.4140625,2704.62109375,2704.62109375,2704.62109375,2704.62109375
782,0.0012031802766734852,0.1261994193181788,0.0001,0.2127879736945033,2704.62109375,2705.4140625,2704.62109375,2704.62109375,2704.62109375,2704.62109375
783,0.0012027015248262535,0.1493394711331112,0.0001,0.21166896913200617,2704.62109375,2705.4140625,2704.62109375,2704.62109375,2704.62109375,2704.62109375
784,0.0012025246107061607,0.2972094312471403,0.0001,0.4283047057688236,2704.62109375,2705.4140625,2704.62109375,2704.62109375,2704.62109375,2704.62109375
785,0.0012018923600779865,0.15406505307668694,0.0001,0.22030807845294476,2704.62109375,2705.4140625,2704.62109375,2704.62109375,2704.62109375,2704.62109375
786,0.00120136697646939,0.02625502931953505,0.0001,0.21138353925198317,2704.62109375,2705.4140625,2704.62109375,2704.62109375,2704.62109375,2704.62109375
787,0.0012010943584965482,0.017105358085252487,0.0001,0.21269343234598637,2704.62109375,2705.4140625,2704.62109375,2704.62109375,2704.62109375,2704.62109375
788,0.0012010674245918084,0.05741285035622212,0.0001,0.4241255512461066,2704.62109375,2705.4140625,2704.62109375,2704.62109375,2704.62109375,2704.62109375
789,0.0012010212693550895,0.03908132738121073,0.0001,0.21364058554172516,2704.62109375,2705.4140625,2704.62109375,2704.62109375,2704.62109375,2704.62109375
790,0.0012009177148939309,0.0263517756647369,0.0001,0.1665320172905922,2704.62109375,2705.4140625,2704.62109375,2704.62109375,2704.62109375,2704.62109375
791,0.001200258367232081,0.0015986320921739239,0.0001,0.21392823662608862,2704.62109375,2705.4140625,2704.62109375,2704.62109375,2704.62109375,2704.62109375
792,0.0012001323353631283,0.003403297444956821,0.0001,0.21347395610064268,2704.62109375,2705.4140625,2704.62109375,2704.62109375,2704.62109375,2704.62109375
793,0.0012001304484119649,0.019951556756883315,0.0001,0.4271074505522847,2704.62109375,2705.4140625,2704.62109375,2704.62109375,2704.62109375,2704.62109375
794,0.0012001041759796046,0.001371746000119356,0.0001,0.16676585841923952,2704.62109375,2705.4140625,2704.62109375,2704.62109375,2704.62109375,2704.62109375
795,0.0012001027688786328,0.010077025717582844,0.0001,0.16792891174554825,2704.62109375,2705.4140625,2704.62109375,2704.62109375,2704.62109375,2704.62109375
796,0.00120010224574611,0.003916843959776095,0.0001,0.16663228813558817,2704.62109375,2705.4140625,2704.62109375,2704.62109375,2704.62109375,2704.62109375
797,0.0012001020857849518,0.00013846809761839055,0.0001,0.16710684914141893,2704.62109375,2705.4140625,2704.62109375,2704.62109375,2704.62109375,2704.62109375
798,0.0012001020787796844,0.00013846603223463584,0.0001,0.16789344232529402,2704.62109375,2705.4140625,2704.62109375,2704.62109375,2704.62109375,2704.62109375
799,0.0012001020505324376,0.0007041875046687185,0.0001,0.6367828827351332,2704.62109375,2705.4140625,2704.62109375,2704.62109375,2704.62109375,2704.62109375
800,0.0012001019606653499,0.00027961210711380247,0.0001,0.1670924499630928,2704.62109375,2705.4140625,2704.62109375,2704.62109375,2704.62109375,2704.62109375
801,0.0012001017147838984,0.000912310317706666,0.0001,0.1668760683387518,2704.62109375,2705.4140625,2704.62109375,2704.62109375,2704.62109375,2704.62109375
802,0.0012001009021771238,0.0016021812542330593,0.0001,0.16673395782709122,2704.62109375,2705.4140625,2704.62109375,2704.62109375,2704.62109375,2704.62109375
803,0.0012000988829475603,0.006306884314814187,0.0001,0.16562176402658224,2704.62109375,2705.4140625,2704.62109375,2704.62109375,2704.62109375,2704.62109375
804,0.0012000938999385774,0.01001890611416667,0.0001,0.16792462207376957,2704.62109375,2705.4140625,2704.62109375,2704.62109375,2704.62109375,2704.62109375
805,0.0012000824723670484,0.01563367286852868,0.0001,0.16789031215012074,2704.62109375,2705.4140625,2704.62109375,2704.62109375,2704.62109375,2704.62109375
806,0.0012000795223926725,0.03311924272175759,0.0001,0.1670007584616542,2704.62109375,2705.4140625,2704.62109375,2704.62109375,2704.62109375,2704.62109375
807,0.0012000553246312175,0.010700659107523602,0.0001,0.16699569951742887,2704.62109375,2705.4140625,2704.62109375,2704.62109375,2704.62109375,2704.62109375
808,0.0012000431187165152,0.018050751850152702,0.0001,0.16695604752749205,2704.62109375,2705.4140625,2704.62109375,2704.62109375,2704.62109375,2704.62109375
809,0.0012000397599493712,0.02389750937974644,0.0001,0.3319310396909714,2704.62109375,2705.4140625,2704.62109375,2704.62109375,2704.62109375,2704.62109375
810,0.0012000375030440551,0.008058269905421245,0.0001,0.3788080392405391,2704.62109375,2705.4140625,2704.62109375,2704.62109375,2704.62109375,2704.62109375
811,0.0012000365303744167,0.0038059702626664915,0.0001,0.16673470847308636,2704.62109375,2705.4140625,2704.62109375,2704.62109375,2704.62109375,2704.62109375
812,0.0012000341483231793,0.006432856120042962,0.0001,0.165889423340559,2704.62109375,2705.4140625,2704.62109375,2704.62109375,2704.62109375,2704.62109375
813,0.0012000331456862496,0.008132436400803855,0.0001,0.16625102702528238,2704.62109375,2705.4140625,2704.62109375,2704.62109375,2704.62109375,2704.62109375
814,0.001200031876088364,0.007100281006922615,0.0001,0.16589866392314434,2704.62109375,2705.4140625,2704.62109375,2704.62109375,2704.62109375,2704.62109375
815,0.001200029813010288,0.005889826615176008,0.0001,0.16624947730451822,2704.62109375,2705.4140625,2704.62109375,2704.62109375,2704.62109375,2704.62109375
816,0.0012000239599577664,0.003158002102026325,0.0001,0.1670772386714816,2704.62109375,2705.4140625,2704.62109375,2704.62109375,2704.62109375,2704.62109375
817,0.0012000192501180607,0.015544852179240953,0.0001,0.17510687839239836,2704.62109375,2705.4140625,2704.62109375,2704.62109375,2704.62109375,2704.62109375
818,0.001200013170961791,0.0042907994031125,0.0001,0.17452484462410212,2704.62109375,2705.4140625,2704.62109375,2704.62109375,2704.62109375,2704.62109375
819,0.0012000091325938388,0.0016687803199844087,0.0001,0.16639750730246305,2704.62109375,2705.4140625,2704.62109375,2704.62109375,2704.62109375,2704.62109375
820,0.001200008733301817,0.00013265750877768565,0.0001,0.166740408167243,2704.62109375,2705.4140625,2704.62109375,2704.62109375,2704.62109375,2704.62109375
821,0.0012000087157474856,0.0013661159862400352,0.0001,0.3327140426263213,2704.62109375,2705.4140625,2704.62109375,2704.62109375,2704.62109375,2704.62109375
822,0.0012000086381106381,0.0001908605102992622,0.0001,0.16672694869339466,2704.62109375,2705.4140625,2704.62109375,2704.62109375,2704.62109375,2704.62109375
823,0.0012000084855846487,0.0015816341253256372,0.0001,0.16592200472950935,2704.62109375,2705.4140625,2704.62109375,2704.62109375,2704.62109375,2704.62109375
824,0.0012000082162737901,0.0035772009747185862,0.0001,0.1650990815833211,2704.62109375,2705.4140625,2704.62109375,2704.62109375,2704.62109375,2704.62109375
825,0.0012000074265457858,0.007196945357537343,0.0001,0.1670326991006732,2704.62109375,2705.4140625,2704.62109375,2704.62109375,2704.62109375,2704.62109375
826,0.0012000057153672783,0.01168323294033402,0.0001,0.16711293905973434,2704.62109375,2705.4140625,2704.62109375,2704.62109375,2704.62109375,2704.62109375
827,0.001200002347708094,0.015760742198397848,0.0001,0.1673071999102831,2704.62109375,2705.4140625,2704.62109375,2704.62109375,2704.62109375,2704.62109375
828,0.001199998032334295,0.012465498451268653,0.0001,0.1662431862205267,2704.62109375,2705.4140625,2704.62109375,2704.62109375,2704.62109375,2704.62109375
829,0.0011999975389098154,0.017923461527289852,0.0001,0.4233999578282237,2704.62109375,2705.4140625,2704.62109375,2704.62109375,2704.62109375,2704.62109375
830,0.0011999948848338922,0.006605427361496385,0.0001,0.1672221403568983,2704.62109375,2705.4140625,2704.62109375,2704.62109375,2704.62109375,2704.62109375
831,0.0011999943664998266,0.0006357482049759167,0.0001,0.16656530648469925,2704.62109375,2705.4140625,2704.62109375,2704.62109375,2704.62109375,2704.62109375
832,0.0011999943292452535,0.00023416329156200621,0.0001,0.168865785934031,2704.62109375,2705.4140625,2704.62109375,2704.62109375,2704.62109375,2704.62109375
833,0.0011999943144571752,0.0001656514524799313,0.0001,0.17139051482081413,2704.62109375,2705.4140625,2704.62109375,2704.62109375,2704.62109375,2704.62109375
834,0.0011999942356003281,0.0007069905993177805,0.0001,0.16612527519464493,2704.62109375,2705.4140625,2704.62109375,2704.62109375,2704.62109375,2704.62109375
835,0.001199994030817608,0.002053548203511335,0.0001,0.16613785549998283,2704.62109375,2705.4140625,2704.62109375,2704.62109375,2704.62109375,2704.62109375
836,0.001199993386131715,0.004113395624158356,0.0001,0.16636276710778475,2704.62109375,2705.4140625,2704.62109375,2704.62109375,2704.62109375,2704.62109375
837,0.0011999920256452186,0.008237775773238143,0.0001,0.1661610957235098,2704.62109375,2705.4140625,2704.62109375,2704.62109375,2704.62109375,2704.62109375
838,0.0011999891869249684,0.010648083681938036,0.0001,0.16710360907018185,2704.62109375,2705.4140625,2704.62109375,2704.62109375,2704.62109375,2704.62109375
839,0.0011999870654715481,0.020981104321446953,0.0001,0.33180211018770933,2704.62109375,2705.4140625,2704.62109375,2704.62109375,2704.62109375,2704.62109375
840,0.001199982092904362,0.01116717115034671,0.0001,0.16644444689154625,2704.62109375,2705.4140625,2704.62109375,2704.62109375,2704.62109375,2704.62109375
841,0.0011999755153040761,0.008349741489285245,0.0001,0.16694149747490883,2704.62109375,2705.4140625,2704.62109375,2704.62109375,2704.62109375,2704.62109375
842,0.0011999751771519186,0.00043999682882922553,0.0001,0.424466572701931,2704.62109375,2705.4140625,2704.62109375,2704.62109375,2704.62109375,2704.62109375
843,0.0011999727840987153,0.00022925366225967636,0.0001,0.1656274637207389,2704.62109375,2705.4140625,2704.62109375,2704.62109375,2704.62109375,2704.62109375
844,0.0011999696810893932,0.0008459726630449804,0.0001,0.4244242124259472,2704.62109375,2705.4140625,2704.62109375,2704.62109375,2704.62109375,2704.62109375
845,0.0011999661023971726,0.0006574543820272449,0.0001,0.16640455648303032,2704.62109375,2705.4140625,2704.62109375,2704.62109375,2704.62109375,2704.62109375
846,0.0011999452084684112,0.0035915720801051876,0.0001,0.21240963134914637,2704.62109375,2705.4140625,2704.62109375,2704.62109375,2704.62109375,2704.62109375
847,0.0011998939298028376,0.0013904779204731987,0.0001,0.21205055061727762,2704.62109375,2705.4140625,2704.62109375,2704.62109375,2704.62109375,2704.62109375
848,0.0011998190834335873,0.007269793479582454,0.0001,0.16704587917774916,2704.62109375,2705.4140625,2704.62109375,2704.62109375,2704.62109375,2704.62109375
849,0.0011995825719241088,0.013345097053562238,0.0001,0.2129071829840541,2704.62109375,2705.4140625,2704.62109375,2704.62109375,2704.62109375,2704.62109375
850,0.001199575211101754,0.005415495424529904,0.0001,0.42502238415181637,2704.62109375,2705.4140625,2704.62109375,2704.62109375,2704.62109375,2704.62109375
851,0.0011995529297106542,0.000595512973659118,0.0001,0.1665614964440465,2704.62109375,2705.4140625,2704.62109375,2704.62109375,2704.62109375,2704.62109375
852,0.0011995475724559802,0.0019482601605255168,0.0001,0.16622961591929197,2704.62109375,2705.4140625,2704.62109375,2704.62109375,2704.62109375,2704.62109375
853,0.0011995471614565242,0.006932873749514679,0.0001,0.4229703778401017,2704.62109375,2705.4140625,2704.62109375,2704.62109375,2704.62109375,2704.62109375
854,0.0011995328168593208,0.003275498862829185,0.0001,0.16645397618412971,2704.62109375,2705.4140625,2704.62109375,2704.62109375,2704.62109375,2704.62109375
855,0.0011995094965043878,0.0005284428558477439,0.0001,0.1658116951584816,2704.62109375,2705.4140625,2704.62109375,2704.62109375,2704.62109375,2704.62109375
856,0.001199433703191171,0.008341650262777445,0.0001,0.2109852358698845,2704.62109375,2705.4140625,2704.62109375,2704.62109375,2704.62109375,2704.62109375
857,0.0011992582336770622,0.019611694512842393,0.0001,0.2131441943347454,2704.62109375,2705.4140625,2704.62109375,2704.62109375,2704.62109375,2704.62109375
858,0.001198806597843846,0.036866797488150915,0.0001,0.21350113581866026,2704.62109375,2705.4140625,2704.62109375,2704.62109375,2704.62109375,2704.62109375
859,0.0011977474886735958,0.05878373801103787,0.0001,0.2133476547896862,2704.62109375,2705.4140625,2704.62109375,2704.62109375,2704.62109375,2704.62109375
860,0.0011955246508314232,0.07328799480852055,0.0001,0.21368239633738995,2704.62109375,2705.4140625,2704.62109375,2704.62109375,2704.62109375,2704.62109375
861,0.001192378397349266,0.16661907410224852,0.0001,0.21309734415262938,2704.62109375,2705.4140625,2704.62109375,2704.62109375,2704.62109375,2704.62109375
862,0.001190882731742692,0.1988817474788851,0.0001,0.4261638280004263,2704.62109375,2705.4140625,2704.62109375,2704.62109375,2704.62109375,2704.62109375
863,0.0011879432423545027,0.1947799585238933,0.0001,0.21332296449691057,2704.62109375,2705.4140625,2704.62109375,2704.62109375,2704.62109375,2704.62109375
864,0.0011868665950242883,0.029885317873163286,0.0001,0.42574956733733416,2704.62109375,2705.4140625,2704.62109375,2704.62109375,2704.62109375,2704.62109375
865,0.0011864518383263864,0.10487127325341561,0.0001,0.21362250577658415,2704.62109375,2705.4140625,2704.62109375,2704.62109375,2704.62109375,2704.62109375
866,0.0011864169908354287,0.013371911504934886,0.0001,0.168652324937284,2704.62109375,2705.4140625,2704.62109375,2704.62109375,2704.62109375,2704.62109375
867,0.0011864083202733455,0.00874967741398891,0.0001,0.1645095907151699,2704.62109375,2705.4140625,2704.62109375,2704.62109375,2704.62109375,2704.62109375
868,0.0011864077792606454,0.0029537432987533085,0.0001,0.3241612119600177,2704.62109375,2705.4140625,2704.62109375,2704.62109375,2704.62109375,2704.62109375
869,0.0011864068453022547,0.00018933625460282322,0.0001,0.1625901823863387,2704.62109375,2705.4140625,2704.62109375,2704.62109375,2704.62109375,2704.62109375
870,0.0011864051543379998,0.0039035936555731343,0.0001,0.161991061642766,2704.62109375,2705.4140625,2704.62109375,2704.62109375,2704.62109375,2704.62109375
871,0.001186401114311102,0.010056938280058825,0.0001,0.16194714978337288,2704.62109375,2705.4140625,2704.62109375,2704.62109375,2704.62109375,2704.62109375
872,0.0011863909021323027,0.019641422895278815,0.0001,0.16147155035287142,2704.62109375,2705.4140625,2704.62109375,2704.62109375,2704.62109375,2704.62109375
873,0.0011863681209939648,0.029364450836333766,0.0001,0.16182863991707563,2704.62109375,2705.4140625,2704.62109375,2704.62109375,2704.62109375,2704.62109375
874,0.0011863279335898856,0.047339977019653645,0.0001,0.16057894565165043,2704.62109375,2705.4140625,2704.62109375,2704.62109375,2704.62109375,2704.62109375
875,0.0011862848623740395,0.033412642078936905,0.0001,0.16284365393221378,2704.62109375,2705.4140625,2704.62109375,2704.62109375,2704.62109375,2704.62109375
876,0.001186262556161498,0.017736485721723927,0.0001,0.1616821587085724,2704.62109375,2705.4140625,2704.62109375,2704.62109375,2704.62109375,2704.62109375
877,0.0011862610265600954,0.0006007713218015853,0.0001,0.3234838806092739,2704.62109375,2705.4140625,2704.62109375,2704.62109375,2704.62109375,2704.62109375
878,0.0011862588294561137,0.00068212875448459,0.0001,0.16316984500735998,2704.62109375,2705.4140625,2704.62109375,2704.62109375,2704.62109375,2704.62109375
879,0.0011861735517379737,0.005175501036170704,0.0001,0.8268434749916196,2704.62109375,2705.4140625,2704.62109375,2704.62109375,2704.62109375,2704.62109375
880,0.0011860743353983912,0.01613278920240946,0.0001,0.20814474672079086,2704.62109375,2705.4140625,2704.62109375,2704.62109375,2704.62109375,2704.62109375
881,0.0011860559199111912,0.008110049176405787,0.0001,0.8263390315696597,2704.62109375,2705.4140625,2704.62109375,2704.62109375,2704.62109375,2704.62109375
882,0.001185210302848345,0.018860102435531045,0.0001,0.20777872670441866,2704.62109375,2705.4140625,2704.62109375,2704.62109375,2704.62109375,2704.62109375
883,0.0011850344962973877,0.02844317923529438,0.0001,0.20716351177543402,2704.62109375,2705.4140625,2704.62109375,2704.62109375,2704.62109375,2704.62109375
884,0.001184954691297307,0.017234058950765685,0.0001,0.207090993411839,2704.62109375,2705.4140625,2704.62109375,2704.62109375,2704.62109375,2704.62109375
885,0.0011849341869173853,0.020189144390195146,0.0001,0.16193815041333437,2704.62109375,2705.4140625,2704.62109375,2704.62109375,2704.62109375,2704.62109375
886,0.0011848402001534595,0.0033808797015228986,0.0001,0.20615222956985235,2704.62109375,2705.4140625,2704.62109375,2704.62109375,2704.62109375,2704.62109375
887,0.0011846427102466678,0.05096484407669366,0.0001,0.20703729148954153,2704.62109375,2705.4140625,2704.62109375,2704.62109375,2704.62109375,2704.62109375
888,0.0011845976581025593,0.04104074541911651,0.0001,0.4139802446588874,2704.62109375,2705.4140625,2704.62109375,2704.62109375,2704.62109375,2704.62109375
889,0.0011844800097262583,0.005160456401251734,0.0001,0.2068177117034793,2704.62109375,2705.4140625,2704.62109375,2704.62109375,2704.62109375,2704.62109375
890,0.0011844221538256556,0.012575838254138993,0.0001,0.2074177237227559,2704.62109375,2705.4140625,2704.62109375,2704.62109375,2704.62109375,2704.62109375
891,0.0011844024013323276,0.0024425015256692717,0.0001,0.16140098869800568,2704.62109375,2705.4140625,2704.62109375,2704.62109375,2704.62109375,2704.62109375
892,0.0011843708267984029,0.027651545090126572,0.0001,0.16112820710986853,2704.62109375,2705.4140625,2704.62109375,2704.62109375,2704.62109375,2704.62109375
893,0.001184339744058822,0.03859499196737082,0.0001,0.1626924341544509,2704.62109375,2705.4140625,2704.62109375,2704.62109375,2704.62109375,2704.62109375
894,0.001184273848387367,0.03419590136157147,0.0001,0.16125225834548473,2704.62109375,2705.4140625,2704.62109375,2704.62109375,2704.62109375,2704.62109375
895,0.0011842607208642577,0.0552105651798388,0.0001,0.41286239959299564,2704.62109375,2705.4140625,2704.62109375,2704.62109375,2704.62109375,2704.62109375
896,0.0011841639891657925,0.023390656460069437,0.0001,0.2059892388060689,2704.62109375,2705.4140625,2704.62109375,2704.62109375,2704.62109375,2704.62109375
897,0.0011840517395817817,0.016960060577412728,0.0001,0.20622918009757996,2704.62109375,2705.4140625,2704.62109375,2704.62109375,2704.62109375,2704.62109375
898,0.0011838518927755996,0.0762633404618358,0.0001,0.20630188938230276,2704.62109375,2705.4140625,2704.62109375,2704.62109375,2704.62109375,2704.62109375
899,0.0011834304440606236,0.1070305898403563,0.0001,0.2065846212208271,2704.62109375,2705.4140625,2704.62109375,2704.62109375,2704.62109375,2704.62109375
900,0.0011833389906142138,0.2261901160831803,0.0001,0.4104968514293432,2704.62109375,2705.4140625,2704.62109375,2704.62109375,2704.62109375,2704.62109375
901,0.0011826399492856838,0.21572224571465992,0.0001,0.2073891144245863,2704.62109375,2705.4140625,2704.62109375,2704.62109375,2704.62109375,2704.62109375
902,0.0011822779748471208,0.27129684346053695,0.0001,0.4128866698592901,2704.62109375,2705.4140625,2704.62109375,2704.62109375,2704.62109375,2704.62109375
903,0.0011799815831343968,0.1747386705058469,0.0001,0.20559984724968672,2704.62109375,2705.4140625,2704.62109375,2704.62109375,2704.62109375,2704.62109375
904,0.0011775220776171708,0.03727285729636465,0.0001,0.205210005864501,2704.62109375,2705.4140625,2704.62109375,2704.62109375,2704.62109375,2704.62109375
905,0.0011747794209173749,0.06320995928110618,0.0001,0.20761887449771166,2704.62109375,2705.4140625,2704.62109375,2704.62109375,2704.62109375,2704.62109375
906,0.0011745019603618036,0.023953119219563446,0.0001,0.4143890459090471,2704.62109375,2705.4140625,2704.62109375,2704.62109375,2704.62109375,2704.62109375
907,0.0011740543737488525,0.058591395232559296,0.0001,0.20790962502360344,2704.62109375,2705.4140625,2704.62109375,2704.62109375,2704.62109375,2704.62109375
908,0.0011732330871265218,0.17126706277814496,0.0001,0.20687984209507704,2704.62109375,2705.4140625,2704.62109375,2704.62109375,2704.62109375,2704.62109375
909,0.0011722989390107194,0.05835272725727958,0.0001,0.20823306683450937,2704.62109375,2705.4140625,2704.62109375,2704.62109375,2704.62109375,2704.62109375
910,0.001171972463758352,0.02565083816347069,0.0001,0.20779949519783258,2704.62109375,2705.4140625,2704.62109375,2704.62109375,2704.62109375,2704.62109375
911,0.0011716592941121535,0.024685611971304255,0.0001,0.21098282653838396,2704.62109375,2705.4140625,2704.62109375,2704.62109375,2704.62109375,2704.62109375
912,0.0011710652220016976,0.010324618475931802,0.0001,0.20968410186469555,2704.62109375,2705.4140625,2704.62109375,2704.62109375,2704.62109375,2704.62109375
913,0.0011702793176020727,0.04871421145400778,0.0001,0.20724891312420368,2704.62109375,2705.4140625,2704.62109375,2704.62109375,2704.62109375,2704.62109375
914,0.0011698852730438677,0.03392074886918972,0.0001,0.20706523302942514,2704.62109375,2705.4140625,2704.62109375,2704.62109375,2704.62109375,2704.62109375
915,0.001169763032077863,0.021839578468431542,0.0001,0.20743191242218018,2704.62109375,2705.4140625,2704.62109375,2704.62109375,2704.62109375,2704.62109375
916,0.001169744641108163,0.006043310009524294,0.0001,0.162141271866858,2704.62109375,2705.4140625,2704.62109375,2704.62109375,2704.62109375,2704.62109375
917,0.0011697331126276408,0.00404361197018166,0.0001,0.16151192970573902,2704.62109375,2705.4140625,2704.62109375,2704.62109375,2704.62109375,2704.62109375
918,0.0011697323965140396,0.016656993481516058,0.0001,0.41105236392468214,2704.62109375,2705.4140625,2704.62109375,2704.62109375,2704.62109375,2704.62109375
919,0.0011697199227285033,0.009115843162949222,0.0001,0.1613005781546235,2704.62109375,2705.4140625,2704.62109375,2704.62109375,2704.62109375,2704.62109375
920,0.001169710082290087,0.003595599055001397,0.0001,0.16115142777562141,2704.62109375,2705.4140625,2704.62109375,2704.62109375,2704.62109375,2704.62109375
921,0.001169698219013521,0.015427724334008852,0.0001,0.1608270164579153,2704.62109375,2705.4140625,2704.62109375,2704.62109375,2704.62109375,2704.62109375
922,0.0011696725634869234,0.03499686239368627,0.0001,0.16192718036472797,2704.62109375,2705.4140625,2704.62109375,2704.62109375,2704.62109375,2704.62109375
923,0.001169619846702325,0.06006261604215246,0.0001,0.16099772788584232,2704.62109375,2705.4140625,2704.62109375,2704.62109375,2704.62109375,2704.62109375
924,0.0011694790063664722,0.10164349580894849,0.0001,0.20741973351687193,2704.62109375,2705.4140625,2704.62109375,2704.62109375,2704.62109375,2704.62109375
925,0.0011691467702081742,0.15972993374320366,0.0001,0.20689711160957813,2704.62109375,2705.4140625,2704.62109375,2704.62109375,2704.62109375,2704.62109375
926,0.0011683757142955966,0.23548506512819456,0.0001,0.2086755894124508,2704.62109375,2705.4140625,2704.62109375,2704.62109375,2704.62109375,2704.62109375
927,0.0011669047621678703,0.28683188429001705,0.0001,0.20748481340706348,2704.62109375,2705.4140625,2704.62109375,2704.62109375,2704.62109375,2704.62109375
928,0.0011665769340433274,0.3563447999866336,0.0001,0.41329973191022873,2704.62109375,2705.4140625,2704.62109375,2704.62109375,2704.62109375,2704.62109375
929,0.0011662723473259762,0.07753019275479178,0.0001,0.41376852337270975,2704.62109375,2705.4140625,2704.62109375,2704.62109375,2704.62109375,2704.62109375
930,0.0011649379343755002,0.12756810322042278,0.0001,0.20729440357536077,2704.62109375,2705.4140625,2704.62109375,2704.62109375,2704.62109375,2704.62109375
931,0.0011638955013399661,0.08373942041895877,0.0001,0.20784304570406675,2704.62109375,2705.4140625,2704.62109375,2704.62109375,2704.62109375,2704.62109375
932,0.0011635561996201642,0.12716071264908435,0.0001,0.41493240743875504,2704.62109375,2705.4140625,2704.62109375,2704.62109375,2704.62109375,2704.62109375
933,0.0011630757523714097,0.0660449682242118,0.0001,0.2090981900691986,2704.62109375,2705.4140625,2704.62109375,2704.62109375,2704.62109375,2704.62109375
934,0.0011624923534435015,0.2075712249896573,0.0001,0.20746762305498123,2704.62109375,2705.4140625,2704.62109375,2704.62109375,2704.62109375,2704.62109375
935,0.0011616289845352713,0.2938351362582825,0.0001,0.20684716198593378,2704.62109375,2705.4140625,2704.62109375,2704.62109375,2704.62109375,2704.62109375
936,0.0011597468196044834,0.27957390214341393,0.0001,0.20653357077389956,2704.62109375,2705.4140625,2704.62109375,2704.62109375,2704.62109375,2704.62109375
937,0.0011593912707098355,0.17746790064958395,0.0001,0.6195875015109777,2704.62109375,2705.4140625,2704.62109375,2704.62109375,2704.62109375,2704.62109375
938,0.001157720789270787,0.09804816615350986,0.0001,0.20808022655546665,2704.62109375,2705.4140625,2704.62109375,2704.62109375,2704.62109375,2704.62109375
939,0.0011571082068705042,0.1561425131174825,0.0001,0.20677525084465742,2704.62109375,2705.4140625,2704.62109375,2704.62109375,2704.62109375,2704.62109375
940,0.0011569508279858933,0.004714198581435625,0.0001,0.41419088561087847,2704.62109375,2705.4140625,2704.62109375,2704.62109375,2704.62109375,2704.62109375
941,0.0011568987398440608,0.0013250882637065864,0.0001,0.2060448182746768,2704.62109375,2705.4140625,2704.62109375,2704.62109375,2704.62109375,2704.62109375
942,0.0011568900952722333,0.013689165866594077,0.0001,0.41577289160341024,2704.62109375,2705.4140625,2704.62109375,2704.62109375,2704.62109375,2704.62109375
943,0.0011568854414797957,0.0055377427865701545,0.0001,0.1617858400568366,2704.62109375,2705.4140625,2704.62109375,2704.62109375,2704.62109375,2704.62109375
944,0.001156882544560327,0.002035834881346954,0.0001,0.16233297158032656,2704.62109375,2705.4140625,2704.62109375,2704.62109375,2704.62109375,2704.62109375
945,0.0011568786487037,0.001457979861004155,0.0001,0.1618645405396819,2704.62109375,2705.4140625,2704.62109375,2704.62109375,2704.62109375,2704.62109375
946,0.0011568777528884952,0.0006686392995380874,0.0001,0.16287719458341599,2704.62109375,2705.4140625,2704.62109375,2704.62109375,2704.62109375,2704.62109375
947,0.0011568770761722226,0.00021289610534766027,0.0001,0.1658614343032241,2704.62109375,2705.4140625,2704.62109375,2704.62109375,2704.62109375,2704.62109375
948,0.001156871782339042,0.00784890703269081,0.0001,0.16195766068995,2704.62109375,2705.4140625,2704.62109375,2704.62109375,2704.62109375,2704.62109375
949,0.0011568628132596355,0.010751755624448078,0.0001,0.16164414025843143,2704.62109375,2705.4140625,2704.62109375,2704.62109375,2704.62109375,2704.62109375
950,0.0011568323554536385,0.037160199097290736,0.0001,0.16197661962360144,2704.62109375,2705.4140625,2704.62109375,2704.62109375,2704.62109375,2704.62109375
951,0.0011567831024564689,0.00989539262747885,0.0001,0.20768318511545658,2704.62109375,2705.4140625,2704.62109375,2704.62109375,2704.62109375,2704.62109375
952,0.0011566229380582296,0.0517350769544922,0.0001,0.16468729078769684,2704.62109375,2705.4140625,2704.62109375,2704.62109375,2704.62109375,2704.62109375
953,0.0011559321322666073,0.16279811668005806,0.0001,0.21068984549492598,2704.62109375,2705.4140625,2704.62109375,2704.62109375,2704.62109375,2704.62109375
954,0.0011537966869624163,0.41065708902661946,0.0001,0.20871574897319078,2704.62109375,2705.4140625,2704.62109375,2704.62109375,2704.62109375,2704.62109375
955,0.0011491663715139243,0.7050956823586978,0.0001,0.20746705308556557,2704.62109375,2705.4140625,2704.62109375,2704.62109375,2704.62109375,2704.62109375
956,0.0011383203309320961,1.1900691917841337,0.0001,0.20768738444894552,2704.62109375,2705.4140625,2704.62109375,2704.62109375,2704.62109375,2704.62109375
957,0.0011243325975278363,0.9517291197110702,0.0001,0.21044460497796535,2704.62109375,2705.4140625,2704.62109375,2704.62109375,2704.62109375,2704.62109375
958,0.0011153943299916456,0.13791362052971634,0.0001,0.20985045190900564,2704.62109375,2705.4140625,2704.62109375,2704.62109375,2704.62109375,2704.62109375
959,0.001111868303757944,0.768837693405428,0.0001,0.2112376680597663,2704.62109375,2705.4140625,2704.62109375,2704.62109375,2704.62109375,2704.62109375
960,0.001106876537625957,0.18405997222489634,0.0001,0.2083589369431138,2704.62109375,2705.4140625,2704.62109375,2704.62109375,2704.62109375,2704.62109375
961,0.0011050555950761767,0.2577283095506755,0.0001,0.2065423708409071,2704.62109375,2705.4140625,2704.62109375,2704.62109375,2704.62109375,2704.62109375
962,0.0011044610094593306,0.2747390252198614,0.0001,0.41345604229718447,2704.62109375,2705.4140625,2704.62109375,2704.62109375,2704.62109375,2704.62109375
963,0.0011041111668745826,0.006496604616257118,0.0001,0.4145116461440921,2704.62109375,2705.4140625,2704.62109375,2704.62109375,2704.62109375,2704.62109375
964,0.0011035414511250258,0.03638434875576424,0.0001,0.20616212021559477,2704.62109375,2705.4140625,2704.62109375,2704.62109375,2704.62109375,2704.62109375
965,0.0011005436370129875,0.5295937394000871,0.0001,0.2079984750598669,2704.62109375,2705.4140625,2704.62109375,2704.62109375,2704.62109375,2704.62109375
966,0.0010992024258808153,0.08057942322675782,0.0001,0.20736107416450977,2704.62109375,2705.4140625,2704.62109375,2704.62109375,2704.62109375,2704.62109375
967,0.0010980501926770884,0.08256247453509935,0.0001,0.20687646139413118,2704.62109375,2705.4140625,2704.62109375,2704.62109375,2704.62109375,2704.62109375
968,0.00109629566005595,0.1689493119205877,0.0001,0.2073823632672429,2704.62109375,2705.4140625,2704.62109375,2704.62109375,2704.62109375,2704.62109375
969,0.0010932167521353023,0.32353710389843404,0.0001,0.20722280349582434,2704.62109375,2705.4140625,2704.62109375,2704.62109375,2704.62109375,2704.62109375
970,0.0010900974832711158,0.03719410904333731,0.0001,0.20743668358772993,2704.62109375,2705.4140625,2704.62109375,2704.62109375,2704.62109375,2704.62109375
971,0.0010840019986251813,0.6273031043264008,0.0001,0.20660061109811068,2704.62109375,2705.4140625,2704.62109375,2704.62109375,2704.62109375,2704.62109375
972,0.0010783069247450605,0.4552241193844424,0.0001,0.2101373728364706,2704.62109375,2705.4140625,2704.62109375,2704.62109375,2704.62109375,2704.62109375
973,0.0010671134542327766,0.578205595384764,0.0001,0.20736614428460598,2704.62109375,2705.4140625,2704.62109375,2704.62109375,2704.62109375,2704.62109375
974,0.0010541364847067446,0.8622104656875045,0.0001,0.20612915884703398,2704.62109375,2705.4140625,2704.62109375,2704.62109375,2704.62109375,2704.62109375
975,0.0010440958003271482,0.43007168364835613,0.0001,0.20753407385200262,2704.62109375,2705.4140625,2704.62109375,2704.62109375,2704.62109375,2704.62109375
976,0.0010386028827339324,0.06690657442852488,0.0001,0.4278925647959113,2704.62109375,2705.4140625,2704.62109375,2704.62109375,2704.62109375,2704.62109375
977,0.0010355423915627718,0.26609685070926514,0.0001,0.41511470824480057,2704.62109375,2705.4140625,2704.62109375,2704.62109375,2704.62109375,2704.62109375
978,0.0010340630101313582,0.2057761506845086,0.0001,0.20683746226131916,2704.62109375,2705.4140625,2704.62109375,2704.62109375,2704.62109375,2704.62109375
979,0.0010326581485562948,0.2897320641307297,0.0001,0.41452701576054096,2704.62109375,2705.4140625,2704.62109375,2704.62109375,2704.62109375,2704.62109375
980,0.0010306103061934596,0.3006010586895048,0.0001,0.20700259320437908,2704.62109375,2705.4140625,2704.62109375,2704.62109375,2704.62109375,2704.62109375
981,0.001029578707555186,0.26723865565666394,0.0001,0.2067324910312891,2704.62109375,2705.4140625,2704.62109375,2704.62109375,2704.62109375,2704.62109375
982,0.0010283707366333958,0.06500224546773326,0.0001,0.4144578957930207,2704.62109375,2705.4140625,2704.62109375,2704.62109375,2704.62109375,2704.62109375
983,0.0010260380329163482,0.14847735733163958,0.0001,0.20668501127511263,2704.62109375,2705.4140625,2704.62109375,2704.62109375,2704.62109375,2704.62109375
984,0.0010177122937581114,0.262998179109701,0.0001,0.20807978603988886,2704.62109375,2705.4140625,2704.62109375,2704.62109375,2704.62109375,2704.62109375
985,0.0010076051949892166,0.062415295830139494,0.0001,0.20778237469494343,2704.62109375,2705.4140625,2704.62109375,2704.62109375,2704.62109375,2704.62109375
986,0.001002468877116606,0.040306048075178014,0.0001,0.413514512591064,2704.62109375,2705.4140625,2704.62109375,2704.62109375,2704.62109375,2704.62109375
987,0.0010020519834535,0.011810299680607872,0.0001,0.8298268551006913,2704.62109375,2705.4140625,2704.62109375,2704.62109375,2704.62109375,2704.62109375
988,0.0009985257376904657,0.4485951747567183,0.0001,0.20879062917083502,2704.62109375,2705.4140625,2704.62109375,2704.62109375,2704.62109375,2704.62109375
989,0.0009976368513244251,0.14780454243655494,0.0001,0.20892081875354052,2704.62109375,2705.4140625,2704.62109375,2704.62109375,2704.62109375,2704.62109375
990,0.0009969858660431427,0.029563906839883414,0.0001,0.20775996521115303,2704.62109375,2705.4140625,2704.62109375,2704.62109375,2704.62109375,2704.62109375
991,0.0009960111490461135,0.1637968727489345,0.0001,0.213903296738863,2704.62109375,2705.4140625,2704.62109375,2704.62109375,2704.62109375,2704.62109375
992,0.0009950746843962182,0.170435358237369,0.0001,0.23085615877062082,2704.62109375,2705.4140625,2704.62109375,2704.62109375,2704.62109375,2704.62109375
993,0.0009933859791807444,0.25808644523751534,0.0001,0.20931293070316315,2704.62109375,2705.4140625,2704.62109375,2704.62109375,2704.62109375,2704.62109375
994,0.000992700094833792,0.06285482309078927,0.0001,0.41598473116755486,2704.62109375,2705.4140625,2704.62109375,2704.62109375,2704.62109375,2704.62109375
995,0.0009922299665935457,0.08777789643976042,0.0001,0.2084791176021099,2704.62109375,2705.4140625,2704.62109375,2704.62109375,2704.62109375,2704.62109375
996,0.0009920473774624407,0.02703034339205268,0.0001,0.20909078046679497,2704.62109375,2705.4140625,2704.62109375,2704.62109375,2704.62109375,2704.62109375
997,0.0009919906828208293,0.039751696260691416,0.0001,0.20832799654453993,2704.62109375,2705.4140625,2704.62109375,2704.62109375,2704.62109375,2704.62109375
998,0.0009919514206869606,0.024266606839796978,0.0001,0.20617813896387815,2704.62109375,2705.4140625,2704.62109375,2704.62109375,2704.62109375,2704.62109375
999,0.0009919147209550602,0.01724084920857738,0.0001,0.16251512337476015,2704.62109375,2705.4140625,2704.62109375,2704.62109375,2704.62109375,2704.62109375
1000,0.0009918888852488577,0.054648615590137894,0.0001,0.4157365197315812,2704.62109375,2705.4140625,2704.62109375,2704.62109375,2704.62109375,2704.62109375
1001,0.0009917964903641877,0.009115312250881913,0.0001,0.20909512974321842,2704.62109375,2705.4140625,2704.62109375,2704.62109375,2704.62109375,2704.62109375
1002,0.0009916521138138902,0.037190835652646026,0.0001,0.20780717488378286,2704.62109375,2705.4140625,2704.62109375,2704.62109375,2704.62109375,2704.62109375
1003,0.0009913335570088044,0.11160189655153885,0.0001,0.20793683640658855,2704.62109375,2705.4140625,2704.62109375,2704.62109375,2704.62109375,2704.62109375
1004,0.0009910097769490907,0.13314810462590487,0.0001,0.20733715314418077,2704.62109375,2705.4140625,2704.62109375,2704.62109375,2704.62109375,2704.62109375
1005,0.0009909651299644395,0.07475902800955447,0.0001,0.41656618379056454,2704.62109375,2705.4140625,2704.62109375,2704.62109375,2704.62109375,2704.62109375
1006,0.0009908147096795601,0.06290485343587182,0.0001,0.2068955721333623,2704.62109375,2705.4140625,2704.62109375,2704.62109375,2704.62109375,2704.62109375
1007,0.0009907991785396144,0.02673778078578737,0.0001,0.5776649210602045,2704.62109375,2705.4140625,2704.62109375,2704.62109375,2704.62109375,2704.62109375
1008,0.000990785513705404,0.005487150898668469,0.0001,0.16245735250413418,2704.62109375,2705.4140625,2704.62109375,2704.62109375,2704.62109375,2704.62109375
1009,0.000990784970384144,0.0005829443178460014,0.0001,0.16213443130254745,2704.62109375,2705.4140625,2704.62109375,2704.62109375,2704.62109375,2704.62109375
1010,0.0009907847226361295,0.0014357207154440665,0.0001,0.16246252320706844,2704.62109375,2705.4140625,2704.62109375,2704.62109375,2704.62109375,2704.62109375
1011,0.000990784166046544,0.005101314157094916,0.0001,0.16303408425301313,2704.62109375,2705.4140625,2704.62109375,2704.62109375,2704.62109375,2704.62109375
1012,0.0009907835033306962,0.0056373568821603826,0.0001,0.16268888395279646,2704.62109375,2705.4140625,2704.62109375,2704.62109375,2704.62109375,2704.62109375
1013,0.0009907818052956893,0.001480287905769484,0.0001,0.16413973737508059,2704.62109375,2705.4140625,2704.62109375,2704.62109375,2704.62109375,2704.62109375
1014,0.000990778684542619,0.004071776144740857,0.0001,0.16181820165365934,2704.62109375,2705.4140625,2704.62109375,2704.62109375,2704.62109375,2704.62109375
1015,0.000990777622534464,0.01516510492819223,0.0001,0.32333038840442896,2704.62109375,2705.4140625,2704.62109375,2704.62109375,2704.62109375,2704.62109375
1016,0.0009907753572142854,0.015148733129174197,0.0001,0.1622674623504281,2704.62109375,2705.4140625,2704.62109375,2704.62109375,2704.62109375,2704.62109375
1017,0.0009907739545629139,0.022831246819235318,0.0001,0.41416812501847744,2704.62109375,2705.4140625,2704.62109375,2704.62109375,2704.62109375,2704.62109375
1018,0.0009907596480302839,0.019266465558998025,0.0001,0.16273657325655222,2704.62109375,2705.4140625,2704.62109375,2704.62109375,2704.62109375,2704.62109375
1019,0.0009907591763386114,0.013174831230120976,0.0001,0.4128901408985257,2704.62109375,2705.4140625,2704.62109375,2704.62109375,2704.62109375,2704.62109375
1020,0.0009907526014151429,0.007767234994861649,0.0001,0.1632788646966219,2704.62109375,2705.4140625,2704.62109375,2704.62109375,2704.62109375,2704.62109375
1021,0.0009907460382003932,0.0009409456988124232,0.0001,0.1616141004487872,2704.62109375,2705.4140625,2704.62109375,2704.62109375,2704.62109375,2704.62109375
1022,0.000990744139357829,0.0048800150875493165,0.0001,0.16167488973587751,2704.62109375,2705.4140625,2704.62109375,2704.62109375,2704.62109375,2704.62109375
1023,0.0009907428401980788,0.005532688003055619,0.0001,0.16137733776122332,2704.62109375,2705.4140625,2704.62109375,2704.62109375,2704.62109375,2704.62109375
1024,0.0009907422231864855,0.007270047026501469,0.0001,0.41238487884402275,2704.62109375,2705.4140625,2704.62109375,2704.62109375,2704.62109375,2704.62109375
1025,0.000990740266359264,0.003138608644490226,0.0001,0.16130189783871174,2704.62109375,2705.4140625,2704.62109375,2704.62109375,2704.62109375,2704.62109375
1026,0.0009907400359869996,0.007460413738375027,0.0001,0.3240269822999835,2704.62109375,2705.4140625,2704.62109375,2704.62109375,2704.62109375,2704.62109375
1027,0.0009907390197558892,0.00377298296904649,0.0001,0.16192486137151718,2704.62109375,2705.4140625,2704.62109375,2704.62109375,2704.62109375,2704.62109375
1028,0.0009907377090755572,0.0028221142209743366,0.0001,0.16163879912346601,2704.62109375,2705.4140625,2704.62109375,2704.62109375,2704.62109375,2704.62109375
1029,0.0009907365836405973,0.00628360609137979,0.0001,0.1622738316655159,2704.62109375,2705.4140625,2704.62109375,2704.62109375,2704.62109375,2704.62109375
1030,0.0009907323292191726,0.014653669024662141,0.0001,0.16229583229869604,2704.62109375,2705.4140625,2704.62109375,2704.62109375,2704.62109375,2704.62109375
1031,0.0009907227354585197,0.02417846374888466,0.0001,0.16198191046714783,2704.62109375,2705.4140625,2704.62109375,2704.62109375,2704.62109375,2704.62109375
1032,0.0009906987003365725,0.04461218146293433,0.0001,0.16217285208404064,2704.62109375,2705.4140625,2704.62109375,2704.62109375,2704.62109375,2704.62109375
1033,0.000990643570415786,0.058326157163689496,0.0001,0.16148363891988993,2704.62109375,2705.4140625,2704.62109375,2704.62109375,2704.62109375,2704.62109375
1034,0.000990611991009222,0.12489111717677481,0.0001,0.4123475784435868,2704.62109375,2705.4140625,2704.62109375,2704.62109375,2704.62109375,2704.62109375
1035,0.0009904939380868175,0.11205006493642711,0.0001,0.20802784524857998,2704.62109375,2705.4140625,2704.62109375,2704.62109375,2704.62109375,2704.62109375
1036,0.0009903057134261297,0.07666634716534015,0.0001,0.2066889414563775,2704.62109375,2705.4140625,2704.62109375,2704.62109375,2704.62109375,2704.62109375
1037,0.000990293348324419,0.03586391379410592,0.0001,0.4190192427486181,2704.62109375,2705.4140625,2704.62109375,2704.62109375,2704.62109375,2704.62109375
1038,0.0009902619310727867,0.01545532888813983,0.0001,0.16356556583195925,2704.62109375,2705.4140625,2704.62109375,2704.62109375,2704.62109375,2704.62109375
1039,0.0009902425860927686,0.004628716208679551,0.0001,0.16248934343457222,2704.62109375,2705.4140625,2704.62109375,2704.62109375,2704.62109375,2704.62109375
1040,0.000990234497605059,0.00045708669407718006,0.0001,0.16183460038155317,2704.62109375,2705.4140625,2704.62109375,2704.62109375,2704.62109375,2704.62109375
1041,0.000990228611292615,0.0002710037747226668,0.0001,0.16181626915931702,2704.62109375,2705.4140625,2704.62109375,2704.62109375,2704.62109375,2704.62109375
1042,0.000990228243471898,0.00024394802776880572,0.0001,0.620123184286058,2704.62109375,2705.4140625,2704.62109375,2704.62109375,2704.62109375,2704.62109375
1043,0.0009902246121317765,0.010747842768905058,0.0001,0.41609131172299385,2704.62109375,2705.4140625,2704.62109375,2704.62109375,2704.62109375,2704.62109375
1044,0.0009902205602787993,0.007220073217315215,0.0001,0.16277224477380514,2704.62109375,2705.4140625,2704.62109375,2704.62109375,2704.62109375,2704.62109375
1045,0.0009902203120939462,0.001423032927425183,0.0001,0.3247045837342739,2704.62109375,2705.4140625,2704.62109375,2704.62109375,2704.62109375,2704.62109375
1046,0.0009902189153871077,0.0008162486179468242,0.0001,0.16270745266228914,2704.62109375,2705.4140625,2704.62109375,2704.62109375,2704.62109375,2704.62109375
1047,0.0009901326554045686,0.00023761194251007025,0.0001,0.32401530258357525,2704.62109375,2705.4140625,2704.62109375,2704.62109375,2704.62109375,2704.62109375
1048,0.000990132620026396,0.0007020666913271079,0.0001,0.8270496055483818,2704.62109375,2705.4140625,2704.62109375,2704.62109375,2704.62109375,2704.62109375
1049,0.000989645576067369,0.030032474654287267,0.0001,0.2075470145791769,2704.62109375,2705.4140625,2704.62109375,2704.62109375,2704.62109375,2704.62109375
1050,0.000989187333626077,0.09990542364937549,0.0001,0.2076505348086357,2704.62109375,2705.4140625,2704.62109375,2704.62109375,2704.62109375,2704.62109375
1051,0.0009885676479649938,0.035349193148715985,0.0001,0.20724098291248083,2704.62109375,2705.4140625,2704.62109375,2704.62109375,2704.62109375,2704.62109375
1052,0.0009874200914486214,0.12562445492073238,0.0001,0.20749493408948183,2704.62109375,2705.4140625,2704.62109375,2704.62109375,2704.62109375,2704.62109375
1053,0.0009853729073880792,0.2002363064679875,0.0001,0.20671946089714766,2704.62109375,2705.4140625,2704.62109375,2704.62109375,2704.62109375,2704.62109375
1054,0.0009818679695791626,0.19629944861948634,0.0001,0.20705772284418344,2704.62109375,2705.4140625,2704.62109375,2704.62109375,2704.62109375,2704.62109375
1055,0.0009818032223319357,0.19079519128683609,0.0001,1.0360064944252372,2704.62109375,2705.4140625,2704.62109375,2704.62109375,2704.62109375,2704.62109375
1056,0.0009817390198693244,0.2991352343864684,0.0001,0.6213469477370381,2704.62109375,2705.4140625,2704.62109375,2704.62109375,2704.62109375,2704.62109375
1057,0.0009779227565179067,0.02862090553477925,0.0001,0.20722661260515451,2704.62109375,2705.4140625,2704.62109375,2704.62109375,2704.62109375,2704.62109375
1058,0.0009750670316040859,0.035485995683071536,0.0001,0.20704454369843006,2704.62109375,2705.4140625,2704.62109375,2704.62109375,2704.62109375,2704.62109375
1059,0.0009747303697283074,0.20965711176911994,0.0001,0.4132467517629266,2704.62109375,2705.4140625,2704.62109375,2704.62109375,2704.62109375,2704.62109375
1060,0.0009725205721510295,0.04226034273750989,0.0001,0.20874101761728525,2704.62109375,2705.4140625,2704.62109375,2704.62109375,2704.62109375,2704.62109375
1061,0.000972375284801035,0.03497148771418013,0.0001,0.20772704482078552,2704.62109375,2705.4140625,2704.62109375,2704.62109375,2704.62109375,2704.62109375
1062,0.0009723524005921685,0.01604753721244445,0.0001,0.20737248472869396,2704.62109375,2705.4140625,2704.62109375,2704.62109375,2704.62109375,2704.62109375
1063,0.0009723445729032228,0.0018030368434245325,0.0001,0.16221301071345806,2704.62109375,2705.4140625,2704.62109375,2704.62109375,2704.62109375,2704.62109375
1064,0.0009723377425730993,0.0051804792743460615,0.0001,0.16247724276036024,2704.62109375,2705.4140625,2704.62109375,2704.62109375,2704.62109375,2704.62109375
1065,0.0009723200445873436,0.03835374851008355,0.0001,0.16240186244249344,2704.62109375,2705.4140625,2704.62109375,2704.62109375,2704.62109375,2704.62109375
1066,0.0009723021411434989,0.024287589199866177,0.0001,0.162534493021667,2704.62109375,2705.4140625,2704.62109375,2704.62109375,2704.62109375,2704.62109375
1067,0.0009722726544551333,0.0043275628337151595,0.0001,0.2124904915690422,2704.62109375,2705.4140625,2704.62109375,2704.62109375,2704.62109375,2704.62109375
1068,0.0009722697002138709,0.0008809460213798914,0.0001,0.1669486090540886,2704.62109375,2705.4140625,2704.62109375,2704.62109375,2704.62109375,2704.62109375
1069,0.0009722690923260464,0.007050356339532993,0.0001,0.1631924146786332,2704.62109375,2705.4140625,2704.62109375,2704.62109375,2704.62109375,2704.62109375
1070,0.0009722671366051606,0.00033311772167854414,0.0001,0.16485216096043587,2704.62109375,2705.4140625,2704.62109375,2704.62109375,2704.62109375,2704.62109375
1071,0.0009722619799550442,0.012267189382290655,0.0001,0.16249963361769915,2704.62109375,2705.4140625,2704.62109375,2704.62109375,2704.62109375,2704.62109375
1072,0.0009722499215006091,0.029905063848578717,0.0001,0.1623624013736844,2704.62109375,2705.4140625,2704.62109375,2704.62109375,2704.62109375,2704.62109375
1073,0.0009722227817320926,0.0528231467274316,0.0001,0.16168498899787664,2704.62109375,2705.4140625,2704.62109375,2704.62109375,2704.62109375,2704.62109375
1074,0.0009721647824897424,0.07771607002750114,0.0001,0.1612987695261836,2704.62109375,2705.4140625,2704.62109375,2704.62109375,2704.62109375,2704.62109375
1075,0.0009720651428968898,0.09145166316019149,0.0001,0.2069895016029477,2704.62109375,2705.4140625,2704.62109375,2704.62109375,2704.62109375,2704.62109375
1076,0.0009719643432063454,0.11069247947577798,0.0001,0.21124738827347755,2704.62109375,2705.4140625,2704.62109375,2704.62109375,2704.62109375,2704.62109375
1077,0.0009719348535014224,0.045641305791726317,0.0001,0.4329419620335102,2704.62109375,2705.4140625,2704.62109375,2704.62109375,2704.62109375,2704.62109375
1078,0.0009718773781486876,0.013977038552765109,0.0001,0.16211714129894972,2704.62109375,2705.4140625,2704.62109375,2704.62109375,2704.62109375,2704.62109375
1079,0.0009718261141842051,0.032319442541475896,0.0001,0.20665216073393822,2704.62109375,2705.4140625,2704.62109375,2704.62109375,2704.62109375,2704.62109375
1080,0.0009717866050394747,0.05308708230160719,0.0001,0.1634537959471345,2704.62109375,2705.4140625,2704.62109375,2704.62109375,2704.62109375,2704.62109375
1081,0.0009717054610883651,0.07693566546053865,0.0001,0.2082740869373083,2704.62109375,2705.4140625,2704.62109375,2704.62109375,2704.62109375,2704.62109375
1082,0.0009716455579307046,0.05687943758361591,0.0001,0.2095282906666398,2704.62109375,2705.4140625,2704.62109375,2704.62109375,2704.62109375,2704.62109375
1083,0.0009716222660617062,0.017082396139185496,0.0001,0.16211189236491919,2704.62109375,2705.4140625,2704.62109375,2704.62109375,2704.62109375,2704.62109375
1084,0.0009716173276743161,0.002740122871095707,0.0001,0.16316972486674786,2704.62109375,2705.4140625,2704.62109375,2704.62109375,2704.62109375,2704.62109375
1085,0.0009716126049863101,0.008382141647555352,0.0001,0.16455856058746576,2704.62109375,2705.4140625,2704.62109375,2704.62109375,2704.62109375,2704.62109375
1086,0.0009716040579668767,0.020380260383398463,0.0001,0.16312325466424227,2704.62109375,2705.4140625,2704.62109375,2704.62109375,2704.62109375,2704.62109375
1087,0.000971583880928342,0.03706501925555605,0.0001,0.16320087481290102,2704.62109375,2705.4140625,2704.62109375,2704.62109375,2704.62109375,2704.62109375
1088,0.0009715453123153639,0.05211003478071352,0.0001,0.1657121442258358,2704.62109375,2705.4140625,2704.62109375,2704.62109375,2704.62109375,2704.62109375
1089,0.0009714905584836428,0.05295718896405821,0.0001,0.20890110917389393,2704.62109375,2705.4140625,2704.62109375,2704.62109375,2704.62109375,2704.62109375
1090,0.0009714905247083975,0.05620309647770971,0.0001,0.6271964283660054,2704.62109375,2705.4140625,2704.62109375,2704.62109375,2704.62109375,2704.62109375
1091,0.0009714496571677242,0.03149504485167354,0.0001,0.2094259411096573,2704.62109375,2705.4140625,2704.62109375,2704.62109375,2704.62109375,2704.62109375
1092,0.000971436735878472,0.00683629979998901,0.0001,0.16306148562580347,2704.62109375,2705.4140625,2704.62109375,2704.62109375,2704.62109375,2704.62109375
1093,0.000971434857297003,0.0013025080617117268,0.0001,0.16240886133164167,2704.62109375,2705.4140625,2704.62109375,2704.62109375,2704.62109375,2704.62109375
1094,0.0009714344566284549,0.0027973384376664967,0.0001,0.1653189929202199,2704.62109375,2705.4140625,2704.62109375,2704.62109375,2704.62109375,2704.62109375
1095,0.0009714335503230497,0.0055635247042451486,0.0001,0.16523135360330343,2704.62109375,2705.4140625,2704.62109375,2704.62109375,2704.62109375,2704.62109375
1096,0.0009714315576768993,0.00833356700567034,0.0001,0.16288756392896175,2704.62109375,2705.4140625,2704.62109375,2704.62109375,2704.62109375,2704.62109375
1097,0.0009714263811950541,0.01072919481072887,0.0001,0.16382093727588654,2704.62109375,2705.4140625,2704.62109375,2704.62109375,2704.62109375,2704.62109375
1098,0.000971414179489489,0.012664602331466268,0.0001,0.16454075928777456,2704.62109375,2705.4140625,2704.62109375,2704.62109375,2704.62109375,2704.62109375
1099,0.0009714098321653632,0.014355887776383192,0.0001,0.4182650800794363,2704.62109375,2705.4140625,2704.62109375,2704.62109375,2704.62109375,2704.62109375
1100,0.0009713659628273127,0.023625093175809075,0.0001,0.2086562281474471,2704.62109375,2705.4140625,2704.62109375,2704.62109375,2704.62109375,2704.62109375
1101,0.0009713650668196491,0.009588952232792325,0.0001,0.41731464583426714,2704.62109375,2705.4140625,2704.62109375,2704.62109375,2704.62109375,2704.62109375
1102,0.0009712900586423787,0.0009118939166432583,0.0001,0.16424590907990932,2704.62109375,2705.4140625,2704.62109375,2704.62109375,2704.62109375,2704.62109375
1103,0.0009710518215493548,0.12149223866892056,0.0001,0.4169192146509886,2704.62109375,2705.4140625,2704.62109375,2704.62109375,2704.62109375,2704.62109375
1104,0.0009704863321646677,0.07893341174054935,0.0001,0.20860706828534603,2704.62109375,2705.4140625,2704.62109375,2704.62109375,2704.62109375,2704.62109375
1105,0.0009690966667811297,0.054707845199275296,0.0001,0.21024506445974112,2704.62109375,2705.4140625,2704.62109375,2704.62109375,2704.62109375,2704.62109375
1106,0.0009682830122237042,0.1645705185443438,0.0001,0.2102573635056615,2704.62109375,2705.4140625,2704.62109375,2704.62109375,2704.62109375,2704.62109375
1107,0.0009680682879449712,0.021983788042001073,0.0001,0.2081455970183015,2704.62109375,2705.4140625,2704.62109375,2704.62109375,2704.62109375,2704.62109375
1108,0.0009680634448496773,0.005410980093863094,0.0001,0.16399302799254656,2704.62109375,2705.4140625,2704.62109375,2704.62109375,2704.62109375,2704.62109375
1109,0.0009680630723331306,0.0014366145857964696,0.0001,0.16499059088528156,2704.62109375,2705.4140625,2704.62109375,2704.62109375,2704.62109375,2704.62109375
1110,0.0009680628438462686,0.0008510569969089055,0.0001,0.16462551150470972,2704.62109375,2705.4140625,2704.62109375,2704.62109375,2704.62109375,2704.62109375
1111,0.0009680623631212023,0.004272110587879685,0.0001,0.1630459539592266,2704.62109375,2705.4140625,2704.62109375,2704.62109375,2704.62109375,2704.62109375
1112,0.0009680612704269615,0.00886473096251117,0.0001,0.16326800547540188,2704.62109375,2705.4140625,2704.62109375,2704.62109375,2704.62109375,2704.62109375
1113,0.0009680583451179959,0.016002010388483368,0.0001,0.1628740942105651,2704.62109375,2705.4140625,2704.62109375,2704.62109375,2704.62109375,2704.62109375
1114,0.0009680512297909603,0.02617884505957635,0.0001,0.1638684067875147,2704.62109375,2705.4140625,2704.62109375,2704.62109375,2704.62109375,2704.62109375
1115,0.0009680351325812127,0.03815451857976382,0.0001,0.16267770435661077,2704.62109375,2705.4140625,2704.62109375,2704.62109375,2704.62109375,2704.62109375
1116,0.0009680063951686063,0.044031421237634816,0.0001,0.16366389580070972,2704.62109375,2705.4140625,2704.62109375,2704.62109375,2704.62109375,2704.62109375
1117,0.0009679739909005291,0.0373200106620688,0.0001,0.16194503102451563,2704.62109375,2705.4140625,2704.62109375,2704.62109375,2704.62109375,2704.62109375
1118,0.0009679717860356938,0.04763554803209846,0.0001,0.4205135181546211,2704.62109375,2705.4140625,2704.62109375,2704.62109375,2704.62109375,2704.62109375
1119,0.0009679594065899211,0.02067995457364158,0.0001,0.1627282127737999,2704.62109375,2705.4140625,2704.62109375,2704.62109375,2704.62109375,2704.62109375
1120,0.0009679486815113861,0.0016215969759352244,0.0001,0.16467192117124796,2704.62109375,2705.4140625,2704.62109375,2704.62109375,2704.62109375,2704.62109375
1121,0.0009679470522688636,0.00251837686508094,0.0001,0.16227597184479237,2704.62109375,2705.4140625,2704.62109375,2704.62109375,2704.62109375,2704.62109375
1122,0.0009679469717292818,0.0018293337190853354,0.0001,0.4170566853135824,2704.62109375,2705.4140625,2704.62109375,2704.62109375,2704.62109375,2704.62109375
1123,0.0009679462742789628,0.001688335729290058,0.0001,0.16271682363003492,2704.62109375,2705.4140625,2704.62109375,2704.62109375,2704.62109375,2704.62109375
1124,0.0009679338274244128,0.0030509226122636957,0.0001,0.16380788758397102,2704.62109375,2705.4140625,2704.62109375,2704.62109375,2704.62109375,2704.62109375
1125,0.0009677909634373744,0.012112891975730844,0.0001,0.20768764428794384,2704.62109375,2705.4140625,2704.62109375,2704.62109375,2704.62109375,2704.62109375
1126,0.0009675642398853334,0.03559056992330145,0.0001,0.20840804744511843,2704.62109375,2705.4140625,2704.62109375,2704.62109375,2704.62109375,2704.62109375
1127,0.0009669469774575611,0.07164891159156839,0.0001,0.2104315645992756,2704.62109375,2705.4140625,2704.62109375,2704.62109375,2704.62109375,2704.62109375
1128,0.000965184668868526,0.1372144563636053,0.0001,0.21101813670247793,2704.62109375,2705.4140625,2704.62109375,2704.62109375,2704.62109375,2704.62109375
1129,0.0009617807799385497,0.15882582643394572,0.0001,0.2098781829699874,2704.62109375,2705.4140625,2704.62109375,2704.62109375,2704.62109375,2704.62109375
1130,0.0009617482332061076,0.1925158654572694,0.0001,0.418552340939641,2704.62109375,2705.4140625,2704.62109375,2704.62109375,2704.62109375,2704.62109375
1131,0.0009569371387276028,0.46497667688652444,0.0001,0.20988973136991262,2704.62109375,2705.4140625,2704.62109375,2704.62109375,2704.62109375,2704.62109375
1132,0.0009540824821141579,0.42215835925764633,0.0001,0.2088240096345544,2704.62109375,2705.4140625,2704.62109375,2704.62109375,2704.62109375,2704.62109375
1133,0.0009537211710923566,0.23007573960223904,0.0001,0.4165350841358304,2704.62109375,2705.4140625,2704.62109375,2704.62109375,2704.62109375,2704.62109375
1134,0.0009529921257945269,0.028592199261613604,0.0001,0.20884724892675877,2704.62109375,2705.4140625,2704.62109375,2704.62109375,2704.62109375,2704.62109375
1135,0.0009528658721859707,0.0778089410467564,0.0001,0.20693150162696838,2704.62109375,2705.4140625,2704.62109375,2704.62109375,2704.62109375,2704.62109375
1136,0.0009528447927239075,0.00283098467359566,0.0001,0.16403697803616524,2704.62109375,2705.4140625,2704.62109375,2704.62109375,2704.62109375,2704.62109375
1137,0.000952843729761503,0.0007504802129156829,0.0001,0.16549479309469461,2704.62109375,2705.4140625,2704.62109375,2704.62109375,2704.62109375,2704.62109375
1138,0.0009528380559015062,0.0035255321790457206,0.0001,0.1635241573676467,2704.62109375,2705.4140625,2704.62109375,2704.62109375,2704.62109375,2704.62109375
1139,0.000952828507142159,0.00655048540984049,0.0001,0.1637446265667677,2704.62109375,2705.4140625,2704.62109375,2704.62109375,2704.62109375,2704.62109375
1140,0.000952823357119494,0.005689887145990835,0.0001,0.16333130467683077,2704.62109375,2705.4140625,2704.62109375,2704.62109375,2704.62109375,2704.62109375
1141,0.0009528231418438684,0.0060629367327523775,0.0001,0.421022180467844,2704.62109375,2705.4140625,2704.62109375,2704.62109375,2704.62109375,2704.62109375
1142,0.0009528219134093236,0.009501881309191829,0.0001,0.3249390348792076,2704.62109375,2705.4140625,2704.62109375,2704.62109375,2704.62109375,2704.62109375
1143,0.0009528196476053977,0.0049241580945809105,0.0001,0.16316129453480244,2704.62109375,2705.4140625,2704.62109375,2704.62109375,2704.62109375,2704.62109375
1144,0.000952817195087424,0.00471475223930895,0.0001,0.1627242425456643,2704.62109375,2705.4140625,2704.62109375,2704.62109375,2704.62109375,2704.62109375
1145,0.0009528154277326022,0.02405032920638661,0.0001,0.4162474675104022,2704.62109375,2705.4140625,2704.62109375,2704.62109375,2704.62109375,2704.62109375
1146,0.0009528088616957055,0.014937313038067779,0.0001,0.16452508885413408,2704.62109375,2705.4140625,2704.62109375,2704.62109375,2704.62109375,2704.62109375
1147,0.0009528035207467368,0.006113445260611083,0.0001,0.16147557646036148,2704.62109375,2705.4140625,2704.62109375,2704.62109375,2704.62109375,2704.62109375
1148,0.0009528026700723983,0.000901275835643256,0.0001,0.16330843418836594,2704.62109375,2705.4140625,2704.62109375,2704.62109375,2704.62109375,2704.62109375
1149,0.0009528026303862017,0.0004632049424346807,0.0001,0.16319557279348373,2704.62109375,2705.4140625,2704.62109375,2704.62109375,2704.62109375,2704.62109375
1150,0.0009528025880902757,0.00038112451811911363,0.0001,0.16243476048111916,2704.62109375,2705.4140625,2704.62109375,2704.62109375,2704.62109375,2704.62109375
1151,0.0009528000580825368,0.0022136116440374387,0.0001,0.32420366909354925,2704.62109375,2705.4140625,2704.62109375,2704.62109375,2704.62109375,2704.62109375
1152,0.0009527898612511572,0.004330149252141369,0.0001,0.16090169455856085,2704.62109375,2705.4140625,2704.62109375,2704.62109375,2704.62109375,2704.62109375
1153,0.0009527753513040807,0.012547290303716707,0.0001,0.2069541197270155,2704.62109375,2705.4140625,2704.62109375,2704.62109375,2704.62109375,2704.62109375
1154,0.0009527429988184789,0.009893945140299731,0.0001,0.16110472567379475,2704.62109375,2705.4140625,2704.62109375,2704.62109375,2704.62109375,2704.62109375
1155,0.0009526702434609531,0.005240977996289753,0.0001,0.16220456920564175,2704.62109375,2705.4140625,2704.62109375,2704.62109375,2704.62109375,2704.62109375
1156,0.0009526516761783109,0.06449022877201516,0.0001,0.41374565940350294,2704.62109375,2705.4140625,2704.62109375,2704.62109375,2704.62109375,2704.62109375
1157,0.0009525154296988447,0.025366562402653003,0.0001,0.20615982729941607,2704.62109375,2705.4140625,2704.62109375,2704.62109375,2704.62109375,2704.62109375
1158,0.0009523341039513813,0.023867499889741906,0.0001,0.20687473844736814,2704.62109375,2705.4140625,2704.62109375,2704.62109375,2704.62109375,2704.62109375
1159,0.0009521341713507147,0.06100677653260056,0.0001,0.20922581758350134,2704.62109375,2705.4140625,2704.62109375,2704.62109375,2704.62109375,2704.62109375
1160,0.0009519995819920742,0.0329204943733985,0.0001,0.21207898762077093,2704.62109375,2705.4140625,2704.62109375,2704.62109375,2704.62109375,2704.62109375
1161,0.0009519721417628315,0.054014585394617676,0.0001,0.20681077986955643,2704.62109375,2705.4140625,2704.62109375,2704.62109375,2704.62109375,2704.62109375
1162,0.0009519271687435041,0.08988023513666221,0.0001,0.2068078089505434,2704.62109375,2705.4140625,2704.62109375,2704.62109375,2704.62109375,2704.62109375
1163,0.0009518615072092665,0.03707024838652184,0.0001,0.20665516797453165,2704.62109375,2705.4140625,2704.62109375,2704.62109375,2704.62109375,2704.62109375
1164,0.0009518402748082095,0.005918889674914829,0.0001,0.1626401711255312,2704.62109375,2705.4140625,2704.62109375,2704.62109375,2704.62109375,2704.62109375
1165,0.0009518251839784132,0.010307260405208796,0.0001,0.16112132649868727,2704.62109375,2705.4140625,2704.62109375,2704.62109375,2704.62109375,2704.62109375
1166,0.0009518212972433618,0.005724583015433771,0.0001,0.16260745096951723,2704.62109375,2705.4140625,2704.62109375,2704.62109375,2704.62109375,2704.62109375
1167,0.0009518212202718663,0.0024918323331317715,0.0001,0.3226381428539753,2704.62109375,2705.4140625,2704.62109375,2704.62109375,2704.62109375,2704.62109375
1168,0.0009518208405711452,0.0006147430950603772,0.0001,0.1624220907688141,2704.62109375,2705.4140625,2704.62109375,2704.62109375,2704.62109375,2704.62109375
1169,0.0009518206786504925,0.0019263678071117507,0.0001,0.16177441831678152,2704.62109375,2705.4140625,2704.62109375,2704.62109375,2704.62109375,2704.62109375
1170,0.0009518198099876091,0.007624145262243309,0.0001,0.16169831808656454,2704.62109375,2705.4140625,2704.62109375,2704.62109375,2704.62109375,2704.62109375
1171,0.0009518186255842784,0.013043308853319058,0.0001,0.1611596653237939,2704.62109375,2705.4140625,2704.62109375,2704.62109375,2704.62109375,2704.62109375
1172,0.0009518158566185923,0.0210656074823935,0.0001,0.16047862358391285,2704.62109375,2705.4140625,2704.62109375,2704.62109375,2704.62109375,2704.62109375
1173,0.0009518105810823462,0.028155407625698126,0.0001,0.16108566615730524,2704.62109375,2705.4140625,2704.62109375,2704.62109375,2704.62109375,2704.62109375
1174,0.0009517996338212347,0.030463567506735734,0.0001,0.16140905674546957,2704.62109375,2705.4140625,2704.62109375,2704.62109375,2704.62109375,2704.62109375
1175,0.0009517969871354804,0.03273036358593906,0.0001,0.3691184688359499,2704.62109375,2705.4140625,2704.62109375,2704.62109375,2704.62109375,2704.62109375
1176,0.000951786040665105,0.013368274591106122,0.0001,0.41893656738102436,2704.62109375,2705.4140625,2704.62109375,2704.62109375,2704.62109375,2704.62109375
1177,0.0009517801403657816,0.003459397976041001,0.0001,0.16236094944179058,2704.62109375,2705.4140625,2704.62109375,2704.62109375,2704.62109375,2704.62109375
1178,0.0009517710424304822,0.028201612434021417,0.0001,0.16270853206515312,2704.62109375,2705.4140625,2704.62109375,2704.62109375,2704.62109375,2704.62109375
1179,0.0009517673948310444,0.02759891308968676,0.0001,0.1612941063940525,2704.62109375,2705.4140625,2704.62109375,2704.62109375,2704.62109375,2704.62109375
1180,0.0009517661973297564,0.041194520689493475,0.0001,0.41391011886298656,2704.62109375,2705.4140625,2704.62109375,2704.62109375,2704.62109375,2704.62109375
1181,0.0009517542521032045,0.036439471690481895,0.0001,0.16459753923118114,2704.62109375,2705.4140625,2704.62109375,2704.62109375,2704.62109375,2704.62109375
1182,0.0009517346843646496,0.022379636025559924,0.0001,0.16173072718083858,2704.62109375,2705.4140625,2704.62109375,2704.62109375,2704.62109375,2704.62109375
1183,0.0009517167969451618,0.0043740641467531205,0.0001,0.16162786725908518,2704.62109375,2705.4140625,2704.62109375,2704.62109375,2704.62109375,2704.62109375
1184,0.0009517047362940191,0.009454113638857842,0.0001,0.16166534833610058,2704.62109375,2705.4140625,2704.62109375,2704.62109375,2704.62109375,2704.62109375
1185,0.0009517002263555479,0.013957453786878848,0.0001,0.1619887286797166,2704.62109375,2705.4140625,2704.62109375,2704.62109375,2704.62109375,2704.62109375
1186,0.0009516953167237014,0.01682935909830441,0.0001,0.161471176892519,2704.62109375,2705.4140625,2704.62109375,2704.62109375,2704.62109375,2704.62109375
1187,0.0009516923223625507,0.005357578796856166,0.0001,0.3236923171207309,2704.62109375,2705.4140625,2704.62109375,2704.62109375,2704.62109375,2704.62109375
1188,0.0009516893018255808,0.006127672275264673,0.0001,0.16194140911102295,2704.62109375,2705.4140625,2704.62109375,2704.62109375,2704.62109375,2704.62109375
1189,0.000951682643112134,0.017025705553867065,0.0001,0.4146338114514947,2704.62109375,2705.4140625,2704.62109375,2704.62109375,2704.62109375,2704.62109375
1190,0.0009516800643106255,0.007649340612152944,0.0001,0.1614984879270196,2704.62109375,2705.4140625,2704.62109375,2704.62109375,2704.62109375,2704.62109375
1191,0.0009516785409238007,0.000931337007660793,0.0001,0.1618437673896551,2704.62109375,2705.4140625,2704.62109375,2704.62109375,2704.62109375,2704.62109375
1192,0.000951678457665335,0.007205610240522908,0.0001,0.1618379782885313,2704.62109375,2705.4140625,2704.62109375,2704.62109375,2704.62109375,2704.62109375
1193,0.0009516781833526463,0.0018085510944387817,0.0001,0.16141877695918083,2704.62109375,2705.4140625,2704.62109375,2704.62109375,2704.62109375,2704.62109375
1194,0.0009516781458974963,0.00014258624096122655,0.0001,0.16220351960510015,2704.62109375,2705.4140625,2704.62109375,2704.62109375,2704.62109375,2704.62109375
1195,0.0009516781323573005,0.00034861662579765973,0.0001,0.161444247700274,2704.62109375,2705.4140625,2704.62109375,2704.62109375,2704.62109375,2704.62109375
1196,0.0009516781139834012,0.0005491225523653886,0.0001,0.16048476286232471,2704.62109375,2705.4140625,2704.62109375,2704.62109375,2704.62109375,2704.62109375
1197,0.0009516780337577594,0.0011260606702312437,0.0001,0.16287703160196543,2704.62109375,2705.4140625,2704.62109375,2704.62109375,2704.62109375,2704.62109375
1198,0.000951677789972336,0.002585870508365451,0.0001,0.16108100581914186,2704.62109375,2705.4140625,2704.62109375,2704.62109375,2704.62109375,2704.62109375
1199,0.0009516774889782696,0.004446024184604935,0.0001,0.1611226163804531,2704.62109375,2705.4140625,2704.62109375,2704.62109375,2704.62109375,2704.62109375
1200,0.0009516770962748082,0.007988402595992206,0.0001,0.3223252622410655,2704.62109375,2705.4140625,2704.62109375,2704.62109375,2704.62109375,2704.62109375
