iteration,model_cost,projected_grad_inf_norm,epsilon,iter_time_sec,rss_mb,peak_rss_mb,cost_rss_before_mb,cost_rss_after_mb,grad_rss_before_mb,grad_rss_after_mb
1,0.9989738438762956,1.0,0.0001,nan,2704.77734375,2705.4140625,2704.77734375,2704.77734375,2704.77734375,2704.77734375
2,0.26095582482061175,1.0,0.0001,20.994294469244778,2704.77734375,2705.4140625,2704.77734375,2704.77734375,2704.77734375,2704.77734375
3,0.24904916858655504,1.0,0.0001,20.96756737679243,2704.77734375,2705.4140625,2704.77734375,2704.77734375,2704.77734375,2704.77734375
4,0.24861778671444354,0.04535198289619369,0.0001,6.47022804711014,2704.77734375,2705.4140625,2704.77734375,2704.77734375,2704.77734375,2704.77734375
5,0.24861762347022737,0.023480549471830203,0.0001,3.2154613714665174,2704.77734375,2705.4140625,2704.77734375,2704.77734375,2704.77734375,2704.77734375
6,0.24803211700080838,0.769568118801996,0.0001,9.66416710242629,2704.77734375,2705.4140625,2704.77734375,2704.77734375,2704.77734375,2704.77734375
7,0.21721328000891094,3.599999999999996,0.0001,4.11467139609158,2704.77734375,2705.4140625,2704.77734375,2704.77734375,2704.77734375,2704.77734375
8,0.21148966257891835,4.599999999999995,0.0001,4.121371989138424,2704.77734375,2705.4140625,2704.77734375,2704.77734375,2704.77734375,2704.77734375
9,0.21024521137678243,4.7999999999999945,0.0001,2.058957803994417,2704.77734375,2705.4140625,2704.77734375,2704.77734375,2704.77734375,2704.77734375
10,0.20687133667936974,4.999738528892544,0.0001,2.064415233209729,2704.77734375,2705.4140625,2704.77734375,2704.77734375,2704.77734375,2704.77734375
11,0.1978128043166095,4.821720962399807,0.0001,2.065863977186382,2704.77734375,2705.4140625,2704.77734375,2704.77734375,2704.77734375,2704.77734375
12,0.18011784920103796,4.599999999999995,0.0001,2.0624992856755853,2704.77734375,2705.4140625,2704.77734375,2704.77734375,2704.77734375,2704.77734375
13,0.1376903984154463,2.7999999999999967,0.0001,2.0571528477594256,2704.77734375,2705.4140625,2704.77734375,2704.77734375,2704.77734375,2704.77734375
14,0.10631570776600932,1.9999999999999978,0.0001,2.1039926195517182,2704.77734375,2705.4140625,2704.77734375,2704.77734375,2704.77734375,2704.77734375
15,0.07544565460491809,1.5999999999999979,0.0001,2.102815075777471,2704.77734375,2705.4140625,2704.77734375,2704.77734375,2704.77734375,2704.77734375
16,0.07103990463328123,0.19999999999999885,0.0001,6.296177583746612,2704.77734375,2705.4140625,2704.77734375,2704.77734375,2704.77734375,2704.77734375
17,0.058051533000588976,0.5999999999999985,0.0001,2.1413789903745055,2704.77734375,2705.4140625,2704.77734375,2704.77734375,2704.77734375,2704.77734375
18,0.05770510357328409,0.19999999999999885,0.0001,4.101149338297546,2704.77734375,2705.4140625,2704.77734375,2704.77734375,2704.77734375,2704.77734375
19,0.05742061349659926,0.20000000000000073,0.0001,2.056710406206548,2704.77734375,2705.4140625,2704.77734375,2704.77734375,2704.77734375,2704.77734375
20,0.057195716918300527,0.125948972067622,0.0001,6.1531309094280005,2704.77734375,2705.4140625,2704.77734375,2704.77734375,2704.77734375,2704.77734375
21,0.05715305926038638,0.12933045933704634,0.0001,6.1552054258063436,2704.77734375,2705.4140625,2704.77734375,2704.77734375,2704.77734375,2704.77734375
22,0.05712940013376774,0.19408368577718282,0.0001,4.103178355842829,2704.77734375,2705.4140625,2704.77734375,2704.77734375,2704.77734375,2704.77734375
23,0.05712503347368651,0.29666910148246495,0.0001,6.155877438373864,2704.77734375,2705.4140625,2704.77734375,2704.77734375,2704.77734375,2704.77734375
24,0.057066270990635375,0.01695866530189516,0.0001,2.0514703979715705,2704.77734375,2705.4140625,2704.77734375,2704.77734375,2704.77734375,2704.77734375
25,0.056873083840748906,0.026043474709368186,0.0001,2.0474063642323017,2704.77734375,2705.4140625,2704.77734375,2704.77734375,2704.77734375,2704.77734375
26,0.05516235832215136,0.00454588387567815,0.0001,4.102543353103101,2704.77734375,2705.4140625,2704.77734375,2704.77734375,2704.77734375,2704.77734375
27,0.05423164131190432,0.004055522642612945,0.0001,4.094157244078815,2704.77734375,2705.4140625,2704.77734375,2704.77734375,2704.77734375,2704.77734375
28,0.05359015945872669,0.003571814927743552,0.0001,6.7724875854328275,2704.77734375,2705.4140625,2704.77734375,2704.77734375,2704.77734375,2704.77734375
29,0.05303839078010147,0.3999999999999988,0.0001,4.1181217869743705,2704.77734375,2705.4140625,2704.77734375,2704.77734375,2704.77734375,2704.77734375
30,0.05295128209122283,0.22371872925912806,0.0001,6.232733295299113,2704.77734375,2705.4140625,2704.77734375,2704.77734375,2704.77734375,2704.77734375
31,0.05293603958486709,0.057932981558462604,0.0001,6.142161700874567,2704.77734375,2705.4140625,2704.77734375,2704.77734375,2704.77734375,2704.77734375
32,0.05292757892832324,0.007308481318405794,0.0001,4.091114893555641,2704.77734375,2705.4140625,2704.77734375,2704.77734375,2704.77734375,2704.77734375
33,0.05275267083295951,0.19999999999999885,0.0001,2.0505215348675847,2704.77734375,2705.4140625,2704.77734375,2704.77734375,2704.77734375,2704.77734375
34,0.05219104795165176,0.19999999999999885,0.0001,4.0991114024072886,2704.77734375,2705.4140625,2704.77734375,2704.77734375,2704.77734375,2704.77734375
35,0.052170974839671695,0.0039046543296358815,0.0001,11.163552068173885,2704.77734375,2705.4140625,2704.77734375,2704.77734375,2704.77734375,2704.77734375
36,0.05178746952404174,0.0037982888863473726,0.0001,4.100430736318231,2704.77734375,2705.4140625,2704.77734375,2704.77734375,2704.77734375,2704.77734375
37,0.05177606448550391,0.0037966703017207194,0.0001,45.50808070227504,2704.77734375,2705.4140625,2704.77734375,2704.77734375,2704.77734375,2704.77734375
38,0.051759664639977575,0.0037717897661702932,0.0001,18.192054269835353,2704.77734375,2705.4140625,2704.77734375,2704.77734375,2704.77734375,2704.77734375
39,0.05166579621846284,0.07851431954396282,0.0001,14.270234472118318,2704.77734375,2705.4140625,2704.77734375,2704.77734375,2704.77734375,2704.77734375
40,0.05162921472257973,0.18417193184499236,0.0001,7.024683129042387,2704.77734375,2705.4140625,2704.77734375,2704.77734375,2704.77734375,2704.77734375
41,0.0514471584657953,0.006028130749181626,0.0001,4.089529279619455,2704.77734375,2705.4140625,2704.77734375,2704.77734375,2704.77734375,2704.77734375
42,0.05134461005080211,0.18808536606624582,0.0001,4.361905321478844,2704.77734375,2705.4140625,2704.77734375,2704.77734375,2704.77734375,2704.77734375
43,0.05133898047051088,0.344116363375808,0.0001,4.090453661978245,2704.77734375,2705.4140625,2704.77734375,2704.77734375,2704.77734375,2704.77734375
44,0.05127914971123722,0.013067364008557014,0.0001,2.0464781308546662,2704.77734375,2705.4140625,2704.77734375,2704.77734375,2704.77734375,2704.77734375
45,0.051237583305472546,0.19999900800364157,0.0001,2.04437758307904,2704.77734375,2705.4140625,2704.77734375,2704.77734375,2704.77734375,2704.77734375
46,0.05122405503358584,0.05247323738609044,0.0001,2.051968718878925,2704.77734375,2705.4140625,2704.77734375,2704.77734375,2704.77734375,2704.77734375
47,0.05119674647395426,0.15632784261649957,0.0001,2.0485159484669566,2704.77734375,2705.4140625,2704.77734375,2704.77734375,2704.77734375,2704.77734375
48,0.051183572086672645,0.1620954338611975,0.0001,8.18885222170502,2704.77734375,2705.4140625,2704.77734375,2704.77734375,2704.77734375,2704.77734375
49,0.05118145303982056,0.2270660849451187,0.0001,6.13429038412869,2704.77734375,2705.4140625,2704.77734375,2704.77734375,2704.77734375,2704.77734375
50,0.05116285855540624,0.16393159828766857,0.0001,2.0551951499655843,2704.77734375,2705.4140625,2704.77734375,2704.77734375,2704.77734375,2704.77734375
51,0.051135987734662186,0.04842451947884696,0.0001,2.0509736761450768,2704.77734375,2705.4140625,2704.77734375,2704.77734375,2704.77734375,2704.77734375
52,0.051131342182417404,0.09251292962393565,0.0001,2.0456459978595376,2704.77734375,2705.4140625,2704.77734375,2704.77734375,2704.77734375,2704.77734375
53,0.05112747024073954,0.0823435405412749,0.0001,11.884793897159398,2704.77734375,2705.4140625,2704.77734375,2704.77734375,2704.77734375,2704.77734375
54,0.05112443283108924,0.022975745094445887,0.0001,4.099432873539627,2704.77734375,2705.4140625,2704.77734375,2704.77734375,2704.77734375,2704.77734375
55,0.05111174164626626,0.01863003779919903,0.0001,10.041803371161222,2704.77734375,2705.4140625,2704.77734375,2704.77734375,2704.77734375,2704.77734375
56,0.051008653791949465,0.02139341042146725,0.0001,4.1006407383829355,2704.77734375,2705.4140625,2704.77734375,2704.77734375,2704.77734375,2704.77734375
57,0.05099489029789678,0.011424524842604922,0.0001,14.31019446067512,2704.77734375,2705.4140625,2704.77734375,2704.77734375,2704.77734375,2704.77734375
58,0.050994153432014244,0.06136900100704423,0.0001,5.696057945489883,2704.77734375,2705.4140625,2704.77734375,2704.77734375,2704.77734375,2704.77734375
59,0.05098452783722493,0.08354167274534963,0.0001,2.0492885392159224,2704.77734375,2705.4140625,2704.77734375,2704.77734375,2704.77734375,2704.77734375
60,0.05098227087318166,0.043075599384753915,0.0001,4.0964548932388425,2704.77734375,2705.4140625,2704.77734375,2704.77734375,2704.77734375,2704.77734375
61,0.05098188023895101,0.03906440155488333,0.0001,4.106622228398919,2704.77734375,2705.4140625,2704.77734375,2704.77734375,2704.77734375,2704.77734375
62,0.050981632199060746,0.04175082156891996,0.0001,4.103269767016172,2704.77734375,2705.4140625,2704.77734375,2704.77734375,2704.77734375,2704.77734375
63,0.050981572375359024,0.0011736569112852369,0.0001,4.097360556013882,2704.77734375,2705.4140625,2704.77734375,2704.77734375,2704.77734375,2704.77734375
64,0.05098112072058659,0.0024736001123639717,0.0001,1.685664509423077,2704.77734375,2705.4140625,2704.77734375,2704.77734375,2704.77734375,2704.77734375
65,0.05098109824994668,0.007939181715653776,0.0001,4.106070007197559,2704.77734375,2705.4140625,2704.77734375,2704.77734375,2704.77734375,2704.77734375
66,0.050980724606229655,0.028884713040481125,0.0001,3.2027436159551144,2704.77734375,2705.4140625,2704.77734375,2704.77734375,2704.77734375,2704.77734375
67,0.050978812665781914,0.0749402563203374,0.0001,2.001701665110886,2704.77734375,2705.4140625,2704.77734375,2704.77734375,2704.77734375,2704.77734375
68,0.050973201187279056,0.11946908132403555,0.0001,2.043587670661509,2704.77734375,2705.4140625,2704.77734375,2704.77734375,2704.77734375,2704.77734375
69,0.050968820313492605,0.009994371083299702,0.0001,2.0474775740876794,2704.77734375,2705.4140625,2704.77734375,2704.77734375,2704.77734375,2704.77734375
70,0.0509681394177919,0.006941681165023361,0.0001,1.849384036846459,2704.77734375,2705.4140625,2704.77734375,2704.77734375,2704.77734375,2704.77734375
71,0.05096810523087118,0.0016705773602290197,0.0001,4.095796401612461,2704.77734375,2705.4140625,2704.77734375,2704.77734375,2704.77734375,2704.77734375
72,0.05096785599682825,0.007889823686869413,0.0001,1.8203173466026783,2704.77734375,2705.4140625,2704.77734375,2704.77734375,2704.77734375,2704.77734375
73,0.050967091682155866,0.020343198806516583,0.0001,2.0074780248105526,2704.77734375,2705.4140625,2704.77734375,2704.77734375,2704.77734375,2704.77734375
74,0.05096698648269346,0.016213377332279455,0.0001,3.9139137556776404,2704.77734375,2705.4140625,2704.77734375,2704.77734375,2704.77734375,2704.77734375
75,0.050966946420912915,0.03151067451282841,0.0001,2.04336607363075,2704.77734375,2705.4140625,2704.77734375,2704.77734375,2704.77734375,2704.77734375
76,0.05096686662607131,0.0009108154081765019,0.0001,3.911263653077185,2704.77734375,2705.4140625,2704.77734375,2704.77734375,2704.77734375,2704.77734375
77,0.0509667551365794,0.01465445719619729,0.0001,1.5995666608214378,2704.77734375,2705.4140625,2704.77734375,2704.77734375,2704.77734375,2704.77734375
78,0.050966642045244134,0.008957811102904722,0.0001,1.606452195905149,2704.77734375,2705.4140625,2704.77734375,2704.77734375,2704.77734375,2704.77734375
79,0.05096622590599337,0.014946011927472136,0.0001,1.6476425901055336,2704.77734375,2705.4140625,2704.77734375,2704.77734375,2704.77734375,2704.77734375
80,0.05096596325662454,0.02149519226924912,0.0001,1.6462226156145334,2704.77734375,2705.4140625,2704.77734375,2704.77734375,2704.77734375,2704.77734375
81,0.050965358669329955,0.03511662575397423,0.0001,1.868495591916144,2704.77734375,2705.4140625,2704.77734375,2704.77734375,2704.77734375,2704.77734375
82,0.050963790846869875,0.042833550450087854,0.0001,1.7248050794005394,2704.77734375,2705.4140625,2704.77734375,2704.77734375,2704.77734375,2704.77734375
83,0.05096306315506804,0.10268036597361885,0.0001,2.0523563344031572,2704.77734375,2705.4140625,2704.77734375,2704.77734375,2704.77734375,2704.77734375
84,0.0509525909789982,0.1380304017022742,0.0001,2.05646247882396,2704.77734375,2705.4140625,2704.77734375,2704.77734375,2704.77734375,2704.77734375
85,0.05093090661048237,0.09708925345288821,0.0001,2.0486296117305756,2704.77734375,2705.4140625,2704.77734375,2704.77734375,2704.77734375,2704.77734375
86,0.050803004548487914,0.0035539902978707913,0.0001,2.047635958530009,2704.77734375,2705.4140625,2704.77734375,2704.77734375,2704.77734375,2704.77734375
87,0.05076695186774611,0.003521971275839527,0.0001,2.0507774287834764,2704.77734375,2705.4140625,2704.77734375,2704.77734375,2704.77734375,2704.77734375
88,0.050766408445910106,0.003506271720721961,0.0001,6.651675513014197,2704.77734375,2705.4140625,2704.77734375,2704.77734375,2704.77734375,2704.77734375
89,0.05075065800533399,0.16817748279906186,0.0001,11.123577856458724,2704.77734375,2705.4140625,2704.77734375,2704.77734375,2704.77734375,2704.77734375
90,0.050728832668914446,0.0035742036706411903,0.0001,2.0526334643363953,2704.77734375,2705.4140625,2704.77734375,2704.77734375,2704.77734375,2704.77734375
91,0.0507210384975328,0.003595739502705594,0.0001,4.09532071556896,2704.77734375,2705.4140625,2704.77734375,2704.77734375,2704.77734375,2704.77734375
92,0.05071242880340524,0.0035871218186569707,0.0001,13.588093510828912,2704.77734375,2705.4140625,2704.77734375,2704.77734375,2704.77734375,2704.77734375
93,0.05071048475412756,0.01179963070428669,0.0001,9.136092278175056,2704.77734375,2705.4140625,2704.77734375,2704.77734375,2704.77734375,2704.77734375
94,0.05070198341905131,0.07795190248165818,0.0001,4.09531769528985,2704.77734375,2705.4140625,2704.77734375,2704.77734375,2704.77734375,2704.77734375
95,0.050691425614430255,0.05070483155258876,0.0001,12.306174260564148,2704.77734375,2705.4140625,2704.77734375,2704.77734375,2704.77734375,2704.77734375
96,0.05068035541054434,0.07654701831776956,0.0001,16.388293471187353,2704.77734375,2705.4140625,2704.77734375,2704.77734375,2704.77734375,2704.77734375
97,0.05067505245663439,0.01810853755362296,0.0001,8.178981761448085,2704.77734375,2705.4140625,2704.77734375,2704.77734375,2704.77734375,2704.77734375
98,0.0506672771335946,0.04543256225338266,0.0001,4.089857016690075,2704.77734375,2705.4140625,2704.77734375,2704.77734375,2704.77734375,2704.77734375
99,0.0506654500002827,0.14774152333401824,0.0001,5.693991565145552,2704.77734375,2705.4140625,2704.77734375,2704.77734375,2704.77734375,2704.77734375
100,0.050658050955620065,0.04365635441621063,0.0001,2.0487539833411574,2704.77734375,2705.4140625,2704.77734375,2704.77734375,2704.77734375,2704.77734375
101,0.05065095530215484,0.11933268895714266,0.0001,2.0553776752203703,2704.77734375,2705.4140625,2704.77734375,2704.77734375,2704.77734375,2704.77734375
102,0.050633754999215075,0.13247190132095443,0.0001,2.05669850949198,2704.77734375,2705.4140625,2704.77734375,2704.77734375,2704.77734375,2704.77734375
103,0.05060862267150668,0.199998258838592,0.0001,4.093358509242535,2704.77734375,2705.4140625,2704.77734375,2704.77734375,2704.77734375,2704.77734375
104,0.050598292720352746,0.17982442249140795,0.0001,12.288589399307966,2704.77734375,2705.4140625,2704.77734375,2704.77734375,2704.77734375,2704.77734375
105,0.05059764709063157,0.13441154432390134,0.0001,5.6999303456395864,2704.77734375,2705.4140625,2704.77734375,2704.77734375,2704.77734375,2704.77734375
106,0.0505861618282427,0.07090981179185174,0.0001,2.04587659239769,2704.77734375,2705.4140625,2704.77734375,2704.77734375,2704.77734375,2704.77734375
107,0.05057814735908562,0.058395125212647336,0.0001,2.045963161624968,2704.77734375,2705.4140625,2704.77734375,2704.77734375,2704.77734375,2704.77734375
108,0.050574717297151836,0.02012962301129706,0.0001,4.09263123665005,2704.77734375,2705.4140625,2704.77734375,2704.77734375,2704.77734375,2704.77734375
109,0.05057322869282689,0.011152894405188074,0.0001,4.0946091543883085,2704.77734375,2705.4140625,2704.77734375,2704.77734375,2704.77734375,2704.77734375
110,0.05057157895932961,0.0017525993490844897,0.0001,1.9187869876623154,2704.77734375,2705.4140625,2704.77734375,2704.77734375,2704.77734375,2704.77734375
111,0.05057117616447709,0.06550998522142926,0.0001,4.0992593402042985,2704.77734375,2705.4140625,2704.77734375,2704.77734375,2704.77734375,2704.77734375
112,0.050568687100861494,0.028895974972239058,0.0001,2.0475484682247043,2704.77734375,2705.4140625,2704.77734375,2704.77734375,2704.77734375,2704.77734375
113,0.05055849175606327,0.1920157069169397,0.0001,2.0450593093410134,2704.77734375,2705.4140625,2704.77734375,2704.77734375,2704.77734375,2704.77734375
114,0.05055597489290824,0.0293692725829664,0.0001,1.8245494179427624,2704.77734375,2705.4140625,2704.77734375,2704.77734375,2704.77734375,2704.77734375
115,0.050555093187370906,0.00398164852408367,0.0001,2.0433967635035515,2704.77734375,2705.4140625,2704.77734375,2704.77734375,2704.77734375,2704.77734375
116,0.050554785963250304,0.005567614842848956,0.0001,2.0531976874917746,2704.77734375,2705.4140625,2704.77734375,2704.77734375,2704.77734375,2704.77734375
117,0.050554440246348184,0.02481094405305173,0.0001,1.6027747923508286,2704.77734375,2705.4140625,2704.77734375,2704.77734375,2704.77734375,2704.77734375
118,0.05055302796963268,0.04597546730217772,0.0001,1.9178582448512316,2704.77734375,2705.4140625,2704.77734375,2704.77734375,2704.77734375,2704.77734375
119,0.0505460937038815,0.14787694792367168,0.0001,2.048314180225134,2704.77734375,2705.4140625,2704.77734375,2704.77734375,2704.77734375,2704.77734375
120,0.05053978287559632,0.14611481665498394,0.0001,2.0500088976696134,2704.77734375,2705.4140625,2704.77734375,2704.77734375,2704.77734375,2704.77734375
121,0.05053622163990643,0.09190065811460091,0.0001,4.098900738172233,2704.77734375,2705.4140625,2704.77734375,2704.77734375,2704.77734375,2704.77734375
122,0.05048662515605953,0.0032598401290827614,0.0001,2.0493747740983963,2704.77734375,2705.4140625,2704.77734375,2704.77734375,2704.77734375,2704.77734375
123,0.050485810010566574,0.08601252950398952,0.0001,4.091518313623965,2704.77734375,2705.4140625,2704.77734375,2704.77734375,2704.77734375,2704.77734375
124,0.05047550439744,0.052096278228652704,0.0001,2.050063146278262,2704.77734375,2705.4140625,2704.77734375,2704.77734375,2704.77734375,2704.77734375
125,0.05045686800028834,0.18282145494865243,0.0001,2.049931106157601,2704.77734375,2705.4140625,2704.77734375,2704.77734375,2704.77734375,2704.77734375
126,0.05045533211540019,0.15750217917500298,0.0001,4.098084106110036,2704.77734375,2705.4140625,2704.77734375,2704.77734375,2704.77734375,2704.77734375
127,0.05045330254465214,0.1376089310939661,0.0001,4.102652861736715,2704.77734375,2705.4140625,2704.77734375,2704.77734375,2704.77734375,2704.77734375
128,0.050451251799563196,0.11652317598205164,0.0001,8.195823802612722,2704.77734375,2705.4140625,2704.77734375,2704.77734375,2704.77734375,2704.77734375
129,0.050450511895569025,0.12290435461769866,0.0001,4.094914964400232,2704.77734375,2705.4140625,2704.77734375,2704.77734375,2704.77734375,2704.77734375
130,0.05044725483936133,0.004707501783356216,0.0001,4.101804919540882,2704.77734375,2705.4140625,2704.77734375,2704.77734375,2704.77734375,2704.77734375
131,0.050446498741211765,0.022271327023239085,0.0001,1.7805350236594677,2704.77734375,2705.4140625,2704.77734375,2704.77734375,2704.77734375,2704.77734375
132,0.050446343427421665,0.013678157564891325,0.0001,1.9578584637492895,2704.77734375,2705.4140625,2704.77734375,2704.77734375,2704.77734375,2704.77734375
133,0.050446243317844176,0.011599737594615966,0.0001,1.6043296698480844,2704.77734375,2705.4140625,2704.77734375,2704.77734375,2704.77734375,2704.77734375
134,0.050446204167264225,0.00773070371946849,0.0001,3.745638543739915,2704.77734375,2705.4140625,2704.77734375,2704.77734375,2704.77734375,2704.77734375
135,0.05044609825658918,0.005207239176403311,0.0001,1.5995243517681956,2704.77734375,2705.4140625,2704.77734375,2704.77734375,2704.77734375,2704.77734375
136,0.050445301591729004,0.008185755526006533,0.0001,1.7764528403058648,2704.77734375,2705.4140625,2704.77734375,2704.77734375,2704.77734375,2704.77734375
137,0.05044480328587084,0.009523488315000606,0.0001,4.092787576839328,2704.77734375,2705.4140625,2704.77734375,2704.77734375,2704.77734375,2704.77734375
138,0.05044209738593014,0.04235157767689346,0.0001,4.100240943953395,2704.77734375,2705.4140625,2704.77734375,2704.77734375,2704.77734375,2704.77734375
139,0.050438182197195085,0.01929418278762718,0.0001,2.0490082129836082,2704.77734375,2705.4140625,2704.77734375,2704.77734375,2704.77734375,2704.77734375
140,0.050419631906021306,0.19379671952571598,0.0001,2.0489246426150203,2704.77734375,2705.4140625,2704.77734375,2704.77734375,2704.77734375,2704.77734375
141,0.050412277944348695,0.19513936474693971,0.0001,2.046468334272504,2704.77734375,2705.4140625,2704.77734375,2704.77734375,2704.77734375,2704.77734375
142,0.05040705966893633,0.0033038361008797426,0.0001,2.051360080949962,2704.77734375,2705.4140625,2704.77734375,2704.77734375,2704.77734375,2704.77734375
143,0.05039823193941055,0.05689562367156498,0.0001,2.0476022381335497,2704.77734375,2705.4140625,2704.77734375,2704.77734375,2704.77734375,2704.77734375
144,0.05039643603119866,0.08895188661763487,0.0001,2.0474106166511774,2704.77734375,2705.4140625,2704.77734375,2704.77734375,2704.77734375,2704.77734375
145,0.05039632177929377,0.04541253509935228,0.0001,2.050543029792607,2704.77734375,2705.4140625,2704.77734375,2704.77734375,2704.77734375,2704.77734375
146,0.05039320354798484,0.026700044920590082,0.0001,2.0501215355470777,2704.77734375,2705.4140625,2704.77734375,2704.77734375,2704.77734375,2704.77734375
147,0.05039031697904464,0.004350443877223942,0.0001,2.050475467927754,2704.77734375,2705.4140625,2704.77734375,2704.77734375,2704.77734375,2704.77734375
148,0.05038687260208463,0.025208091486677464,0.0001,2.05390646122396,2704.77734375,2705.4140625,2704.77734375,2704.77734375,2704.77734375,2704.77734375
149,0.050382345553610465,0.026662960010432335,0.0001,2.0493418341502547,2704.77734375,2705.4140625,2704.77734375,2704.77734375,2704.77734375,2704.77734375
150,0.05037989970808676,0.03648749101262583,0.0001,4.097112191841006,2704.77734375,2705.4140625,2704.77734375,2704.77734375,2704.77734375,2704.77734375
151,0.0503785053718568,0.01707946389410908,0.0001,4.103245294652879,2704.77734375,2705.4140625,2704.77734375,2704.77734375,2704.77734375,2704.77734375
152,0.05037641807985464,0.020388573890685824,0.0001,12.300694270990789,2704.77734375,2705.4140625,2704.77734375,2704.77734375,2704.77734375,2704.77734375
153,0.05037545646460857,0.014617044086138176,0.0001,4.098948788829148,2704.77734375,2705.4140625,2704.77734375,2704.77734375,2704.77734375,2704.77734375
154,0.0503741681645433,0.004650820275616474,0.0001,8.200893399305642,2704.77734375,2705.4140625,2704.77734375,2704.77734375,2704.77734375,2704.77734375
155,0.050370703546601225,0.018693751093827315,0.0001,4.100827424786985,2704.77734375,2705.4140625,2704.77734375,2704.77734375,2704.77734375,2704.77734375
156,0.05037063715509588,0.11179088996838193,0.0001,4.111338282935321,2704.77734375,2705.4140625,2704.77734375,2704.77734375,2704.77734375,2704.77734375
157,0.050370119789253494,0.08083640177289442,0.0001,4.1005638455972075,2704.77734375,2705.4140625,2704.77734375,2704.77734375,2704.77734375,2704.77734375
158,0.050369898132335784,0.008468164454482396,0.0001,3.7913189623504877,2704.77734375,2705.4140625,2704.77734375,2704.77734375,2704.77734375,2704.77734375
159,0.05036970300081393,0.035118021633197216,0.0001,2.0538166100159287,2704.77734375,2705.4140625,2704.77734375,2704.77734375,2704.77734375,2704.77734375
160,0.05036954319128365,0.012230244717236993,0.0001,1.6426155231893063,2704.77734375,2705.4140625,2704.77734375,2704.77734375,2704.77734375,2704.77734375
161,0.050369437578447356,0.0007326314392159805,0.0001,1.6046217391267419,2704.77734375,2705.4140625,2704.77734375,2704.77734375,2704.77734375,2704.77734375
162,0.05036919561005481,0.01785622113378338,0.0001,1.6017127390950918,2704.77734375,2705.4140625,2704.77734375,2704.77734375,2704.77734375,2704.77734375
163,0.05036874837676057,0.04050723508891618,0.0001,1.739138189703226,2704.77734375,2705.4140625,2704.77734375,2704.77734375,2704.77734375,2704.77734375
164,0.05036818347454045,0.047301814214877336,0.0001,2.0551919555291533,2704.77734375,2705.4140625,2704.77734375,2704.77734375,2704.77734375,2704.77734375
165,0.05036782280952369,0.043329567989869755,0.0001,2.054500801488757,2704.77734375,2705.4140625,2704.77734375,2704.77734375,2704.77734375,2704.77734375
166,0.05036776511430231,0.046617363899869924,0.0001,4.094537664204836,2704.77734375,2705.4140625,2704.77734375,2704.77734375,2704.77734375,2704.77734375
167,0.05036769302117326,0.02820890591380909,0.0001,4.108079651370645,2704.77734375,2705.4140625,2704.77734375,2704.77734375,2704.77734375,2704.77734375
168,0.0503675612765677,0.007479014904541614,0.0001,1.6066520353779197,2704.77734375,2705.4140625,2704.77734375,2704.77734375,2704.77734375,2704.77734375
169,0.05036753952251006,0.004738974904636373,0.0001,1.5989476405084133,2704.77734375,2705.4140625,2704.77734375,2704.77734375,2704.77734375,2704.77734375
170,0.05036753527735219,0.0046869171906775975,0.0001,1.6070860577747226,2704.77734375,2705.4140625,2704.77734375,2704.77734375,2704.77734375,2704.77734375
171,0.050367531559364055,0.012818463823375703,0.0001,4.099298999644816,2704.77734375,2705.4140625,2704.77734375,2704.77734375,2704.77734375,2704.77734375
172,0.05036750967540512,0.009819550139934963,0.0001,1.6032578954473138,2704.77734375,2705.4140625,2704.77734375,2704.77734375,2704.77734375,2704.77734375
173,0.0503674598662396,0.003979500321301344,0.0001,1.6093729957938194,2704.77734375,2705.4140625,2704.77734375,2704.77734375,2704.77734375,2704.77734375
174,0.05036736224104795,0.007500835391426097,0.0001,1.601188157685101,2704.77734375,2705.4140625,2704.77734375,2704.77734375,2704.77734375,2704.77734375
175,0.0503671610429852,0.025451616178004732,0.0001,1.600946256890893,2704.77734375,2705.4140625,2704.77734375,2704.77734375,2704.77734375,2704.77734375
176,0.05036670981349576,0.04358063280180935,0.0001,1.6929193576797843,2704.77734375,2705.4140625,2704.77734375,2704.77734375,2704.77734375,2704.77734375
177,0.050365863733633776,0.033007167172335095,0.0001,2.0469728661701083,2704.77734375,2705.4140625,2704.77734375,2704.77734375,2704.77734375,2704.77734375
178,0.05036538668123484,0.031608909562726994,0.0001,3.9106648107990623,2704.77734375,2705.4140625,2704.77734375,2704.77734375,2704.77734375,2704.77734375
179,0.05036432168371403,0.02857298178046863,0.0001,2.0470554046332836,2704.77734375,2705.4140625,2704.77734375,2704.77734375,2704.77734375,2704.77734375
180,0.050364264488558366,0.01843734874768077,0.0001,4.099903672002256,2704.77734375,2705.4140625,2704.77734375,2704.77734375,2704.77734375,2704.77734375
181,0.05036370538065479,0.0012342231939440277,0.0001,2.0491181137040257,2704.77734375,2705.4140625,2704.77734375,2704.77734375,2704.77734375,2704.77734375
182,0.05036367364322952,0.011995586881696774,0.0001,3.964916430413723,2704.77734375,2705.4140625,2704.77734375,2704.77734375,2704.77734375,2704.77734375
183,0.05036351315228125,0.010782541091315268,0.0001,1.5974013237282634,2704.77734375,2705.4140625,2704.77734375,2704.77734375,2704.77734375,2704.77734375
184,0.05036275790750472,0.016833364136550455,0.0001,1.8498561074957252,2704.77734375,2705.4140625,2704.77734375,2704.77734375,2704.77734375,2704.77734375
185,0.050361425905094556,0.016860727780062756,0.0001,2.0487020621076226,2704.77734375,2705.4140625,2704.77734375,2704.77734375,2704.77734375,2704.77734375
186,0.05036073638671996,0.0757585397606374,0.0001,4.109327774494886,2704.77734375,2705.4140625,2704.77734375,2704.77734375,2704.77734375,2704.77734375
187,0.05035774397363881,0.0007892898316450765,0.0001,2.05143507104367,2704.77734375,2705.4140625,2704.77734375,2704.77734375,2704.77734375,2704.77734375
188,0.05035549941975236,0.02062118712226746,0.0001,2.058985988609493,2704.77734375,2705.4140625,2704.77734375,2704.77734375,2704.77734375,2704.77734375
189,0.050352486250066726,0.008279411521725955,0.0001,2.0750401336699724,2704.77734375,2705.4140625,2704.77734375,2704.77734375,2704.77734375,2704.77734375
190,0.050351841834659516,0.05348153823679369,0.0001,6.106532586738467,2704.77734375,2705.4140625,2704.77734375,2704.77734375,2704.77734375,2704.77734375
191,0.05035101850431439,0.023220015641865377,0.0001,2.046415594406426,2704.77734375,2705.4140625,2704.77734375,2704.77734375,2704.77734375,2704.77734375
192,0.05035062293760752,0.004740733651839246,0.0001,2.046473665162921,2704.77734375,2705.4140625,2704.77734375,2704.77734375,2704.77734375,2704.77734375
193,0.05035026028410458,0.029271089792154426,0.0001,1.959150567650795,2704.77734375,2705.4140625,2704.77734375,2704.77734375,2704.77734375,2704.77734375
194,0.05034966365008668,0.04798981015380355,0.0001,2.049028852954507,2704.77734375,2705.4140625,2704.77734375,2704.77734375,2704.77734375,2704.77734375
195,0.05034712424418336,0.08947262499993469,0.0001,2.0491951229050756,2704.77734375,2705.4140625,2704.77734375,2704.77734375,2704.77734375,2704.77734375
196,0.05034207763302096,0.12328781276265377,0.0001,2.0557413967326283,2704.77734375,2705.4140625,2704.77734375,2704.77734375,2704.77734375,2704.77734375
197,0.050332650768900374,0.2915342925423482,0.0001,2.0454355906695127,2704.77734375,2705.4140625,2704.77734375,2704.77734375,2704.77734375,2704.77734375
198,0.05033025475714798,0.26497296356540745,0.0001,12.27622866537422,2704.77734375,2705.4140625,2704.77734375,2704.77734375,2704.77734375,2704.77734375
199,0.050328891579783125,0.24087432742992143,0.0001,15.524344290606678,2704.77734375,2705.4140625,2704.77734375,2704.77734375,2704.77734375,2704.77734375
200,0.05032332209238864,0.14010045435019547,0.0001,2.0466199135407805,2704.77734375,2705.4140625,2704.77734375,2704.77734375,2704.77734375,2704.77734375
201,0.050320166251882355,0.021737528001851136,0.0001,2.0396367609500885,2704.77734375,2705.4140625,2704.77734375,2704.77734375,2704.77734375,2704.77734375
202,0.05031799831430789,0.01659960706717134,0.0001,2.053451918065548,2704.77734375,2705.4140625,2704.77734375,2704.77734375,2704.77734375,2704.77734375
203,0.05031710919632465,0.0014249611944096875,0.0001,5.950554482638836,2704.77734375,2705.4140625,2704.77734375,2704.77734375,2704.77734375,2704.77734375
204,0.05031693664088739,0.00866622284651819,0.0001,4.091316042467952,2704.77734375,2705.4140625,2704.77734375,2704.77734375,2704.77734375,2704.77734375
205,0.05031649644394308,0.02364926262423639,0.0001,1.9398394208401442,2704.77734375,2705.4140625,2704.77734375,2704.77734375,2704.77734375,2704.77734375
206,0.050316197950868224,0.008428393291075587,0.0001,1.607290679588914,2704.77734375,2705.4140625,2704.77734375,2704.77734375,2704.77734375,2704.77734375
207,0.0503155301380725,0.030000310213958548,0.0001,2.05562240537256,2704.77734375,2705.4140625,2704.77734375,2704.77734375,2704.77734375,2704.77734375
208,0.05031512070363869,0.031160799367795033,0.0001,2.054648113436997,2704.77734375,2705.4140625,2704.77734375,2704.77734375,2704.77734375,2704.77734375
209,0.05031501232349836,0.014352395524231953,0.0001,6.165833693929017,2704.77734375,2705.4140625,2704.77734375,2704.77734375,2704.77734375,2704.77734375
210,0.0503146854310066,0.01015323640211363,0.0001,2.0583059955388308,2704.77734375,2705.4140625,2704.77734375,2704.77734375,2704.77734375,2704.77734375
211,0.05031456659264563,0.05150371524938824,0.0001,2.0534384483471513,2704.77734375,2705.4140625,2704.77734375,2704.77734375,2704.77734375,2704.77734375
212,0.05031433349678134,0.018243037660326644,0.0001,1.6073461193591356,2704.77734375,2705.4140625,2704.77734375,2704.77734375,2704.77734375,2704.77734375
213,0.050314249549673874,0.009005031937267871,0.0001,1.6079162703827024,2704.77734375,2705.4140625,2704.77734375,2704.77734375,2704.77734375,2704.77734375
214,0.05031344589225295,0.05445032055019339,0.0001,2.056609299965203,2704.77734375,2705.4140625,2704.77734375,2704.77734375,2704.77734375,2704.77734375
215,0.05031243233304039,0.10577266416079467,0.0001,2.0621156683191657,2704.77734375,2705.4140625,2704.77734375,2704.77734375,2704.77734375,2704.77734375
216,0.05030927025104496,0.1953864494161004,0.0001,2.052408965304494,2704.77734375,2705.4140625,2704.77734375,2704.77734375,2704.77734375,2704.77734375
217,0.05030119428167956,0.2820139510633669,0.0001,2.035571835935116,2704.77734375,2705.4140625,2704.77734375,2704.77734375,2704.77734375,2704.77734375
218,0.05027650393760741,0.25703172806107477,0.0001,2.034908654168248,2704.77734375,2705.4140625,2704.77734375,2704.77734375,2704.77734375,2704.77734375
219,0.0502729284165245,0.21119419846177723,0.0001,4.074297372251749,2704.77734375,2705.4140625,2704.77734375,2704.77734375,2704.77734375,2704.77734375
220,0.05024257979431301,0.10696551386874331,0.0001,2.0379072446376085,2704.77734375,2705.4140625,2704.77734375,2704.77734375,2704.77734375,2704.77734375
221,0.050231456258293956,0.15363260441426885,0.0001,8.140218516811728,2704.77734375,2705.4140625,2704.77734375,2704.77734375,2704.77734375,2704.77734375
222,0.05022324953508805,0.1743784886467774,0.0001,8.139088702388108,2704.77734375,2705.4140625,2704.77734375,2704.77734375,2704.77734375,2704.77734375
223,0.05022246224675301,0.20328030899659122,0.0001,6.015507658943534,2704.77734375,2705.4140625,2704.77734375,2704.77734375,2704.77734375,2704.77734375
224,0.050183984341276994,0.16182006326952936,0.0001,2.0372636495158076,2704.77734375,2705.4140625,2704.77734375,2704.77734375,2704.77734375,2704.77734375
225,0.050174448291299155,0.07332458142591392,0.0001,6.101725520566106,2704.77734375,2705.4140625,2704.77734375,2704.77734375,2704.77734375,2704.77734375
226,0.050169305121349234,0.04755115312668601,0.0001,4.072375011630356,2704.77734375,2705.4140625,2704.77734375,2704.77734375,2704.77734375,2704.77734375
227,0.050166921690160265,0.028379284182558306,0.0001,4.073009554296732,2704.77734375,2705.4140625,2704.77734375,2704.77734375,2704.77734375,2704.77734375
228,0.050163621174738264,0.10355097837222527,0.0001,4.070002663880587,2704.77734375,2705.4140625,2704.77734375,2704.77734375,2704.77734375,2704.77734375
229,0.05016128951325414,0.0299512773858025,0.0001,2.0350682362914085,2704.77734375,2705.4140625,2704.77734375,2704.77734375,2704.77734375,2704.77734375
230,0.050159648176495035,0.031880430085601597,0.0001,2.0372498454526067,2704.77734375,2705.4140625,2704.77734375,2704.77734375,2704.77734375,2704.77734375
231,0.05015716693943961,0.03601955786982092,0.0001,6.101775639690459,2704.77734375,2705.4140625,2704.77734375,2704.77734375,2704.77734375,2704.77734375
232,0.050155327163614115,0.045212334990434755,0.0001,4.092879623174667,2704.77734375,2705.4140625,2704.77734375,2704.77734375,2704.77734375,2704.77734375
233,0.05015387252635966,0.005693077978784933,0.0001,2.039189752191305,2704.77734375,2705.4140625,2704.77734375,2704.77734375,2704.77734375,2704.77734375
234,0.050152699554889636,0.014094046051664755,0.0001,2.042726883664727,2704.77734375,2705.4140625,2704.77734375,2704.77734375,2704.77734375,2704.77734375
235,0.05014730598863154,0.04569089353538813,0.0001,2.0463552260771394,2704.77734375,2705.4140625,2704.77734375,2704.77734375,2704.77734375,2704.77734375
236,0.05013654116926745,0.1169161088408317,0.0001,2.044870812445879,2704.77734375,2705.4140625,2704.77734375,2704.77734375,2704.77734375,2704.77734375
237,0.050130689599804705,0.019241452075341448,0.0001,2.0538147017359734,2704.77734375,2705.4140625,2704.77734375,2704.77734375,2704.77734375,2704.77734375
238,0.050130362830895364,0.06404938788848213,0.0001,2.0465259477496147,2704.77734375,2705.4140625,2704.77734375,2704.77734375,2704.77734375,2704.77734375
239,0.05012979191077282,0.011838032620524519,0.0001,2.0438389871269464,2704.77734375,2705.4140625,2704.77734375,2704.77734375,2704.77734375,2704.77734375
240,0.050129749921423834,0.006202452529442182,0.0001,1.6018184339627624,2704.77734375,2705.4140625,2704.77734375,2704.77734375,2704.77734375,2704.77734375
241,0.050129676533620195,0.0027109757665737533,0.0001,1.6009768024086952,2704.77734375,2705.4140625,2704.77734375,2704.77734375,2704.77734375,2704.77734375
242,0.05012916537329401,0.03661011287278393,0.0001,1.6536824544891715,2704.77734375,2705.4140625,2704.77734375,2704.77734375,2704.77734375,2704.77734375
243,0.05012838311697639,0.05840646751855161,0.0001,1.696666275151074,2704.77734375,2705.4140625,2704.77734375,2704.77734375,2704.77734375,2704.77734375
244,0.05012648070921177,0.1599919850558147,0.0001,2.0495690377429128,2704.77734375,2705.4140625,2704.77734375,2704.77734375,2704.77734375,2704.77734375
245,0.05012506590068726,0.03967520943902292,0.0001,2.0530527103692293,2704.77734375,2705.4140625,2704.77734375,2704.77734375,2704.77734375,2704.77734375
246,0.05012342383040404,0.0031083982046897773,0.0001,1.7414563819766045,2704.77734375,2705.4140625,2704.77734375,2704.77734375,2704.77734375,2704.77734375
247,0.05012273958131585,0.02551693296353963,0.0001,2.0635530464351177,2704.77734375,2705.4140625,2704.77734375,2704.77734375,2704.77734375,2704.77734375
248,0.05012263344131496,0.0009270868196776873,0.0001,4.090221274644136,2704.77734375,2705.4140625,2704.77734375,2704.77734375,2704.77734375,2704.77734375
249,0.050122565233918975,0.0030227838610021873,0.0001,1.5957552324980497,2704.77734375,2705.4140625,2704.77734375,2704.77734375,2704.77734375,2704.77734375
250,0.050122518829756324,0.007797999720265847,0.0001,1.5943263182416558,2704.77734375,2705.4140625,2704.77734375,2704.77734375,2704.77734375,2704.77734375
251,0.0501224833042446,0.004626170575828703,0.0001,3.247572581283748,2704.77734375,2705.4140625,2704.77734375,2704.77734375,2704.77734375,2704.77734375
252,0.05012241400766544,0.012590683613668774,0.0001,1.670474324375391,2704.77734375,2705.4140625,2704.77734375,2704.77734375,2704.77734375,2704.77734375
253,0.05012224610213223,0.018029890373593593,0.0001,1.608707768842578,2704.77734375,2705.4140625,2704.77734375,2704.77734375,2704.77734375,2704.77734375
254,0.050121794571869306,0.0012657188960218946,0.0001,2.0428854739293456,2704.77734375,2705.4140625,2704.77734375,2704.77734375,2704.77734375,2704.77734375
255,0.05012177513515331,0.0024477067966757193,0.0001,1.5932935634627938,2704.77734375,2705.4140625,2704.77734375,2704.77734375,2704.77734375,2704.77734375
256,0.05012177450141581,0.005205505196517413,0.0001,3.788468651473522,2704.77734375,2705.4140625,2704.77734375,2704.77734375,2704.77734375,2704.77734375
257,0.0501217688245365,0.002147115378558495,0.0001,1.5923012411221862,2704.77734375,2705.4140625,2704.77734375,2704.77734375,2704.77734375,2704.77734375
258,0.05012176282815552,0.00045650653287071074,0.0001,1.592250100336969,2704.77734375,2705.4140625,2704.77734375,2704.77734375,2704.77734375,2704.77734375
259,0.05012175934368569,0.0053099767188917735,0.0001,1.59330696426332,2704.77734375,2705.4140625,2704.77734375,2704.77734375,2704.77734375,2704.77734375
260,0.050121754533964204,0.003463944425919463,0.0001,1.5904718236997724,2704.77734375,2705.4140625,2704.77734375,2704.77734375,2704.77734375,2704.77734375
261,0.05012173873002296,0.0028767660279048757,0.0001,1.5905282255262136,2704.77734375,2705.4140625,2704.77734375,2704.77734375,2704.77734375,2704.77734375
262,0.050121720472849705,0.007785398220483408,0.0001,1.5978809604421258,2704.77734375,2705.4140625,2704.77734375,2704.77734375,2704.77734375,2704.77734375
263,0.050121668462596636,0.018072203883362503,0.0001,1.6046726442873478,2704.77734375,2705.4140625,2704.77734375,2704.77734375,2704.77734375,2704.77734375
264,0.050121577859753935,0.029113648112148005,0.0001,1.6004355289041996,2704.77734375,2705.4140625,2704.77734375,2704.77734375,2704.77734375,2704.77734375
265,0.05012133365616956,0.0464195099966308,0.0001,1.6881544962525368,2704.77734375,2705.4140625,2704.77734375,2704.77734375,2704.77734375,2704.77734375
266,0.050120765766414666,0.06673721034487623,0.0001,1.9202913660556078,2704.77734375,2705.4140625,2704.77734375,2704.77734375,2704.77734375,2704.77734375
267,0.05011964017127556,0.045833661409088955,0.0001,2.060331084765494,2704.77734375,2705.4140625,2704.77734375,2704.77734375,2704.77734375,2704.77734375
268,0.050119065358151534,0.10965916883245685,0.0001,4.11312494520098,2704.77734375,2705.4140625,2704.77734375,2704.77734375,2704.77734375,2704.77734375
269,0.0501173639390074,0.05749676992100805,0.0001,2.0529685989022255,2704.77734375,2705.4140625,2704.77734375,2704.77734375,2704.77734375,2704.77734375
270,0.050114633005107614,0.0555491657655125,0.0001,2.0479371417313814,2704.77734375,2705.4140625,2704.77734375,2704.77734375,2704.77734375,2704.77734375
271,0.05011375987852059,0.06145507223562885,0.0001,2.057361035607755,2704.77734375,2705.4140625,2704.77734375,2704.77734375,2704.77734375,2704.77734375
272,0.05011366518048636,0.08786940330845483,0.0001,4.100337239913642,2704.77734375,2705.4140625,2704.77734375,2704.77734375,2704.77734375,2704.77734375
273,0.05011262096746957,0.05278721982534873,0.0001,1.8710957346484065,2704.77734375,2705.4140625,2704.77734375,2704.77734375,2704.77734375,2704.77734375
274,0.05011095578792626,0.02643843317244876,0.0001,2.043983617797494,2704.77734375,2705.4140625,2704.77734375,2704.77734375,2704.77734375,2704.77734375
275,0.05010891739200701,0.0025558399912810614,0.0001,2.0395357329398394,2704.77734375,2705.4140625,2704.77734375,2704.77734375,2704.77734375,2704.77734375
276,0.05010854361672458,0.007542994347013332,0.0001,2.0412474796175957,2704.77734375,2705.4140625,2704.77734375,2704.77734375,2704.77734375,2704.77734375
277,0.05010824330614147,0.02445737549736382,0.0001,1.9245461011305451,2704.77734375,2705.4140625,2704.77734375,2704.77734375,2704.77734375,2704.77734375
278,0.050107859635610104,0.030750806766889904,0.0001,1.98503481131047,2704.77734375,2705.4140625,2704.77734375,2704.77734375,2704.77734375,2704.77734375
279,0.05010685242522308,0.0521560857816068,0.0001,2.0397443948313594,2704.77734375,2705.4140625,2704.77734375,2704.77734375,2704.77734375,2704.77734375
280,0.050105034293553896,0.04960652258513054,0.0001,2.045854704454541,2704.77734375,2705.4140625,2704.77734375,2704.77734375,2704.77734375,2704.77734375
281,0.05010385360416806,0.0145775814371919,0.0001,4.0847018752247095,2704.77734375,2705.4140625,2704.77734375,2704.77734375,2704.77734375,2704.77734375
282,0.05009950701323574,0.016764604196376154,0.0001,2.0444086799398065,2704.77734375,2705.4140625,2704.77734375,2704.77734375,2704.77734375,2704.77734375
283,0.05008995190564233,0.04224755853897322,0.0001,8.728362302295864,2704.77734375,2705.4140625,2704.77734375,2704.77734375,2704.77734375,2704.77734375
284,0.050086825738672916,0.19927590971859654,0.0001,2.044587630778551,2704.77734375,2705.4140625,2704.77734375,2704.77734375,2704.77734375,2704.77734375
285,0.050074374685959926,0.05575774772590425,0.0001,2.0411161882802844,2704.77734375,2705.4140625,2704.77734375,2704.77734375,2704.77734375,2704.77734375
286,0.05007157867804994,0.00286894336770116,0.0001,2.0445337500423193,2704.77734375,2705.4140625,2704.77734375,2704.77734375,2704.77734375,2704.77734375
287,0.05006624861068178,0.0240345941777369,0.0001,2.046393466182053,2704.77734375,2705.4140625,2704.77734375,2704.77734375,2704.77734375,2704.77734375
288,0.05005791318860991,0.004997054309655247,0.0001,2.048042162321508,2704.77734375,2705.4140625,2704.77734375,2704.77734375,2704.77734375,2704.77734375
289,0.05004733928602929,0.0343383068775841,0.0001,8.180842710658908,2704.77734375,2705.4140625,2704.77734375,2704.77734375,2704.77734375,2704.77734375
290,0.050023300970816864,0.1099241243888297,0.0001,2.045747163705528,2704.77734375,2705.4140625,2704.77734375,2704.77734375,2704.77734375,2704.77734375
291,0.05002102657543591,0.16390078145455478,0.0001,4.097146186977625,2704.77734375,2705.4140625,2704.77734375,2704.77734375,2704.77734375,2704.77734375
292,0.05000793559501243,0.08809474098660997,0.0001,2.0500608794391155,2704.77734375,2705.4140625,2704.77734375,2704.77734375,2704.77734375,2704.77734375
293,0.050007015714419456,0.14024778679652694,0.0001,2.0827551232650876,2704.77734375,2705.4140625,2704.77734375,2704.77734375,2704.77734375,2704.77734375
294,0.05000498486581434,0.017012106396144144,0.0001,2.0904947416856885,2704.77734375,2705.4140625,2704.77734375,2704.77734375,2704.77734375,2704.77734375
295,0.05000470574493243,0.005273535624337411,0.0001,1.7698990413919091,2704.77734375,2705.4140625,2704.77734375,2704.77734375,2704.77734375,2704.77734375
296,0.05000454654681985,0.010285947159174524,0.0001,3.2996809128671885,2704.77734375,2705.4140625,2704.77734375,2704.77734375,2704.77734375,2704.77734375
297,0.05000444287025998,0.0049599021419435285,0.0001,4.124717194586992,2704.77734375,2705.4140625,2704.77734375,2704.77734375,2704.77734375,2704.77734375
298,0.05000433322793405,0.0016715947784226026,0.0001,1.6560807544738054,2704.77734375,2705.4140625,2704.77734375,2704.77734375,2704.77734375,2704.77734375
299,0.05000415865827737,0.00622691730769076,0.0001,2.055529188364744,2704.77734375,2705.4140625,2704.77734375,2704.77734375,2704.77734375,2704.77734375
300,0.05000397877640241,0.009647623121696314,0.0001,1.6488607376813889,2704.77734375,2705.4140625,2704.77734375,2704.77734375,2704.77734375,2704.77734375
301,0.050002796260516416,0.019695101882155286,0.0001,2.0555377891287208,2704.77734375,2705.4140625,2704.77734375,2704.77734375,2704.77734375,2704.77734375
302,0.049999919486312,0.03861235898696891,0.0001,2.0537858130410314,2704.77734375,2705.4140625,2704.77734375,2704.77734375,2704.77734375,2704.77734375
303,0.04999623011131764,0.08252180925078356,0.0001,4.117475259117782,2704.77734375,2705.4140625,2704.77734375,2704.77734375,2704.77734375,2704.77734375
304,0.04999341985551535,0.18816155195790762,0.0001,2.055738279595971,2704.77734375,2705.4140625,2704.77734375,2704.77734375,2704.77734375,2704.77734375
305,0.04998434918904915,0.07634058399358146,0.0001,2.063882837072015,2704.77734375,2705.4140625,2704.77734375,2704.77734375,2704.77734375,2704.77734375
306,0.04998116337994343,0.0021494158522162607,0.0001,2.071836596354842,2704.77734375,2705.4140625,2704.77734375,2704.77734375,2704.77734375,2704.77734375
307,0.049980875478826466,0.03319153516094464,0.0001,2.0740591529756784,2704.77734375,2705.4140625,2704.77734375,2704.77734375,2704.77734375,2704.77734375
308,0.04998073214120119,0.04100151376476946,0.0001,1.9764264123514295,2704.77734375,2705.4140625,2704.77734375,2704.77734375,2704.77734375,2704.77734375
309,0.0499805834424692,0.003145767720403203,0.0001,2.0268736286088824,2704.77734375,2705.4140625,2704.77734375,2704.77734375,2704.77734375,2704.77734375
310,0.0499805638724973,0.0021651670723408676,0.0001,1.6127551030367613,2704.77734375,2705.4140625,2704.77734375,2704.77734375,2704.77734375,2704.77734375
311,0.04998047652110405,0.01191804007208408,0.0001,1.8374452767893672,2704.77734375,2705.4140625,2704.77734375,2704.77734375,2704.77734375,2704.77734375
312,0.04998039857042276,0.011895239462317408,0.0001,1.6177185792475939,2704.77734375,2705.4140625,2704.77734375,2704.77734375,2704.77734375,2704.77734375
313,0.04998009491822952,0.08004689481586047,0.0001,4.109879892319441,2704.77734375,2705.4140625,2704.77734375,2704.77734375,2704.77734375,2704.77734375
314,0.04997911220900213,0.04613945918837903,0.0001,2.0506650926545262,2704.77734375,2705.4140625,2704.77734375,2704.77734375,2704.77734375,2704.77734375
315,0.04997853992459259,0.0013056842697625438,0.0001,1.9521396672353148,2704.77734375,2705.4140625,2704.77734375,2704.77734375,2704.77734375,2704.77734375
316,0.04997843150052047,0.006166510992818619,0.0001,1.7376415384933352,2704.77734375,2705.4140625,2704.77734375,2704.77734375,2704.77734375,2704.77734375
317,0.049978399110119094,0.0172971777890496,0.0001,4.121071611531079,2704.77734375,2705.4140625,2704.77734375,2704.77734375,2704.77734375,2704.77734375
318,0.049978345979570286,0.012019122520612546,0.0001,1.609624732285738,2704.77734375,2705.4140625,2704.77734375,2704.77734375,2704.77734375,2704.77734375
319,0.0499780305830671,0.011038833308980589,0.0001,1.8189934017136693,2704.77734375,2705.4140625,2704.77734375,2704.77734375,2704.77734375,2704.77734375
320,0.04997767176943463,0.03588464013030879,0.0001,1.8806401183828712,2704.77734375,2705.4140625,2704.77734375,2704.77734375,2704.77734375,2704.77734375
321,0.049977068447330665,0.042823353392721475,0.0001,2.023767557926476,2704.77734375,2705.4140625,2704.77734375,2704.77734375,2704.77734375,2704.77734375
322,0.04997694970775153,0.07371095850531406,0.0001,6.14300081320107,2704.77734375,2705.4140625,2704.77734375,2704.77734375,2704.77734375,2704.77734375
323,0.04997618505548842,0.05216720161928212,0.0001,2.0496113374829292,2704.77734375,2705.4140625,2704.77734375,2704.77734375,2704.77734375,2704.77734375
324,0.04997556275676642,0.011747466456776712,0.0001,2.046280807815492,2704.77734375,2705.4140625,2704.77734375,2704.77734375,2704.77734375,2704.77734375
325,0.04997522620389674,0.02345880919647092,0.0001,1.9266993077471852,2704.77734375,2705.4140625,2704.77734375,2704.77734375,2704.77734375,2704.77734375
326,0.04997492761104885,0.043209523630006075,0.0001,1.7405972890555859,2704.77734375,2705.4140625,2704.77734375,2704.77734375,2704.77734375,2704.77734375
327,0.049974268086921216,0.05803283022949124,0.0001,2.0525923781096935,2704.77734375,2705.4140625,2704.77734375,2704.77734375,2704.77734375,2704.77734375
328,0.04997402241255806,0.15274564220485098,0.0001,2.0479103215038776,2704.77734375,2705.4140625,2704.77734375,2704.77734375,2704.77734375,2704.77734375
329,0.04997208362162682,0.08355075920005173,0.0001,1.6925778919830918,2704.77734375,2705.4140625,2704.77734375,2704.77734375,2704.77734375,2704.77734375
330,0.04996979805988116,0.0024737528011325024,0.0001,1.9576608864590526,2704.77734375,2705.4140625,2704.77734375,2704.77734375,2704.77734375,2704.77734375
331,0.04996621044372808,0.0827320450376885,0.0001,2.0564133217558265,2704.77734375,2705.4140625,2704.77734375,2704.77734375,2704.77734375,2704.77734375
332,0.04996208089832811,0.1047760481517549,0.0001,2.047536561265588,2704.77734375,2705.4140625,2704.77734375,2704.77734375,2704.77734375,2704.77734375
333,0.049959272931469845,0.08679652060927456,0.0001,2.0549476258456707,2704.77734375,2705.4140625,2704.77734375,2704.77734375,2704.77734375,2704.77734375
334,0.04995904459502195,0.07445205830588375,0.0001,4.1003528498113155,2704.77734375,2705.4140625,2704.77734375,2704.77734375,2704.77734375,2704.77734375
335,0.04995724422483874,0.033078366850010754,0.0001,2.0523679684847593,2704.77734375,2705.4140625,2704.77734375,2704.77734375,2704.77734375,2704.77734375
336,0.04995648052945382,0.02825524372457644,0.0001,8.207217301242054,2704.77734375,2705.4140625,2704.77734375,2704.77734375,2704.77734375,2704.77734375
337,0.04995456847676496,0.08763849585271122,0.0001,4.1033359514549375,2704.77734375,2705.4140625,2704.77734375,2704.77734375,2704.77734375,2704.77734375
338,0.04995194960631707,0.18520496526353325,0.0001,2.0531639801338315,2704.77734375,2705.4140625,2704.77734375,2704.77734375,2704.77734375,2704.77734375
339,0.049948982841635535,0.2045969902051894,0.0001,2.056413740850985,2704.77734375,2705.4140625,2704.77734375,2704.77734375,2704.77734375,2704.77734375
340,0.04994700369153714,0.05324908173566656,0.0001,6.070400360971689,2704.77734375,2705.4140625,2704.77734375,2704.77734375,2704.77734375,2704.77734375
341,0.04994256221992906,0.1165060412829626,0.0001,2.0479036308825016,2704.77734375,2705.4140625,2704.77734375,2704.77734375,2704.77734375,2704.77734375
342,0.04992889443607389,0.04331570331704249,0.0001,2.05743239633739,2704.77734375,2705.4140625,2704.77734375,2704.77734375,2704.77734375,2704.77734375
343,0.04992116010491276,0.11446720894526052,0.0001,4.103412009775639,2704.77734375,2705.4140625,2704.77734375,2704.77734375,2704.77734375,2704.77734375
344,0.049919549332497475,0.0909952322378198,0.0001,2.051525965332985,2704.77734375,2705.4140625,2704.77734375,2704.77734375,2704.77734375,2704.77734375
345,0.049918836736623486,0.01149827166129147,0.0001,2.051345333456993,2704.77734375,2705.4140625,2704.77734375,2704.77734375,2704.77734375,2704.77734375
346,0.049918398954602025,0.02655653657900925,0.0001,1.870000110939145,2704.77734375,2705.4140625,2704.77734375,2704.77734375,2704.77734375,2704.77734375
347,0.04991805351997383,0.023954660932539396,0.0001,1.8944722758606076,2704.77734375,2705.4140625,2704.77734375,2704.77734375,2704.77734375,2704.77734375
348,0.04991794541243956,0.015882897346873648,0.0001,4.09430936910212,2704.77734375,2705.4140625,2704.77734375,2704.77734375,2704.77734375,2704.77734375
349,0.049917553159212466,0.025491906201982717,0.0001,2.045689783990383,2704.77734375,2705.4140625,2704.77734375,2704.77734375,2704.77734375,2704.77734375
350,0.049917487512478806,0.012546548483990061,0.0001,1.5977893099188805,2704.77734375,2705.4140625,2704.77734375,2704.77734375,2704.77734375,2704.77734375
351,0.04991728121639351,0.0023264134516423063,0.0001,1.5971215879544616,2704.77734375,2705.4140625,2704.77734375,2704.77734375,2704.77734375,2704.77734375
352,0.04991661972889217,0.024489868698216455,0.0001,1.9247710723429918,2704.77734375,2705.4140625,2704.77734375,2704.77734375,2704.77734375,2704.77734375
353,0.04991580805645682,0.1117198678383915,0.0001,1.9640362691134214,2704.77734375,2705.4140625,2704.77734375,2704.77734375,2704.77734375,2704.77734375
354,0.04991442951767565,0.09016223136898471,0.0001,1.8104371521621943,2704.77734375,2705.4140625,2704.77734375,2704.77734375,2704.77734375,2704.77734375
355,0.049911773833317505,0.03563329764868972,0.0001,2.0491797365248203,2704.77734375,2705.4140625,2704.77734375,2704.77734375,2704.77734375,2704.77734375
356,0.04991038300308481,0.08099538538930862,0.0001,2.0475968113169074,2704.77734375,2705.4140625,2704.77734375,2704.77734375,2704.77734375,2704.77734375
357,0.04990983420714983,0.03423461905389091,0.0001,3.885090977884829,2704.77734375,2705.4140625,2704.77734375,2704.77734375,2704.77734375,2704.77734375
358,0.0499096853462515,0.002543732913797836,0.0001,1.8693431979045272,2704.77734375,2705.4140625,2704.77734375,2704.77734375,2704.77734375,2704.77734375
359,0.049909681748844165,0.0032262898379665783,0.0001,1.5968712270259857,2704.77734375,2705.4140625,2704.77734375,2704.77734375,2704.77734375,2704.77734375
360,0.04990967484635281,0.006574390471206115,0.0001,3.26305047608912,2704.77734375,2705.4140625,2704.77734375,2704.77734375,2704.77734375,2704.77734375
361,0.04990966286106299,0.0030927247835066396,0.0001,1.5956457117572427,2704.77734375,2705.4140625,2704.77734375,2704.77734375,2704.77734375,2704.77734375
362,0.04990963358308803,0.006974261853803121,0.0001,1.5962749551981688,2704.77734375,2705.4140625,2704.77734375,2704.77734375,2704.77734375,2704.77734375
363,0.04990962377574066,0.008711248544036376,0.0001,1.608811249025166,2704.77734375,2705.4140625,2704.77734375,2704.77734375,2704.77734375,2704.77734375
364,0.04990960202847211,0.0104010230122904,0.0001,1.8767645740881562,2704.77734375,2705.4140625,2704.77734375,2704.77734375,2704.77734375,2704.77734375
365,0.04990956360519252,0.014918923179902288,0.0001,3.9335413770750165,2704.77734375,2705.4140625,2704.77734375,2704.77734375,2704.77734375,2704.77734375
366,0.04990943402591798,0.026655520325678417,0.0001,1.7369378758594394,2704.77734375,2705.4140625,2704.77734375,2704.77734375,2704.77734375,2704.77734375
367,0.0499092087478771,0.03271595655759163,0.0001,1.6017005341127515,2704.77734375,2705.4140625,2704.77734375,2704.77734375,2704.77734375,2704.77734375
368,0.049908867061104895,0.007091560428250765,0.0001,1.900580576620996,2704.77734375,2705.4140625,2704.77734375,2704.77734375,2704.77734375,2704.77734375
369,0.04990885688163268,0.03741399391548428,0.0001,1.6440045423805714,2704.77734375,2705.4140625,2704.77734375,2704.77734375,2704.77734375,2704.77734375
370,0.049908787838642735,0.004979770322614208,0.0001,1.6017506336793303,2704.77734375,2705.4140625,2704.77734375,2704.77734375,2704.77734375,2704.77734375
371,0.04990878307837717,0.0018103345526279124,0.0001,1.600416949018836,2704.77734375,2705.4140625,2704.77734375,2704.77734375,2704.77734375,2704.77734375
372,0.049908782255730505,0.0013802862133059923,0.0001,1.6053470158949494,2704.77734375,2705.4140625,2704.77734375,2704.77734375,2704.77734375,2704.77734375
373,0.04990878101840395,0.001140329036001475,0.0001,1.602898738346994,2704.77734375,2705.4140625,2704.77734375,2704.77734375,2704.77734375,2704.77734375
374,0.04990877135981837,0.005495749180504328,0.0001,1.6125240121036768,2704.77734375,2705.4140625,2704.77734375,2704.77734375,2704.77734375,2704.77734375
375,0.04990875070611214,0.004231232823824649,0.0001,1.607476243749261,2704.77734375,2705.4140625,2704.77734375,2704.77734375,2704.77734375,2704.77734375
376,0.04990868515267592,0.0016168755766770015,0.0001,1.673499413765967,2704.77734375,2705.4140625,2704.77734375,2704.77734375,2704.77734375,2704.77734375
377,0.04990865225701608,0.006245527685994956,0.0001,1.608254057355225,2704.77734375,2705.4140625,2704.77734375,2704.77734375,2704.77734375,2704.77734375
378,0.04990856357866675,0.01576503941692109,0.0001,1.6030817981809378,2704.77734375,2705.4140625,2704.77734375,2704.77734375,2704.77734375,2704.77734375
379,0.04990843532536279,0.02433228010640076,0.0001,1.5931729534640908,2704.77734375,2705.4140625,2704.77734375,2704.77734375,2704.77734375,2704.77734375
380,0.049908173839126484,0.024803616539543993,0.0001,1.6016673240810633,2704.77734375,2705.4140625,2704.77734375,2704.77734375,2704.77734375,2704.77734375
381,0.049908165830993126,0.03521614255804817,0.0001,4.10566789843142,2704.77734375,2705.4140625,2704.77734375,2704.77734375,2704.77734375,2704.77734375
382,0.049907907311417955,0.025888081305520005,0.0001,1.6058751875534654,2704.77734375,2705.4140625,2704.77734375,2704.77734375,2704.77734375,2704.77734375
383,0.04990771042859292,0.005189168273286082,0.0001,1.6035271808505058,2704.77734375,2705.4140625,2704.77734375,2704.77734375,2704.77734375,2704.77734375
384,0.04990763127072906,0.0014199199393352124,0.0001,1.6035176003351808,2704.77734375,2705.4140625,2704.77734375,2704.77734375,2704.77734375,2704.77734375
385,0.04990754027258639,0.007429582146894154,0.0001,1.599010244011879,2704.77734375,2705.4140625,2704.77734375,2704.77734375,2704.77734375,2704.77734375
386,0.04990745830511418,0.0009902097345901929,0.0001,1.6104738041758537,2704.77734375,2705.4140625,2704.77734375,2704.77734375,2704.77734375,2704.77734375
387,0.049907315508095615,0.005212284812713297,0.0001,1.8170514954254031,2704.77734375,2705.4140625,2704.77734375,2704.77734375,2704.77734375,2704.77734375
388,0.04990714213227615,0.0140824261971082,0.0001,2.05647917278111,2704.77734375,2705.4140625,2704.77734375,2704.77734375,2704.77734375,2704.77734375
389,0.049907027852837356,0.008587386259626184,0.0001,1.601336121559143,2704.77734375,2705.4140625,2704.77734375,2704.77734375,2704.77734375,2704.77734375
390,0.04990681360163886,0.0014135857503882747,0.0001,1.6004584496840835,2704.77734375,2705.4140625,2704.77734375,2704.77734375,2704.77734375,2704.77734375
391,0.049906437642853074,0.0074328894394248834,0.0001,1.602328846231103,2704.77734375,2705.4140625,2704.77734375,2704.77734375,2704.77734375,2704.77734375
392,0.0499054133084614,0.02237042260716371,0.0001,1.7979292795062065,2704.77734375,2705.4140625,2704.77734375,2704.77734375,2704.77734375,2704.77734375
393,0.04990447781437992,0.09568177450643445,0.0001,4.125214135274291,2704.77734375,2705.4140625,2704.77734375,2704.77734375,2704.77734375,2704.77734375
394,0.0499021412577724,0.07212546124465413,0.0001,1.9721172684803605,2704.77734375,2705.4140625,2704.77734375,2704.77734375,2704.77734375,2704.77734375
395,0.049890571345369096,0.1373602304877799,0.0001,2.0681190118193626,2704.77734375,2705.4140625,2704.77734375,2704.77734375,2704.77734375,2704.77734375
396,0.04988598179544497,0.15751052464444326,0.0001,2.061532709747553,2704.77734375,2705.4140625,2704.77734375,2704.77734375,2704.77734375,2704.77734375
397,0.04987755128836986,0.03819132449020435,0.0001,2.064644210971892,2704.77734375,2705.4140625,2704.77734375,2704.77734375,2704.77734375,2704.77734375
398,0.04986518562022757,0.1451278920848882,0.0001,2.0656649442389607,2704.77734375,2705.4140625,2704.77734375,2704.77734375,2704.77734375,2704.77734375
399,0.04986270830849166,0.010169652837940468,0.0001,2.063988897949457,2704.77734375,2705.4140625,2704.77734375,2704.77734375,2704.77734375,2704.77734375
400,0.04985675683356638,0.06154664313945979,0.0001,2.06308997515589,2704.77734375,2705.4140625,2704.77734375,2704.77734375,2704.77734375,2704.77734375
401,0.04985518333352954,0.0578441422252256,0.0001,2.06269000377506,2704.77734375,2705.4140625,2704.77734375,2704.77734375,2704.77734375,2704.77734375
402,0.049854855702304246,0.02152322353157965,0.0001,6.179959352128208,2704.77734375,2705.4140625,2704.77734375,2704.77734375,2704.77734375,2704.77734375
403,0.04985383561433846,0.0476662264281178,0.0001,2.064686940982938,2704.77734375,2705.4140625,2704.77734375,2704.77734375,2704.77734375,2704.77734375
404,0.04985353701391152,0.01636330336574232,0.0001,4.126054438762367,2704.77734375,2705.4140625,2704.77734375,2704.77734375,2704.77734375,2704.77734375
405,0.04985257010452991,0.023867371973007034,0.0001,1.6549134105443954,2704.77734375,2705.4140625,2704.77734375,2704.77734375,2704.77734375,2704.77734375
406,0.049851788258343945,0.015792863017440872,0.0001,2.059632422402501,2704.77734375,2705.4140625,2704.77734375,2704.77734375,2704.77734375,2704.77734375
407,0.04985118223087291,0.018088830618463336,0.0001,1.9763841424137354,2704.77734375,2705.4140625,2704.77734375,2704.77734375,2704.77734375,2704.77734375
408,0.04985082719121248,0.01723086953474451,0.0001,1.78293311689049,2704.77734375,2705.4140625,2704.77734375,2704.77734375,2704.77734375,2704.77734375
409,0.04985077056866613,0.0489436608662569,0.0001,4.124026652425528,2704.77734375,2705.4140625,2704.77734375,2704.77734375,2704.77734375,2704.77734375
410,0.049850396835212515,0.024011905528787958,0.0001,2.066871748305857,2704.77734375,2705.4140625,2704.77734375,2704.77734375,2704.77734375,2704.77734375
411,0.049850247341112354,0.006445442340922813,0.0001,1.895409369841218,2704.77734375,2705.4140625,2704.77734375,2704.77734375,2704.77734375,2704.77734375
412,0.04985019334375491,0.001456923255306132,0.0001,1.614064416848123,2704.77734375,2705.4140625,2704.77734375,2704.77734375,2704.77734375,2704.77734375
413,0.04985013516945172,0.005984864960474123,0.0001,1.607193442992866,2704.77734375,2705.4140625,2704.77734375,2704.77734375,2704.77734375,2704.77734375
414,0.04984998236533304,0.013013810644769475,0.0001,1.6566612347960472,2704.77734375,2705.4140625,2704.77734375,2704.77734375,2704.77734375,2704.77734375
415,0.049849827186956915,0.0667483205988022,0.0001,2.064098918810487,2704.77734375,2705.4140625,2704.77734375,2704.77734375,2704.77734375,2704.77734375
416,0.04984944051560488,0.041439909628957716,0.0001,1.693237653002143,2704.77734375,2705.4140625,2704.77734375,2704.77734375,2704.77734375,2704.77734375
417,0.04984874463844195,0.006436964938388523,0.0001,1.8744992269203067,2704.77734375,2705.4140625,2704.77734375,2704.77734375,2704.77734375,2704.77734375
418,0.049848312144411086,0.03575296529196548,0.0001,1.9084436856210232,2704.77734375,2705.4140625,2704.77734375,2704.77734375,2704.77734375,2704.77734375
419,0.04984816752226558,0.02449470712001245,0.0001,1.6093935193493962,2704.77734375,2705.4140625,2704.77734375,2704.77734375,2704.77734375,2704.77734375
420,0.04984801653899136,0.0015544909459254592,0.0001,1.826565439812839,2704.77734375,2705.4140625,2704.77734375,2704.77734375,2704.77734375,2704.77734375
421,0.04984794699875392,0.008253747595253769,0.0001,1.6966273253783584,2704.77734375,2705.4140625,2704.77734375,2704.77734375,2704.77734375,2704.77734375
422,0.049847872296062926,0.00796780973262523,0.0001,1.7387946024537086,2704.77734375,2705.4140625,2704.77734375,2704.77734375,2704.77734375,2704.77734375
423,0.049847864515466425,0.009828564619347002,0.0001,4.1158701637759805,2704.77734375,2705.4140625,2704.77734375,2704.77734375,2704.77734375,2704.77734375
424,0.049847683590377084,0.010945593219566674,0.0001,1.9694538079202175,2704.77734375,2705.4140625,2704.77734375,2704.77734375,2704.77734375,2704.77734375
425,0.04984715896457895,0.02601550711317091,0.0001,4.113757566548884,2704.77734375,2705.4140625,2704.77734375,2704.77734375,2704.77734375,2704.77734375
426,0.04984704865042644,0.06196404888112694,0.0001,4.117163778282702,2704.77734375,2705.4140625,2704.77734375,2704.77734375,2704.77734375,2704.77734375
427,0.04984651457614553,0.04861364423526371,0.0001,2.0179617879912257,2704.77734375,2705.4140625,2704.77734375,2704.77734375,2704.77734375,2704.77734375
428,0.04984613100788847,0.028464233020986995,0.0001,2.0707697616890073,2704.77734375,2705.4140625,2704.77734375,2704.77734375,2704.77734375,2704.77734375
429,0.049846046545579226,0.0011361166942001316,0.0001,1.6614850917831063,2704.77734375,2705.4140625,2704.77734375,2704.77734375,2704.77734375,2704.77734375
430,0.04984604252596296,0.0011354790409484946,0.0001,1.6096583707258105,2704.77734375,2705.4140625,2704.77734375,2704.77734375,2704.77734375,2704.77734375
431,0.04984598391835177,0.0011946132974991518,0.0001,1.6055660173296928,2704.77734375,2705.4140625,2704.77734375,2704.77734375,2704.77734375,2704.77734375
432,0.049845944568399886,0.012592473146034178,0.0001,4.119196175597608,2704.77734375,2705.4140625,2704.77734375,2704.77734375,2704.77734375,2704.77734375
433,0.04984581528035251,0.012690778795303892,0.0001,1.6174627989530563,2704.77734375,2705.4140625,2704.77734375,2704.77734375,2704.77734375,2704.77734375
434,0.04984580063818008,0.0060754114763896805,0.0001,4.14963161200285,2704.77734375,2705.4140625,2704.77734375,2704.77734375,2704.77734375,2704.77734375
435,0.049845498994869925,0.002179360122819274,0.0001,1.9468876291066408,2704.77734375,2705.4140625,2704.77734375,2704.77734375,2704.77734375,2704.77734375
436,0.04984532501377348,0.006060354364658349,0.0001,1.8255779650062323,2704.77734375,2705.4140625,2704.77734375,2704.77734375,2704.77734375,2704.77734375
437,0.049845291910652706,0.016670813351573388,0.0001,4.11824300326407,2704.77734375,2705.4140625,2704.77734375,2704.77734375,2704.77734375,2704.77734375
438,0.049845192222890015,0.0124112044908824,0.0001,1.6061899485066533,2704.77734375,2705.4140625,2704.77734375,2704.77734375,2704.77734375,2704.77734375
439,0.049844630354419175,0.012180361583461252,0.0001,1.7840637313202024,2704.77734375,2705.4140625,2704.77734375,2704.77734375,2704.77734375,2704.77734375
440,0.04984439747096713,0.015888525352621086,0.0001,4.124414646998048,2704.77734375,2705.4140625,2704.77734375,2704.77734375,2704.77734375,2704.77734375
441,0.049843035717815946,0.013960932927425618,0.0001,1.9299679892137647,2704.77734375,2705.4140625,2704.77734375,2704.77734375,2704.77734375,2704.77734375
442,0.0498382840703042,0.025639113779868827,0.0001,2.055634059011936,2704.77734375,2705.4140625,2704.77734375,2704.77734375,2704.77734375,2704.77734375
443,0.04983077027909477,0.05295641165626641,0.0001,2.0509581323713064,2704.77734375,2705.4140625,2704.77734375,2704.77734375,2704.77734375,2704.77734375
444,0.0498117264069784,0.016252062673884016,0.0001,2.0557917887344956,2704.77734375,2705.4140625,2704.77734375,2704.77734375,2704.77734375,2704.77734375
445,0.0498077214414744,0.07334358019372911,0.0001,4.10698692407459,2704.77734375,2705.4140625,2704.77734375,2704.77734375,2704.77734375,2704.77734375
446,0.049780118367655765,0.007679938928515928,0.0001,2.056270921602845,2704.77734375,2705.4140625,2704.77734375,2704.77734375,2704.77734375,2704.77734375
447,0.049748186047215655,0.04705924444826681,0.0001,2.0426335241645575,2704.77734375,2705.4140625,2704.77734375,2704.77734375,2704.77734375,2704.77734375
448,0.04973430336696883,0.10580567216061532,0.0001,4.094272977672517,2704.77734375,2705.4140625,2704.77734375,2704.77734375,2704.77734375,2704.77734375
449,0.049691277778796984,0.13804854584179238,0.0001,4.074382378719747,2704.77734375,2705.4140625,2704.77734375,2704.77734375,2704.77734375,2704.77734375
450,0.04967630299649462,0.05462386248400186,0.0001,4.084914536215365,2704.77734375,2705.4140625,2704.77734375,2704.77734375,2704.77734375,2704.77734375
451,0.049670834741611894,0.06636600107539148,0.0001,4.082366577349603,2704.77734375,2705.4140625,2704.77734375,2704.77734375,2704.77734375,2704.77734375
452,0.04966243731566527,0.03573349799854286,0.0001,4.078964884392917,2704.77734375,2705.4140625,2704.77734375,2704.77734375,2704.77734375,2704.77734375
453,0.04965989725973581,0.030722873528071792,0.0001,2.038959021680057,2704.77734375,2705.4140625,2704.77734375,2704.77734375,2704.77734375,2704.77734375
454,0.04965942020677877,0.0396490292806837,0.0001,6.042198839597404,2704.77734375,2705.4140625,2704.77734375,2704.77734375,2704.77734375,2704.77734375
455,0.04965828169207364,0.032721642333553014,0.0001,2.0532528907060623,2704.77734375,2705.4140625,2704.77734375,2704.77734375,2704.77734375,2704.77734375
456,0.049654927869495206,0.011293582469452224,0.0001,2.0474405214190483,2704.77734375,2705.4140625,2704.77734375,2704.77734375,2704.77734375,2704.77734375
457,0.04965255758476646,0.006210798448004651,0.0001,4.107541524805129,2704.77734375,2705.4140625,2704.77734375,2704.77734375,2704.77734375,2704.77734375
458,0.04964946852645236,0.006818472754841154,0.0001,12.313160102814436,2704.77734375,2705.4140625,2704.77734375,2704.77734375,2704.77734375,2704.77734375
459,0.04964895919990957,0.012520695774204893,0.0001,4.075751722790301,2704.77734375,2705.4140625,2704.77734375,2704.77734375,2704.77734375,2704.77734375
460,0.0496486377569777,0.04352340496083962,0.0001,4.108130308799446,2704.77734375,2705.4140625,2704.77734375,2704.77734375,2704.77734375,2704.77734375
461,0.049645710222153215,0.0667659463253536,0.0001,2.0590015603229403,2704.77734375,2705.4140625,2704.77734375,2704.77734375,2704.77734375,2704.77734375
462,0.049645017303448745,0.025621547384924614,0.0001,2.053524101153016,2704.77734375,2705.4140625,2704.77734375,2704.77734375,2704.77734375,2704.77734375
463,0.04964470873178618,0.0027942808407270814,0.0001,1.781923120841384,2704.77734375,2705.4140625,2704.77734375,2704.77734375,2704.77734375,2704.77734375
464,0.04964442639736312,0.006732081021656455,0.0001,1.6043232483789325,2704.77734375,2705.4140625,2704.77734375,2704.77734375,2704.77734375,2704.77734375
465,0.04964381342108942,0.02852099906233385,0.0001,2.011538495309651,2704.77734375,2705.4140625,2704.77734375,2704.77734375,2704.77734375,2704.77734375
466,0.04964354598595712,0.005933054526193082,0.0001,2.057271904312074,2704.77734375,2705.4140625,2704.77734375,2704.77734375,2704.77734375,2704.77734375
467,0.049643018406912175,0.0011909208663231764,0.0001,2.0535340923815966,2704.77734375,2705.4140625,2704.77734375,2704.77734375,2704.77734375,2704.77734375
468,0.0496427390371221,0.0056248674510872565,0.0001,1.9174305154010653,2704.77734375,2705.4140625,2704.77734375,2704.77734375,2704.77734375,2704.77734375
469,0.049642385387648834,0.001126070750143704,0.0001,2.05162881501019,2704.77734375,2705.4140625,2704.77734375,2704.77734375,2704.77734375,2704.77734375
470,0.04964200048420244,0.0038713137873296333,0.0001,1.9199287835508585,2704.77734375,2705.4140625,2704.77734375,2704.77734375,2704.77734375,2704.77734375
471,0.04964152324131989,0.05023383077066845,0.0001,4.116111105307937,2704.77734375,2705.4140625,2704.77734375,2704.77734375,2704.77734375,2704.77734375
472,0.04964084161710344,0.03596221629262486,0.0001,4.104373913258314,2704.77734375,2705.4140625,2704.77734375,2704.77734375,2704.77734375,2704.77734375
473,0.049640471707145556,0.05285402360000935,0.0001,2.055544339120388,2704.77734375,2705.4140625,2704.77734375,2704.77734375,2704.77734375,2704.77734375
474,0.049640235305899026,0.029977294653238395,0.0001,4.120708230882883,2704.77734375,2705.4140625,2704.77734375,2704.77734375,2704.77734375,2704.77734375
475,0.049639831661941955,0.0025413500889205354,0.0001,1.873945603147149,2704.77734375,2705.4140625,2704.77734375,2704.77734375,2704.77734375,2704.77734375
476,0.04963959845962762,0.0026960621212139824,0.0001,2.0558753106743097,2704.77734375,2705.4140625,2704.77734375,2704.77734375,2704.77734375,2704.77734375
477,0.04963956986569873,0.002864592385711351,0.0001,4.109884463250637,2704.77734375,2705.4140625,2704.77734375,2704.77734375,2704.77734375,2704.77734375
478,0.04963948940364123,0.010171275818815495,0.0001,4.11839410290122,2704.77734375,2705.4140625,2704.77734375,2704.77734375,2704.77734375,2704.77734375
479,0.04963944421279927,0.0017159518777156713,0.0001,1.6033387454226613,2704.77734375,2705.4140625,2704.77734375,2704.77734375,2704.77734375,2704.77734375
480,0.049639355393250595,0.011898070084695567,0.0001,1.6472164988517761,2704.77734375,2705.4140625,2704.77734375,2704.77734375,2704.77734375,2704.77734375
481,0.049639303029958566,0.013250371571670527,0.0001,1.6066070459783077,2704.77734375,2705.4140625,2704.77734375,2704.77734375,2704.77734375,2704.77734375
482,0.04963927718377891,0.024405660953662478,0.0001,3.8889881502836943,2704.77734375,2705.4140625,2704.77734375,2704.77734375,2704.77734375,2704.77734375
483,0.04963919857915485,0.013382162328205993,0.0001,1.7814206192269921,2704.77734375,2705.4140625,2704.77734375,2704.77734375,2704.77734375,2704.77734375
484,0.04963915444876567,0.0024155914472803186,0.0001,1.6818593693897128,2704.77734375,2705.4140625,2704.77734375,2704.77734375,2704.77734375,2704.77734375
485,0.04963914491440584,0.000392631772928629,0.0001,1.6026363633573055,2704.77734375,2705.4140625,2704.77734375,2704.77734375,2704.77734375,2704.77734375
486,0.04963914111396743,0.00039457405876324283,0.0001,1.5999317932873964,2704.77734375,2705.4140625,2704.77734375,2704.77734375,2704.77734375,2704.77734375
487,0.049639106363966366,0.018602531836140912,0.0001,1.5997801618650556,2704.77734375,2705.4140625,2704.77734375,2704.77734375,2704.77734375,2704.77734375
488,0.0496390638713519,0.014229732819065699,0.0001,1.6064380267634988,2704.77734375,2705.4140625,2704.77734375,2704.77734375,2704.77734375,2704.77734375
489,0.04963882201130393,0.016057104045755444,0.0001,1.9152675373479724,2704.77734375,2705.4140625,2704.77734375,2704.77734375,2704.77734375,2704.77734375
490,0.04963877534863532,0.01808020083329609,0.0001,1.598270596936345,2704.77734375,2705.4140625,2704.77734375,2704.77734375,2704.77734375,2704.77734375
491,0.04963862689733487,0.08215922104381523,0.0001,2.0529538597911596,2704.77734375,2705.4140625,2704.77734375,2704.77734375,2704.77734375,2704.77734375
492,0.04963825424534423,0.040200323055799236,0.0001,1.9617486409842968,2704.77734375,2705.4140625,2704.77734375,2704.77734375,2704.77734375,2704.77734375
493,0.049637906491442375,0.001849428157134736,0.0001,2.049161615781486,2704.77734375,2705.4140625,2704.77734375,2704.77734375,2704.77734375,2704.77734375
494,0.04963778105467557,0.007486688249325857,0.0001,1.6468077274039388,2704.77734375,2705.4140625,2704.77734375,2704.77734375,2704.77734375,2704.77734375
495,0.049637765085455504,0.0023955800385089265,0.0001,1.603011873550713,2704.77734375,2705.4140625,2704.77734375,2704.77734375,2704.77734375,2704.77734375
496,0.04963776306522223,0.0004687855469243339,0.0001,3.204206052236259,2704.77734375,2705.4140625,2704.77734375,2704.77734375,2704.77734375,2704.77734375
497,0.049637760924612404,0.002076986409684234,0.0001,1.6182365473359823,2704.77734375,2705.4140625,2704.77734375,2704.77734375,2704.77734375,2704.77734375
498,0.04963775644802676,0.005117319534240772,0.0001,1.6067166570574045,2704.77734375,2705.4140625,2704.77734375,2704.77734375,2704.77734375,2704.77734375
499,0.049637750718215676,0.006875527821845195,0.0001,1.605980764143169,2704.77734375,2705.4140625,2704.77734375,2704.77734375,2704.77734375,2704.77734375
500,0.049637744876745625,0.004352942240459345,0.0001,1.5999739533290267,2704.77734375,2705.4140625,2704.77734375,2704.77734375,2704.77734375,2704.77734375
501,0.04963773961554717,0.004135183470092008,0.0001,3.4512190874665976,2704.77734375,2705.4140625,2704.77734375,2704.77734375,2704.77734375,2704.77734375
502,0.04963773756980538,0.00036989598847199113,0.0001,4.109401380643249,2704.77734375,2705.4140625,2704.77734375,2704.77734375,2704.77734375,2704.77734375
503,0.049637730319757864,0.0008698458132720965,0.0001,1.6127638090401888,2704.77734375,2705.4140625,2704.77734375,2704.77734375,2704.77734375,2704.77734375
504,0.049637707421931056,0.0012931248361747194,0.0001,1.6037037763744593,2704.77734375,2705.4140625,2704.77734375,2704.77734375,2704.77734375,2704.77734375
505,0.04963770384218973,0.009611323075294997,0.0001,4.1037443317472935,2704.77734375,2705.4140625,2704.77734375,2704.77734375,2704.77734375,2704.77734375
506,0.049637674455524125,0.00798474058878429,0.0001,1.6046351296827197,2704.77734375,2705.4140625,2704.77734375,2704.77734375,2704.77734375,2704.77734375
507,0.049637664400676254,0.0004925990911418761,0.0001,4.087125043384731,2704.77734375,2705.4140625,2704.77734375,2704.77734375,2704.77734375,2704.77734375
508,0.049637625817920666,0.002416191437712989,0.0001,1.604062837548554,2704.77734375,2705.4140625,2704.77734375,2704.77734375,2704.77734375,2704.77734375
509,0.04963758481907746,0.010498813225282566,0.0001,3.6624575164169073,2704.77734375,2705.4140625,2704.77734375,2704.77734375,2704.77734375,2704.77734375
510,0.049637551281076435,0.0031635632674955616,0.0001,1.6069206278771162,2704.77734375,2705.4140625,2704.77734375,2704.77734375,2704.77734375,2704.77734375
511,0.04963754300110727,0.000498999803408478,0.0001,1.6026255330070853,2704.77734375,2705.4140625,2704.77734375,2704.77734375,2704.77734375,2704.77734375
512,0.04963754041082373,0.0006744140522061404,0.0001,1.635961988940835,2704.77734375,2705.4140625,2704.77734375,2704.77734375,2704.77734375,2704.77734375
513,0.04963752328516271,0.0007048998204051138,0.0001,1.602204941213131,2704.77734375,2705.4140625,2704.77734375,2704.77734375,2704.77734375,2704.77734375
514,0.04963751880074584,0.005307195682131338,0.0001,4.114312889054418,2704.77734375,2705.4140625,2704.77734375,2704.77734375,2704.77734375,2704.77734375
515,0.04963746309541737,0.0037517886791096355,0.0001,1.602231771685183,2704.77734375,2705.4140625,2704.77734375,2704.77734375,2704.77734375,2704.77734375
516,0.04963735757539334,0.004086497007521617,0.0001,1.69114822242409,2704.77734375,2705.4140625,2704.77734375,2704.77734375,2704.77734375,2704.77734375
517,0.04963735213311048,0.000676016043166805,0.0001,5.753763930872083,2704.77734375,2705.4140625,2704.77734375,2704.77734375,2704.77734375,2704.77734375
518,0.049637211670287375,0.001167357217541909,0.0001,1.9202292449772358,2704.77734375,2705.4140625,2704.77734375,2704.77734375,2704.77734375,2704.77734375
519,0.049637209004119165,0.0029624630572826494,0.0001,4.106073809787631,2704.77734375,2705.4140625,2704.77734375,2704.77734375,2704.77734375,2704.77734375
520,0.049637142175663,0.0005679949351260483,0.0001,1.647101977840066,2704.77734375,2705.4140625,2704.77734375,2704.77734375,2704.77734375,2704.77734375
521,0.04963713746374194,0.0041550256157851795,0.0001,3.5982824321836233,2704.77734375,2705.4140625,2704.77734375,2704.77734375,2704.77734375,2704.77734375
522,0.04963712400137193,0.0009777830936810172,0.0001,1.610029618255794,2704.77734375,2705.4140625,2704.77734375,2704.77734375,2704.77734375,2704.77734375
523,0.04963712142120528,0.00032566786441463977,0.0001,1.6104777604341507,2704.77734375,2705.4140625,2704.77734375,2704.77734375,2704.77734375,2704.77734375
524,0.04963711774110101,0.0006619210563525435,0.0001,1.6092078248038888,2704.77734375,2705.4140625,2704.77734375,2704.77734375,2704.77734375,2704.77734375
525,0.04963711478077042,0.0018602308745179208,0.0001,1.6087260143831372,2704.77734375,2705.4140625,2704.77734375,2704.77734375,2704.77734375,2704.77734375
526,0.049637109652452056,0.0005411819255378703,0.0001,1.6119771162047982,2704.77734375,2705.4140625,2704.77734375,2704.77734375,2704.77734375,2704.77734375
527,0.0496371057806461,0.0004234639316202937,0.0001,1.610684771090746,2704.77734375,2705.4140625,2704.77734375,2704.77734375,2704.77734375,2704.77734375
528,0.049637092461211486,0.00761858841854024,0.0001,3.2652128245681524,2704.77734375,2705.4140625,2704.77734375,2704.77734375,2704.77734375,2704.77734375
529,0.04963706331257661,0.006237440815523909,0.0001,1.6084343735128641,2704.77734375,2705.4140625,2704.77734375,2704.77734375,2704.77734375,2704.77734375
530,0.04963700797819924,0.013504204693214894,0.0001,3.7556210719048977,2704.77734375,2705.4140625,2704.77734375,2704.77734375,2704.77734375,2704.77734375
531,0.04963683627886808,0.010980408950461595,0.0001,1.9239849876612425,2704.77734375,2705.4140625,2704.77734375,2704.77734375,2704.77734375,2704.77734375
532,0.04963678284460821,0.02647505144130713,0.0001,4.117564621381462,2704.77734375,2705.4140625,2704.77734375,2704.77734375,2704.77734375,2704.77734375
533,0.049636345602379284,0.010476326361661625,0.0001,2.0566470017656684,2704.77734375,2705.4140625,2704.77734375,2704.77734375,2704.77734375,2704.77734375
534,0.04963556913114688,0.0074791756497392115,0.0001,2.059833424165845,2704.77734375,2705.4140625,2704.77734375,2704.77734375,2704.77734375,2704.77734375
535,0.049633801727926696,0.028836885809426782,0.0001,2.057304414920509,2704.77734375,2705.4140625,2704.77734375,2704.77734375,2704.77734375,2704.77734375
536,0.04963066058346777,0.027602707723377362,0.0001,2.0557477800175548,2704.77734375,2705.4140625,2704.77734375,2704.77734375,2704.77734375,2704.77734375
537,0.049630574258900766,0.014291472367681024,0.0001,6.576939642429352,2704.77734375,2705.4140625,2704.77734375,2704.77734375,2704.77734375,2704.77734375
538,0.049627366235409726,0.005765337736259535,0.0001,2.05921290256083,2704.77734375,2705.4140625,2704.77734375,2704.77734375,2704.77734375,2704.77734375
539,0.04962672744045912,0.09546794689304161,0.0001,4.111217297613621,2704.77734375,2705.4140625,2704.77734375,2704.77734375,2704.77734375,2704.77734375
540,0.049625974590712676,0.08383345655362795,0.0001,4.126865263096988,2704.77734375,2705.4140625,2704.77734375,2704.77734375,2704.77734375,2704.77734375
541,0.049625047712633236,0.07383636894377232,0.0001,8.23541175108403,2704.77734375,2705.4140625,2704.77734375,2704.77734375,2704.77734375,2704.77734375
542,0.04962480366022549,0.061984540837651925,0.0001,4.121669574640691,2704.77734375,2705.4140625,2704.77734375,2704.77734375,2704.77734375,2704.77734375
543,0.04962340745131459,0.006017591961868796,0.0001,4.115467023104429,2704.77734375,2705.4140625,2704.77734375,2704.77734375,2704.77734375,2704.77734375
544,0.04962335915962422,0.016547375992653546,0.0001,1.8801474953070283,2704.77734375,2705.4140625,2704.77734375,2704.77734375,2704.77734375,2704.77734375
545,0.04962332493075357,0.0030973143296451067,0.0001,1.6090428354218602,2704.77734375,2705.4140625,2704.77734375,2704.77734375,2704.77734375,2704.77734375
546,0.049623301355508465,0.004580334078324144,0.0001,1.6103236684575677,2704.77734375,2705.4140625,2704.77734375,2704.77734375,2704.77734375,2704.77734375
547,0.04962324036959018,0.019247297991199175,0.0001,1.6096265465021133,2704.77734375,2705.4140625,2704.77734375,2704.77734375,2704.77734375,2704.77734375
548,0.049623156710298336,0.030467005011836634,0.0001,1.6090214047580957,2704.77734375,2705.4140625,2704.77734375,2704.77734375,2704.77734375,2704.77734375
549,0.04962301312303646,0.034868721873910435,0.0001,1.7861290154978633,2704.77734375,2705.4140625,2704.77734375,2704.77734375,2704.77734375,2704.77734375
550,0.04962296093441452,0.020147902416072228,0.0001,3.7079428657889366,2704.77734375,2705.4140625,2704.77734375,2704.77734375,2704.77734375,2704.77734375
551,0.0496228676450859,0.013994567521589896,0.0001,1.9322382165119052,2704.77734375,2705.4140625,2704.77734375,2704.77734375,2704.77734375,2704.77734375
552,0.04962279784519347,0.001684323301556656,0.0001,1.6099085481837392,2704.77734375,2705.4140625,2704.77734375,2704.77734375,2704.77734375,2704.77734375
553,0.04962276838552607,0.013086690340937457,0.0001,1.6103098103776574,2704.77734375,2705.4140625,2704.77734375,2704.77734375,2704.77734375,2704.77734375
554,0.04962274994846333,0.014493536888741554,0.0001,1.6087178634479642,2704.77734375,2705.4140625,2704.77734375,2704.77734375,2704.77734375,2704.77734375
555,0.04962269774351901,0.012066315824812213,0.0001,1.6746152639389038,2704.77734375,2705.4140625,2704.77734375,2704.77734375,2704.77734375,2704.77734375
556,0.04962268263144512,0.00213646956796687,0.0001,3.8844136837869883,2704.77734375,2705.4140625,2704.77734375,2704.77734375,2704.77734375,2704.77734375
557,0.0496226654786571,0.0005694286353072897,0.0001,1.6088300440460443,2704.77734375,2705.4140625,2704.77734375,2704.77734375,2704.77734375,2704.77734375
558,0.049622648289514425,0.006922133254349205,0.0001,3.2184866908937693,2704.77734375,2705.4140625,2704.77734375,2704.77734375,2704.77734375,2704.77734375
559,0.04962261078689081,0.009795404777145467,0.0001,1.6098624970763922,2704.77734375,2705.4140625,2704.77734375,2704.77734375,2704.77734375,2704.77734375
560,0.04962252877052826,0.012433137375657544,0.0001,1.6073894705623388,2704.77734375,2705.4140625,2704.77734375,2704.77734375,2704.77734375,2704.77734375
561,0.04962250651408866,0.02617939312126505,0.0001,4.121864704415202,2704.77734375,2705.4140625,2704.77734375,2704.77734375,2704.77734375,2704.77734375
562,0.04962239460701344,0.0162541306377868,0.0001,1.6531060608103871,2704.77734375,2705.4140625,2704.77734375,2704.77734375,2704.77734375,2704.77734375
563,0.04962222649398223,0.019860931267700832,0.0001,1.9287912035360932,2704.77734375,2705.4140625,2704.77734375,2704.77734375,2704.77734375,2704.77734375
564,0.04962218389581053,0.016048953100928354,0.0001,4.117030957713723,2704.77734375,2705.4140625,2704.77734375,2704.77734375,2704.77734375,2704.77734375
565,0.049622106065000636,0.004496992724686066,0.0001,3.9489528806880116,2704.77734375,2705.4140625,2704.77734375,2704.77734375,2704.77734375,2704.77734375
566,0.04962208775096682,0.002568588443676134,0.0001,1.6127297272905707,2704.77734375,2705.4140625,2704.77734375,2704.77734375,2704.77734375,2704.77734375
567,0.0496220635710521,0.003347225550138222,0.0001,1.8332419209182262,2704.77734375,2705.4140625,2704.77734375,2704.77734375,2704.77734375,2704.77734375
568,0.04962185044475705,0.00592693633147412,0.0001,1.6118502747267485,2704.77734375,2705.4140625,2704.77734375,2704.77734375,2704.77734375,2704.77734375
569,0.0496216290299963,0.01734897925972856,0.0001,4.122896778397262,2704.77734375,2705.4140625,2704.77734375,2704.77734375,2704.77734375,2704.77734375
570,0.049621108903732516,0.0024219848496047636,0.0001,1.9718573056161404,2704.77734375,2705.4140625,2704.77734375,2704.77734375,2704.77734375,2704.77734375
571,0.049621019925185875,0.0016159545333362946,0.0001,1.6976497853174806,2704.77734375,2705.4140625,2704.77734375,2704.77734375,2704.77734375,2704.77734375
572,0.049621012304090883,0.00804244367095941,0.0001,4.115319672040641,2704.77734375,2705.4140625,2704.77734375,2704.77734375,2704.77734375,2704.77734375
573,0.049620987433675816,0.0034499137793961854,0.0001,1.6091930465772748,2704.77734375,2705.4140625,2704.77734375,2704.77734375,2704.77734375,2704.77734375
574,0.04962097320116226,0.0007726772733460674,0.0001,1.6166015807539225,2704.77734375,2705.4140625,2704.77734375,2704.77734375,2704.77734375,2704.77734375
575,0.04962093357108295,0.0008865217535701797,0.0001,1.6121087856590748,2704.77734375,2705.4140625,2704.77734375,2704.77734375,2704.77734375,2704.77734375
576,0.04962087627890919,0.014266144604489384,0.0001,1.9310260936617851,2704.77734375,2705.4140625,2704.77734375,2704.77734375,2704.77734375,2704.77734375
577,0.04962075576544659,0.0008487001570768846,0.0001,1.6133573297411203,2704.77734375,2705.4140625,2704.77734375,2704.77734375,2704.77734375,2704.77734375
578,0.049620618313046545,0.0048188279741555595,0.0001,1.6138754216954112,2704.77734375,2705.4140625,2704.77734375,2704.77734375,2704.77734375,2704.77734375
579,0.04962034299278732,0.01232695629355074,0.0001,1.9743613451719284,2704.77734375,2705.4140625,2704.77734375,2704.77734375,2704.77734375,2704.77734375
580,0.049620327789170804,0.05557509355111756,0.0001,2.0234754057601094,2704.77734375,2705.4140625,2704.77734375,2704.77734375,2704.77734375,2704.77734375
581,0.04962017270633317,0.01770776978204347,0.0001,1.7027564831078053,2704.77734375,2705.4140625,2704.77734375,2704.77734375,2704.77734375,2704.77734375
582,0.04962014311639194,0.0018816781468350419,0.0001,1.6147136054933071,2704.77734375,2705.4140625,2704.77734375,2704.77734375,2704.77734375,2704.77734375
583,0.04962012929800145,0.0060865565612988615,0.0001,1.6165646919980645,2704.77734375,2705.4140625,2704.77734375,2704.77734375,2704.77734375,2704.77734375
584,0.04962011550529918,0.011097721241172698,0.0001,1.610962901264429,2704.77734375,2705.4140625,2704.77734375,2704.77734375,2704.77734375,2704.77734375
585,0.04962008534476712,0.017360266702281857,0.0001,1.6111097326502204,2704.77734375,2705.4140625,2704.77734375,2704.77734375,2704.77734375,2704.77734375
586,0.04962000800109358,0.01975301701600296,0.0001,1.6159024890512228,2704.77734375,2705.4140625,2704.77734375,2704.77734375,2704.77734375,2704.77734375
587,0.04961997095503018,0.020414687450312385,0.0001,4.129543581977487,2704.77734375,2705.4140625,2704.77734375,2704.77734375,2704.77734375,2704.77734375
588,0.04961981190085395,0.015978774283679664,0.0001,6.061932419426739,2704.77734375,2705.4140625,2704.77734375,2704.77734375,2704.77734375,2704.77734375
589,0.04961910942595016,0.018143751174969136,0.0001,2.069513848051429,2704.77734375,2705.4140625,2704.77734375,2704.77734375,2704.77734375,2704.77734375
590,0.04961899247419965,0.010477208974356111,0.0001,2.063012285158038,2704.77734375,2705.4140625,2704.77734375,2704.77734375,2704.77734375,2704.77734375
591,0.04961656249921422,0.07432211934518451,0.0001,4.124447944574058,2704.77734375,2705.4140625,2704.77734375,2704.77734375,2704.77734375,2704.77734375
592,0.0496149880223889,0.014061844865349116,0.0001,2.0658571049571037,2704.77734375,2705.4140625,2704.77734375,2704.77734375,2704.77734375,2704.77734375
593,0.04961412784443755,0.04080616042572016,0.0001,2.0690534552559257,2704.77734375,2705.4140625,2704.77734375,2704.77734375,2704.77734375,2704.77734375
594,0.049612788954700844,0.06986082363400459,0.0001,2.0623486330732703,2704.77734375,2705.4140625,2704.77734375,2704.77734375,2704.77734375,2704.77734375
595,0.049611902966825536,0.04604529087577769,0.0001,2.0632330365478992,2704.77734375,2705.4140625,2704.77734375,2704.77734375,2704.77734375,2704.77734375
596,0.04961050372467036,0.028807930422487305,0.0001,2.07249977812171,2704.77734375,2705.4140625,2704.77734375,2704.77734375,2704.77734375,2704.77734375
597,0.04961021233907226,0.006588785242312101,0.0001,2.1304923705756664,2704.77734375,2705.4140625,2704.77734375,2704.77734375,2704.77734375,2704.77734375
598,0.04961012704872503,0.005479410321295064,0.0001,1.6540642026811838,2704.77734375,2705.4140625,2704.77734375,2704.77734375,2704.77734375,2704.77734375
599,0.04961001854539643,0.02168621388801162,0.0001,1.603596406057477,2704.77734375,2705.4140625,2704.77734375,2704.77734375,2704.77734375,2704.77734375
600,0.04960990568006612,0.03204100202197946,0.0001,1.5985352285206318,2704.77734375,2705.4140625,2704.77734375,2704.77734375,2704.77734375,2704.77734375
601,0.04960962950559698,0.04313006806995845,0.0001,1.7400572840124369,2704.77734375,2705.4140625,2704.77734375,2704.77734375,2704.77734375,2704.77734375
602,0.049609214611556866,0.03756891967369902,0.0001,2.0493196668103337,2704.77734375,2705.4140625,2704.77734375,2704.77734375,2704.77734375,2704.77734375
603,0.049608924703510526,0.06361309497637735,0.0001,2.0759962406009436,2704.77734375,2705.4140625,2704.77734375,2704.77734375,2704.77734375,2704.77734375
604,0.04960861765917174,0.0423143629876952,0.0001,4.0963566564023495,2704.77734375,2705.4140625,2704.77734375,2704.77734375,2704.77734375,2704.77734375
605,0.04960842271751723,0.01038230589601341,0.0001,1.7218632902950048,2704.77734375,2705.4140625,2704.77734375,2704.77734375,2704.77734375,2704.77734375
606,0.04960836068262262,0.0013866502802810027,0.0001,1.6345863547176123,2704.77734375,2705.4140625,2704.77734375,2704.77734375,2704.77734375,2704.77734375
607,0.04960834878539812,0.032886184526694784,0.0001,1.5995874321088195,2704.77734375,2705.4140625,2704.77734375,2704.77734375,2704.77734375,2704.77734375
608,0.04960829310600553,0.018723169868340328,0.0001,1.6190698696300387,2704.77734375,2705.4140625,2704.77734375,2704.77734375,2704.77734375,2704.77734375
609,0.04960819033786807,0.0011387670841783385,0.0001,1.6008681263774633,2704.77734375,2705.4140625,2704.77734375,2704.77734375,2704.77734375,2704.77734375
610,0.04960799820522075,0.021007121471102286,0.0001,1.598548929207027,2704.77734375,2705.4140625,2704.77734375,2704.77734375,2704.77734375,2704.77734375
611,0.04960779775283496,0.0289454673285372,0.0001,1.6000558324158192,2704.77734375,2705.4140625,2704.77734375,2704.77734375,2704.77734375,2704.77734375
612,0.049607664142950196,0.02892224169427804,0.0001,1.6765127023681998,2704.77734375,2705.4140625,2704.77734375,2704.77734375,2704.77734375,2704.77734375
613,0.04960764573427132,0.01933241296353272,0.0001,5.723924405872822,2704.77734375,2705.4140625,2704.77734375,2704.77734375,2704.77734375,2704.77734375
614,0.049607598870645975,0.006035901716348269,0.0001,1.6016585091128945,2704.77734375,2705.4140625,2704.77734375,2704.77734375,2704.77734375,2704.77734375
615,0.04960758023416022,0.00407765017646744,0.0001,1.6000489937141538,2704.77734375,2705.4140625,2704.77734375,2704.77734375,2704.77734375,2704.77734375
616,0.04960755672819082,0.014705171662766858,0.0001,1.6015955889597535,2704.77734375,2705.4140625,2704.77734375,2704.77734375,2704.77734375,2704.77734375
617,0.0496075239516049,0.024320345373292973,0.0001,1.6003112737089396,2704.77734375,2705.4140625,2704.77734375,2704.77734375,2704.77734375,2704.77734375
618,0.04960748647876373,0.02237416095999989,0.0001,1.610443270765245,2704.77734375,2705.4140625,2704.77734375,2704.77734375,2704.77734375,2704.77734375
619,0.049607482185256666,0.02399796967836698,0.0001,4.164454924874008,2704.77734375,2705.4140625,2704.77734375,2704.77734375,2704.77734375,2704.77734375
620,0.0496074370460259,0.0063429583354266406,0.0001,1.6096987463533878,2704.77734375,2705.4140625,2704.77734375,2704.77734375,2704.77734375,2704.77734375
621,0.04960741728124848,0.005114730002537482,0.0001,1.6134535511955619,2704.77734375,2705.4140625,2704.77734375,2704.77734375,2704.77734375,2704.77734375
622,0.04960739486889308,0.015784508119153995,0.0001,1.612040774896741,2704.77734375,2705.4140625,2704.77734375,2704.77734375,2704.77734375,2704.77734375
623,0.04960736262954473,0.02389818200895444,0.0001,1.6157228695228696,2704.77734375,2705.4140625,2704.77734375,2704.77734375,2704.77734375,2704.77734375
624,0.04960730800167364,0.02797247231339972,0.0001,1.6183404568582773,2704.77734375,2705.4140625,2704.77734375,2704.77734375,2704.77734375,2704.77734375
625,0.04960726716689448,0.014519457334105312,0.0001,1.6121338857337832,2704.77734375,2705.4140625,2704.77734375,2704.77734375,2704.77734375,2704.77734375
626,0.04960724831132656,0.006125603220658249,0.0001,1.6165726920589805,2704.77734375,2705.4140625,2704.77734375,2704.77734375,2704.77734375,2704.77734375
627,0.049607238945247156,0.003140156617512435,0.0001,1.6111768819391727,2704.77734375,2705.4140625,2704.77734375,2704.77734375,2704.77734375,2704.77734375
628,0.04960723793634812,0.003150115200851511,0.0001,1.6068844981491566,2704.77734375,2705.4140625,2704.77734375,2704.77734375,2704.77734375,2704.77734375
629,0.04960722738954,0.003221361965877634,0.0001,4.124151352792978,2704.77734375,2705.4140625,2704.77734375,2704.77734375,2704.77734375,2704.77734375
630,0.04960718657692325,0.011631990435735817,0.0001,4.104647875763476,2704.77734375,2705.4140625,2704.77734375,2704.77734375,2704.77734375,2704.77734375
631,0.049607165553544386,0.008416719015753027,0.0001,1.5987325087189674,2704.77734375,2705.4140625,2704.77734375,2704.77734375,2704.77734375,2704.77734375
632,0.04960712668051058,0.0037716998493941833,0.0001,1.5947909951210022,2704.77734375,2705.4140625,2704.77734375,2704.77734375,2704.77734375,2704.77734375
633,0.0496069657597437,0.012786913645524312,0.0001,1.6439963774755597,2704.77734375,2705.4140625,2704.77734375,2704.77734375,2704.77734375,2704.77734375
634,0.049606890186401825,0.015849815287496627,0.0001,1.5988392094150186,2704.77734375,2705.4140625,2704.77734375,2704.77734375,2704.77734375,2704.77734375
635,0.049606844506967035,0.0265689229570516,0.0001,1.5954806078225374,2704.77734375,2705.4140625,2704.77734375,2704.77734375,2704.77734375,2704.77734375
636,0.049606811447852284,0.01088899959500278,0.0001,1.5985800186172128,2704.77734375,2705.4140625,2704.77734375,2704.77734375,2704.77734375,2704.77734375
637,0.0496068001059729,0.0029446465568978564,0.0001,1.596107649616897,2704.77734375,2705.4140625,2704.77734375,2704.77734375,2704.77734375,2704.77734375
638,0.04960679786887697,0.005200673796647237,0.0001,1.5948122255504131,2704.77734375,2705.4140625,2704.77734375,2704.77734375,2704.77734375,2704.77734375
639,0.04960679077547009,0.008739980008462989,0.0001,1.5982019267976284,2704.77734375,2705.4140625,2704.77734375,2704.77734375,2704.77734375,2704.77734375
640,0.04960677859096383,0.010211496476748239,0.0001,1.5955363288521767,2704.77734375,2705.4140625,2704.77734375,2704.77734375,2704.77734375,2704.77734375
641,0.04960674953033722,0.00694501490838495,0.0001,1.599460320547223,2704.77734375,2705.4140625,2704.77734375,2704.77734375,2704.77734375,2704.77734375
642,0.04960673251422791,0.0025363769619821674,0.0001,1.5985914394259453,2704.77734375,2705.4140625,2704.77734375,2704.77734375,2704.77734375,2704.77734375
643,0.04960669087560721,0.011593537786537489,0.0001,1.5985791273415089,2704.77734375,2705.4140625,2704.77734375,2704.77734375,2704.77734375,2704.77734375
644,0.049606623088988784,0.009913840527854934,0.0001,1.6045677494257689,2704.77734375,2705.4140625,2704.77734375,2704.77734375,2704.77734375,2704.77734375
645,0.049606533772309266,0.0015704096339871354,0.0001,1.8806620864197612,2704.77734375,2705.4140625,2704.77734375,2704.77734375,2704.77734375,2704.77734375
646,0.04960646044094281,0.006931194865024692,0.0001,1.5981149272993207,2704.77734375,2705.4140625,2704.77734375,2704.77734375,2704.77734375,2704.77734375
647,0.04960643572425082,0.02793066968535063,0.0001,3.224914434365928,2704.77734375,2705.4140625,2704.77734375,2704.77734375,2704.77734375,2704.77734375
648,0.049606353189394166,0.023095652796237487,0.0001,1.599388781003654,2704.77734375,2705.4140625,2704.77734375,2704.77734375,2704.77734375,2704.77734375
649,0.049606047094237,0.0022907626219084154,0.0001,1.998655810020864,2704.77734375,2705.4140625,2704.77734375,2704.77734375,2704.77734375,2704.77734375
650,0.0496059726880219,0.0019180636729891898,0.0001,1.8726317174732685,2704.77734375,2705.4140625,2704.77734375,2704.77734375,2704.77734375,2704.77734375
651,0.04960596160927549,0.006975387090395246,0.0001,8.0135214086622,2704.77734375,2705.4140625,2704.77734375,2704.77734375,2704.77734375,2704.77734375
652,0.04960593337953693,0.008967940133911778,0.0001,1.6871355157345533,2704.77734375,2705.4140625,2704.77734375,2704.77734375,2704.77734375,2704.77734375
653,0.04960590180519817,0.002880157788578308,0.0001,4.094856467097998,2704.77734375,2705.4140625,2704.77734375,2704.77734375,2704.77734375,2704.77734375
654,0.04960588330513772,0.0034777234847710448,0.0001,1.5991424350067973,2704.77734375,2705.4140625,2704.77734375,2704.77734375,2704.77734375,2704.77734375
655,0.04960585357815092,0.006759577485959345,0.0001,3.970423954539001,2704.77734375,2705.4140625,2704.77734375,2704.77734375,2704.77734375,2704.77734375
656,0.049605835673264,0.01192284010307798,0.0001,2.0036849081516266,2704.77734375,2705.4140625,2704.77734375,2704.77734375,2704.77734375,2704.77734375
657,0.049605807910568,0.0004919528730810357,0.0001,1.611038537696004,2704.77734375,2705.4140625,2704.77734375,2704.77734375,2704.77734375,2704.77734375
658,0.04960580518297092,0.0017175368731525698,0.0001,1.6013562325388193,2704.77734375,2705.4140625,2704.77734375,2704.77734375,2704.77734375,2704.77734375
659,0.0496058036633299,0.001598001980034569,0.0001,3.1931717516854405,2704.77734375,2705.4140625,2704.77734375,2704.77734375,2704.77734375,2704.77734375
660,0.049605800809690764,0.0005386292178765393,0.0001,1.601307462900877,2704.77734375,2705.4140625,2704.77734375,2704.77734375,2704.77734375,2704.77734375
661,0.04960579240821552,0.0005817813906769531,0.0001,1.5979841807857156,2704.77734375,2705.4140625,2704.77734375,2704.77734375,2704.77734375,2704.77734375
662,0.049605756713980535,0.011322400277199662,0.0001,1.5958963446319103,2704.77734375,2705.4140625,2704.77734375,2704.77734375,2704.77734375,2704.77734375
663,0.04960571598941716,0.005564449807906158,0.0001,1.5969849564135075,2704.77734375,2705.4140625,2704.77734375,2704.77734375,2704.77734375,2704.77734375
664,0.04960553309634516,0.01357759000965153,0.0001,1.6438556229695678,2704.77734375,2705.4140625,2704.77734375,2704.77734375,2704.77734375,2704.77734375
665,0.049605327147130535,0.023516210740365473,0.0001,1.5986472945660353,2704.77734375,2705.4140625,2704.77734375,2704.77734375,2704.77734375,2704.77734375
666,0.049605081256326324,0.024198644497414046,0.0001,1.831080725416541,2704.77734375,2705.4140625,2704.77734375,2704.77734375,2704.77734375,2704.77734375
667,0.04960507202086056,0.01651258453085469,0.0001,4.126990080811083,2704.77734375,2705.4140625,2704.77734375,2704.77734375,2704.77734375,2704.77734375
668,0.04960492522675875,0.01165331113075796,0.0001,1.8376316698268056,2704.77734375,2705.4140625,2704.77734375,2704.77734375,2704.77734375,2704.77734375
669,0.04960479097437106,0.023692307084651087,0.0001,1.6447155764326453,2704.77734375,2705.4140625,2704.77734375,2704.77734375,2704.77734375,2704.77734375
670,0.04960474410838668,0.0016771452658326247,0.0001,4.127408001571894,2704.77734375,2705.4140625,2704.77734375,2704.77734375,2704.77734375,2704.77734375
671,0.04960421898391708,0.013515616835735766,0.0001,3.491327398456633,2704.77734375,2705.4140625,2704.77734375,2704.77734375,2704.77734375,2704.77734375
672,0.049603711707652154,0.02238814059202532,0.0001,2.013272762298584,2704.77734375,2705.4140625,2704.77734375,2704.77734375,2704.77734375,2704.77734375
673,0.049603629416175125,0.01681330005712156,0.0001,2.0590925542637706,2704.77734375,2705.4140625,2704.77734375,2704.77734375,2704.77734375,2704.77734375
674,0.0496033841610866,0.015866521963163294,0.0001,4.126465737819672,2704.77734375,2705.4140625,2704.77734375,2704.77734375,2704.77734375,2704.77734375
675,0.04960328968548116,0.004000924156497554,0.0001,1.966911317780614,2704.77734375,2705.4140625,2704.77734375,2704.77734375,2704.77734375,2704.77734375
676,0.0496032750228895,0.00060283900870527,0.0001,1.6075200447812676,2704.77734375,2705.4140625,2704.77734375,2704.77734375,2704.77734375,2704.77734375
677,0.04960321182559672,0.012099154995483197,0.0001,1.612587783485651,2704.77734375,2705.4140625,2704.77734375,2704.77734375,2704.77734375,2704.77734375
678,0.04960311083378231,0.023717436197797426,0.0001,1.605911328457296,2704.77734375,2705.4140625,2704.77734375,2704.77734375,2704.77734375,2704.77734375
679,0.049602801976277255,0.04588701302107734,0.0001,1.9250373290851712,2704.77734375,2705.4140625,2704.77734375,2704.77734375,2704.77734375,2704.77734375
680,0.04960221020383024,0.0694501052454517,0.0001,2.0602672398090363,2704.77734375,2705.4140625,2704.77734375,2704.77734375,2704.77734375,2704.77734375
681,0.049601106625712876,0.07444641585266365,0.0001,2.058201080188155,2704.77734375,2705.4140625,2704.77734375,2704.77734375,2704.77734375,2704.77734375
682,0.049601049961696383,0.101108049637058,0.0001,5.999992645345628,2704.77734375,2705.4140625,2704.77734375,2704.77734375,2704.77734375,2704.77734375
683,0.049599484318663345,0.07644043505312403,0.0001,2.058133080601692,2704.77734375,2705.4140625,2704.77734375,2704.77734375,2704.77734375,2704.77734375
684,0.049598046126016836,0.0019264320922701694,0.0001,2.0568762570619583,2704.77734375,2705.4140625,2704.77734375,2704.77734375,2704.77734375,2704.77734375
685,0.04959775286163618,0.034536144950798264,0.0001,1.7357642892748117,2704.77734375,2705.4140625,2704.77734375,2704.77734375,2704.77734375,2704.77734375
686,0.04959750752202197,0.042841944816000566,0.0001,1.7912914156913757,2704.77734375,2705.4140625,2704.77734375,2704.77734375,2704.77734375,2704.77734375
687,0.04959729710225357,0.0034547100117793272,0.0001,4.097693096846342,2704.77734375,2705.4140625,2704.77734375,2704.77734375,2704.77734375,2704.77734375
688,0.049597045032019116,0.02157600357582279,0.0001,1.9372628023847938,2704.77734375,2705.4140625,2704.77734375,2704.77734375,2704.77734375,2704.77734375
689,0.04959656387011025,0.038017785396302406,0.0001,2.0493228202685714,2704.77734375,2705.4140625,2704.77734375,2704.77734375,2704.77734375,2704.77734375
690,0.04959533086047011,0.05619146445084877,0.0001,2.039746545255184,2704.77734375,2705.4140625,2704.77734375,2704.77734375,2704.77734375,2704.77734375
691,0.04959314166650351,0.06146366857382024,0.0001,2.042008033953607,2704.77734375,2705.4140625,2704.77734375,2704.77734375,2704.77734375,2704.77734375
692,0.049592913999774786,0.048617823871294874,0.0001,4.086260895244777,2704.77734375,2705.4140625,2704.77734375,2704.77734375,2704.77734375,2704.77734375
693,0.049591687966222375,0.00989609926842605,0.0001,2.0467762714251876,2704.77734375,2705.4140625,2704.77734375,2704.77734375,2704.77734375,2704.77734375
694,0.04959127433679815,0.030573597365176286,0.0001,2.0439190696924925,2704.77734375,2705.4140625,2704.77734375,2704.77734375,2704.77734375,2704.77734375
695,0.04959099966705634,0.00892212929584546,0.0001,4.0909673841670156,2704.77734375,2705.4140625,2704.77734375,2704.77734375,2704.77734375,2704.77734375
696,0.049590886752160314,0.0007369231948629612,0.0001,1.9995123539119959,2704.77734375,2705.4140625,2704.77734375,2704.77734375,2704.77734375,2704.77734375
697,0.04959084858166878,0.005861736761766934,0.0001,1.5946583803743124,2704.77734375,2705.4140625,2704.77734375,2704.77734375,2704.77734375,2704.77734375
698,0.04959068994937991,0.0038568449440592456,0.0001,1.8817999055609107,2704.77734375,2705.4140625,2704.77734375,2704.77734375,2704.77734375,2704.77734375
699,0.04959052920199538,0.01664250770136344,0.0001,1.7794834738597274,2704.77734375,2705.4140625,2704.77734375,2704.77734375,2704.77734375,2704.77734375
700,0.049590343509803306,0.017412908257067095,0.0001,1.9960618214681745,2704.77734375,2705.4140625,2704.77734375,2704.77734375,2704.77734375,2704.77734375
701,0.049590299594003705,0.009596887524592979,0.0001,4.091654295101762,2704.77734375,2705.4140625,2704.77734375,2704.77734375,2704.77734375,2704.77734375
702,0.049590070781777955,0.002743061353206122,0.0001,1.8223697058856487,2704.77734375,2705.4140625,2704.77734375,2704.77734375,2704.77734375,2704.77734375
703,0.049589755224185364,0.00526008458983207,0.0001,1.9450457012280822,2704.77734375,2705.4140625,2704.77734375,2704.77734375,2704.77734375,2704.77734375
704,0.049589714437782234,0.006275885805856696,0.0001,1.6861674832180142,2704.77734375,2705.4140625,2704.77734375,2704.77734375,2704.77734375,2704.77734375
705,0.049589703693687946,0.002427234103710596,0.0001,4.082700942642987,2704.77734375,2705.4140625,2704.77734375,2704.77734375,2704.77734375,2704.77734375
706,0.049589699799914934,0.002572705556604049,0.0001,1.5963647244498134,2704.77734375,2705.4140625,2704.77734375,2704.77734375,2704.77734375,2704.77734375
707,0.04958965743365945,0.011674608230136885,0.0001,1.638950016349554,2704.77734375,2705.4140625,2704.77734375,2704.77734375,2704.77734375,2704.77734375
708,0.0495895746104671,0.01296443062296837,0.0001,1.5945469494909048,2704.77734375,2705.4140625,2704.77734375,2704.77734375,2704.77734375,2704.77734375
709,0.04958941666023704,0.02429190520863045,0.0001,1.7200533440336585,2704.77734375,2705.4140625,2704.77734375,2704.77734375,2704.77734375,2704.77734375
710,0.049589373287044644,0.0003775288299467938,0.0001,1.6021827049553394,2704.77734375,2705.4140625,2704.77734375,2704.77734375,2704.77734375,2704.77734375
711,0.04958937212137632,0.0005609201440667233,0.0001,1.6038024919107556,2704.77734375,2705.4140625,2704.77734375,2704.77734375,2704.77734375,2704.77734375
712,0.04958937020086743,0.0023175717237349236,0.0001,3.654436055570841,2704.77734375,2705.4140625,2704.77734375,2704.77734375,2704.77734375,2704.77734375
713,0.04958936367389029,0.0025838008659611056,0.0001,1.602922247722745,2704.77734375,2705.4140625,2704.77734375,2704.77734375,2704.77734375,2704.77734375
714,0.04958930621983203,0.011340294906489357,0.0001,1.6055773086845875,2704.77734375,2705.4140625,2704.77734375,2704.77734375,2704.77734375,2704.77734375
715,0.04958921769815702,0.00616444948372763,0.0001,1.6011194614693522,2704.77734375,2705.4140625,2704.77734375,2704.77734375,2704.77734375,2704.77734375
716,0.04958899501533406,0.004769570014434565,0.0001,1.7272826889529824,2704.77734375,2705.4140625,2704.77734375,2704.77734375,2704.77734375,2704.77734375
717,0.049588704776436204,0.017081939410267255,0.0001,1.6955373473465443,2704.77734375,2705.4140625,2704.77734375,2704.77734375,2704.77734375,2704.77734375
718,0.04958826664467227,0.05431509491836217,0.0001,2.0166474040597677,2704.77734375,2705.4140625,2704.77734375,2704.77734375,2704.77734375,2704.77734375
719,0.04958792041350565,0.03733141868328316,0.0001,2.0132849514484406,2704.77734375,2705.4140625,2704.77734375,2704.77734375,2704.77734375,2704.77734375
720,0.049587585025522525,0.010432587057005449,0.0001,1.8705061078071594,2704.77734375,2705.4140625,2704.77734375,2704.77734375,2704.77734375,2704.77734375
721,0.04958728330408599,0.002756763741661117,0.0001,1.9209007443860173,2704.77734375,2705.4140625,2704.77734375,2704.77734375,2704.77734375,2704.77734375
722,0.04958696716312109,0.0879184448083219,0.0001,2.060275798663497,2704.77734375,2705.4140625,2704.77734375,2704.77734375,2704.77734375,2704.77734375
723,0.04958672539662035,0.0010096371418126804,0.0001,2.0559905422851443,2704.77734375,2705.4140625,2704.77734375,2704.77734375,2704.77734375,2704.77734375
724,0.04958659856778618,0.006148456822548387,0.0001,1.8728790152817965,2704.77734375,2705.4140625,2704.77734375,2704.77734375,2704.77734375,2704.77734375
725,0.04958646485243813,0.00507940051793021,0.0001,2.016989456489682,2704.77734375,2705.4140625,2704.77734375,2704.77734375,2704.77734375,2704.77734375
726,0.04958637237787107,0.0024258390439287902,0.0001,1.6583507237955928,2704.77734375,2705.4140625,2704.77734375,2704.77734375,2704.77734375,2704.77734375
727,0.049586308875453115,0.002015976335617342,0.0001,1.8282184563577175,2704.77734375,2705.4140625,2704.77734375,2704.77734375,2704.77734375,2704.77734375
728,0.04958625383287557,0.011753354256220483,0.0001,1.6098038833588362,2704.77734375,2705.4140625,2704.77734375,2704.77734375,2704.77734375,2704.77734375
729,0.04958619896873127,0.003626377429758687,0.0001,1.6110605373978615,2704.77734375,2705.4140625,2704.77734375,2704.77734375,2704.77734375,2704.77734375
730,0.049586166016334435,0.005295603450199526,0.0001,1.6079573659226298,2704.77734375,2705.4140625,2704.77734375,2704.77734375,2704.77734375,2704.77734375
731,0.049586086975503776,0.004443972866629453,0.0001,2.055382161401212,2704.77734375,2705.4140625,2704.77734375,2704.77734375,2704.77734375,2704.77734375
732,0.049586011777137576,0.0035433625271370506,0.0001,1.6117034796625376,2704.77734375,2705.4140625,2704.77734375,2704.77734375,2704.77734375,2704.77734375
733,0.04958596011858173,0.03472480532336175,0.0001,4.067786909639835,2704.77734375,2705.4140625,2704.77734375,2704.77734375,2704.77734375,2704.77734375
734,0.049585834794672254,0.03209654330864797,0.0001,1.6074498752132058,2704.77734375,2705.4140625,2704.77734375,2704.77734375,2704.77734375,2704.77734375
735,0.049585638668765135,0.0019455100794982805,0.0001,4.113415451720357,2704.77734375,2705.4140625,2704.77734375,2704.77734375,2704.77734375,2704.77734375
736,0.04958539299816277,0.0063869364934034945,0.0001,1.6531387260183692,2704.77734375,2705.4140625,2704.77734375,2704.77734375,2704.77734375,2704.77734375
737,0.04958516595613925,0.0008796936079289895,0.0001,2.0566717265173793,2704.77734375,2705.4140625,2704.77734375,2704.77734375,2704.77734375,2704.77734375
738,0.04958480683262987,0.009558524922894551,0.0001,1.6936277598142624,2704.77734375,2705.4140625,2704.77734375,2704.77734375,2704.77734375,2704.77734375
739,0.049582695321421066,0.023600210081260342,0.0001,2.0543945375829935,2704.77734375,2705.4140625,2704.77734375,2704.77734375,2704.77734375,2704.77734375
740,0.049581833376658974,0.028125031543479784,0.0001,2.05584660358727,2704.77734375,2705.4140625,2704.77734375,2704.77734375,2704.77734375,2704.77734375
741,0.04958092509441425,0.001739709416986773,0.0001,2.058031739667058,2704.77734375,2705.4140625,2704.77734375,2704.77734375,2704.77734375,2704.77734375
742,0.04958065585222249,0.00664802714756163,0.0001,2.0135489525273442,2704.77734375,2705.4140625,2704.77734375,2704.77734375,2704.77734375,2704.77734375
743,0.04958057939178612,0.002640413658933638,0.0001,1.9109596805647016,2704.77734375,2705.4140625,2704.77734375,2704.77734375,2704.77734375,2704.77734375
744,0.049580575890268375,0.005053892391181147,0.0001,4.111425324343145,2704.77734375,2705.4140625,2704.77734375,2704.77734375,2704.77734375,2704.77734375
745,0.0495805629445481,0.003956662245096831,0.0001,1.604848375543952,2704.77734375,2705.4140625,2704.77734375,2704.77734375,2704.77734375,2704.77734375
746,0.0495804738187445,0.0029221944321216053,0.0001,1.6092072511091828,2704.77734375,2705.4140625,2704.77734375,2704.77734375,2704.77734375,2704.77734375
747,0.04958037147789945,0.019624626430586267,0.0001,4.113289262168109,2704.77734375,2705.4140625,2704.77734375,2704.77734375,2704.77734375,2704.77734375
748,0.04957975922140749,0.020420954532225366,0.0001,2.0617571929469705,2704.77734375,2705.4140625,2704.77734375,2704.77734375,2704.77734375,2704.77734375
749,0.049579329014969746,0.059403723095142524,0.0001,2.0595766063779593,2704.77734375,2705.4140625,2704.77734375,2704.77734375,2704.77734375,2704.77734375
750,0.04957733303988739,0.01639941647923271,0.0001,2.0581407817080617,2704.77734375,2705.4140625,2704.77734375,2704.77734375,2704.77734375,2704.77734375
751,0.049575489078992355,0.015023840252587073,0.0001,2.0133320912718773,2704.77734375,2705.4140625,2704.77734375,2704.77734375,2704.77734375,2704.77734375
752,0.04957430656910024,0.02003285099797303,0.0001,2.0574277993291616,2704.77734375,2705.4140625,2704.77734375,2704.77734375,2704.77734375,2704.77734375
753,0.04957413743573918,0.022644327185352142,0.0001,4.113235531374812,2704.77734375,2705.4140625,2704.77734375,2704.77734375,2704.77734375,2704.77734375
754,0.0495732440739521,0.04143110244512027,0.0001,4.11378997284919,2704.77734375,2705.4140625,2704.77734375,2704.77734375,2704.77734375,2704.77734375
755,0.04957320261334394,0.012399211402387644,0.0001,4.119785654358566,2704.77734375,2705.4140625,2704.77734375,2704.77734375,2704.77734375,2704.77734375
756,0.049572983367957485,0.0016494676458741286,0.0001,1.6104177255183458,2704.77734375,2705.4140625,2704.77734375,2704.77734375,2704.77734375,2704.77734375
757,0.04957275226714235,0.0016948651681864908,0.0001,1.7428476540371776,2704.77734375,2705.4140625,2704.77734375,2704.77734375,2704.77734375,2704.77734375
758,0.04957268911053489,0.011397740749622964,0.0001,4.113991564139724,2704.77734375,2705.4140625,2704.77734375,2704.77734375,2704.77734375,2704.77734375
759,0.049572265157948624,0.005646436696977619,0.0001,1.8768481584265828,2704.77734375,2705.4140625,2704.77734375,2704.77734375,2704.77734375,2704.77734375
760,0.04957058180851488,0.017973758445542165,0.0001,2.056738776154816,2704.77734375,2705.4140625,2704.77734375,2704.77734375,2704.77734375,2704.77734375
761,0.049568407582610045,0.03943952118463345,0.0001,2.05440088827163,2704.77734375,2705.4140625,2704.77734375,2704.77734375,2704.77734375,2704.77734375
762,0.0495655918171299,0.015369095586190706,0.0001,2.055920992977917,2704.77734375,2705.4140625,2704.77734375,2704.77734375,2704.77734375,2704.77734375
763,0.04956537538034886,0.028791598812487607,0.0001,4.114554566331208,2704.77734375,2705.4140625,2704.77734375,2704.77734375,2704.77734375,2704.77734375
764,0.049565088933440714,0.013607651386171593,0.0001,1.8975611012429,2704.77734375,2705.4140625,2704.77734375,2704.77734375,2704.77734375,2704.77734375
765,0.04956501884325063,0.00416367338771062,0.0001,1.6100704642012715,2704.77734375,2705.4140625,2704.77734375,2704.77734375,2704.77734375,2704.77734375
766,0.04956497596792943,0.0008223919447566397,0.0001,1.6102461144328117,2704.77734375,2705.4140625,2704.77734375,2704.77734375,2704.77734375,2704.77734375
767,0.04956491665645212,0.030873711555214012,0.0001,1.8224086156114936,2704.77734375,2705.4140625,2704.77734375,2704.77734375,2704.77734375,2704.77734375
768,0.04956477759113598,0.012989055874241595,0.0001,1.7843187106773257,2704.77734375,2705.4140625,2704.77734375,2704.77734375,2704.77734375,2704.77734375
769,0.0495646271485901,0.0054583453350455224,0.0001,1.9240660965442657,2704.77734375,2705.4140625,2704.77734375,2704.77734375,2704.77734375,2704.77734375
770,0.04956459409006816,0.004593981652821211,0.0001,1.6076264148578048,2704.77734375,2705.4140625,2704.77734375,2704.77734375,2704.77734375,2704.77734375
771,0.04956449146272991,0.01045156287436888,0.0001,1.6978511549532413,2704.77734375,2705.4140625,2704.77734375,2704.77734375,2704.77734375,2704.77734375
772,0.04956432664828766,0.030534172270427318,0.0001,1.8680527675896883,2704.77734375,2705.4140625,2704.77734375,2704.77734375,2704.77734375,2704.77734375
773,0.04956412288919313,0.03991648988880803,0.0001,1.9212712664157152,2704.77734375,2705.4140625,2704.77734375,2704.77734375,2704.77734375,2704.77734375
774,0.049564043791981954,0.011670941141219693,0.0001,4.025973961688578,2704.77734375,2705.4140625,2704.77734375,2704.77734375,2704.77734375,2704.77734375
775,0.049563896091643245,0.013660407561137955,0.0001,1.65269838552922,2704.77734375,2705.4140625,2704.77734375,2704.77734375,2704.77734375,2704.77734375
776,0.04956387905441056,0.010186179987717647,0.0001,4.1095452178269625,2704.77734375,2705.4140625,2704.77734375,2704.77734375,2704.77734375,2704.77734375
777,0.04956372471356592,0.01209312986746025,0.0001,1.6082604983821511,2704.77734375,2705.4140625,2704.77734375,2704.77734375,2704.77734375,2704.77734375
778,0.04956371273661744,0.018576179685409366,0.0001,4.112329017370939,2704.77734375,2705.4140625,2704.77734375,2704.77734375,2704.77734375,2704.77734375
779,0.049563665235447064,0.004606596803460095,0.0001,1.6529778558760881,2704.77734375,2705.4140625,2704.77734375,2704.77734375,2704.77734375,2704.77734375
780,0.049563652412541064,0.001872003704715075,0.0001,1.607576155103743,2704.77734375,2705.4140625,2704.77734375,2704.77734375,2704.77734375,2704.77734375
781,0.049563647022712445,0.0026051315143765796,0.0001,1.6070466628298163,2704.77734375,2705.4140625,2704.77734375,2704.77734375,2704.77734375,2704.77734375
782,0.04956361655699633,0.012334347721607575,0.0001,1.6549495626240969,2704.77734375,2705.4140625,2704.77734375,2704.77734375,2704.77734375,2704.77734375
783,0.04956355609606815,0.014195539250723144,0.0001,1.6086180387064815,2704.77734375,2705.4140625,2704.77734375,2704.77734375,2704.77734375,2704.77734375
784,0.04956354190383106,0.07150981965638836,0.0001,2.0604679388925433,2704.77734375,2705.4140625,2704.77734375,2704.77734375,2704.77734375,2704.77734375
785,0.049563173471966426,0.027346041426664747,0.0001,1.8804851919412613,2704.77734375,2705.4140625,2704.77734375,2704.77734375,2704.77734375,2704.77734375
786,0.04956275939509377,0.001568523690072654,0.0001,1.8795442581176758,2704.77734375,2705.4140625,2704.77734375,2704.77734375,2704.77734375,2704.77734375
787,0.04956190396403671,0.0401630148206682,0.0001,2.013503823429346,2704.77734375,2705.4140625,2704.77734375,2704.77734375,2704.77734375,2704.77734375
788,0.04956113955256866,0.04711716242379693,0.0001,2.0151487486436963,2704.77734375,2705.4140625,2704.77734375,2704.77734375,2704.77734375,2704.77734375
789,0.04956102935963384,0.07290987885606248,0.0001,4.1156314900144935,2704.77734375,2705.4140625,2704.77734375,2704.77734375,2704.77734375,2704.77734375
790,0.049560315827013104,0.02357475584750346,0.0001,2.061923313885927,2704.77734375,2705.4140625,2704.77734375,2704.77734375,2704.77734375,2704.77734375
791,0.049560211314521825,0.003147668753506583,0.0001,1.7386374901980162,2704.77734375,2705.4140625,2704.77734375,2704.77734375,2704.77734375,2704.77734375
792,0.04956016408732032,0.009658700302885292,0.0001,1.6087090075016022,2704.77734375,2705.4140625,2704.77734375,2704.77734375,2704.77734375,2704.77734375
793,0.04956011637225595,0.01895220962276567,0.0001,1.6083854986354709,2704.77734375,2705.4140625,2704.77734375,2704.77734375,2704.77734375,2704.77734375
794,0.049560042842874644,0.023716315548405142,0.0001,1.6086858492344618,2704.77734375,2705.4140625,2704.77734375,2704.77734375,2704.77734375,2704.77734375
795,0.04955997832850317,0.00902395040964643,0.0001,1.6956609962508082,2704.77734375,2705.4140625,2704.77734375,2704.77734375,2704.77734375,2704.77734375
796,0.0495599368251071,0.008209706353418111,0.0001,1.610961727797985,2704.77734375,2705.4140625,2704.77734375,2704.77734375,2704.77734375,2704.77734375
797,0.04955990654887783,0.001782080834610067,0.0001,4.11225997749716,2704.77734375,2705.4140625,2704.77734375,2704.77734375,2704.77734375,2704.77734375
798,0.04955984384353118,0.009796873517504467,0.0001,1.7827679961919785,2704.77734375,2705.4140625,2704.77734375,2704.77734375,2704.77734375,2704.77734375
799,0.0495598081699596,0.013658431103143132,0.0001,1.610142894089222,2704.77734375,2705.4140625,2704.77734375,2704.77734375,2704.77734375,2704.77734375
800,0.049559564840372904,0.03583182061837853,0.0001,1.919177987612784,2704.77734375,2705.4140625,2704.77734375,2704.77734375,2704.77734375,2704.77734375
801,0.049559190967995985,0.05275359257241652,0.0001,1.9214538969099522,2704.77734375,2705.4140625,2704.77734375,2704.77734375,2704.77734375,2704.77734375
802,0.049558411390870166,0.054273092963197156,0.0001,2.0559866642579436,2704.77734375,2705.4140625,2704.77734375,2704.77734375,2704.77734375,2704.77734375
803,0.04955792552495556,0.03933103086627909,0.0001,7.860830537043512,2704.77734375,2705.4140625,2704.77734375,2704.77734375,2704.77734375,2704.77734375
804,0.04955769061685216,0.09283872949119143,0.0001,4.117706316523254,2704.77734375,2705.4140625,2704.77734375,2704.77734375,2704.77734375,2704.77734375
805,0.04955583594988826,0.08078299956141977,0.0001,2.060475899837911,2704.77734375,2705.4140625,2704.77734375,2704.77734375,2704.77734375,2704.77734375
806,0.04955442181606309,0.016513844836463454,0.0001,2.0596307162195444,2704.77734375,2705.4140625,2704.77734375,2704.77734375,2704.77734375,2704.77734375
807,0.04955384103296643,0.015373095236905554,0.0001,2.0106502436101437,2704.77734375,2705.4140625,2704.77734375,2704.77734375,2704.77734375,2704.77734375
808,0.049553821151955064,0.04625710674833994,0.0001,4.1113186636939645,2704.77734375,2705.4140625,2704.77734375,2704.77734375,2704.77734375,2704.77734375
809,0.04955358131335759,0.016798004730091964,0.0001,2.0112330354750156,2704.77734375,2705.4140625,2704.77734375,2704.77734375,2704.77734375,2704.77734375
810,0.04955349642141185,0.012516149785891106,0.0001,1.6078212056308985,2704.77734375,2705.4140625,2704.77734375,2704.77734375,2704.77734375,2704.77734375
811,0.049552714971988585,0.0186400141281462,0.0001,2.055363280698657,2704.77734375,2705.4140625,2704.77734375,2704.77734375,2704.77734375,2704.77734375
812,0.049552236821372206,0.025730729983032496,0.0001,2.0532307140529156,2704.77734375,2705.4140625,2704.77734375,2704.77734375,2704.77734375,2704.77734375
813,0.04955175498468152,0.021963620113268245,0.0001,2.0563031937927008,2704.77734375,2705.4140625,2704.77734375,2704.77734375,2704.77734375,2704.77734375
814,0.049550884062877935,0.015747426208696735,0.0001,1.9701730599626899,2704.77734375,2705.4140625,2704.77734375,2704.77734375,2704.77734375,2704.77734375
815,0.049550243104555296,0.04849262916873487,0.0001,1.697847105562687,2704.77734375,2705.4140625,2704.77734375,2704.77734375,2704.77734375,2704.77734375
816,0.04954915407545915,0.04056276352341848,0.0001,2.0121770882979035,2704.77734375,2705.4140625,2704.77734375,2704.77734375,2704.77734375,2704.77734375
817,0.04954893842396993,0.09382667085479557,0.0001,6.173914540559053,2704.77734375,2705.4140625,2704.77734375,2704.77734375,2704.77734375,2704.77734375
818,0.04954794622365111,0.04899519954637277,0.0001,2.0579116307199,2704.77734375,2705.4140625,2704.77734375,2704.77734375,2704.77734375,2704.77734375
819,0.04954752013969404,0.003402576182320316,0.0001,2.058701823465526,2704.77734375,2705.4140625,2704.77734375,2704.77734375,2704.77734375,2704.77734375
820,0.04954741459702086,0.01205428731865954,0.0001,1.6515850611031055,2704.77734375,2705.4140625,2704.77734375,2704.77734375,2704.77734375,2704.77734375
821,0.049547349023725706,0.009914034246940595,0.0001,1.609013100154698,2704.77734375,2705.4140625,2704.77734375,2704.77734375,2704.77734375,2704.77734375
822,0.04954731916325661,0.019977895708117588,0.0001,4.1109832329675555,2704.77734375,2705.4140625,2704.77734375,2704.77734375,2704.77734375,2704.77734375
823,0.04954723404463553,0.011790984525408277,0.0001,1.6073369532823563,2704.77734375,2705.4140625,2704.77734375,2704.77734375,2704.77734375,2704.77734375
824,0.049547130013655516,0.0012540150387142985,0.0001,1.9211554266512394,2704.77734375,2705.4140625,2704.77734375,2704.77734375,2704.77734375,2704.77734375
825,0.04954709512473261,0.0026466993383573723,0.0001,1.609478090889752,2704.77734375,2705.4140625,2704.77734375,2704.77734375,2704.77734375,2704.77734375
826,0.04954699421340056,0.006651404650845016,0.0001,1.6084563974291086,2704.77734375,2705.4140625,2704.77734375,2704.77734375,2704.77734375,2704.77734375
827,0.049546772444217624,0.002828551685527536,0.0001,2.0560786547139287,2704.77734375,2705.4140625,2704.77734375,2704.77734375,2704.77734375,2704.77734375
828,0.04954650825347398,0.004894048329301182,0.0001,1.9657414639368653,2704.77734375,2705.4140625,2704.77734375,2704.77734375,2704.77734375,2704.77734375
829,0.049546498646990934,0.02329823970579281,0.0001,4.117930809035897,2704.77734375,2705.4140625,2704.77734375,2704.77734375,2704.77734375,2704.77734375
830,0.04954609101446207,0.017915068043295568,0.0001,2.0578154595568776,2704.77734375,2705.4140625,2704.77734375,2704.77734375,2704.77734375,2704.77734375
831,0.0495460512596867,0.0010050675134139835,0.0001,4.120172846131027,2704.77734375,2705.4140625,2704.77734375,2704.77734375,2704.77734375,2704.77734375
832,0.04954560321367533,0.0023234692056530726,0.0001,1.9685055436566472,2704.77734375,2705.4140625,2704.77734375,2704.77734375,2704.77734375,2704.77734375
833,0.04954540801823536,0.0645657537496751,0.0001,2.055933973751962,2704.77734375,2705.4140625,2704.77734375,2704.77734375,2704.77734375,2704.77734375
834,0.04954422281919879,0.008964810415894142,0.0001,2.058220581151545,2704.77734375,2705.4140625,2704.77734375,2704.77734375,2704.77734375,2704.77734375
835,0.04954365930835153,0.011612570329352145,0.0001,1.7885731561109424,2704.77734375,2705.4140625,2704.77734375,2704.77734375,2704.77734375,2704.77734375
836,0.049543213132354734,0.020352164379733084,0.0001,1.9223093204200268,2704.77734375,2705.4140625,2704.77734375,2704.77734375,2704.77734375,2704.77734375
837,0.04954299494880372,0.004124547497774245,0.0001,2.057927039451897,2704.77734375,2705.4140625,2704.77734375,2704.77734375,2704.77734375,2704.77734375
838,0.04954290149644442,0.0243186771192081,0.0001,2.0581755116581917,2704.77734375,2705.4140625,2704.77734375,2704.77734375,2704.77734375,2704.77734375
839,0.04954222088341611,0.0059166546329807446,0.0001,1.923378643579781,2704.77734375,2705.4140625,2704.77734375,2704.77734375,2704.77734375,2704.77734375
840,0.04954179772184649,0.026808073878424432,0.0001,1.9273070069029927,2704.77734375,2705.4140625,2704.77734375,2704.77734375,2704.77734375,2704.77734375
841,0.049541354773016015,0.015272366338987542,0.0001,1.8313971785828471,2704.77734375,2705.4140625,2704.77734375,2704.77734375,2704.77734375,2704.77734375
842,0.049541133038396,0.0785017189893149,0.0001,4.119487733580172,2704.77734375,2705.4140625,2704.77734375,2704.77734375,2704.77734375,2704.77734375
843,0.04954039106916223,0.04714944063167359,0.0001,1.9726917780935764,2704.77734375,2705.4140625,2704.77734375,2704.77734375,2704.77734375,2704.77734375
844,0.04953853468324395,0.00468850478239502,0.0001,2.059622366912663,2704.77734375,2705.4140625,2704.77734375,2704.77734375,2704.77734375,2704.77734375
845,0.04953568525888162,0.10095557576864489,0.0001,2.057423538528383,2704.77734375,2705.4140625,2704.77734375,2704.77734375,2704.77734375,2704.77734375
846,0.04953290505177486,0.1273348072755669,0.0001,2.0562949646264315,2704.77734375,2705.4140625,2704.77734375,2704.77734375,2704.77734375,2704.77734375
847,0.04951965969532306,0.13922537079482256,0.0001,2.0579840298742056,2704.77734375,2705.4140625,2704.77734375,2704.77734375,2704.77734375,2704.77734375
848,0.04951796345697834,0.2214192564887867,0.0001,4.114213325083256,2704.77734375,2705.4140625,2704.77734375,2704.77734375,2704.77734375,2704.77734375
849,0.049497616612263616,0.1929027050500831,0.0001,2.057332508265972,2704.77734375,2705.4140625,2704.77734375,2704.77734375,2704.77734375,2704.77734375
850,0.04948136197212354,0.2652427039018299,0.0001,2.060203888453543,2704.77734375,2705.4140625,2704.77734375,2704.77734375,2704.77734375,2704.77734375
851,0.04946684982604633,0.1063859500241382,0.0001,2.0583392223343253,2704.77734375,2705.4140625,2704.77734375,2704.77734375,2704.77734375,2704.77734375
852,0.04945811758776056,0.15835275265120452,0.0001,2.0592694552615285,2704.77734375,2705.4140625,2704.77734375,2704.77734375,2704.77734375,2704.77734375
853,0.049442863424084264,0.19763086974800015,0.0001,4.117370195686817,2704.77734375,2705.4140625,2704.77734375,2704.77734375,2704.77734375,2704.77734375
854,0.049435926830298155,0.004184514439552256,0.0001,2.0564705850556493,2704.77734375,2705.4140625,2704.77734375,2704.77734375,2704.77734375,2704.77734375
855,0.04943282899876223,0.060346183476670534,0.0001,2.057052127085626,2704.77734375,2705.4140625,2704.77734375,2704.77734375,2704.77734375,2704.77734375
856,0.0494281681499068,0.0645291895312613,0.0001,2.054893129505217,2704.77734375,2705.4140625,2704.77734375,2704.77734375,2704.77734375,2704.77734375
857,0.04942193896345069,0.059930559612748624,0.0001,2.0575014781206846,2704.77734375,2705.4140625,2704.77734375,2704.77734375,2704.77734375,2704.77734375
858,0.0494162287703546,0.02822089068137057,0.0001,2.056536235846579,2704.77734375,2705.4140625,2704.77734375,2704.77734375,2704.77734375,2704.77734375
859,0.049412825398031754,0.04490901886918053,0.0001,2.057353988289833,2704.77734375,2705.4140625,2704.77734375,2704.77734375,2704.77734375,2704.77734375
860,0.049411796123891225,0.10381256628179814,0.0001,4.116162662394345,2704.77734375,2705.4140625,2704.77734375,2704.77734375,2704.77734375,2704.77734375
861,0.04940985968226904,0.060007017584541744,0.0001,2.059362094849348,2704.77734375,2705.4140625,2704.77734375,2704.77734375,2704.77734375,2704.77734375
862,0.04940835142791729,0.028331742006529437,0.0001,4.119038411416113,2704.77734375,2705.4140625,2704.77734375,2704.77734375,2704.77734375,2704.77734375
863,0.04940672541432657,0.13335148737196834,0.0001,2.0571067184209824,2704.77734375,2705.4140625,2704.77734375,2704.77734375,2704.77734375,2704.77734375
864,0.04940638582463644,0.010320392596432582,0.0001,2.065199346281588,2704.77734375,2705.4140625,2704.77734375,2704.77734375,2704.77734375,2704.77734375
865,0.04940384869043825,0.01802390414200572,0.0001,2.0564223248511553,2704.77734375,2705.4140625,2704.77734375,2704.77734375,2704.77734375,2704.77734375
866,0.049403030871280285,0.02070247911451384,0.0001,2.057390557602048,2704.77734375,2705.4140625,2704.77734375,2704.77734375,2704.77734375,2704.77734375
867,0.04940288687113467,0.024884311686136917,0.0001,4.10992322023958,2704.77734375,2705.4140625,2704.77734375,2704.77734375,2704.77734375,2704.77734375
868,0.04940272674262333,0.00810538116242121,0.0001,4.114930567331612,2704.77734375,2705.4140625,2704.77734375,2704.77734375,2704.77734375,2704.77734375
869,0.04940250934680927,0.007362056665266792,0.0001,1.9232424227520823,2704.77734375,2705.4140625,2704.77734375,2704.77734375,2704.77734375,2704.77734375
870,0.04940242274680289,0.008677394551751094,0.0001,4.107467520982027,2704.77734375,2705.4140625,2704.77734375,2704.77734375,2704.77734375,2704.77734375
871,0.04940237638764079,0.023862094975503068,0.0001,4.105299763381481,2704.77734375,2705.4140625,2704.77734375,2704.77734375,2704.77734375,2704.77734375
872,0.04940224759540893,0.014654161102162666,0.0001,1.9192169085144997,2704.77734375,2705.4140625,2704.77734375,2704.77734375,2704.77734375,2704.77734375
873,0.049402080085461125,0.010874748624845498,0.0001,1.6511826403439045,2704.77734375,2705.4140625,2704.77734375,2704.77734375,2704.77734375,2704.77734375
874,0.0494002676714992,0.028270832462337636,0.0001,2.0592943895608187,2704.77734375,2705.4140625,2704.77734375,2704.77734375,2704.77734375,2704.77734375
875,0.04939722330849326,0.04425752362963942,0.0001,2.057791673578322,2704.77734375,2705.4140625,2704.77734375,2704.77734375,2704.77734375,2704.77734375
876,0.049393040934540756,0.12487047343508184,0.0001,2.0583050549030304,2704.77734375,2705.4140625,2704.77734375,2704.77734375,2704.77734375,2704.77734375
877,0.04938198545412121,0.14446727151065686,0.0001,2.058992628008127,2704.77734375,2705.4140625,2704.77734375,2704.77734375,2704.77734375,2704.77734375
878,0.04937912713774197,0.13224193718568367,0.0001,4.1164538795128465,2704.77734375,2705.4140625,2704.77734375,2704.77734375,2704.77734375,2704.77734375
879,0.049377882054536755,0.051570466138984306,0.0001,4.109342273324728,2704.77734375,2705.4140625,2704.77734375,2704.77734375,2704.77734375,2704.77734375
880,0.04937457960759439,0.014584628436230762,0.0001,2.0584472361952066,2704.77734375,2705.4140625,2704.77734375,2704.77734375,2704.77734375,2704.77734375
881,0.04937414136279834,0.03208285269942224,0.0001,4.111751051619649,2704.77734375,2705.4140625,2704.77734375,2704.77734375,2704.77734375,2704.77734375
882,0.04937341842515526,0.020174248361158442,0.0001,2.0602019019424915,2704.77734375,2705.4140625,2704.77734375,2704.77734375,2704.77734375,2704.77734375
883,0.049373238100065095,0.004421708056160156,0.0001,1.8268254827708006,2704.77734375,2705.4140625,2704.77734375,2704.77734375,2704.77734375,2704.77734375
884,0.04937305787436945,0.008110927838345883,0.0001,1.6996294436976314,2704.77734375,2705.4140625,2704.77734375,2704.77734375,2704.77734375,2704.77734375
885,0.04937277328587791,0.020589012525758177,0.0001,1.925551355816424,2704.77734375,2705.4140625,2704.77734375,2704.77734375,2704.77734375,2704.77734375
886,0.04937239736482635,0.024009486392447266,0.0001,1.8774396581575274,2704.77734375,2705.4140625,2704.77734375,2704.77734375,2704.77734375,2704.77734375
887,0.049371899430173116,0.014677657293718616,0.0001,2.0580071043223143,2704.77734375,2705.4140625,2704.77734375,2704.77734375,2704.77734375,2704.77734375
888,0.04937137163326864,0.01341486495138311,0.0001,4.108020908199251,2704.77734375,2705.4140625,2704.77734375,2704.77734375,2704.77734375,2704.77734375
889,0.04936945259661992,0.01854178836365572,0.0001,12.343038845807314,2704.77734375,2705.4140625,2704.77734375,2704.77734375,2704.77734375,2704.77734375
890,0.049369190193324856,0.06881457593640739,0.0001,6.168373792432249,2704.77734375,2705.4140625,2704.77734375,2704.77734375,2704.77734375,2704.77734375
891,0.04936786356937692,0.11998259073281536,0.0001,4.122375930659473,2704.77734375,2705.4140625,2704.77734375,2704.77734375,2704.77734375,2704.77734375
892,0.04936310110930303,0.0386259316070634,0.0001,4.114695433527231,2704.77734375,2705.4140625,2704.77734375,2704.77734375,2704.77734375,2704.77734375
893,0.049360942066892,0.04021663061649683,0.0001,2.0545067405328155,2704.77734375,2705.4140625,2704.77734375,2704.77734375,2704.77734375,2704.77734375
894,0.04936085295644067,0.02561303872617815,0.0001,4.107812228612602,2704.77734375,2705.4140625,2704.77734375,2704.77734375,2704.77734375,2704.77734375
895,0.049359681031667976,0.017267973043662233,0.0001,2.0640063770115376,2704.77734375,2705.4140625,2704.77734375,2704.77734375,2704.77734375,2704.77734375
896,0.049359381164597135,0.013860445848920655,0.0001,4.111101969145238,2704.77734375,2705.4140625,2704.77734375,2704.77734375,2704.77734375,2704.77734375
897,0.04935887759497328,0.011602728450920363,0.0001,2.055706985294819,2704.77734375,2705.4140625,2704.77734375,2704.77734375,2704.77734375,2704.77734375
898,0.04935817947398257,0.005419152070526456,0.0001,2.0562569182366133,2704.77734375,2705.4140625,2704.77734375,2704.77734375,2704.77734375,2704.77734375
899,0.04935806060493026,0.015284016179477722,0.0001,1.9061531340703368,2704.77734375,2705.4140625,2704.77734375,2704.77734375,2704.77734375,2704.77734375
900,0.04935803216105457,0.002766807959647455,0.0001,1.6080977255478501,2704.77734375,2705.4140625,2704.77734375,2704.77734375,2704.77734375,2704.77734375
901,0.04935802778771566,0.0004138708772579617,0.0001,1.6063102800399065,2704.77734375,2705.4140625,2704.77734375,2704.77734375,2704.77734375,2704.77734375
902,0.0493580204908149,0.00040116884878673396,0.0001,1.6083232974633574,2704.77734375,2705.4140625,2704.77734375,2704.77734375,2704.77734375,2704.77734375
903,0.049358018574574135,0.0036207048600013225,0.0001,4.11160197108984,2704.77734375,2705.4140625,2704.77734375,2704.77734375,2704.77734375,2704.77734375
904,0.049358003276573026,0.003106114237653279,0.0001,1.6090448098257184,2704.77734375,2705.4140625,2704.77734375,2704.77734375,2704.77734375,2704.77734375
905,0.04935795918926778,0.0010714319516875737,0.0001,1.6085146581754088,2704.77734375,2705.4140625,2704.77734375,2704.77734375,2704.77734375,2704.77734375
906,0.04935785816560716,0.009667490479088325,0.0001,1.606902340427041,2704.77734375,2705.4140625,2704.77734375,2704.77734375,2704.77734375,2704.77734375
907,0.04935773776546395,0.0070177758595095785,0.0001,1.7886616624891758,2704.77734375,2705.4140625,2704.77734375,2704.77734375,2704.77734375,2704.77734375
908,0.0493576877926814,0.004882966125000721,0.0001,1.6069867322221398,2704.77734375,2705.4140625,2704.77734375,2704.77734375,2704.77734375,2704.77734375
909,0.049357556839432264,0.000965369878981881,0.0001,1.8776979483664036,2704.77734375,2705.4140625,2704.77734375,2704.77734375,2704.77734375,2704.77734375
910,0.04935744472712088,0.005386594058188643,0.0001,1.7900584070011973,2704.77734375,2705.4140625,2704.77734375,2704.77734375,2704.77734375,2704.77734375
911,0.049357320196689126,0.04194425527215184,0.0001,1.967257959768176,2704.77734375,2705.4140625,2704.77734375,2704.77734375,2704.77734375,2704.77734375
912,0.04935711943989572,0.010831145873421377,0.0001,2.0596623299643397,2704.77734375,2705.4140625,2704.77734375,2704.77734375,2704.77734375,2704.77734375
913,0.049357007899802574,0.003632215291632379,0.0001,1.6098404228687286,2704.77734375,2705.4140625,2704.77734375,2704.77734375,2704.77734375,2704.77734375
914,0.04935686377460819,0.0254709430394211,0.0001,1.7433374347165227,2704.77734375,2705.4140625,2704.77734375,2704.77734375,2704.77734375,2704.77734375
915,0.049356754958199966,0.011625418153828893,0.0001,1.607103081420064,2704.77734375,2705.4140625,2704.77734375,2704.77734375,2704.77734375,2704.77734375
916,0.04935664545808455,0.006784711799266097,0.0001,1.6998007940128446,2704.77734375,2705.4140625,2704.77734375,2704.77734375,2704.77734375,2704.77734375
917,0.049356535142288445,0.004400524556471552,0.0001,1.8619025722146034,2704.77734375,2705.4140625,2704.77734375,2704.77734375,2704.77734375,2704.77734375
918,0.049356509452295416,0.0010257203245120916,0.0001,1.6517190467566252,2704.77734375,2705.4140625,2704.77734375,2704.77734375,2704.77734375,2704.77734375
919,0.04935649632042256,0.001757803324688112,0.0001,1.6062541492283344,2704.77734375,2705.4140625,2704.77734375,2704.77734375,2704.77734375,2704.77734375
920,0.049356426626613104,0.0034208633230314867,0.0001,1.608233786188066,2704.77734375,2705.4140625,2704.77734375,2704.77734375,2704.77734375,2704.77734375
921,0.04935628596871625,0.0024833562255052177,0.0001,1.6953658675774932,2704.77734375,2705.4140625,2704.77734375,2704.77734375,2704.77734375,2704.77734375
922,0.04935610254438116,0.02052950755777161,0.0001,1.8641616003587842,2704.77734375,2705.4140625,2704.77734375,2704.77734375,2704.77734375,2704.77734375
923,0.04935583061109697,0.008979926459760312,0.0001,2.01242018584162,2704.77734375,2705.4140625,2704.77734375,2704.77734375,2704.77734375,2704.77734375
924,0.049355322487557106,0.00491000243160844,0.0001,1.6090315291658044,2704.77734375,2705.4140625,2704.77734375,2704.77734375,2704.77734375,2704.77734375
925,0.04935375744655024,0.05377254515428165,0.0001,2.058333495631814,2704.77734375,2705.4140625,2704.77734375,2704.77734375,2704.77734375,2704.77734375
926,0.04935261518941786,0.025728819231514932,0.0001,2.0586861968040466,2704.77734375,2705.4140625,2704.77734375,2704.77734375,2704.77734375,2704.77734375
927,0.04935173758091528,0.10932131003397438,0.0001,2.0575195718556643,2704.77734375,2705.4140625,2704.77734375,2704.77734375,2704.77734375,2704.77734375
928,0.04935038093217456,0.00992530925313495,0.0001,1.968523545190692,2704.77734375,2705.4140625,2704.77734375,2704.77734375,2704.77734375,2704.77734375
929,0.04934929626253637,0.027511727835978217,0.0001,2.0569897098466754,2704.77734375,2705.4140625,2704.77734375,2704.77734375,2704.77734375,2704.77734375
930,0.04934858501586099,0.044630806324132744,0.0001,2.060554912313819,2704.77734375,2705.4140625,2704.77734375,2704.77734375,2704.77734375,2704.77734375
931,0.04934831720636376,0.023829007193514107,0.0001,1.9071183083578944,2704.77734375,2705.4140625,2704.77734375,2704.77734375,2704.77734375,2704.77734375
932,0.04934808360988721,0.012163682423365851,0.0001,1.9213647609576583,2704.77734375,2705.4140625,2704.77734375,2704.77734375,2704.77734375,2704.77734375
933,0.04934802345065533,0.01735614781208117,0.0001,1.6071459725499153,2704.77734375,2705.4140625,2704.77734375,2704.77734375,2704.77734375,2704.77734375
934,0.04934793340524422,0.017239649428835935,0.0001,1.7412179466336966,2704.77734375,2705.4140625,2704.77734375,2704.77734375,2704.77734375,2704.77734375
935,0.04934791576245721,0.017197416818621747,0.0001,4.10848191101104,2704.77734375,2705.4140625,2704.77734375,2704.77734375,2704.77734375,2704.77734375
936,0.049347644790932954,0.011360296894307953,0.0001,4.11715233232826,2704.77734375,2705.4140625,2704.77734375,2704.77734375,2704.77734375,2704.77734375
937,0.04934728528622935,0.06086534828768253,0.0001,4.117330142296851,2704.77734375,2705.4140625,2704.77734375,2704.77734375,2704.77734375,2704.77734375
938,0.04934675532104577,0.03457709582948054,0.0001,1.7816752949729562,2704.77734375,2705.4140625,2704.77734375,2704.77734375,2704.77734375,2704.77734375
939,0.04934616507238496,0.011207811720588157,0.0001,4.111423712223768,2704.77734375,2705.4140625,2704.77734375,2704.77734375,2704.77734375,2704.77734375
940,0.049346008717201045,0.009430004125672853,0.0001,4.111596611328423,2704.77734375,2705.4140625,2704.77734375,2704.77734375,2704.77734375,2704.77734375
941,0.04934580523450594,0.012425701754382845,0.0001,4.117126923054457,2704.77734375,2705.4140625,2704.77734375,2704.77734375,2704.77734375,2704.77734375
942,0.04934558834440235,0.05290498747845063,0.0001,4.115681637078524,2704.77734375,2705.4140625,2704.77734375,2704.77734375,2704.77734375,2704.77734375
943,0.04934494504772891,0.024439531145873827,0.0001,2.057731783017516,2704.77734375,2705.4140625,2704.77734375,2704.77734375,2704.77734375,2704.77734375
944,0.04934481046566562,0.02314875676935435,0.0001,2.0601508719846606,2704.77734375,2705.4140625,2704.77734375,2704.77734375,2704.77734375,2704.77734375
945,0.04934468396166928,0.005888505664805588,0.0001,1.6085095666348934,2704.77734375,2705.4140625,2704.77734375,2704.77734375,2704.77734375,2704.77734375
946,0.04934460672570476,0.006637459599066586,0.0001,1.6072662128135562,2704.77734375,2705.4140625,2704.77734375,2704.77734375,2704.77734375,2704.77734375
947,0.04934386657388526,0.0032478559880129154,0.0001,2.0101228086277843,2704.77734375,2705.4140625,2704.77734375,2704.77734375,2704.77734375,2704.77734375
948,0.04934373331178918,0.008142910237785017,0.0001,4.115544854663312,2704.77734375,2705.4140625,2704.77734375,2704.77734375,2704.77734375,2704.77734375
949,0.049343402102985275,0.006754518289572076,0.0001,1.879293505102396,2704.77734375,2705.4140625,2704.77734375,2704.77734375,2704.77734375,2704.77734375
950,0.049343039983071706,0.030664759860207447,0.0001,2.0172271840274334,2704.77734375,2705.4140625,2704.77734375,2704.77734375,2704.77734375,2704.77734375
951,0.0493423232140788,0.021451893757243545,0.0001,1.9417603854089975,2704.77734375,2705.4140625,2704.77734375,2704.77734375,2704.77734375,2704.77734375
952,0.04933824979754582,0.06437901910902899,0.0001,2.0573994209989905,2704.77734375,2705.4140625,2704.77734375,2704.77734375,2704.77734375,2704.77734375
953,0.04933727518443263,0.01315769779410636,0.0001,2.059257979504764,2704.77734375,2705.4140625,2704.77734375,2704.77734375,2704.77734375,2704.77734375
954,0.04933687157619385,0.005937174753039232,0.0001,2.011286161839962,2704.77734375,2705.4140625,2704.77734375,2704.77734375,2704.77734375,2704.77734375
955,0.04933685406239163,0.010228973932618568,0.0001,3.8874770160764456,2704.77734375,2705.4140625,2704.77734375,2704.77734375,2704.77734375,2704.77734375
956,0.04933682949158971,0.0004855888268163744,0.0001,1.6964383218437433,2704.77734375,2705.4140625,2704.77734375,2704.77734375,2704.77734375,2704.77734375
957,0.04933682608644736,0.0009472050369658813,0.0001,1.6057322975248098,2704.77734375,2705.4140625,2704.77734375,2704.77734375,2704.77734375,2704.77734375
958,0.049336808192485024,0.0023043978747522287,0.0001,1.6097334818914533,2704.77734375,2705.4140625,2704.77734375,2704.77734375,2704.77734375,2704.77734375
959,0.04933678032403701,0.00427605061176739,0.0001,1.6083341166377068,2704.77734375,2705.4140625,2704.77734375,2704.77734375,2704.77734375,2704.77734375
960,0.04933673507263683,0.005628474166576525,0.0001,1.6051073148846626,2704.77734375,2705.4140625,2704.77734375,2704.77734375,2704.77734375,2704.77734375
961,0.04933666788537029,0.002361590726351892,0.0001,1.6078998055309057,2704.77734375,2705.4140625,2704.77734375,2704.77734375,2704.77734375,2704.77734375
962,0.04933655667556844,0.0013941157372762136,0.0001,1.9210936995223165,2704.77734375,2705.4140625,2704.77734375,2704.77734375,2704.77734375,2704.77734375
963,0.04933653463004908,0.004358075522948757,0.0001,4.10907226242125,2704.77734375,2705.4140625,2704.77734375,2704.77734375,2704.77734375,2704.77734375
964,0.04933646438044334,0.015794336141348397,0.0001,1.9186275005340576,2704.77734375,2705.4140625,2704.77734375,2704.77734375,2704.77734375,2704.77734375
965,0.04933636176982122,0.015705457426152147,0.0001,1.6097597824409604,2704.77734375,2705.4140625,2704.77734375,2704.77734375,2704.77734375,2704.77734375
966,0.04933635987201286,0.011848455186404205,0.0001,4.208592528477311,2704.77734375,2705.4140625,2704.77734375,2704.77734375,2704.77734375,2704.77734375
967,0.04933612427314459,0.007215027341306746,0.0001,1.9246490132063627,2704.77734375,2705.4140625,2704.77734375,2704.77734375,2704.77734375,2704.77734375
968,0.049336101457508906,0.0011139638362729354,0.0001,4.112357624806464,2704.77734375,2705.4140625,2704.77734375,2704.77734375,2704.77734375,2704.77734375
969,0.0493360830049955,0.00044222679323753717,0.0001,1.6106731155887246,2704.77734375,2705.4140625,2704.77734375,2704.77734375,2704.77734375,2704.77734375
970,0.04933604217728655,0.0006554589106788633,0.0001,1.611022156663239,2704.77734375,2705.4140625,2704.77734375,2704.77734375,2704.77734375,2704.77734375
971,0.0493357385587781,0.004204221731840541,0.0001,1.9299644017592072,2704.77734375,2705.4140625,2704.77734375,2704.77734375,2704.77734375,2704.77734375
972,0.049335184714530564,0.009284140072102653,0.0001,2.0195082519203424,2704.77734375,2705.4140625,2704.77734375,2704.77734375,2704.77734375,2704.77734375
973,0.04933408183501792,0.01651497124721213,0.0001,2.0605580741539598,2704.77734375,2705.4140625,2704.77734375,2704.77734375,2704.77734375,2704.77734375
974,0.04933274593303985,0.01340402889157688,0.0001,2.0599730014801025,2704.77734375,2705.4140625,2704.77734375,2704.77734375,2704.77734375,2704.77734375
975,0.04933273392887756,0.022822673429221618,0.0001,4.124008587561548,2704.77734375,2705.4140625,2704.77734375,2704.77734375,2704.77734375,2704.77734375
976,0.04933196986069149,0.005976760091074285,0.0001,2.0661244336515665,2704.77734375,2705.4140625,2704.77734375,2704.77734375,2704.77734375,2704.77734375
977,0.04933179053423798,0.028104876171541004,0.0001,2.061237466521561,2704.77734375,2705.4140625,2704.77734375,2704.77734375,2704.77734375,2704.77734375
978,0.04933164967328142,0.004723159796366172,0.0001,4.130034739151597,2704.77734375,2705.4140625,2704.77734375,2704.77734375,2704.77734375,2704.77734375
979,0.049331588124794185,0.0024009867987813127,0.0001,1.6125352224335074,2704.77734375,2705.4140625,2704.77734375,2704.77734375,2704.77734375,2704.77734375
980,0.04933151946432038,0.014636014916499684,0.0001,4.018537739291787,2704.77734375,2705.4140625,2704.77734375,2704.77734375,2704.77734375,2704.77734375
981,0.04933140795540619,0.0015058478687569599,0.0001,1.740253453142941,2704.77734375,2705.4140625,2704.77734375,2704.77734375,2704.77734375,2704.77734375
982,0.04933135782981304,0.002384860397802502,0.0001,1.6406703060492873,2704.77734375,2705.4140625,2704.77734375,2704.77734375,2704.77734375,2704.77734375
983,0.04933131498667344,0.0025936611006238675,0.0001,1.657637438736856,2704.77734375,2705.4140625,2704.77734375,2704.77734375,2704.77734375,2704.77734375
984,0.049330988565645724,0.0026240520382327936,0.0001,4.0806929571554065,2704.77734375,2705.4140625,2704.77734375,2704.77734375,2704.77734375,2704.77734375
985,0.04933088569636132,0.0029511828619257496,0.0001,1.6149846017360687,2704.77734375,2705.4140625,2704.77734375,2704.77734375,2704.77734375,2704.77734375
986,0.049330881439227904,0.007270903619014613,0.0001,6.190529723651707,2704.77734375,2705.4140625,2704.77734375,2704.77734375,2704.77734375,2704.77734375
987,0.049330503966653776,0.00866633958547336,0.0001,2.005147228948772,2704.77734375,2705.4140625,2704.77734375,2704.77734375,2704.77734375,2704.77734375
988,0.04933025907498308,0.014725320946636367,0.0001,2.0587509563192725,2704.77734375,2705.4140625,2704.77734375,2704.77734375,2704.77734375,2704.77734375
989,0.04933018364426934,0.010509574200414873,0.0001,4.13331242185086,2704.77734375,2705.4140625,2704.77734375,2704.77734375,2704.77734375,2704.77734375
990,0.04933003811634818,0.00874332778745579,0.0001,1.7040107203647494,2704.77734375,2705.4140625,2704.77734375,2704.77734375,2704.77734375,2704.77734375
991,0.049329764412997315,0.00850035972024099,0.0001,2.0658848332241178,2704.77734375,2705.4140625,2704.77734375,2704.77734375,2704.77734375,2704.77734375
992,0.049329688652098067,0.0054866119109417966,0.0001,4.128068711608648,2704.77734375,2705.4140625,2704.77734375,2704.77734375,2704.77734375,2704.77734375
993,0.04932966418709919,0.0007590316133876396,0.0001,1.6126503935083747,2704.77734375,2705.4140625,2704.77734375,2704.77734375,2704.77734375,2704.77734375
994,0.04932965568324587,0.00040043059604413604,0.0001,1.6126106828451157,2704.77734375,2705.4140625,2704.77734375,2704.77734375,2704.77734375,2704.77734375
995,0.04932959225360273,0.004163924022762,0.0001,1.8460909025743604,2704.77734375,2705.4140625,2704.77734375,2704.77734375,2704.77734375,2704.77734375
996,0.04932953443000638,0.004140573995196295,0.0001,1.8581992676481605,2704.77734375,2705.4140625,2704.77734375,2704.77734375,2704.77734375,2704.77734375
997,0.04932953171135438,0.0007464164604515933,0.0001,4.137276596389711,2704.77734375,2705.4140625,2704.77734375,2704.77734375,2704.77734375,2704.77734375
998,0.04932949430262712,0.0007379751251521682,0.0001,1.6170560689643025,2704.77734375,2705.4140625,2704.77734375,2704.77734375,2704.77734375,2704.77734375
999,0.04932941223723543,0.0066866248175624365,0.0001,1.8079227535054088,2704.77734375,2705.4140625,2704.77734375,2704.77734375,2704.77734375,2704.77734375
1000,0.04932939663966848,0.00519439369462904,0.0001,5.406878154724836,2704.77734375,2705.4140625,2704.77734375,2704.77734375,2704.77734375,2704.77734375
1001,0.04932934087953531,0.004839758568457864,0.0001,1.6765849478542805,2704.77734375,2705.4140625,2704.77734375,2704.77734375,2704.77734375,2704.77734375
1002,0.049328481854581795,0.021026040156070236,0.0001,2.0806783586740494,2704.77734375,2705.4140625,2704.77734375,2704.77734375,2704.77734375,2704.77734375
1003,0.04932811336343043,0.016547197628689725,0.0001,4.562818614766002,2704.77734375,2705.4140625,2704.77734375,2704.77734375,2704.77734375,2704.77734375
1004,0.04932788215677772,0.011701253002104894,0.0001,1.9704016605392098,2704.77734375,2705.4140625,2704.77734375,2704.77734375,2704.77734375,2704.77734375
1005,0.049327435713840045,0.003546243741626043,0.0001,1.7873164163902402,2704.77734375,2705.4140625,2704.77734375,2704.77734375,2704.77734375,2704.77734375
1006,0.049325759531626705,0.02462617351115326,0.0001,2.078653769567609,2704.77734375,2705.4140625,2704.77734375,2704.77734375,2704.77734375,2704.77734375
1007,0.04932360253075847,0.015473128470040676,0.0001,2.0991808166727424,2704.77734375,2705.4140625,2704.77734375,2704.77734375,2704.77734375,2704.77734375
1008,0.04932206308937814,0.0726365373740987,0.0001,4.325898162089288,2704.77734375,2705.4140625,2704.77734375,2704.77734375,2704.77734375,2704.77734375
1009,0.04931178760457375,0.006266478496542605,0.0001,2.143289397470653,2704.77734375,2705.4140625,2704.77734375,2704.77734375,2704.77734375,2704.77734375
1010,0.04930931841357933,0.013456450569181433,0.0001,4.154430470429361,2704.77734375,2705.4140625,2704.77734375,2704.77734375,2704.77734375,2704.77734375
1011,0.0493091344739193,0.0017062419212587887,0.0001,4.534810620360076,2704.77734375,2705.4140625,2704.77734375,2704.77734375,2704.77734375,2704.77734375
1012,0.0493080693474995,0.0016327299718559378,0.0001,8.429930116049945,2704.77734375,2705.4140625,2704.77734375,2704.77734375,2704.77734375,2704.77734375
1013,0.04930721132818278,0.02671268302409402,0.0001,4.455943359993398,2704.77734375,2705.4140625,2704.77734375,2704.77734375,2704.77734375,2704.77734375
1014,0.04930672258536469,0.021864748516671306,0.0001,12.536048998124897,2704.77734375,2705.4140625,2704.77734375,2704.77734375,2704.77734375,2704.77734375
1015,0.049305764541029584,0.019780045060364904,0.0001,4.227800279855728,2704.77734375,2705.4140625,2704.77734375,2704.77734375,2704.77734375,2704.77734375
1016,0.04930451497968548,0.00925880104654464,0.0001,2.2404831862077117,2704.77734375,2705.4140625,2704.77734375,2704.77734375,2704.77734375,2704.77734375
1017,0.04930325515195797,0.005616141669547936,0.0001,2.185662355273962,2704.77734375,2705.4140625,2704.77734375,2704.77734375,2704.77734375,2704.77734375
1018,0.04929865837743941,0.08035084073493826,0.0001,4.14377720002085,2704.77734375,2705.4140625,2704.77734375,2704.77734375,2704.77734375,2704.77734375
1019,0.04929661571491053,0.05372416054691531,0.0001,2.168925942853093,2704.77734375,2705.4140625,2704.77734375,2704.77734375,2704.77734375,2704.77734375
1020,0.04929575547022923,0.018623315023760245,0.0001,4.148750268854201,2704.77734375,2705.4140625,2704.77734375,2704.77734375,2704.77734375,2704.77734375
1021,0.04929553469510601,0.007985107430155791,0.0001,2.085635735653341,2704.77734375,2705.4140625,2704.77734375,2704.77734375,2704.77734375,2704.77734375
1022,0.04929519336368796,0.007969375069277418,0.0001,2.1004227604717016,2704.77734375,2705.4140625,2704.77734375,2704.77734375,2704.77734375,2704.77734375
1023,0.04929514755231815,0.0018496172161985847,0.0001,4.003850964829326,2704.77734375,2705.4140625,2704.77734375,2704.77734375,2704.77734375,2704.77734375
1024,0.04929507563228665,0.010413251584271643,0.0001,1.8350165924057364,2704.77734375,2705.4140625,2704.77734375,2704.77734375,2704.77734375,2704.77734375
1025,0.049294773191726406,0.01492433352979683,0.0001,2.127291578799486,2704.77734375,2705.4140625,2704.77734375,2704.77734375,2704.77734375,2704.77734375
1026,0.04929438759131208,0.016846738549757267,0.0001,1.7251433981582522,2704.77734375,2705.4140625,2704.77734375,2704.77734375,2704.77734375,2704.77734375
1027,0.04929387074301155,0.07258952993870782,0.0001,4.535366333089769,2704.77734375,2705.4140625,2704.77734375,2704.77734375,2704.77734375,2704.77734375
1028,0.0492932795777757,0.005155093203455974,0.0001,2.134722776710987,2704.77734375,2705.4140625,2704.77734375,2704.77734375,2704.77734375,2704.77734375
1029,0.049293152220062926,0.0015221530596324726,0.0001,1.627008005976677,2704.77734375,2705.4140625,2704.77734375,2704.77734375,2704.77734375,2704.77734375
1030,0.04929283067253338,0.0014580940533466963,0.0001,2.0682992516085505,2704.77734375,2705.4140625,2704.77734375,2704.77734375,2704.77734375,2704.77734375
1031,0.049292472586597226,0.021357633003527443,0.0001,4.522753316909075,2704.77734375,2705.4140625,2704.77734375,2704.77734375,2704.77734375,2704.77734375
1032,0.04929214665006687,0.0032417195102625307,0.0001,2.0849829632788897,2704.77734375,2705.4140625,2704.77734375,2704.77734375,2704.77734375,2704.77734375
1033,0.049291511897874514,0.02367060959148226,0.0001,2.1017559757456183,2704.77734375,2705.4140625,2704.77734375,2704.77734375,2704.77734375,2704.77734375
1034,0.04929054844847983,0.047384876412064125,0.0001,2.1007186016067863,2704.77734375,2705.4140625,2704.77734375,2704.77734375,2704.77734375,2704.77734375
1035,0.04928851684943935,0.07018255461221778,0.0001,2.6330582331866026,2704.77734375,2705.4140625,2704.77734375,2704.77734375,2704.77734375,2704.77734375
1036,0.049285832550929144,0.0591129223110517,0.0001,2.1219673696905375,2704.77734375,2705.4140625,2704.77734375,2704.77734375,2704.77734375,2704.77734375
1037,0.04928536713814112,0.013739739525463701,0.0001,4.224292486906052,2704.77734375,2705.4140625,2704.77734375,2704.77734375,2704.77734375,2704.77734375
1038,0.049283502422709326,0.04990338822035256,0.0001,2.1323024183511734,2704.77734375,2705.4140625,2704.77734375,2704.77734375,2704.77734375,2704.77734375
1039,0.049283087726241986,0.008245116225388704,0.0001,4.952104648575187,2704.77734375,2705.4140625,2704.77734375,2704.77734375,2704.77734375,2704.77734375
1040,0.04928197948512518,0.004388756619397638,0.0001,2.1622210079804063,2704.77734375,2705.4140625,2704.77734375,2704.77734375,2704.77734375,2704.77734375
1041,0.04927847552375654,0.01750811316587053,0.0001,2.115554155781865,2704.77734375,2705.4140625,2704.77734375,2704.77734375,2704.77734375,2704.77734375
1042,0.049277661157772615,0.04378015714040484,0.0001,4.427459666505456,2704.77734375,2705.4140625,2704.77734375,2704.77734375,2704.77734375,2704.77734375
1043,0.04927610087417763,0.0278456214261813,0.0001,2.1008332716301084,2704.77734375,2705.4140625,2704.77734375,2704.77734375,2704.77734375,2704.77734375
1044,0.04927507487939227,0.032604509009257265,0.0001,4.176153359934688,2704.77734375,2705.4140625,2704.77734375,2704.77734375,2704.77734375,2704.77734375
1045,0.04927459178407372,0.01455684545744862,0.0001,4.527775035239756,2704.77734375,2705.4140625,2704.77734375,2704.77734375,2704.77734375,2704.77734375
1046,0.04927389988674393,0.0012928474872100366,0.0001,2.1522343019023538,2704.77734375,2705.4140625,2704.77734375,2704.77734375,2704.77734375,2704.77734375
1047,0.04927232789741474,0.015729210400615257,0.0001,2.1351039381697774,2704.77734375,2705.4140625,2704.77734375,2704.77734375,2704.77734375,2704.77734375
1048,0.049271965420822364,0.023960181822218374,0.0001,4.13700383529067,2704.77734375,2705.4140625,2704.77734375,2704.77734375,2704.77734375,2704.77734375
1049,0.04927141682508905,0.06496803143228935,0.0001,2.0764499315991998,2704.77734375,2705.4140625,2704.77734375,2704.77734375,2704.77734375,2704.77734375
1050,0.049270227626798724,0.026537403068085386,0.0001,2.0712777534499764,2704.77734375,2705.4140625,2704.77734375,2704.77734375,2704.77734375,2704.77734375
1051,0.049269717169804515,0.0237532114182204,0.0001,1.955003504641354,2704.77734375,2705.4140625,2704.77734375,2704.77734375,2704.77734375,2704.77734375
1052,0.04926951198336043,0.008075846215362947,0.0001,2.0694196661934257,2704.77734375,2705.4140625,2704.77734375,2704.77734375,2704.77734375,2704.77734375
1053,0.04926920030803957,0.010060828809194677,0.0001,2.065886612981558,2704.77734375,2705.4140625,2704.77734375,2704.77734375,2704.77734375,2704.77734375
1054,0.0492691593823967,0.004977281412507084,0.0001,1.6060976786538959,2704.77734375,2705.4140625,2704.77734375,2704.77734375,2704.77734375,2704.77734375
1055,0.049268961662142174,0.012391867154871505,0.0001,1.986747301183641,2704.77734375,2705.4140625,2704.77734375,2704.77734375,2704.77734375,2704.77734375
1056,0.04926884032833141,0.010957511027174238,0.0001,1.633582729846239,2704.77734375,2705.4140625,2704.77734375,2704.77734375,2704.77734375,2704.77734375
1057,0.04926879816881173,0.02250457002757078,0.0001,4.124638340435922,2704.77734375,2705.4140625,2704.77734375,2704.77734375,2704.77734375,2704.77734375
1058,0.049268496800381284,0.007653487068252307,0.0001,1.6541146645322442,2704.77734375,2705.4140625,2704.77734375,2704.77734375,2704.77734375,2704.77734375
1059,0.049268026964666964,0.013909310455700319,0.0001,1.9365123575553298,2704.77734375,2705.4140625,2704.77734375,2704.77734375,2704.77734375,2704.77734375
1060,0.049267386852130834,0.026851809316928876,0.0001,2.068257641978562,2704.77734375,2705.4140625,2704.77734375,2704.77734375,2704.77734375,2704.77734375
1061,0.04926674436801788,0.029504447005869627,0.0001,2.068077110685408,2704.77734375,2705.4140625,2704.77734375,2704.77734375,2704.77734375,2704.77734375
1062,0.049266322974653866,0.02646706575947466,0.0001,2.021347508765757,2704.77734375,2705.4140625,2704.77734375,2704.77734375,2704.77734375,2704.77734375
1063,0.049266227434799185,0.014130007748946127,0.0001,1.6044971831142902,2704.77734375,2705.4140625,2704.77734375,2704.77734375,2704.77734375,2704.77734375
1064,0.04926616882525642,0.0014643545207723152,0.0001,1.648373614065349,2704.77734375,2705.4140625,2704.77734375,2704.77734375,2704.77734375,2704.77734375
1065,0.04926614539973669,0.002266758662930135,0.0001,1.6066833613440394,2704.77734375,2705.4140625,2704.77734375,2704.77734375,2704.77734375,2704.77734375
1066,0.04926610289814992,0.003614788352576337,0.0001,1.610820765607059,2704.77734375,2705.4140625,2704.77734375,2704.77734375,2704.77734375,2704.77734375
1067,0.04926601221301635,0.0043348349206712156,0.0001,1.605444885790348,2704.77734375,2705.4140625,2704.77734375,2704.77734375,2704.77734375,2704.77734375
1068,0.04926589942997489,0.015266717568163224,0.0001,1.6926558781415224,2704.77734375,2705.4140625,2704.77734375,2704.77734375,2704.77734375,2704.77734375
1069,0.049265815170478754,0.016899675925107993,0.0001,1.6527438396587968,2704.77734375,2705.4140625,2704.77734375,2704.77734375,2704.77734375,2704.77734375
1070,0.04926580142275382,0.012827357439409326,0.0001,4.403283352032304,2704.77734375,2705.4140625,2704.77734375,2704.77734375,2704.77734375,2704.77734375
1071,0.04926573768420427,0.004699665602335368,0.0001,1.7882765084505081,2704.77734375,2705.4140625,2704.77734375,2704.77734375,2704.77734375,2704.77734375
1072,0.04926572833435146,0.0004976463100866413,0.0001,1.635948988609016,2704.77734375,2705.4140625,2704.77734375,2704.77734375,2704.77734375,2704.77734375
1073,0.049265725801641194,0.005705595389363216,0.0001,1.6628741091117263,2704.77734375,2705.4140625,2704.77734375,2704.77734375,2704.77734375,2704.77734375
1074,0.049265723014565194,0.0050473359512683835,0.0001,1.6288642268627882,2704.77734375,2705.4140625,2704.77734375,2704.77734375,2704.77734375,2704.77734375
1075,0.049265712406277196,0.003320460066623454,0.0001,1.6721429508179426,2704.77734375,2705.4140625,2704.77734375,2704.77734375,2704.77734375,2704.77734375
1076,0.049265698842000716,0.0030266532546795455,0.0001,2.3273644922301173,2704.77734375,2705.4140625,2704.77734375,2704.77734375,2704.77734375,2704.77734375
1077,0.04926567789301101,0.002966363365580982,0.0001,1.7442520326003432,2704.77734375,2705.4140625,2704.77734375,2704.77734375,2704.77734375,2704.77734375
1078,0.04926566219066285,0.0008286060309352639,0.0001,4.258094607852399,2704.77734375,2705.4140625,2704.77734375,2704.77734375,2704.77734375,2704.77734375
1079,0.04926563061721491,0.004435863969421416,0.0001,1.7184284161776304,2704.77734375,2705.4140625,2704.77734375,2704.77734375,2704.77734375,2704.77734375
1080,0.04926561729907552,0.00599592680405292,0.0001,2.0037629194557667,2704.77734375,2705.4140625,2704.77734375,2704.77734375,2704.77734375,2704.77734375
1081,0.04926557486436847,0.006820726767708951,0.0001,1.7296144273132086,2704.77734375,2705.4140625,2704.77734375,2704.77734375,2704.77734375,2704.77734375
1082,0.049265569491530686,0.010212436296076155,0.0001,4.158240491524339,2704.77734375,2705.4140625,2704.77734375,2704.77734375,2704.77734375,2704.77734375
1083,0.04926553713083782,0.005404479639138371,0.0001,1.6794962035492063,2704.77734375,2705.4140625,2704.77734375,2704.77734375,2704.77734375,2704.77734375
1084,0.04926552493308012,0.01200051286470627,0.0001,1.8341353628784418,2704.77734375,2705.4140625,2704.77734375,2704.77734375,2704.77734375,2704.77734375
1085,0.04926551554004113,0.00029130201270710643,0.0001,3.5870631728321314,2704.77734375,2705.4140625,2704.77734375,2704.77734375,2704.77734375,2704.77734375
1086,0.04926551144513086,0.0005728191904676994,0.0001,1.7189154094085097,2704.77734375,2705.4140625,2704.77734375,2704.77734375,2704.77734375,2704.77734375
1087,0.04926550538784935,0.002651509877222624,0.0001,1.7102847807109356,2704.77734375,2705.4140625,2704.77734375,2704.77734375,2704.77734375,2704.77734375
1088,0.04926549212364746,0.003705512384195142,0.0001,1.614134551025927,2704.77734375,2705.4140625,2704.77734375,2704.77734375,2704.77734375,2704.77734375
1089,0.049265438750127455,0.00866545549743325,0.0001,1.6576403360813856,2704.77734375,2705.4140625,2704.77734375,2704.77734375,2704.77734375,2704.77734375
1090,0.0492653175710682,0.010830144417657506,0.0001,2.094086633063853,2704.77734375,2705.4140625,2704.77734375,2704.77734375,2704.77734375,2704.77734375
1091,0.04926512057276299,0.02495668591644229,0.0001,2.062158769927919,2704.77734375,2705.4140625,2704.77734375,2704.77734375,2704.77734375,2704.77734375
1092,0.049264692984577516,0.013449491467381502,0.0001,1.9033682318404317,2704.77734375,2705.4140625,2704.77734375,2704.77734375,2704.77734375,2704.77734375
1093,0.04926379154277164,0.006097626424107938,0.0001,2.06663687992841,2704.77734375,2705.4140625,2704.77734375,2704.77734375,2704.77734375,2704.77734375
1094,0.04926359401011182,0.0178916301244888,0.0001,4.272063170559704,2704.77734375,2705.4140625,2704.77734375,2704.77734375,2704.77734375,2704.77734375
1095,0.04926285773801529,0.0016333142821431945,0.0001,2.2165227085351944,2704.77734375,2705.4140625,2704.77734375,2704.77734375,2704.77734375,2704.77734375
1096,0.04926281398760866,0.020910672195209812,0.0001,4.232528682798147,2704.77734375,2705.4140625,2704.77734375,2704.77734375,2704.77734375,2704.77734375
1097,0.049262669104561486,0.00462469926079534,0.0001,1.9584158081561327,2704.77734375,2705.4140625,2704.77734375,2704.77734375,2704.77734375,2704.77734375
1098,0.049262646652918955,0.0016976521559153301,0.0001,2.1933102449402213,2704.77734375,2705.4140625,2704.77734375,2704.77734375,2704.77734375,2704.77734375
1099,0.04926260875135899,0.001360183705629403,0.0001,1.613000437617302,2704.77734375,2705.4140625,2704.77734375,2704.77734375,2704.77734375,2704.77734375
1100,0.049262505466691385,0.007232613722183645,0.0001,1.7020305329933763,2704.77734375,2705.4140625,2704.77734375,2704.77734375,2704.77734375,2704.77734375
1101,0.049262360775541185,0.009890268943323344,0.0001,1.6681879125535488,2704.77734375,2705.4140625,2704.77734375,2704.77734375,2704.77734375,2704.77734375
1102,0.049262141492948865,0.00354190371397467,0.0001,2.0502194967120886,2704.77734375,2705.4140625,2704.77734375,2704.77734375,2704.77734375,2704.77734375
1103,0.04926188838865579,0.0007636434823170557,0.0001,1.80379933770746,2704.77734375,2705.4140625,2704.77734375,2704.77734375,2704.77734375,2704.77734375
1104,0.049261647964319616,0.006430105166882694,0.0001,2.039152977988124,2704.77734375,2705.4140625,2704.77734375,2704.77734375,2704.77734375,2704.77734375
1105,0.049261601133963336,0.01380997625488245,0.0001,4.289646297693253,2704.77734375,2705.4140625,2704.77734375,2704.77734375,2704.77734375,2704.77734375
1106,0.04926138718445742,0.004197793356872648,0.0001,1.8716597706079483,2704.77734375,2705.4140625,2704.77734375,2704.77734375,2704.77734375,2704.77734375
1107,0.049261091537103986,0.006332018336673517,0.0001,1.921666163019836,2704.77734375,2705.4140625,2704.77734375,2704.77734375,2704.77734375,2704.77734375
1108,0.04926103891427179,0.035036007746671594,0.0001,6.075459596700966,2704.77734375,2705.4140625,2704.77734375,2704.77734375,2704.77734375,2704.77734375
1109,0.049260277945428296,0.027765993092514152,0.0001,2.0774627989158034,2704.77734375,2705.4140625,2704.77734375,2704.77734375,2704.77734375,2704.77734375
1110,0.04925950893336547,0.006908763409552154,0.0001,2.141867244616151,2704.77734375,2705.4140625,2704.77734375,2704.77734375,2704.77734375,2704.77734375
1111,0.049259157394526104,0.005440484122001488,0.0001,2.190514063462615,2704.77734375,2705.4140625,2704.77734375,2704.77734375,2704.77734375,2704.77734375
1112,0.049259010285917726,0.005842891242336057,0.0001,1.8099481547251344,2704.77734375,2705.4140625,2704.77734375,2704.77734375,2704.77734375,2704.77734375
1113,0.04925884441882986,0.0020712617966305302,0.0001,4.374495826661587,2704.77734375,2705.4140625,2704.77734375,2704.77734375,2704.77734375,2704.77734375
1114,0.04925804906581748,0.004066521701560855,0.0001,1.9635318201035261,2704.77734375,2705.4140625,2704.77734375,2704.77734375,2704.77734375,2704.77734375
1115,0.04925437098815792,0.0313318240360152,0.0001,2.648709007538855,2704.77734375,2705.4140625,2704.77734375,2704.77734375,2704.77734375,2704.77734375
1116,0.04925280469749199,0.0016703205164378047,0.0001,2.063431785441935,2704.77734375,2705.4140625,2704.77734375,2704.77734375,2704.77734375,2704.77734375
1117,0.04925140271636645,0.08313292925597504,0.0001,4.182376639917493,2704.77734375,2705.4140625,2704.77734375,2704.77734375,2704.77734375,2704.77734375
1118,0.04924876561456611,0.013020573275607461,0.0001,2.129636051133275,2704.77734375,2705.4140625,2704.77734375,2704.77734375,2704.77734375,2704.77734375
1119,0.04924240695047071,0.04971926586612052,0.0001,2.2197970440611243,2704.77734375,2705.4140625,2704.77734375,2704.77734375,2704.77734375,2704.77734375
1120,0.04924204775057209,0.11627078238325783,0.0001,4.407321953214705,2704.77734375,2705.4140625,2704.77734375,2704.77734375,2704.77734375,2704.77734375
1121,0.04924050296797854,0.08886714157453435,0.0001,2.094452764838934,2704.77734375,2705.4140625,2704.77734375,2704.77734375,2704.77734375,2704.77734375
1122,0.049240299077745395,0.07444186077523307,0.0001,2.104923061095178,2704.77734375,2705.4140625,2704.77734375,2704.77734375,2704.77734375,2704.77734375
1123,0.0492397957527476,0.01613373222738912,0.0001,2.4778850451111794,2704.77734375,2705.4140625,2704.77734375,2704.77734375,2704.77734375,2704.77734375
1124,0.04923974855806218,0.0030964255767901294,0.0001,3.362246399745345,2704.77734375,2705.4140625,2704.77734375,2704.77734375,2704.77734375,2704.77734375
1125,0.049239739637995515,0.0016089099284479769,0.0001,1.6517535196617246,2704.77734375,2705.4140625,2704.77734375,2704.77734375,2704.77734375,2704.77734375
1126,0.04923970955993837,0.0011871395040905508,0.0001,1.6887875543907285,2704.77734375,2705.4140625,2704.77734375,2704.77734375,2704.77734375,2704.77734375
1127,0.04923962967189374,0.001971182312820119,0.0001,1.658354438841343,2704.77734375,2705.4140625,2704.77734375,2704.77734375,2704.77734375,2704.77734375
1128,0.0492395485532638,0.025735724167101348,0.0001,4.42999027390033,2704.77734375,2705.4140625,2704.77734375,2704.77734375,2704.77734375,2704.77734375
1129,0.049239332001657685,0.012437702807212792,0.0001,1.9897294268012047,2704.77734375,2705.4140625,2704.77734375,2704.77734375,2704.77734375,2704.77734375
1130,0.04923905795598802,0.013958649018948055,0.0001,2.0327482391148806,2704.77734375,2705.4140625,2704.77734375,2704.77734375,2704.77734375,2704.77734375
1131,0.04923893291084717,0.025483956844511102,0.0001,1.7194702019914985,2704.77734375,2705.4140625,2704.77734375,2704.77734375,2704.77734375,2704.77734375
1132,0.049238829645101866,0.02271460922996882,0.0001,2.194732801988721,2704.77734375,2705.4140625,2704.77734375,2704.77734375,2704.77734375,2704.77734375
1133,0.04923881654259238,0.017211260933762684,0.0001,4.201617655344307,2704.77734375,2705.4140625,2704.77734375,2704.77734375,2704.77734375,2704.77734375
1134,0.04923877978722791,0.004022568719016517,0.0001,1.6407857900485396,2704.77734375,2705.4140625,2704.77734375,2704.77734375,2704.77734375,2704.77734375
1135,0.04923876834387794,0.0007921577658513979,0.0001,1.653218125924468,2704.77734375,2705.4140625,2704.77734375,2704.77734375,2704.77734375,2704.77734375
1136,0.04923874663538665,0.006568280027841045,0.0001,1.6936214761808515,2704.77734375,2705.4140625,2704.77734375,2704.77734375,2704.77734375,2704.77734375
1137,0.04923872141805625,0.009067605694558445,0.0001,1.7091908855363727,2704.77734375,2705.4140625,2704.77734375,2704.77734375,2704.77734375,2704.77734375
1138,0.049238697842427716,0.003446424174016971,0.0001,1.7806574441492558,2704.77734375,2705.4140625,2704.77734375,2704.77734375,2704.77734375,2704.77734375
1139,0.04923869222742118,0.008791396141824559,0.0001,3.703675214201212,2704.77734375,2705.4140625,2704.77734375,2704.77734375,2704.77734375,2704.77734375
1140,0.04923868155047041,0.0005250174958546516,0.0001,1.634362461976707,2704.77734375,2705.4140625,2704.77734375,2704.77734375,2704.77734375,2704.77734375
1141,0.049238677415577026,0.003908470758971827,0.0001,1.6234738929197192,2704.77734375,2705.4140625,2704.77734375,2704.77734375,2704.77734375,2704.77734375
1142,0.04923867001200744,0.00806031609401714,0.0001,1.648786386474967,2704.77734375,2705.4140625,2704.77734375,2704.77734375,2704.77734375,2704.77734375
1143,0.04923865869477091,0.011233754191737555,0.0001,1.6228337697684765,2704.77734375,2705.4140625,2704.77734375,2704.77734375,2704.77734375,2704.77734375
1144,0.04923863872216161,0.010704052218560411,0.0001,1.6211287630721927,2704.77734375,2705.4140625,2704.77734375,2704.77734375,2704.77734375,2704.77734375
1145,0.04923863585527086,0.013559463870897126,0.0001,4.147362402640283,2704.77734375,2705.4140625,2704.77734375,2704.77734375,2704.77734375,2704.77734375
1146,0.04923861016398388,0.009267222761891958,0.0001,1.6189608927816153,2704.77734375,2705.4140625,2704.77734375,2704.77734375,2704.77734375,2704.77734375
1147,0.04923857957515089,0.001999243093611991,0.0001,1.6828499184921384,2704.77734375,2705.4140625,2704.77734375,2704.77734375,2704.77734375,2704.77734375
1148,0.04923856773727723,0.0033640011065548814,0.0001,1.6194291152060032,2704.77734375,2705.4140625,2704.77734375,2704.77734375,2704.77734375,2704.77734375
1149,0.04923855881576649,0.006361656470504018,0.0001,1.6191995535045862,2704.77734375,2705.4140625,2704.77734375,2704.77734375,2704.77734375,2704.77734375
1150,0.04923854377604824,0.007700823729772099,0.0001,1.6222463678568602,2704.77734375,2705.4140625,2704.77734375,2704.77734375,2704.77734375,2704.77734375
1151,0.04923853919069532,0.01484002730814904,0.0001,4.484273145906627,2704.77734375,2705.4140625,2704.77734375,2704.77734375,2704.77734375,2704.77734375
1152,0.04923851631135842,0.009962356142046547,0.0001,1.6689700474962592,2704.77734375,2705.4140625,2704.77734375,2704.77734375,2704.77734375,2704.77734375
1153,0.049238497482850384,0.0018103624678250663,0.0001,1.6261229142546654,2704.77734375,2705.4140625,2704.77734375,2704.77734375,2704.77734375,2704.77734375
1154,0.049238492893428285,0.0021053132903949834,0.0001,1.6390051124617457,2704.77734375,2705.4140625,2704.77734375,2704.77734375,2704.77734375,2704.77734375
1155,0.04923849013052919,0.0037116414153561816,0.0001,1.645318360067904,2704.77734375,2705.4140625,2704.77734375,2704.77734375,2704.77734375,2704.77734375
1156,0.0492384852692346,0.0037654061264384975,0.0001,1.644285616464913,2704.77734375,2705.4140625,2704.77734375,2704.77734375,2704.77734375,2704.77734375
1157,0.04923848388472905,0.006443462411429346,0.0001,4.202682040631771,2704.77734375,2705.4140625,2704.77734375,2704.77734375,2704.77734375,2704.77734375
1158,0.04923847501851032,0.004927050330134852,0.0001,1.6561263483017683,2704.77734375,2705.4140625,2704.77734375,2704.77734375,2704.77734375,2704.77734375
1159,0.049238456904045734,0.0006227053754528367,0.0001,2.0932394582778215,2704.77734375,2705.4140625,2704.77734375,2704.77734375,2704.77734375,2704.77734375
1160,0.04923844710766473,0.0018199203342829096,0.0001,1.6138994013890624,2704.77734375,2705.4140625,2704.77734375,2704.77734375,2704.77734375,2704.77734375
1161,0.04923844165737811,0.0018824533777580532,0.0001,1.6235714433714747,2704.77734375,2705.4140625,2704.77734375,2704.77734375,2704.77734375,2704.77734375
1162,0.04923844156682949,0.00046618006118714916,0.0001,4.724675408564508,2704.77734375,2705.4140625,2704.77734375,2704.77734375,2704.77734375,2704.77734375
1163,0.049238439006985914,0.00026643849861627823,0.0001,1.6422560466453433,2704.77734375,2705.4140625,2704.77734375,2704.77734375,2704.77734375,2704.77734375
1164,0.04923843582958734,0.0054387142666525445,0.0001,3.299691392108798,2704.77734375,2705.4140625,2704.77734375,2704.77734375,2704.77734375,2704.77734375
1165,0.049238427872275316,0.00446384045583581,0.0001,1.6198118375614285,2704.77734375,2705.4140625,2704.77734375,2704.77734375,2704.77734375,2704.77734375
1166,0.04923840910337016,0.004470755297812046,0.0001,1.6399365654215217,2704.77734375,2705.4140625,2704.77734375,2704.77734375,2704.77734375,2704.77734375
1167,0.04923839811394902,0.001514374696660381,0.0001,3.7481886725872755,2704.77734375,2705.4140625,2704.77734375,2704.77734375,2704.77734375,2704.77734375
1168,0.049238386344006006,0.004103563137785482,0.0001,1.734131126664579,2704.77734375,2705.4140625,2704.77734375,2704.77734375,2704.77734375,2704.77734375
1169,0.04923835735554899,0.007759720159686623,0.0001,1.7981999218463898,2704.77734375,2705.4140625,2704.77734375,2704.77734375,2704.77734375,2704.77734375
1170,0.0492383324562222,0.00598522756960751,0.0001,2.342018948867917,2704.77734375,2705.4140625,2704.77734375,2704.77734375,2704.77734375,2704.77734375
1171,0.049238326035000134,0.01743733252129398,0.0001,2.1546473735943437,2704.77734375,2705.4140625,2704.77734375,2704.77734375,2704.77734375,2704.77734375
1172,0.049238257576740566,0.00289544739514902,0.0001,1.7180649256333709,2704.77734375,2705.4140625,2704.77734375,2704.77734375,2704.77734375,2704.77734375
1173,0.04923822130284708,0.0020504688301897778,0.0001,1.6966661801561713,2704.77734375,2705.4140625,2704.77734375,2704.77734375,2704.77734375,2704.77734375
1174,0.049238194272216436,0.003978062620243361,0.0001,1.6823972845450044,2704.77734375,2705.4140625,2704.77734375,2704.77734375,2704.77734375,2704.77734375
1175,0.049238193808279686,0.0011893362649730843,0.0001,4.74958417005837,2704.77734375,2705.4140625,2704.77734375,2704.77734375,2704.77734375,2704.77734375
1176,0.0492381905204848,0.000480869523925068,0.0001,1.62375358492136,2704.77734375,2705.4140625,2704.77734375,2704.77734375,2704.77734375,2704.77734375
1177,0.049238152248991016,0.0031602380107349504,0.0001,3.2651250641793013,2704.77734375,2705.4140625,2704.77734375,2704.77734375,2704.77734375,2704.77734375
1178,0.04923799156536013,0.00848107745518889,0.0001,1.78183663636446,2704.77734375,2705.4140625,2704.77734375,2704.77734375,2704.77734375,2704.77734375
1179,0.049237804908610246,0.052169184281794845,0.0001,2.4876091247424483,2704.77734375,2705.4140625,2704.77734375,2704.77734375,2704.77734375,2704.77734375
1180,0.04923745793062987,0.032736341447962,0.0001,1.8655443508177996,2704.77734375,2705.4140625,2704.77734375,2704.77734375,2704.77734375,2704.77734375
1181,0.049236871879737,0.0023007154959779896,0.0001,2.050323919393122,2704.77734375,2705.4140625,2704.77734375,2704.77734375,2704.77734375,2704.77734375
1182,0.049236730716624134,0.007632037987450269,0.0001,1.6731118643656373,2704.77734375,2705.4140625,2704.77734375,2704.77734375,2704.77734375,2704.77734375
1183,0.04923667295856637,0.002533603583510402,0.0001,2.1267781173810363,2704.77734375,2705.4140625,2704.77734375,2704.77734375,2704.77734375,2704.77734375
1184,0.04923646793416998,0.007834777563721085,0.0001,4.321224953047931,2704.77734375,2705.4140625,2704.77734375,2704.77734375,2704.77734375,2704.77734375
1185,0.04923490250283702,0.07391134743267092,0.0001,3.7332802582532167,2704.77734375,2705.4140625,2704.77734375,2704.77734375,2704.77734375,2704.77734375
1186,0.04923089637172266,0.1623220006211219,0.0001,2.1605572160333395,2704.77734375,2705.4140625,2704.77734375,2704.77734375,2704.77734375,2704.77734375
1187,0.04922730654342428,0.08655405657875881,0.0001,2.5284753078594804,2704.77734375,2705.4140625,2704.77734375,2704.77734375,2704.77734375,2704.77734375
1188,0.04922636158089133,0.10960365242408532,0.0001,4.23130657710135,2704.77734375,2705.4140625,2704.77734375,2704.77734375,2704.77734375,2704.77734375
1189,0.0492246945772389,0.001733044410135985,0.0001,1.9816487776115537,2704.77734375,2705.4140625,2704.77734375,2704.77734375,2704.77734375,2704.77734375
1190,0.04922377517927661,0.005551535582701161,0.0001,2.152432697825134,2704.77734375,2705.4140625,2704.77734375,2704.77734375,2704.77734375,2704.77734375
1191,0.04922311495541333,0.033350943212718254,0.0001,4.661396047100425,2704.77734375,2705.4140625,2704.77734375,2704.77734375,2704.77734375,2704.77734375
1192,0.04922281393795729,0.01429838112932369,0.0001,2.1215973999351263,2704.77734375,2705.4140625,2704.77734375,2704.77734375,2704.77734375,2704.77734375
1193,0.049222567261506284,0.014337902837133987,0.0001,1.9024294102564454,2704.77734375,2705.4140625,2704.77734375,2704.77734375,2704.77734375,2704.77734375
1194,0.04922240395012484,0.021854992203942936,0.0001,6.610643970780075,2704.77734375,2705.4140625,2704.77734375,2704.77734375,2704.77734375,2704.77734375
1195,0.049220417755716145,0.016223382161319466,0.0001,2.0707263415679336,2704.77734375,2705.4140625,2704.77734375,2704.77734375,2704.77734375,2704.77734375
1196,0.049219929014593294,0.015411829267777843,0.0001,4.732454256154597,2704.77734375,2705.4140625,2704.77734375,2704.77734375,2704.77734375,2704.77734375
1197,0.04921488866617407,0.009073348432170336,0.0001,2.0673551885411143,2704.77734375,2705.4140625,2704.77734375,2704.77734375,2704.77734375,2704.77734375
1198,0.04920817637313887,0.07686380328614173,0.0001,2.094071462750435,2704.77734375,2705.4140625,2704.77734375,2704.77734375,2704.77734375,2704.77734375
1199,0.049205595102351,0.010370555379097146,0.0001,2.1052064020186663,2704.77734375,2705.4140625,2704.77734375,2704.77734375,2704.77734375,2704.77734375
1200,0.0492030400682814,0.007413367597168374,0.0001,2.0901417694985867,2704.77734375,2705.4140625,2704.77734375,2704.77734375,2704.77734375,2704.77734375
