iteration,model_cost,projected_grad_inf_norm,epsilon,iter_time_sec,rss_mb,peak_rss_mb,cost_rss_before_mb,cost_rss_after_mb,grad_rss_before_mb,grad_rss_after_mb
1,0.9989891786783346,1.0,0.0001,nan,2704.625,2705.4140625,2704.625,2704.625,2704.625,2704.625
2,0.26097588286487816,1.0,0.0001,8.57375852484256,2704.625,2705.4140625,2704.625,2704.625,2704.625,2704.625
3,0.24915932859073875,1.0,0.0001,8.55776122957468,2704.625,2705.4140625,2704.625,2704.625,2704.625,2704.625
4,0.24867104214932303,0.39522715380267937,0.0001,2.633106155321002,2704.625,2705.4140625,2704.625,2704.625,2704.625,2704.625
5,0.24866573753158838,0.09379766658514277,0.0001,1.3135183518752456,2704.625,2705.4140625,2704.625,2704.625,2704.625,2704.625
6,0.2486654157288445,0.021192004415676036,0.0001,0.6560950977727771,2704.625,2705.4140625,2704.625,2704.625,2704.625,2704.625
7,0.24865186637148898,0.2004457282610156,0.0001,2.639725148677826,2704.625,2705.4140625,2704.625,2704.625,2704.625,2704.625
8,0.24778042971166697,1.0,0.0001,1.380054609850049,2704.6328125,2705.4140625,2704.62890625,2704.62890625,2704.62890625,2704.6328125
9,0.09220129341320024,0.48717948717948767,0.0001,5.440361768938601,2704.6484375,2705.4140625,2704.6484375,2704.6484375,2704.6484375,2704.6484375
10,0.08521151819133821,0.5384615384615372,0.0001,4.123881787061691,2704.6640625,2705.4140625,2704.65625,2704.66015625,2704.66015625,2704.6640625
11,0.07959792185982649,0.5384615384615372,0.0001,6.0143039440736175,2704.66796875,2705.4140625,2704.66796875,2704.66796875,2704.66796875,2704.66796875
12,0.07112879684212657,0.5497784088562139,0.0001,6.026514386758208,2704.6796875,2705.4140625,2704.6796875,2704.6796875,2704.6796875,2704.6796875
13,0.06356331647987906,1.5641025641025617,0.0001,2.023069874383509,2704.68359375,2705.4140625,2704.68359375,2704.68359375,2704.68359375,2704.68359375
14,0.06030117429489304,0.025641025641024662,0.0001,2.8897505877539515,2704.68359375,2705.4140625,2704.68359375,2704.68359375,2704.68359375,2704.68359375
15,0.05730565316310572,0.025641025641024662,0.0001,1.8571788426488638,2704.68359375,2705.4140625,2704.68359375,2704.68359375,2704.68359375,2704.68359375
16,0.057050052976393095,0.5384615384615372,0.0001,2.535784740000963,2704.6875,2705.4140625,2704.6875,2704.6875,2704.6875,2704.6875
17,0.056209045993130244,0.025641025641024662,0.0001,0.866302371956408,2704.6875,2705.4140625,2704.6875,2704.6875,2704.6875,2704.6875
18,0.05287715758615059,0.025641025641024662,0.0001,0.8449934693053365,2704.6875,2705.4140625,2704.6875,2704.6875,2704.6875,2704.6875
19,0.051106693619542044,0.48717948717948767,0.0001,2.0286252442747355,2704.69140625,2705.4140625,2704.69140625,2704.69140625,2704.69140625,2704.69140625
20,0.04788212983269393,0.5384615384615372,0.0001,5.857182542793453,2704.6953125,2705.4140625,2704.6953125,2704.6953125,2704.6953125,2704.6953125
21,0.04679707083583986,1.0512820512820493,0.0001,1.7597940880805254,2704.6953125,2705.4140625,2704.6953125,2704.6953125,2704.6953125,2704.6953125
22,0.04636012230880325,1.0512820512820493,0.0001,1.6677802819758654,2704.6953125,2705.4140625,2704.6953125,2704.6953125,2704.6953125,2704.6953125
23,0.04531693228770769,0.025641025641024662,0.0001,1.672238877043128,2704.6953125,2705.4140625,2704.6953125,2704.6953125,2704.6953125,2704.6953125
24,0.04516943592804129,0.2614563076092733,0.0001,5.744750726036727,2704.6953125,2705.4140625,2704.6953125,2704.6953125,2704.6953125,2704.6953125
25,0.044774350368057436,0.48717948717948767,0.0001,0.8323353249579668,2704.6953125,2705.4140625,2704.6953125,2704.6953125,2704.6953125,2704.6953125
26,0.04474158680616876,0.12596233443923122,0.0001,1.6696021975949407,2704.6953125,2705.4140625,2704.6953125,2704.6953125,2704.6953125,2704.6953125
27,0.044729998202200284,0.004701501774541362,0.0001,3.992839745245874,2704.6953125,2705.4140625,2704.6953125,2704.6953125,2704.6953125,2704.6953125
28,0.04471502240476949,0.0063756274152849835,0.0001,0.8344910629093647,2704.6953125,2705.4140625,2704.6953125,2704.6953125,2704.6953125,2704.6953125
29,0.04470544607002059,0.1168806407756261,0.0001,3.3342847879976034,2704.6953125,2705.4140625,2704.6953125,2704.6953125,2704.6953125,2704.6953125
30,0.04470350384759451,0.05257541474447458,0.0001,1.669656598009169,2704.6953125,2705.4140625,2704.6953125,2704.6953125,2704.6953125,2704.6953125
31,0.044696086730458454,0.12776166272511136,0.0001,4.997425064444542,2704.6953125,2705.4140625,2704.6953125,2704.6953125,2704.6953125,2704.6953125
32,0.044694606051063866,0.11727500249485712,0.0001,2.4122158735990524,2704.6953125,2705.4140625,2704.6953125,2704.6953125,2704.6953125,2704.6953125
33,0.04469345041278408,0.0563288058788417,0.0001,1.6161956936120987,2704.6953125,2705.4140625,2704.6953125,2704.6953125,2704.6953125,2704.6953125
34,0.044691521816308186,0.05152288965670049,0.0001,0.7425380563363433,2704.6953125,2705.4140625,2704.6953125,2704.6953125,2704.6953125,2704.6953125
35,0.04469050170827336,0.03782214310114018,0.0001,8.351136969402432,2704.6953125,2705.4140625,2704.6953125,2704.6953125,2704.6953125,2704.6953125
36,0.04469047437185866,0.03452001689854933,0.0001,1.662609813734889,2704.6953125,2705.4140625,2704.6953125,2704.6953125,2704.6953125,2704.6953125
37,0.04469040740479622,0.015561611081462479,0.0001,0.655750316567719,2704.6953125,2705.4140625,2704.6953125,2704.6953125,2704.6953125,2704.6953125
38,0.0446903922055208,0.0031418523687289923,0.0001,0.6582982763648033,2704.6953125,2705.4140625,2704.6953125,2704.6953125,2704.6953125,2704.6953125
39,0.04469038675920723,0.0008435790167023352,0.0001,0.6468734964728355,2704.6953125,2705.4140625,2704.6953125,2704.6953125,2704.6953125,2704.6953125
40,0.04469037891045901,0.0008301607074855358,0.0001,0.6571342526003718,2704.6953125,2705.4140625,2704.6953125,2704.6953125,2704.6953125,2704.6953125
41,0.04469037459214306,0.011736379575904121,0.0001,1.3162798816338181,2704.6953125,2705.4140625,2704.6953125,2704.6953125,2704.6953125,2704.6953125
42,0.0446903619695087,0.011321926807321359,0.0001,0.6581162754446268,2704.6953125,2705.4140625,2704.6953125,2704.6953125,2704.6953125,2704.6953125
43,0.044690251427589506,0.006785566654170183,0.0001,1.6663617566227913,2704.6953125,2705.4140625,2704.6953125,2704.6953125,2704.6953125,2704.6953125
44,0.04469020908749795,0.025292979523606096,0.0001,1.3072817604988813,2704.6953125,2705.4140625,2704.6953125,2704.6953125,2704.6953125,2704.6953125
45,0.04468896980223234,0.028866952518775246,0.0001,1.3058186657726765,2704.6953125,2705.4140625,2704.6953125,2704.6953125,2704.6953125,2704.6953125
46,0.044684743178471334,0.006693084454315823,0.0001,0.7386407116428018,2704.6953125,2705.4140625,2704.6953125,2704.6953125,2704.6953125,2704.6953125
47,0.04466293866372229,0.1964451694204965,0.0001,0.835612777620554,2704.6953125,2705.4140625,2704.6953125,2704.6953125,2704.6953125,2704.6953125
48,0.04456583416008756,0.9909200430933094,0.0001,0.8380713742226362,2704.6953125,2705.4140625,2704.6953125,2704.6953125,2704.6953125,2704.6953125
49,0.044510029888056586,0.9908081269190758,0.0001,0.8352107955142856,2704.6953125,2705.4140625,2704.6953125,2704.6953125,2704.6953125,2704.6953125
50,0.044478719111732956,0.6212444841283036,0.0001,3.8371064895763993,2704.6953125,2705.4140625,2704.6953125,2704.6953125,2704.6953125,2704.6953125
51,0.04441951159745573,0.1443707290615901,0.0001,0.8293370949104428,2704.6953125,2705.4140625,2704.6953125,2704.6953125,2704.6953125,2704.6953125
52,0.0443661602135313,0.7742485227615132,0.0001,1.6654301136732101,2704.6953125,2705.4140625,2704.6953125,2704.6953125,2704.6953125,2704.6953125
53,0.04433128394520381,0.025641025641024662,0.0001,0.8325977055355906,2704.6953125,2705.4140625,2704.6953125,2704.6953125,2704.6953125,2704.6953125
54,0.04430980583625713,0.007605503814702051,0.0001,0.8353197565302253,2704.6953125,2705.4140625,2704.6953125,2704.6953125,2704.6953125,2704.6953125
55,0.04428312716037659,0.07984098385178973,0.0001,1.6675025904551148,2704.6953125,2705.4140625,2704.6953125,2704.6953125,2704.6953125,2704.6953125
56,0.044263234959918296,0.6250017665506085,0.0001,0.833394949324429,2704.6953125,2705.4140625,2704.6953125,2704.6953125,2704.6953125,2704.6953125
57,0.04424656439031113,0.12673309791160903,0.0001,0.8284747814759612,2704.6953125,2705.4140625,2704.6953125,2704.6953125,2704.6953125,2704.6953125
58,0.044221735657032114,0.24704439402030687,0.0001,0.8323236657306552,2704.6953125,2705.4140625,2704.6953125,2704.6953125,2704.6953125,2704.6953125
59,0.04418882110505717,0.03215856548452267,0.0001,0.833956160582602,2704.6953125,2705.4140625,2704.6953125,2704.6953125,2704.6953125,2704.6953125
60,0.04417793031545057,0.31548712730779727,0.0001,1.6771511537954211,2704.69921875,2705.4140625,2704.69921875,2704.69921875,2704.69921875,2704.69921875
61,0.04416269251315399,0.22716666521564632,0.0001,1.6771677732467651,2704.69921875,2705.4140625,2704.69921875,2704.69921875,2704.69921875,2704.69921875
62,0.04416064422463942,0.0768902310971844,0.0001,1.6593757728114724,2704.69921875,2705.4140625,2704.69921875,2704.69921875,2704.69921875,2704.69921875
63,0.04415929998588597,0.02508808366319104,0.0001,0.7783971093595028,2704.69921875,2705.4140625,2704.69921875,2704.69921875,2704.69921875,2704.69921875
64,0.04415809252644434,0.007001278828628221,0.0001,0.8357642274349928,2704.69921875,2705.4140625,2704.69921875,2704.69921875,2704.69921875,2704.69921875
65,0.04415758283764941,0.0857175737336191,0.0001,1.6621503327041864,2704.69921875,2705.4140625,2704.69921875,2704.69921875,2704.69921875,2704.69921875
66,0.04415650052524409,0.097166903341813,0.0001,0.8309459798038006,2704.69921875,2705.4140625,2704.69921875,2704.69921875,2704.69921875,2704.69921875
67,0.04415547829665821,0.07073404789198867,0.0001,0.8321978645399213,2704.69921875,2705.4140625,2704.69921875,2704.69921875,2704.69921875,2704.69921875
68,0.044152057858745215,0.03593841593690228,0.0001,0.8338496517390013,2704.69921875,2705.4140625,2704.69921875,2704.69921875,2704.69921875,2704.69921875
69,0.04414100002800001,0.034432151631355046,0.0001,0.8531158370897174,2704.69921875,2705.4140625,2704.69921875,2704.69921875,2704.69921875,2704.69921875
70,0.04413845882502047,0.26741368274626764,0.0001,1.845754743553698,2704.69921875,2705.4140625,2704.69921875,2704.69921875,2704.69921875,2704.69921875
71,0.04412502428154052,0.2938019605219697,0.0001,0.8349987035617232,2704.69921875,2705.4140625,2704.69921875,2704.69921875,2704.69921875,2704.69921875
72,0.04412325188929987,0.08049747859108503,0.0001,1.6611179690808058,2704.69921875,2705.4140625,2704.69921875,2704.69921875,2704.69921875,2704.69921875
73,0.04412153138896563,0.0160565667630177,0.0001,0.8318616729229689,2704.69921875,2705.4140625,2704.69921875,2704.69921875,2704.69921875,2704.69921875
74,0.04412130827851321,0.01376133367220933,0.0001,0.8316631531342864,2704.69921875,2705.4140625,2704.69921875,2704.69921875,2704.69921875,2704.69921875
75,0.04412122294798653,0.022070342237267893,0.0001,0.8249408602714539,2704.69921875,2705.4140625,2704.69921875,2704.69921875,2704.69921875,2704.69921875
76,0.04412116262273342,0.019572180115340454,0.0001,0.8356955666095018,2704.69921875,2705.4140625,2704.69921875,2704.69921875,2704.69921875,2704.69921875
77,0.044121126463857005,0.015522749011783299,0.0001,0.6526574771851301,2704.69921875,2705.4140625,2704.69921875,2704.69921875,2704.69921875,2704.69921875
78,0.04412089016081043,0.007678771034414833,0.0001,0.8326193066313863,2704.69921875,2705.4140625,2704.69921875,2704.69921875,2704.69921875,2704.69921875
79,0.044120494058371616,0.02481283011255697,0.0001,0.8246549582108855,2704.69921875,2705.4140625,2704.69921875,2704.69921875,2704.69921875,2704.69921875
80,0.04411929662540629,0.054462673716833,0.0001,0.8461097935214639,2704.69921875,2705.4140625,2704.69921875,2704.69921875,2704.69921875,2704.69921875
81,0.04411625784458942,0.10622065427969685,0.0001,0.8321091048419476,2704.69921875,2705.4140625,2704.69921875,2704.69921875,2704.69921875,2704.69921875
82,0.04410762776519584,0.23772495934134685,0.0001,0.836630729958415,2704.69921875,2705.4140625,2704.69921875,2704.69921875,2704.69921875,2704.69921875
83,0.04408246665494701,0.4697193610766206,0.0001,0.8350108144804835,2704.69921875,2705.4140625,2704.69921875,2704.69921875,2704.69921875,2704.69921875
84,0.04406597311231,0.561475417335479,0.0001,1.6619806420058012,2704.69921875,2705.4140625,2704.69921875,2704.69921875,2704.69921875,2704.69921875
85,0.044060111234488164,0.7079956253595172,0.0001,1.6639878675341606,2704.69921875,2705.4140625,2704.69921875,2704.69921875,2704.69921875,2704.69921875
86,0.044043200920804264,0.37727968970670167,0.0001,0.8328434471040964,2704.69921875,2705.4140625,2704.69921875,2704.69921875,2704.69921875,2704.69921875
87,0.0440263435383677,0.1675947273390419,0.0001,0.8378591742366552,2704.69921875,2705.4140625,2704.69921875,2704.69921875,2704.69921875,2704.69921875
88,0.044007726288989635,0.039693797912566664,0.0001,0.8355119470506907,2704.69921875,2705.4140625,2704.69921875,2704.69921875,2704.69921875,2704.69921875
89,0.04397811033798058,0.02141356547233242,0.0001,0.834594982676208,2704.69921875,2705.4140625,2704.69921875,2704.69921875,2704.69921875,2704.69921875
90,0.043968711613471836,0.4673202772556011,0.0001,1.676131559535861,2704.69921875,2705.4140625,2704.69921875,2704.69921875,2704.69921875,2704.69921875
91,0.04392806192854431,0.03874813531018395,0.0001,0.8270769873633981,2704.69921875,2705.4140625,2704.69921875,2704.69921875,2704.69921875,2704.69921875
92,0.04391321060790914,0.5126779619348465,0.0001,0.8276033187285066,2704.69921875,2705.4140625,2704.69921875,2704.69921875,2704.69921875,2704.69921875
93,0.043879298598695396,0.010713507089785246,0.0001,0.8274213997647166,2704.69921875,2705.4140625,2704.69921875,2704.69921875,2704.69921875,2704.69921875
94,0.04387655428456704,0.025641025641024662,0.0001,0.8273582980036736,2704.69921875,2705.4140625,2704.69921875,2704.69921875,2704.69921875,2704.69921875
95,0.04387034460677148,0.24085339227905278,0.0001,0.826114903204143,2704.69921875,2705.4140625,2704.69921875,2704.69921875,2704.69921875,2704.69921875
96,0.043864498216146755,0.21349803209706208,0.0001,0.8270739773288369,2704.69921875,2705.4140625,2704.69921875,2704.69921875,2704.69921875,2704.69921875
97,0.043856400351700665,0.18819959798102248,0.0001,3.3043680051341653,2704.69921875,2705.4140625,2704.69921875,2704.69921875,2704.69921875,2704.69921875
98,0.043853360629044304,0.32470375430506104,0.0001,1.6746729258447886,2704.69921875,2705.4140625,2704.69921875,2704.69921875,2704.69921875,2704.69921875
99,0.04384769767673753,0.4858605822442258,0.0001,0.8430255418643355,2704.69921875,2705.4140625,2704.69921875,2704.69921875,2704.69921875,2704.69921875
100,0.04383889265824706,0.36284064315635833,0.0001,0.8417697586119175,2704.69921875,2705.4140625,2704.69921875,2704.69921875,2704.69921875,2704.69921875
101,0.043832999559320025,0.06449406812176617,0.0001,1.6793387504294515,2704.69921875,2705.4140625,2704.69921875,2704.69921875,2704.69921875,2704.69921875
102,0.04382955205595343,0.020158469286359004,0.0001,0.8406069139018655,2704.69921875,2705.4140625,2704.69921875,2704.69921875,2704.69921875,2704.69921875
103,0.04382315323256584,0.10388856803370206,0.0001,0.8407620443031192,2704.69921875,2705.4140625,2704.69921875,2704.69921875,2704.69921875,2704.69921875
104,0.04382219861380285,0.026621910021686013,0.0001,0.8354691155254841,2704.69921875,2705.4140625,2704.69921875,2704.69921875,2704.69921875,2704.69921875
105,0.04381977357791171,0.26758724604582007,0.0001,0.8425256907939911,2704.69921875,2705.4140625,2704.69921875,2704.69921875,2704.69921875,2704.69921875
106,0.0438181718079943,0.13815426686930488,0.0001,0.8413761565461755,2704.69921875,2705.4140625,2704.69921875,2704.69921875,2704.69921875,2704.69921875
107,0.04381716349070367,0.03035768958821261,0.0001,0.8376713441684842,2704.69921875,2705.4140625,2704.69921875,2704.69921875,2704.69921875,2704.69921875
108,0.04381507951222258,0.060727314582772696,0.0001,0.8378211036324501,2704.69921875,2705.4140625,2704.69921875,2704.69921875,2704.69921875,2704.69921875
109,0.04381188269490693,0.22208116124573918,0.0001,0.8428693125024438,2704.69921875,2705.4140625,2704.69921875,2704.69921875,2704.69921875,2704.69921875
110,0.04381051832776824,0.1321775203074178,0.0001,0.8377337828278542,2704.69921875,2705.4140625,2704.69921875,2704.69921875,2704.69921875,2704.69921875
111,0.04381007060987215,0.05291131290257134,0.0001,0.8270391365513206,2704.69921875,2705.4140625,2704.69921875,2704.69921875,2704.69921875,2704.69921875
112,0.04380994675063096,0.022975718252430832,0.0001,0.6893039243295789,2704.69921875,2705.4140625,2704.69921875,2704.69921875,2704.69921875,2704.69921875
113,0.043809874557079354,0.010997349650491262,0.0001,0.8329460872337222,2704.69921875,2705.4140625,2704.69921875,2704.69921875,2704.69921875,2704.69921875
114,0.043809854691553574,0.005303054955943964,0.0001,0.7453059162944555,2704.69921875,2705.4140625,2704.69921875,2704.69921875,2704.69921875,2704.69921875
115,0.043809839623505625,0.004888864424300587,0.0001,0.6537748593837023,2704.69921875,2705.4140625,2704.69921875,2704.69921875,2704.69921875,2704.69921875
116,0.0438098195949968,0.015859760341473628,0.0001,1.676406561397016,2704.69921875,2705.4140625,2704.69921875,2704.69921875,2704.69921875,2704.69921875
117,0.043809756049949286,0.009545757775388242,0.0001,0.6621163701638579,2704.69921875,2705.4140625,2704.69921875,2704.69921875,2704.69921875,2704.69921875
118,0.04380965398712586,0.0010147032744665108,0.0001,0.8388775065541267,2704.69921875,2705.4140625,2704.69921875,2704.69921875,2704.69921875,2704.69921875
119,0.04380964055983873,0.006113940217146174,0.0001,1.5905487462878227,2704.69921875,2705.4140625,2704.69921875,2704.69921875,2704.69921875,2704.69921875
120,0.04380962470549665,0.017867660756726522,0.0001,0.6615986181423068,2704.69921875,2705.4140625,2704.69921875,2704.69921875,2704.69921875,2704.69921875
121,0.043809614128850205,0.004479721105831391,0.0001,0.6576905138790607,2704.69921875,2705.4140625,2704.69921875,2704.69921875,2704.69921875,2704.69921875
122,0.043809611477960704,0.0007742883201860044,0.0001,0.6598455905914307,2704.69921875,2705.4140625,2704.69921875,2704.69921875,2704.69921875,2704.69921875
123,0.043809607497840596,0.002164358053613369,0.0001,0.6589877093210816,2704.69921875,2705.4140625,2704.69921875,2704.69921875,2704.69921875,2704.69921875
124,0.04380959942827875,0.004043857660762651,0.0001,0.6583893159404397,2704.69921875,2705.4140625,2704.69921875,2704.69921875,2704.69921875,2704.69921875
125,0.043809578374757546,0.007484274372718924,0.0001,0.6542756026610732,2704.69921875,2705.4140625,2704.69921875,2704.69921875,2704.69921875,2704.69921875
126,0.04380952135334049,0.004889400932395205,0.0001,0.7390921246260405,2704.69921875,2705.4140625,2704.69921875,2704.69921875,2704.69921875,2704.69921875
127,0.04380950325901164,0.019047315502531026,0.0001,1.6810895567759871,2704.69921875,2705.4140625,2704.69921875,2704.69921875,2704.69921875,2704.69921875
128,0.043809399122253116,0.004509365284578459,0.0001,0.6555348765105009,2704.69921875,2705.4140625,2704.69921875,2704.69921875,2704.69921875,2704.69921875
129,0.04380917554741382,0.024277888407051806,0.0001,0.6586212972179055,2704.69921875,2705.4140625,2704.69921875,2704.69921875,2704.69921875,2704.69921875
130,0.0438088496868197,0.056465283287318035,0.0001,0.8385354168713093,2704.69921875,2705.4140625,2704.69921875,2704.69921875,2704.69921875,2704.69921875
131,0.04380835680666705,0.0905597635475821,0.0001,0.8421471891924739,2704.69921875,2705.4140625,2704.69921875,2704.69921875,2704.69921875,2704.69921875
132,0.043807804825393634,0.03207582570383449,0.0001,0.8423187797889113,2704.69921875,2705.4140625,2704.69921875,2704.69921875,2704.69921875,2704.69921875
133,0.043807566320085395,0.05688553356690318,0.0001,0.8422150295227766,2704.69921875,2705.4140625,2704.69921875,2704.69921875,2704.69921875,2704.69921875
134,0.04380713697717728,0.031140136574586585,0.0001,0.8348955037072301,2704.69921875,2705.4140625,2704.69921875,2704.69921875,2704.69921875,2704.69921875
135,0.04380687217516556,0.03601216027248755,0.0001,0.840935074724257,2704.69921875,2705.4140625,2704.69921875,2704.69921875,2704.69921875,2704.69921875
136,0.04380648690108156,0.009302714552020364,0.0001,0.8370851818472147,2704.69921875,2705.4140625,2704.69921875,2704.69921875,2704.69921875,2704.69921875
137,0.043806372079082036,0.002164493610084639,0.0001,0.8362511498853564,2704.69921875,2705.4140625,2704.69921875,2704.69921875,2704.69921875,2704.69921875
138,0.04380632930989375,0.01281717335094923,0.0001,0.8303318973630667,2704.69921875,2705.4140625,2704.69921875,2704.69921875,2704.69921875,2704.69921875
139,0.0438062785418021,0.005589695552982388,0.0001,0.6571826431900263,2704.69921875,2705.4140625,2704.69921875,2704.69921875,2704.69921875,2704.69921875
140,0.04380624359800192,0.004590237742847725,0.0001,0.7461117478087544,2704.69921875,2705.4140625,2704.69921875,2704.69921875,2704.69921875,2704.69921875
141,0.04380618506854614,0.007036160857813112,0.0001,1.6643671598285437,2704.69921875,2705.4140625,2704.69921875,2704.69921875,2704.69921875,2704.69921875
142,0.043806036329951954,0.007504430128215778,0.0001,0.8430120125412941,2704.69921875,2705.4140625,2704.69921875,2704.69921875,2704.69921875,2704.69921875
143,0.043806029316083545,0.004002579917692595,0.0001,1.686720916070044,2704.69921875,2705.4140625,2704.69921875,2704.69921875,2704.69921875,2704.69921875
144,0.04380588715227612,0.007779582328756307,0.0001,0.7417313735932112,2704.69921875,2705.4140625,2704.69921875,2704.69921875,2704.69921875,2704.69921875
145,0.043805837140141524,0.012303530974903332,0.0001,1.6837142361328006,2704.69921875,2705.4140625,2704.69921875,2704.69921875,2704.69921875,2704.69921875
146,0.04380573028033547,0.007551375170947727,0.0001,0.8415283467620611,2704.69921875,2705.4140625,2704.69921875,2704.69921875,2704.69921875,2704.69921875
147,0.043805518524290335,0.0064576364124403485,0.0001,0.8331160880625248,2704.69921875,2705.4140625,2704.69921875,2704.69921875,2704.69921875,2704.69921875
148,0.04380352190785645,0.014435233918411061,0.0001,0.8414934771135449,2704.69921875,2705.4140625,2704.69921875,2704.69921875,2704.69921875,2704.69921875
149,0.04380279074475069,0.031646110164755825,0.0001,1.6819919599220157,2704.69921875,2705.4140625,2704.69921875,2704.69921875,2704.69921875,2704.69921875
150,0.04379751492108336,0.0439666289499423,0.0001,0.8410360664129257,2704.69921875,2705.4140625,2704.69921875,2704.69921875,2704.69921875,2704.69921875
151,0.043782249009919665,0.4204502832959891,0.0001,0.8389094369485974,2704.69921875,2705.4140625,2704.69921875,2704.69921875,2704.69921875,2704.69921875
152,0.04374678974473159,0.4867183615783446,0.0001,0.8407861450687051,2704.69921875,2705.4140625,2704.69921875,2704.69921875,2704.69921875,2704.69921875
153,0.04357150053065802,0.730071138711647,0.0001,0.8424616493284702,2704.69921875,2705.4140625,2704.69921875,2704.69921875,2704.69921875,2704.69921875
154,0.04356566403319209,0.7374916458216207,0.0001,2.5270357504487038,2704.69921875,2705.4140625,2704.69921875,2704.69921875,2704.69921875,2704.69921875
155,0.04354320334557821,0.06058198107654533,0.0001,0.8408070141449571,2704.69921875,2705.4140625,2704.69921875,2704.69921875,2704.69921875,2704.69921875
156,0.0434978986088585,0.22478014467780882,0.0001,0.8384272353723645,2704.69921875,2705.4140625,2704.69921875,2704.69921875,2704.69921875,2704.69921875
157,0.04349653483519011,0.22820442885190295,0.0001,0.8448883695527911,2704.69921875,2705.4140625,2704.69921875,2704.69921875,2704.69921875,2704.69921875
158,0.043462298886393615,0.10596798607453572,0.0001,1.6862730951979756,2704.69921875,2705.4140625,2704.69921875,2704.69921875,2704.69921875,2704.69921875
159,0.04345495834134813,0.08182409570046745,0.0001,0.8442315254360437,2704.69921875,2705.4140625,2704.69921875,2704.69921875,2704.69921875,2704.69921875
160,0.04345094354224166,0.18958259852137838,0.0001,1.8536984426900744,2704.69921875,2705.4140625,2704.69921875,2704.69921875,2704.69921875,2704.69921875
161,0.04342999113939262,0.3044393845315554,0.0001,0.8437136532738805,2704.69921875,2705.4140625,2704.69921875,2704.69921875,2704.69921875,2704.69921875
162,0.043426402900448,0.06615620084430951,0.0001,1.676596762612462,2704.69921875,2705.4140625,2704.69921875,2704.69921875,2704.69921875,2704.69921875
163,0.04342127702825555,0.0702896653192282,0.0001,0.8409392144531012,2704.69921875,2705.4140625,2704.69921875,2704.69921875,2704.69921875,2704.69921875
164,0.043420851154852946,0.009648706765607029,0.0001,2.5228247651830316,2704.69921875,2705.4140625,2704.69921875,2704.69921875,2704.69921875,2704.69921875
165,0.043416734870657614,0.1794846154603078,0.0001,0.8428718224167824,2704.69921875,2705.4140625,2704.69921875,2704.69921875,2704.69921875,2704.69921875
166,0.04341559330810717,0.021559106605698042,0.0001,0.8422898985445499,2704.69921875,2705.4140625,2704.69921875,2704.69921875,2704.69921875,2704.69921875
167,0.04341543033451406,0.016289223413666898,0.0001,0.8274345295503736,2704.69921875,2705.4140625,2704.69921875,2704.69921875,2704.69921875,2704.69921875
168,0.043415239458939964,0.009330874883320739,0.0001,1.6794520104303956,2704.69921875,2705.4140625,2704.69921875,2704.69921875,2704.69921875,2704.69921875
169,0.043415140929449876,0.007939100098394158,0.0001,0.8309900611639023,2704.69921875,2705.4140625,2704.69921875,2704.69921875,2704.69921875,2704.69921875
170,0.043414992989285583,0.010308773641765523,0.0001,1.6803929451853037,2704.69921875,2705.4140625,2704.69921875,2704.69921875,2704.69921875,2704.69921875
171,0.043414744799313086,0.011254227702342967,0.0001,0.8295485945418477,2704.69921875,2705.4140625,2704.69921875,2704.69921875,2704.69921875,2704.69921875
172,0.043414293729164714,0.07533523939034426,0.0001,2.5264960983768106,2704.69921875,2705.4140625,2704.69921875,2704.69921875,2704.69921875,2704.69921875
173,0.04341235941750119,0.06792550040328682,0.0001,0.8446176080033183,2704.69921875,2705.4140625,2704.69921875,2704.69921875,2704.69921875,2704.69921875
174,0.04340475432636962,0.0048110681702264735,0.0001,0.8436977537348866,2704.69921875,2705.4140625,2704.69921875,2704.69921875,2704.69921875,2704.69921875
175,0.043388039091599696,0.12424887570208343,0.0001,0.8375690430402756,2704.69921875,2705.4140625,2704.69921875,2704.69921875,2704.69921875,2704.69921875
176,0.04334507090389521,0.28735576033031984,0.0001,0.8564627692103386,2704.69921875,2705.4140625,2704.69921875,2704.69921875,2704.69921875,2704.69921875
177,0.04331969802191538,0.29049172959815706,0.0001,5.051557839848101,2704.69921875,2705.4140625,2704.69921875,2704.69921875,2704.69921875,2704.69921875
178,0.043319226637584196,0.270827359015255,0.0001,2.764493366703391,2704.69921875,2705.4140625,2704.69921875,2704.69921875,2704.69921875,2704.69921875
179,0.04331100468893973,0.37604977576139276,0.0001,3.3639380000531673,2704.69921875,2705.4140625,2704.69921875,2704.69921875,2704.69921875,2704.69921875
180,0.04325742657052617,0.28167685838128587,0.0001,1.6851983424276114,2704.69921875,2705.4140625,2704.69921875,2704.69921875,2704.69921875,2704.69921875
181,0.04324905611988441,0.15101805966719795,0.0001,1.6842189682647586,2704.69921875,2705.4140625,2704.69921875,2704.69921875,2704.69921875,2704.69921875
182,0.04322011769681636,0.4374754093316986,0.0001,0.8432287918403745,2704.69921875,2705.4140625,2704.69921875,2704.69921875,2704.69921875,2704.69921875
183,0.04320308893686303,0.0434135629634016,0.0001,0.8364511197432876,2704.69921875,2705.4140625,2704.69921875,2704.69921875,2704.69921875,2704.69921875
184,0.04317639951557934,0.004153105008041447,0.0001,0.8424314698204398,2704.69921875,2705.4140625,2704.69921875,2704.69921875,2704.69921875,2704.69921875
185,0.043168713567504145,0.3875530271012728,0.0001,0.8417422780767083,2704.69921875,2705.4140625,2704.69921875,2704.69921875,2704.69921875,2704.69921875
186,0.043164821040973675,0.16025406349362192,0.0001,0.842905362136662,2704.69921875,2705.4140625,2704.69921875,2704.69921875,2704.69921875,2704.69921875
187,0.04316262002708457,0.07608877093691058,0.0001,0.8462185626849532,2704.69921875,2705.4140625,2704.69921875,2704.69921875,2704.69921875,2704.69921875
188,0.04316183301141863,0.09101309911742317,0.0001,0.8436015238985419,2704.69921875,2705.4140625,2704.69921875,2704.69921875,2704.69921875,2704.69921875
189,0.04316117728718565,0.05842960777293005,0.0001,0.7017113855108619,2704.69921875,2705.4140625,2704.69921875,2704.69921875,2704.69921875,2704.69921875
190,0.04315251596763885,0.16093837859618443,0.0001,0.8377391137182713,2704.69921875,2705.4140625,2704.69921875,2704.69921875,2704.69921875,2704.69921875
191,0.04314231887273496,0.14270337192730698,0.0001,0.8437368553131819,2704.69921875,2705.4140625,2704.69921875,2704.69921875,2704.69921875,2704.69921875
192,0.04314155476275618,0.12444495766546648,0.0001,1.6883646417409182,2704.69921875,2705.4140625,2704.69921875,2704.69921875,2704.69921875,2704.69921875
193,0.04313678129348416,0.061720796828007796,0.0001,1.686438325792551,2704.69921875,2705.4140625,2704.69921875,2704.69921875,2704.69921875,2704.69921875
194,0.043135940728205945,0.03983215802775941,0.0001,1.6772847939282656,2704.69921875,2705.4140625,2704.69921875,2704.69921875,2704.69921875,2704.69921875
195,0.04313529736126065,0.03781315085673387,0.0001,0.8417156683281064,2704.69921875,2705.4140625,2704.69921875,2704.69921875,2704.69921875,2704.69921875
196,0.04313512433747762,0.026485970379556356,0.0001,1.6868647672235966,2704.69921875,2705.4140625,2704.69921875,2704.69921875,2704.69921875,2704.69921875
197,0.0431346108256812,0.03641732086539329,0.0001,0.8433925928547978,2704.69921875,2705.4140625,2704.69921875,2704.69921875,2704.69921875,2704.69921875
198,0.043133265970033835,0.024927255568351736,0.0001,0.8440906256437302,2704.69921875,2705.4140625,2704.69921875,2704.69921875,2704.69921875,2704.69921875
199,0.04312565181562231,0.1956566620931246,0.0001,0.8391910893842578,2704.69921875,2705.4140625,2704.69921875,2704.69921875,2704.69921875,2704.69921875
200,0.043125043545871655,0.1401732906784584,0.0001,1.6897622868418694,2704.69921875,2705.4140625,2704.69921875,2704.69921875,2704.69921875,2704.69921875
201,0.04312212537225824,0.08813752075130288,0.0001,1.6800786638632417,2704.69921875,2705.4140625,2704.69921875,2704.69921875,2704.69921875,2704.69921875
202,0.043121274700465284,0.026369514292705176,0.0001,0.8436776045709848,2704.69921875,2705.4140625,2704.69921875,2704.69921875,2704.69921875,2704.69921875
203,0.04312109954819911,0.023914578056472457,0.0001,0.8471109252423048,2704.69921875,2705.4140625,2704.69921875,2704.69921875,2704.69921875,2704.69921875
204,0.043121092766404294,0.015175548851839027,0.0001,1.6864607660099864,2704.69921875,2705.4140625,2704.69921875,2704.69921875,2704.69921875,2704.69921875
205,0.04312106473718844,0.0004661853874359245,0.0001,0.8289341945201159,2704.69921875,2705.4140625,2704.69921875,2704.69921875,2704.69921875,2704.69921875
206,0.043121064024686726,0.0002908808091866057,0.0001,0.6615818366408348,2704.69921875,2705.4140625,2704.69921875,2704.69921875,2704.69921875,2704.69921875
207,0.04312106263511248,0.0017058615752858497,0.0001,0.6638540765270591,2704.69921875,2705.4140625,2704.69921875,2704.69921875,2704.69921875,2704.69921875
208,0.043121060556845496,0.0009464061306119209,0.0001,0.6568009909242392,2704.69921875,2705.4140625,2704.69921875,2704.69921875,2704.69921875,2704.69921875
209,0.04312105409651873,0.0034675238821761933,0.0001,0.6550267543643713,2704.69921875,2705.4140625,2704.69921875,2704.69921875,2704.69921875,2704.69921875
210,0.04312103397495347,0.002314937693123853,0.0001,0.7027356661856174,2704.69921875,2705.4140625,2704.69921875,2704.69921875,2704.69921875,2704.69921875
211,0.04312099895902849,0.008227142083328198,0.0001,0.7495648693293333,2704.69921875,2705.4140625,2704.69921875,2704.69921875,2704.69921875,2704.69921875
212,0.043120930881619716,0.0028864818448268714,0.0001,0.739090085029602,2704.69921875,2705.4140625,2704.69921875,2704.69921875,2704.69921875,2704.69921875
213,0.043120850707201036,0.004836644958420733,0.0001,0.8271558079868555,2704.69921875,2705.4140625,2704.69921875,2704.69921875,2704.69921875,2704.69921875
214,0.043120838787316484,0.01022963665696719,0.0001,1.6844991585239768,2704.69921875,2705.4140625,2704.69921875,2704.69921875,2704.69921875,2704.69921875
215,0.04312080857882961,0.003941933341330084,0.0001,0.7005432015284896,2704.69921875,2705.4140625,2704.69921875,2704.69921875,2704.69921875,2704.69921875
216,0.04312080480965307,0.010387642006362552,0.0001,0.655329686589539,2704.69921875,2705.4140625,2704.69921875,2704.69921875,2704.69921875,2704.69921875
217,0.04312080114428661,0.000627330242195745,0.0001,1.3258924027904868,2704.69921875,2705.4140625,2704.69921875,2704.69921875,2704.69921875,2704.69921875
218,0.04312079995683904,0.0003600849865241178,0.0001,0.649237796664238,2704.69921875,2705.4140625,2704.69921875,2704.69921875,2704.69921875,2704.69921875
219,0.04312079113277287,0.001291321310935123,0.0001,0.6604981925338507,2704.69921875,2705.4140625,2704.69921875,2704.69921875,2704.69921875,2704.69921875
220,0.04312078032785935,0.00045296250788862125,0.0001,0.6663026241585612,2704.703125,2705.4140625,2704.69921875,2704.69921875,2704.69921875,2704.703125
221,0.043120767104611,0.000617318283096413,0.0001,0.6564060300588608,2704.703125,2705.4140625,2704.703125,2704.703125,2704.703125,2704.703125
222,0.04312076670530718,0.0003265013015727877,0.0001,1.6791437705978751,2704.703125,2705.4140625,2704.703125,2704.703125,2704.703125,2704.703125
223,0.043120744452080216,0.000948576627531561,0.0001,0.6621180595830083,2704.703125,2705.4140625,2704.703125,2704.703125,2704.703125,2704.703125
224,0.043120709333032255,0.002899705236215744,0.0001,0.652964947745204,2704.703125,2705.4140625,2704.703125,2704.703125,2704.703125,2704.703125
225,0.04312056425114871,0.01928225457492938,0.0001,0.842417280189693,2704.703125,2705.4140625,2704.703125,2704.703125,2704.703125,2704.703125
226,0.04312040623630521,0.05090686518847898,0.0001,0.8427336206659675,2704.703125,2705.4140625,2704.703125,2704.703125,2704.703125,2704.703125
227,0.04312005497862096,0.030698378884412514,0.0001,0.8421040996909142,2704.703125,2705.4140625,2704.703125,2704.703125,2704.703125,2704.703125
228,0.043119067908290426,0.11863589657821905,0.0001,0.8441208153963089,2704.703125,2705.4140625,2704.703125,2704.703125,2704.703125,2704.703125
229,0.0431185580047375,0.048250159009177285,0.0001,0.8418445680290461,2704.703125,2705.4140625,2704.703125,2704.703125,2704.703125,2704.703125
230,0.0431183011632387,0.008134025742190687,0.0001,0.8434164440259337,2704.703125,2705.4140625,2704.703125,2704.703125,2704.703125,2704.703125
231,0.04311828869546638,0.0013233448184166677,0.0001,0.6550319045782089,2704.703125,2705.4140625,2704.703125,2704.703125,2704.703125,2704.703125
232,0.04311828046868544,0.003135571635393908,0.0001,0.659773881547153,2704.703125,2705.4140625,2704.703125,2704.703125,2704.703125,2704.703125
233,0.043118259147160005,0.00964591485836852,0.0001,0.659782450646162,2704.703125,2705.4140625,2704.703125,2704.703125,2704.703125,2704.703125
234,0.04311822810682493,0.012289421381106669,0.0001,0.655701657757163,2704.703125,2705.4140625,2704.703125,2704.703125,2704.703125,2704.703125
235,0.04311820910787404,0.023747221093081694,0.0001,1.6847522398456931,2704.703125,2705.4140625,2704.703125,2704.703125,2704.703125,2704.703125
236,0.0431181826943236,0.004876450920193953,0.0001,0.661670277826488,2704.703125,2705.4140625,2704.703125,2704.703125,2704.703125,2704.703125
237,0.043118176213203234,0.003487806385282899,0.0001,0.6553045557811856,2704.703125,2705.4140625,2704.703125,2704.703125,2704.703125,2704.703125
238,0.04311815981764361,0.0009541629693412546,0.0001,0.6608893647789955,2704.703125,2705.4140625,2704.703125,2704.703125,2704.703125,2704.703125
239,0.04311813836108624,0.01513391240129458,0.0001,0.8489700136706233,2704.703125,2705.4140625,2704.703125,2704.703125,2704.703125,2704.703125
240,0.04311808961961191,0.029951533504772865,0.0001,0.7999176839366555,2704.703125,2705.4140625,2704.703125,2704.703125,2704.703125,2704.703125
241,0.04311801635996016,0.021781062171041032,0.0001,0.6568966703489423,2704.703125,2705.4140625,2704.703125,2704.703125,2704.703125,2704.703125
242,0.04311763542695781,0.000692292890304126,0.0001,0.8431712137535214,2704.703125,2705.4140625,2704.703125,2704.703125,2704.703125,2704.703125
243,0.04311742834494849,0.004060078534973921,0.0001,0.8422988690435886,2704.703125,2705.4140625,2704.703125,2704.703125,2704.703125,2704.703125
244,0.043117358685885676,0.009871970792025841,0.0001,1.69985007122159,2704.703125,2705.4140625,2704.703125,2704.703125,2704.703125,2704.703125
245,0.04311720018031811,0.010244388211904654,0.0001,0.8443079376593232,2704.703125,2705.4140625,2704.703125,2704.703125,2704.703125,2704.703125
246,0.0431171956301788,0.004313546959985537,0.0001,1.6819131895899773,2704.703125,2705.4140625,2704.703125,2704.703125,2704.703125,2704.703125
247,0.04311712462987944,0.013912749493845245,0.0001,0.8400660622864962,2704.703125,2705.4140625,2704.703125,2704.703125,2704.703125,2704.703125
248,0.043117104942322015,0.004278909685089927,0.0001,1.6829228224232793,2704.703125,2705.4140625,2704.703125,2704.703125,2704.703125,2704.703125
249,0.043117095877600396,0.002794492283807015,0.0001,0.6656244015321136,2704.703125,2705.4140625,2704.703125,2704.703125,2704.703125,2704.703125
250,0.04311708264109919,0.0030976598989334025,0.0001,0.6563334101811051,2704.703125,2705.4140625,2704.703125,2704.703125,2704.703125,2704.703125
251,0.04311708013766394,0.010111088703755322,0.0001,1.6756838588044047,2704.703125,2705.4140625,2704.703125,2704.703125,2704.703125,2704.703125
252,0.04311706819791716,0.005304759247449886,0.0001,0.6585503965616226,2704.703125,2705.4140625,2704.703125,2704.703125,2704.703125,2704.703125
253,0.04311704462652295,0.001774083427217521,0.0001,0.6605821242555976,2704.703125,2705.4140625,2704.703125,2704.703125,2704.703125,2704.703125
254,0.04311687476843594,0.015656311299272696,0.0001,0.7851146021857858,2704.703125,2705.4140625,2704.703125,2704.703125,2704.703125,2704.703125
255,0.0431165827239701,0.03404718597786527,0.0001,0.7853073943406343,2704.703125,2705.4140625,2704.703125,2704.703125,2704.703125,2704.703125
256,0.04311592735896574,0.060007783285837,0.0001,0.842150648124516,2704.703125,2705.4140625,2704.703125,2704.703125,2704.703125,2704.703125
257,0.04311508535032867,0.0686386540647661,0.0001,0.8422137694433331,2704.703125,2705.4140625,2704.703125,2704.703125,2704.703125,2704.703125
258,0.043114361501860904,0.03681372366965463,0.0001,0.8446539882570505,2704.703125,2705.4140625,2704.703125,2704.703125,2704.703125,2704.703125
259,0.04311414952427569,0.029809398431096312,0.0001,0.8407801035791636,2704.703125,2705.4140625,2704.703125,2704.703125,2704.703125,2704.703125
260,0.04311410837626785,0.00881313608378731,0.0001,2.51517824921757,2704.703125,2705.4140625,2704.703125,2704.703125,2704.703125,2704.703125
261,0.04311409567558215,0.008259301630739957,0.0001,0.6592188691720366,2704.703125,2705.4140625,2704.703125,2704.703125,2704.703125,2704.703125
262,0.04311408605975992,0.003772055923542572,0.0001,1.6851546205580235,2704.703125,2705.4140625,2704.703125,2704.703125,2704.703125,2704.703125
263,0.04311407221868587,0.002984496966690564,0.0001,0.6881233789026737,2704.703125,2705.4140625,2704.703125,2704.703125,2704.703125,2704.703125
264,0.043114053800050095,0.00229617490307632,0.0001,1.6839652173221111,2704.703125,2705.4140625,2704.703125,2704.703125,2704.703125,2704.703125
265,0.04311404534777446,0.002528478752242158,0.0001,0.6581094460561872,2704.703125,2705.4140625,2704.703125,2704.703125,2704.703125,2704.703125
266,0.043113982962806816,0.0005153884333849345,0.0001,1.623039816506207,2704.703125,2705.4140625,2704.703125,2704.703125,2704.703125,2704.703125
267,0.04311386500062648,0.000619627560825009,0.0001,0.8391490690410137,2704.703125,2705.4140625,2704.703125,2704.703125,2704.703125,2704.703125
268,0.04311376034947746,0.0023894744297416892,0.0001,1.681760199368,2704.703125,2705.4140625,2704.703125,2704.703125,2704.703125,2704.703125
269,0.04311364277197114,0.0004949057247092699,0.0001,0.8436052836477757,2704.703125,2705.4140625,2704.703125,2704.703125,2704.703125,2704.703125
270,0.04311345601136416,0.003366612899172061,0.0001,0.8397289514541626,2704.703125,2705.4140625,2704.703125,2704.703125,2704.703125,2704.703125
271,0.04311345216506191,0.008974159054427555,0.0001,1.6818791897967458,2704.703125,2705.4140625,2704.703125,2704.703125,2704.703125,2704.703125
272,0.04311323772386118,0.0009636150083303097,0.0001,0.837296461686492,2704.703125,2705.4140625,2704.703125,2704.703125,2704.703125,2704.703125
273,0.043113099263397375,0.015975860147083187,0.0001,1.6817363500595093,2704.703125,2705.4140625,2704.703125,2704.703125,2704.703125,2704.703125
274,0.04311299524872182,0.01170457681805126,0.0001,1.6861896757036448,2704.703125,2705.4140625,2704.703125,2704.703125,2704.703125,2704.703125
275,0.0431128900710657,0.03535366494609593,0.0001,1.6786639774218202,2704.703125,2705.4140625,2704.703125,2704.703125,2704.703125,2704.703125
276,0.0431128039364976,0.0024151770274296602,0.0001,0.8444099370390177,2704.703125,2705.4140625,2704.703125,2704.703125,2704.703125,2704.703125
277,0.04311279808206468,0.0005401992578771804,0.0001,0.6609673257917166,2704.703125,2705.4140625,2704.703125,2704.703125,2704.703125,2704.703125
278,0.04311278940360966,0.002218961798900021,0.0001,0.6570034921169281,2704.703125,2705.4140625,2704.703125,2704.703125,2704.703125,2704.703125
279,0.043112779415873166,0.0014921823883692342,0.0001,0.6539318012073636,2704.703125,2705.4140625,2704.703125,2704.703125,2704.703125,2704.703125
280,0.04311275980195619,0.0006556405020003986,0.0001,0.6598847508430481,2704.703125,2705.4140625,2704.703125,2704.703125,2704.703125,2704.703125
281,0.04311274204131992,0.0032262067480253176,0.0001,0.6568018821999431,2704.703125,2705.4140625,2704.703125,2704.703125,2704.703125,2704.703125
282,0.04311274158241938,0.008326528656746879,0.0001,1.6828828332945704,2704.703125,2705.4140625,2704.703125,2704.703125,2704.703125,2704.703125
283,0.04311273628949303,0.008183208067241488,0.0001,1.317254414781928,2704.703125,2705.4140625,2704.703125,2704.703125,2704.703125,2704.703125
284,0.043112728102012346,0.011415069955482915,0.0001,1.6769503029063344,2704.703125,2705.4140625,2704.703125,2704.703125,2704.703125,2704.703125
285,0.04311271698418662,0.001216577679055364,0.0001,0.6604764331132174,2704.703125,2705.4140625,2704.703125,2704.703125,2704.703125,2704.703125
286,0.04311271244370994,0.001486049416537183,0.0001,0.6623926805332303,2704.703125,2705.4140625,2704.703125,2704.703125,2704.703125,2704.703125
287,0.0431127113241647,0.0018728814545949657,0.0001,0.6589583586901426,2704.703125,2705.4140625,2704.703125,2704.703125,2704.703125,2704.703125
288,0.04311270337050744,0.004749589754532435,0.0001,1.6155338417738676,2704.703125,2705.4140625,2704.703125,2704.703125,2704.703125,2704.703125
289,0.0431126906870102,0.008191240407397715,0.0001,0.7737636137753725,2704.703125,2705.4140625,2704.703125,2704.703125,2704.703125,2704.703125
290,0.04311266512807394,0.009622710799068734,0.0001,1.684734059497714,2704.703125,2705.4140625,2704.703125,2704.703125,2704.703125,2704.703125
291,0.043112643384073605,0.005637146422710293,0.0001,0.6582544958218932,2704.703125,2705.4140625,2704.703125,2704.703125,2704.703125,2704.703125
292,0.04311262763969301,0.0012147313603068088,0.0001,0.655484126880765,2704.703125,2705.4140625,2704.703125,2704.703125,2704.703125,2704.703125
293,0.04311262399162993,0.008889877880647545,0.0001,1.3232061052694917,2704.703125,2705.4140625,2704.703125,2704.703125,2704.703125,2704.703125
294,0.04311261475267278,0.005005365127078942,0.0001,0.6585981966927648,2704.703125,2705.4140625,2704.703125,2704.703125,2704.703125,2704.703125
295,0.04311261032712294,0.00041974322249274605,0.0001,0.6616865582764149,2704.703125,2705.4140625,2704.703125,2704.703125,2704.703125,2704.703125
296,0.04311260929844607,0.0004332589589286247,0.0001,0.6535975197330117,2704.703125,2705.4140625,2704.703125,2704.703125,2704.703125,2704.703125
297,0.04311260466956652,0.00044528286120820606,0.0001,0.6590130692347884,2704.703125,2705.4140625,2704.703125,2704.703125,2704.703125,2704.703125
298,0.04311260235176616,0.003613138101849822,0.0001,1.6812101164832711,2704.703125,2705.4140625,2704.703125,2704.703125,2704.703125,2704.703125
299,0.04311258936194716,0.0036351945807269193,0.0001,0.6575516844168305,2704.703125,2705.4140625,2704.703125,2704.703125,2704.703125,2704.703125
300,0.043112583806242215,0.008131317843315333,0.0001,1.6798596531152725,2704.703125,2705.4140625,2704.703125,2704.703125,2704.703125,2704.703125
301,0.04311253724549476,0.007210260069673513,0.0001,0.6581773553043604,2704.703125,2705.4140625,2704.703125,2704.703125,2704.703125,2704.703125
302,0.04311253462109168,0.01143999923046346,0.0001,1.6860235845670104,2704.703125,2705.4140625,2704.703125,2704.703125,2704.703125,2704.703125
303,0.043112441479903944,0.008943054905156345,0.0001,0.7825800143182278,2704.703125,2705.4140625,2704.703125,2704.703125,2704.703125,2704.703125
304,0.04311241603002919,0.06404495748837602,0.0001,0.8390530571341515,2704.703125,2705.4140625,2704.703125,2704.703125,2704.703125,2704.703125
305,0.0431121526928602,0.022327259143979483,0.0001,0.7828133450821042,2704.703125,2705.4140625,2704.703125,2704.703125,2704.703125,2704.703125
306,0.04311185455566234,0.004116985771727588,0.0001,0.7803064277395606,2704.703125,2705.4140625,2704.703125,2704.703125,2704.703125,2704.703125
307,0.043111318370689704,0.01780677176444123,0.0001,0.8438282338902354,2704.703125,2705.4140625,2704.703125,2704.703125,2704.703125,2704.703125
308,0.043110700226738755,0.05353892202474175,0.0001,0.8440704355016351,2704.703125,2705.4140625,2704.703125,2704.703125,2704.703125,2704.703125
309,0.04311029513082032,0.0016464696848870197,0.0001,1.679794573225081,2704.703125,2705.4140625,2704.703125,2704.703125,2704.703125,2704.703125
310,0.043109680258147764,0.011667336729259792,0.0001,0.8401644323021173,2704.703125,2705.4140625,2704.703125,2704.703125,2704.703125,2704.703125
311,0.043109445191560326,0.03136877223041612,0.0001,1.6784659391269088,2704.703125,2705.4140625,2704.703125,2704.703125,2704.703125,2704.703125
312,0.04310927966444058,0.008797594142731624,0.0001,0.8409912744536996,2704.703125,2705.4140625,2704.703125,2704.703125,2704.703125,2704.703125
313,0.04310927404751951,0.0024787598322075777,0.0001,0.661281855776906,2704.703125,2705.4140625,2704.703125,2704.703125,2704.703125,2704.703125
314,0.04310927251440944,0.0011696834929536548,0.0001,0.6535239107906818,2704.703125,2705.4140625,2704.703125,2704.703125,2704.703125,2704.703125
315,0.04310927081630303,0.004481073076476716,0.0001,0.6565198991447687,2704.703125,2705.4140625,2704.703125,2704.703125,2704.703125,2704.703125
316,0.043109266844367694,0.00919028636262298,0.0001,0.6611974164843559,2704.703125,2705.4140625,2704.703125,2704.703125,2704.703125,2704.703125
317,0.043109258175854065,0.01394145241213196,0.0001,0.6549523146823049,2704.703125,2705.4140625,2704.703125,2704.703125,2704.703125,2704.703125
318,0.04310924190490311,0.018121785839655957,0.0001,0.6563874399289489,2704.703125,2705.4140625,2704.703125,2704.703125,2704.703125,2704.703125
319,0.04310923419429982,0.0013493615088639999,0.0001,0.7954050581902266,2704.703125,2705.4140625,2704.703125,2704.703125,2704.703125,2704.703125
320,0.04310920886727065,0.01203138496836742,0.0001,0.7428907370194793,2704.703125,2705.4140625,2704.703125,2704.703125,2704.703125,2704.703125
321,0.043109198040088434,0.005504333501760605,0.0001,0.6538835112005472,2704.703125,2705.4140625,2704.703125,2704.703125,2704.703125,2704.703125
322,0.04310918931745485,0.005837711904737475,0.0001,0.6588547276332974,2704.703125,2705.4140625,2704.703125,2704.703125,2704.703125,2704.703125
323,0.043109186917165185,0.008289177547753823,0.0001,0.662946823053062,2704.703125,2705.4140625,2704.703125,2704.703125,2704.703125,2704.703125
324,0.0431091788508599,0.012894121836169115,0.0001,0.6491052741184831,2704.703125,2705.4140625,2704.703125,2704.703125,2704.703125,2704.703125
325,0.04310916390911409,0.015424965539897473,0.0001,0.6596054108813405,2704.703125,2705.4140625,2704.703125,2704.703125,2704.703125,2704.703125
326,0.04310913978954167,0.015235424881508308,0.0001,0.6636265646666288,2704.703125,2705.4140625,2704.703125,2704.703125,2704.703125,2704.703125
327,0.043109139268419944,0.011230074712730298,0.0001,1.6841161474585533,2704.703125,2705.4140625,2704.703125,2704.703125,2704.703125,2704.703125
328,0.043109118325657655,0.00518634387423611,0.0001,0.654935504309833,2704.703125,2705.4140625,2704.703125,2704.703125,2704.703125,2704.703125
329,0.04310911187306003,0.012716464845092479,0.0001,0.8414858365431428,2704.703125,2705.4140625,2704.703125,2704.703125,2704.703125,2704.703125
330,0.04310908108507781,0.014454594197883086,0.0001,0.8422573804855347,2704.703125,2705.4140625,2704.703125,2704.703125,2704.703125,2704.703125
331,0.04310907727523886,0.01619550714162199,0.0001,1.685412311926484,2704.703125,2705.4140625,2704.703125,2704.703125,2704.703125,2704.703125
332,0.04310905775764138,0.00044405714205090867,0.0001,0.7420226633548737,2704.703125,2705.4140625,2704.703125,2704.703125,2704.703125,2704.703125
333,0.043109052420807516,0.0016383549208738302,0.0001,0.6593106500804424,2704.703125,2705.4140625,2704.703125,2704.703125,2704.703125,2704.703125
334,0.04310904921652052,0.0005022540113442718,0.0001,0.8417707188054919,2704.703125,2705.4140625,2704.703125,2704.703125,2704.703125,2704.703125
335,0.04310894962120848,0.009192235697926265,0.0001,0.6627113204449415,2704.703125,2705.4140625,2704.703125,2704.703125,2704.703125,2704.703125
336,0.04310881638857482,0.004678536622972906,0.0001,0.6482585119083524,2704.703125,2705.4140625,2704.703125,2704.703125,2704.703125,2704.703125
337,0.04310876519435725,0.0042602680174035346,0.0001,0.6590997288003564,2704.703125,2705.4140625,2704.703125,2704.703125,2704.703125,2704.703125
338,0.04310876439131107,0.000505570200065212,0.0001,1.6813409384340048,2704.703125,2705.4140625,2704.703125,2704.703125,2704.703125,2704.703125
339,0.04310872856867677,0.0007361143983692667,0.0001,0.7433977890759706,2704.703125,2705.4140625,2704.703125,2704.703125,2704.703125,2704.703125
340,0.043108711813171385,0.0056232243366529655,0.0001,1.680329385213554,2704.703125,2705.4140625,2704.703125,2704.703125,2704.703125,2704.703125
341,0.04310855103415591,0.0023318596491350707,0.0001,1.3624823996797204,2704.703125,2705.4140625,2704.703125,2704.703125,2704.703125,2704.703125
342,0.04310798999726553,0.01958322595945161,0.0001,0.8404810028150678,2704.703125,2705.4140625,2704.703125,2704.703125,2704.703125,2704.703125
343,0.043106036269783266,0.011159167484229515,0.0001,0.8468423150479794,2704.703125,2705.4140625,2704.703125,2704.703125,2704.703125,2704.703125
344,0.04310566009731003,0.04535403733814114,0.0001,1.6768728829920292,2704.703125,2705.4140625,2704.703125,2704.703125,2704.703125,2704.703125
345,0.043101835080746415,0.02545831162920309,0.0001,0.8399169724434614,2704.703125,2705.4140625,2704.703125,2704.703125,2704.703125,2704.703125
346,0.043092765455654,0.1133270770811825,0.0001,0.8404119722545147,2704.70703125,2705.4140625,2704.703125,2704.703125,2704.703125,2704.70703125
347,0.043088845983308414,0.06442118887517112,0.0001,0.8431398328393698,2704.70703125,2705.4140625,2704.70703125,2704.70703125,2704.70703125,2704.70703125
348,0.04308784546136191,0.03533034911234545,0.0001,0.841126105748117,2704.70703125,2705.4140625,2704.70703125,2704.70703125,2704.70703125,2704.70703125
349,0.04308773358127862,0.010899530759987064,0.0001,1.6804102547466755,2704.70703125,2705.4140625,2704.70703125,2704.70703125,2704.70703125,2704.70703125
350,0.043087682764817004,0.006986244739085601,0.0001,0.6586882574483752,2704.70703125,2705.4140625,2704.70703125,2704.70703125,2704.70703125,2704.70703125
351,0.04308766051959782,0.008543732796352899,0.0001,0.6595815103501081,2704.70703125,2705.4140625,2704.70703125,2704.70703125,2704.70703125,2704.70703125
352,0.04308747158136332,0.024452024029662178,0.0001,0.7862467169761658,2704.70703125,2705.4140625,2704.70703125,2704.70703125,2704.70703125,2704.70703125
353,0.043086919745916406,0.04350188251683962,0.0001,0.6504327692091465,2704.70703125,2705.4140625,2704.70703125,2704.70703125,2704.70703125,2704.70703125
354,0.04308496301661607,0.1003752319702691,0.0001,0.7813187101855874,2704.70703125,2705.4140625,2704.70703125,2704.70703125,2704.70703125,2704.70703125
355,0.04307656129883289,0.1733187283772457,0.0001,0.8437622943893075,2704.70703125,2705.4140625,2704.70703125,2704.70703125,2704.70703125,2704.70703125
356,0.043069756874923794,0.1710888467047218,0.0001,1.6842806674540043,2704.70703125,2705.4140625,2704.70703125,2704.70703125,2704.70703125,2704.70703125
357,0.043069290429962805,0.2143807297581427,0.0001,2.7593116089701653,2704.7109375,2705.4140625,2704.7109375,2704.7109375,2704.7109375,2704.7109375
358,0.04306203272877688,0.12970166807070482,0.0001,1.6755132880061865,2704.7109375,2705.4140625,2704.7109375,2704.7109375,2704.7109375,2704.7109375
359,0.04305789367086632,0.07590004781615134,0.0001,1.6872818591073155,2704.7109375,2705.4140625,2704.7109375,2704.7109375,2704.7109375,2704.7109375
360,0.04305708747065325,0.0056944179913239745,0.0001,0.8440834861248732,2704.7109375,2705.4140625,2704.7109375,2704.7109375,2704.7109375,2704.7109375
361,0.04305672289106129,0.006315380530405257,0.0001,0.8417121171951294,2704.7109375,2705.4140625,2704.7109375,2704.7109375,2704.7109375,2704.7109375
362,0.04305649969519467,0.05985860330257642,0.0001,4.252591489814222,2704.7109375,2705.4140625,2704.7109375,2704.7109375,2704.7109375,2704.7109375
363,0.04305565584574841,0.033525281382241756,0.0001,0.8418599283322692,2704.7109375,2705.4140625,2704.7109375,2704.7109375,2704.7109375,2704.7109375
364,0.04305434755334744,0.030832576302194603,0.0001,0.8433269821107388,2704.71484375,2705.4140625,2704.7109375,2704.7109375,2704.7109375,2704.71484375
365,0.04305361335203727,0.010465020713287032,0.0001,0.8407998457551003,2704.71484375,2705.4140625,2704.71484375,2704.71484375,2704.71484375,2704.71484375
366,0.04305312496147477,0.02616503787667923,0.0001,0.843961164355278,2704.71484375,2705.4140625,2704.71484375,2704.71484375,2704.71484375,2704.71484375
367,0.04305300688913573,0.03987367869074976,0.0001,0.8001978155225515,2704.71484375,2705.4140625,2704.71484375,2704.71484375,2704.71484375,2704.71484375
368,0.04305286192913232,0.04720443113412265,0.0001,0.8411388956010342,2704.71484375,2705.4140625,2704.71484375,2704.71484375,2704.71484375,2704.71484375
369,0.043052673665013454,0.016172827685680735,0.0001,0.7528187716379762,2704.71484375,2705.4140625,2704.71484375,2704.71484375,2704.71484375,2704.71484375
370,0.04305239411558221,0.005316370355371247,0.0001,0.7517793877050281,2704.71484375,2705.4140625,2704.71484375,2704.71484375,2704.71484375,2704.71484375
371,0.04305179484654623,0.031460906678560385,0.0001,0.8383100656792521,2704.71484375,2705.4140625,2704.71484375,2704.71484375,2704.71484375,2704.71484375
372,0.0430511418055859,0.03155386656103709,0.0001,0.8513636216521263,2704.71484375,2705.4140625,2704.71484375,2704.71484375,2704.71484375,2704.71484375
373,0.043051125634485536,0.02175412540001831,0.0001,1.6749177956953645,2704.71484375,2705.4140625,2704.71484375,2704.71484375,2704.71484375,2704.71484375
374,0.043050176841148265,0.015171618827602984,0.0001,0.8423409601673484,2704.71484375,2705.4140625,2704.71484375,2704.71484375,2704.71484375,2704.71484375
375,0.04304791531899503,0.017742456374918447,0.0001,0.8451402187347412,2704.71484375,2705.4140625,2704.71484375,2704.71484375,2704.71484375,2704.71484375
376,0.043045278634471835,0.03140801372600022,0.0001,0.8427758105099201,2704.71484375,2705.4140625,2704.71484375,2704.71484375,2704.71484375,2704.71484375
377,0.04304383666461054,0.1725055372731903,0.0001,1.6854239227250218,2704.71484375,2705.4140625,2704.71484375,2704.71484375,2704.71484375,2704.71484375
378,0.0430414186026447,0.10494904491106904,0.0001,0.8436908842995763,2704.71484375,2705.4140625,2704.71484375,2704.71484375,2704.71484375,2704.71484375
379,0.04303955849365414,0.06661069322969349,0.0001,0.8456152714788914,2704.71484375,2705.4140625,2704.71484375,2704.71484375,2704.71484375,2704.71484375
380,0.04303450395617732,0.017123894242144777,0.0001,0.8398597808554769,2704.71484375,2705.4140625,2704.71484375,2704.71484375,2704.71484375,2704.71484375
381,0.04302918430394785,0.02721262490585208,0.0001,0.8454103413969278,2704.71484375,2705.4140625,2704.71484375,2704.71484375,2704.71484375,2704.71484375
382,0.043028416712204594,0.06553167014146899,0.0001,1.6896371357142925,2704.71484375,2705.4140625,2704.71484375,2704.71484375,2704.71484375,2704.71484375
383,0.043022507858837586,0.05469381523947914,0.0001,0.8429573616012931,2704.71484375,2705.4140625,2704.71484375,2704.71484375,2704.71484375,2704.71484375
384,0.043018727427996326,0.23796353562453054,0.0001,3.461762177757919,2704.71484375,2705.4140625,2704.71484375,2704.71484375,2704.71484375,2704.71484375
385,0.04301609363050502,0.04117823033877843,0.0001,1.6945466231554747,2704.71484375,2705.4140625,2704.71484375,2704.71484375,2704.71484375,2704.71484375
386,0.04301544644206169,0.03186279863976993,0.0001,0.843776635825634,2704.71484375,2705.4140625,2704.71484375,2704.71484375,2704.71484375,2704.71484375
387,0.04301530860696647,0.012676868754140314,0.0001,0.8414800558239222,2704.71484375,2705.4140625,2704.71484375,2704.71484375,2704.71484375,2704.71484375
388,0.04301522662475698,0.02130054387113378,0.0001,0.8409461947157979,2704.71484375,2705.4140625,2704.71484375,2704.71484375,2704.71484375,2704.71484375
389,0.0430151820658808,0.0015975224424479009,0.0001,1.679104020819068,2704.71484375,2705.4140625,2704.71484375,2704.71484375,2704.71484375,2704.71484375
390,0.043015126623334114,0.005306085496320501,0.0001,0.6898968257009983,2704.71484375,2705.4140625,2704.71484375,2704.71484375,2704.71484375,2704.71484375
391,0.04301504949954982,0.001524495314001317,0.0001,0.8448598179966211,2704.71484375,2705.4140625,2704.71484375,2704.71484375,2704.71484375,2704.71484375
392,0.04301484166356959,0.022029361091395083,0.0001,1.4293571403250098,2704.71484375,2705.4140625,2704.71484375,2704.71484375,2704.71484375,2704.71484375
393,0.04301440597891014,0.03423609424490126,0.0001,0.8398590413853526,2704.71484375,2705.4140625,2704.71484375,2704.71484375,2704.71484375,2704.71484375
394,0.04301406769693794,0.06256448623458799,0.0001,0.8415037365630269,2704.71484375,2705.4140625,2704.71484375,2704.71484375,2704.71484375,2704.71484375
395,0.04301369620542162,0.017913561971571124,0.0001,0.8426842410117388,2704.71484375,2705.4140625,2704.71484375,2704.71484375,2704.71484375,2704.71484375
396,0.04301347456809319,0.001602260854227877,0.0001,0.786062995903194,2704.71484375,2705.4140625,2704.71484375,2704.71484375,2704.71484375,2704.71484375
397,0.04301287467501893,0.03573242179192271,0.0001,0.8368502212688327,2704.71484375,2705.4140625,2704.71484375,2704.71484375,2704.71484375,2704.71484375
398,0.043012035121636615,0.03252262911331294,0.0001,0.8449212582781911,2704.71484375,2705.4140625,2704.71484375,2704.71484375,2704.71484375,2704.71484375
399,0.043011855211421306,0.0971931998526312,0.0001,2.5266566677019,2704.71484375,2705.4140625,2704.71484375,2704.71484375,2704.71484375,2704.71484375
400,0.04301066323421362,0.07615935900048543,0.0001,0.8464949047192931,2704.71484375,2705.4140625,2704.71484375,2704.71484375,2704.71484375,2704.71484375
401,0.04300811163138981,0.03640353256284479,0.0001,0.8463976429775357,2704.71484375,2705.4140625,2704.71484375,2704.71484375,2704.71484375,2704.71484375
402,0.0430049726403249,0.07266369990086141,0.0001,0.8433638941496611,2704.71484375,2705.4140625,2704.71484375,2704.71484375,2704.71484375,2704.71484375
403,0.04300046235936853,0.07473849866266913,0.0001,0.840041852556169,2704.71484375,2705.4140625,2704.71484375,2704.71484375,2704.71484375,2704.71484375
404,0.04299990358036131,0.1598177953356814,0.0001,1.7764237951487303,2704.71484375,2705.4140625,2704.71484375,2704.71484375,2704.71484375,2704.71484375
405,0.04299284102950895,0.09597032108824566,0.0001,0.8464585831388831,2704.71484375,2705.4140625,2704.71484375,2704.71484375,2704.71484375,2704.71484375
406,0.042988107544952275,0.03743271378507251,0.0001,0.8509121295064688,2704.71484375,2705.4140625,2704.71484375,2704.71484375,2704.71484375,2704.71484375
407,0.04298469788707314,0.021768056667757385,0.0001,0.8464471837505698,2704.71484375,2705.4140625,2704.71484375,2704.71484375,2704.71484375,2704.71484375
408,0.04298453832220009,0.06337305675904692,0.0001,1.681761460378766,2704.71484375,2705.4140625,2704.71484375,2704.71484375,2704.71484375,2704.71484375
409,0.04298286711357664,0.02242690468941555,0.0001,0.8399684112519026,2704.71484375,2705.4140625,2704.71484375,2704.71484375,2704.71484375,2704.71484375
410,0.04298277547442391,0.07004629132256057,0.0001,1.681343788281083,2704.71484375,2705.4140625,2704.71484375,2704.71484375,2704.71484375,2704.71484375
411,0.04298235522567369,0.037706204670065135,0.0001,0.8461628425866365,2704.71484375,2705.4140625,2704.71484375,2704.71484375,2704.71484375,2704.71484375
412,0.04298192710250551,0.02215789499204468,0.0001,0.8419982688501477,2704.71484375,2705.4140625,2704.71484375,2704.71484375,2704.71484375,2704.71484375
413,0.04298185235633857,0.010376196695694118,0.0001,0.6538495812565088,2704.71484375,2705.4140625,2704.71484375,2704.71484375,2704.71484375,2704.71484375
414,0.04298152297232439,0.02518277738024477,0.0001,0.7922858884558082,2704.71484375,2705.4140625,2704.71484375,2704.71484375,2704.71484375,2704.71484375
415,0.042981252189658536,0.029049775577055792,0.0001,0.798109395429492,2704.71484375,2705.4140625,2704.71484375,2704.71484375,2704.71484375,2704.71484375
416,0.042981218265202716,0.05156631412053714,0.0001,1.6873616455122828,2704.71484375,2705.4140625,2704.71484375,2704.71484375,2704.71484375,2704.71484375
417,0.04298097099278506,0.03218069279289215,0.0001,0.831324310041964,2704.71484375,2705.4140625,2704.71484375,2704.71484375,2704.71484375,2704.71484375
418,0.042980785237241755,0.004417268207139613,0.0001,0.7450816398486495,2704.71484375,2705.4140625,2704.71484375,2704.71484375,2704.71484375,2704.71484375
419,0.04298061232141929,0.020228119062691174,0.0001,0.7502196170389652,2704.71484375,2705.4140625,2704.71484375,2704.71484375,2704.71484375,2704.71484375
420,0.04298039716133133,0.0426138389722408,0.0001,0.8441364150494337,2704.71484375,2705.4140625,2704.71484375,2704.71484375,2704.71484375,2704.71484375
421,0.042980262950037595,0.027984443682789406,0.0001,0.8450597077608109,2704.71484375,2705.4140625,2704.71484375,2704.71484375,2704.71484375,2704.71484375
422,0.04298024163621002,0.03370094173686855,0.0001,1.6867115646600723,2704.71484375,2705.4140625,2704.71484375,2704.71484375,2704.71484375,2704.71484375
423,0.0429801998888602,0.0016824005283657432,0.0001,1.6853736396878958,2704.71484375,2705.4140625,2704.71484375,2704.71484375,2704.71484375,2704.71484375
424,0.042980192266919175,0.0021941840565894433,0.0001,0.6569607816636562,2704.71484375,2705.4140625,2704.71484375,2704.71484375,2704.71484375,2704.71484375
425,0.04298015914410943,0.012154795552819064,0.0001,0.6627063928171992,2704.71484375,2705.4140625,2704.71484375,2704.71484375,2704.71484375,2704.71484375
426,0.042980125043011304,0.018851006650409063,0.0001,0.6546783540397882,2704.71484375,2705.4140625,2704.71484375,2704.71484375,2704.71484375,2704.71484375
427,0.04298003373665526,0.02674196746561741,0.0001,0.6595071498304605,2704.71484375,2705.4140625,2704.71484375,2704.71484375,2704.71484375,2704.71484375
428,0.04297991437008332,0.03503078914956381,0.0001,0.7988825375214219,2704.71484375,2705.4140625,2704.71484375,2704.71484375,2704.71484375,2704.71484375
429,0.04297987800375426,0.012733295355259355,0.0001,1.682863430120051,2704.71484375,2705.4140625,2704.71484375,2704.71484375,2704.71484375,2704.71484375
430,0.04297978886704825,0.010481711890284906,0.0001,0.7928060358390212,2704.71484375,2705.4140625,2704.71484375,2704.71484375,2704.71484375,2704.71484375
431,0.042979760218513983,0.0038197234540373604,0.0001,1.677229830995202,2704.71484375,2705.4140625,2704.71484375,2704.71484375,2704.71484375,2704.71484375
432,0.04297970487786635,0.004232062857935981,0.0001,0.7507497696205974,2704.71484375,2705.4140625,2704.71484375,2704.71484375,2704.71484375,2704.71484375
433,0.04297965448747393,0.01446028234243979,0.0001,0.7548896837979555,2704.71484375,2705.4140625,2704.71484375,2704.71484375,2704.71484375,2704.71484375
434,0.042979621174906835,0.0010226146446320051,0.0001,0.8435848029330373,2704.71484375,2705.4140625,2704.71484375,2704.71484375,2704.71484375,2704.71484375
435,0.04297958977927542,0.023916340738995734,0.0001,0.8404901418834925,2704.71484375,2705.4140625,2704.71484375,2704.71484375,2704.71484375,2704.71484375
436,0.04297955921026378,0.006790001092771725,0.0001,0.6603250242769718,2704.71484375,2705.4140625,2704.71484375,2704.71484375,2704.71484375,2704.71484375
437,0.04297955094704674,0.0006603049172740689,0.0001,0.6665168749168515,2704.71484375,2705.4140625,2704.71484375,2704.71484375,2704.71484375,2704.71484375
438,0.042979549000699904,0.00115308151435356,0.0001,0.656454199925065,2704.71484375,2705.4140625,2704.71484375,2704.71484375,2704.71484375,2704.71484375
439,0.042979523532730206,0.007190340571268328,0.0001,0.654880334623158,2704.71484375,2705.4140625,2704.71484375,2704.71484375,2704.71484375,2704.71484375
440,0.042979486719045654,0.008013946914797732,0.0001,0.6642909776419401,2704.71484375,2705.4140625,2704.71484375,2704.71484375,2704.71484375,2704.71484375
441,0.04297948472381612,0.026295518582673094,0.0001,1.6797312898561358,2704.71484375,2705.4140625,2704.71484375,2704.71484375,2704.71484375,2704.71484375
442,0.04297941905441287,0.014395189285600574,0.0001,0.858575664460659,2704.71484375,2705.4140625,2704.71484375,2704.71484375,2704.71484375,2704.71484375
443,0.0429793684440545,0.0020695416415555945,0.0001,0.7910052705556154,2704.71484375,2705.4140625,2704.71484375,2704.71484375,2704.71484375,2704.71484375
444,0.04297934699389475,0.002590176151001655,0.0001,0.7506912387907505,2704.71484375,2705.4140625,2704.71484375,2704.71484375,2704.71484375,2704.71484375
445,0.0429793337478052,0.0009916035354611274,0.0001,0.6624199310317636,2704.71484375,2705.4140625,2704.71484375,2704.71484375,2704.71484375,2704.71484375
446,0.0429793228141988,0.01524797670446354,0.0001,1.6890253722667694,2704.71484375,2705.4140625,2704.71484375,2704.71484375,2704.71484375,2704.71484375
447,0.042979286369758826,0.005931568009234445,0.0001,0.6562930000945926,2704.71484375,2705.4140625,2704.71484375,2704.71484375,2704.71484375,2704.71484375
448,0.04297921290661241,0.007284522136970617,0.0001,0.660945494659245,2704.71484375,2705.4140625,2704.71484375,2704.71484375,2704.71484375,2704.71484375
449,0.042979060949994735,0.02551017630351471,0.0001,0.7461694041267037,2704.71484375,2705.4140625,2704.71484375,2704.71484375,2704.71484375,2704.71484375
450,0.042978862980869385,0.036777451922878845,0.0001,0.794315961189568,2704.71484375,2705.4140625,2704.71484375,2704.71484375,2704.71484375,2704.71484375
451,0.042978670243721546,0.03535197246222277,0.0001,0.7909044986590743,2704.71484375,2705.4140625,2704.71484375,2704.71484375,2704.71484375,2704.71484375
452,0.04297866690388777,0.04480118474286621,0.0001,2.5217575170099735,2704.71484375,2705.4140625,2704.71484375,2704.71484375,2704.71484375,2704.71484375
453,0.04297856774949454,0.019776155246955973,0.0001,0.8463979829102755,2704.71484375,2705.4140625,2704.71484375,2704.71484375,2704.71484375,2704.71484375
454,0.042978535210808605,0.0005431629858212442,0.0001,0.74508947879076,2704.71484375,2705.4140625,2704.71484375,2704.71484375,2704.71484375,2704.71484375
455,0.04297853197680583,0.00212789183020079,0.0001,0.6553397169336677,2704.71484375,2705.4140625,2704.71484375,2704.71484375,2704.71484375,2704.71484375
456,0.042978528455315045,0.0018382095518307828,0.0001,0.6602485934272408,2704.71484375,2705.4140625,2704.71484375,2704.71484375,2704.71484375,2704.71484375
457,0.0429785279318964,0.004390069527602458,0.0001,1.686885004863143,2704.71484375,2705.4140625,2704.71484375,2704.71484375,2704.71484375,2704.71484375
458,0.04297852357293856,0.003923730829309635,0.0001,0.6551390448585153,2704.71484375,2705.4140625,2704.71484375,2704.71484375,2704.71484375,2704.71484375
459,0.042978517410347396,0.001452676088513627,0.0001,1.6793583994731307,2704.71484375,2705.4140625,2704.71484375,2704.71484375,2704.71484375,2704.71484375
460,0.04297848375880292,0.003327198625781236,0.0001,0.6624427810311317,2704.71484375,2705.4140625,2704.71484375,2704.71484375,2704.71484375,2704.71484375
461,0.04297824016674395,0.024362076359708218,0.0001,0.8386581456288695,2704.71484375,2705.4140625,2704.71484375,2704.71484375,2704.71484375,2704.71484375
462,0.04297802469381607,0.02900581977653527,0.0001,0.8442820347845554,2704.71484375,2705.4140625,2704.71484375,2704.71484375,2704.71484375,2704.71484375
463,0.042977990901936707,0.044603081506311426,0.0001,1.6791684478521347,2704.71484375,2705.4140625,2704.71484375,2704.71484375,2704.71484375,2704.71484375
464,0.04297784720372752,0.00655094560954772,0.0001,0.8421942880377173,2704.71484375,2705.4140625,2704.71484375,2704.71484375,2704.71484375,2704.71484375
465,0.042977817493758244,0.0069712027719665,0.0001,0.7422432499006391,2704.71484375,2705.4140625,2704.71484375,2704.71484375,2704.71484375,2704.71484375
466,0.04297781450409852,0.00295303235368205,0.0001,1.6851796293631196,2704.71484375,2705.4140625,2704.71484375,2704.71484375,2704.71484375,2704.71484375
467,0.042977811120644895,0.0016789086048953905,0.0001,0.652916107326746,2704.71484375,2705.4140625,2704.71484375,2704.71484375,2704.71484375,2704.71484375
468,0.0429778100256817,0.0006321180357843323,0.0001,0.6642454378306866,2704.71484375,2705.4140625,2704.71484375,2704.71484375,2704.71484375,2704.71484375
469,0.04297780304322653,0.0006283567020628106,0.0001,0.6608085948973894,2704.71484375,2705.4140625,2704.71484375,2704.71484375,2704.71484375,2704.71484375
470,0.042977792748691755,0.0122778846154874,0.0001,1.6786833358928561,2704.71484375,2705.4140625,2704.71484375,2704.71484375,2704.71484375,2704.71484375
471,0.0429777578911636,0.005634760981972464,0.0001,0.6621112897992134,2704.71484375,2705.4140625,2704.71484375,2704.71484375,2704.71484375,2704.71484375
472,0.04297770630584896,0.004976003797331763,0.0001,0.6641387976706028,2704.71484375,2705.4140625,2704.71484375,2704.71484375,2704.71484375,2704.71484375
473,0.042977655961844254,0.013134471096710842,0.0001,0.6528971074149013,2704.71484375,2705.4140625,2704.71484375,2704.71484375,2704.71484375,2704.71484375
474,0.04297759628104186,0.01743426051624597,0.0001,0.7500144066289067,2704.71484375,2705.4140625,2704.71484375,2704.71484375,2704.71484375,2704.71484375
475,0.04297753631461408,0.003262102626783947,0.0001,0.7561434572562575,2704.71484375,2705.4140625,2704.71484375,2704.71484375,2704.71484375,2704.71484375
476,0.04297750913205271,0.018063341764960494,0.0001,0.8474150877445936,2704.71484375,2705.4140625,2704.71484375,2704.71484375,2704.71484375,2704.71484375
477,0.042977493108246514,0.0037646456373765513,0.0001,1.5400088215246797,2704.71484375,2705.4140625,2704.71484375,2704.71484375,2704.71484375,2704.71484375
478,0.0429774794892263,0.004149802646020717,0.0001,0.6607187148183584,2704.71484375,2705.4140625,2704.71484375,2704.71484375,2704.71484375,2704.71484375
479,0.04297746818814979,0.0061000105102027025,0.0001,1.6863098433241248,2704.71484375,2705.4140625,2704.71484375,2704.71484375,2704.71484375,2704.71484375
480,0.042977369311973455,0.007911326277500352,0.0001,0.6549393450841308,2704.71484375,2705.4140625,2704.71484375,2704.71484375,2704.71484375,2704.71484375
481,0.04297726009969583,0.031075170861304957,0.0001,1.6802832819521427,2704.71484375,2705.4140625,2704.71484375,2704.71484375,2704.71484375,2704.71484375
482,0.04297645567203641,0.004155688942307778,0.0001,0.8418126767501235,2704.71875,2705.4140625,2704.71484375,2704.71484375,2704.71484375,2704.71875
483,0.04297500047468536,0.035741175622158394,0.0001,0.8411645544692874,2704.71875,2705.4140625,2704.71875,2704.71875,2704.71875,2704.71875
484,0.042970148753854444,0.1043633023889523,0.0001,0.8447918267920613,2704.71875,2705.4140625,2704.71875,2704.71875,2704.71875,2704.71875
485,0.042961807273459315,0.15472194588970445,0.0001,0.843033061362803,2704.71875,2705.4140625,2704.71875,2704.71875,2704.71875,2704.71875
486,0.04294839465525245,0.2318879660333344,0.0001,0.842375248670578,2704.71875,2705.4140625,2704.71875,2704.71875,2704.71875,2704.71875
487,0.04293486077764057,0.4800651519721735,0.0001,1.683477963320911,2704.71875,2705.4140625,2704.71875,2704.71875,2704.71875,2704.71875
488,0.042915116551006674,0.16208383121545422,0.0001,0.8387614656239748,2704.71875,2705.4140625,2704.71875,2704.71875,2704.71875,2704.71875
489,0.04289963884784383,0.24485350743308665,0.0001,0.8392659276723862,2704.71875,2705.4140625,2704.71875,2704.71875,2704.71875,2704.71875
490,0.04289010053456107,0.17482502524770482,0.0001,1.6922916546463966,2704.71875,2705.4140625,2704.71875,2704.71875,2704.71875,2704.71875
491,0.042884083959324186,0.04142527038385635,0.0001,0.8384377947077155,2704.71875,2705.4140625,2704.71875,2704.71875,2704.71875,2704.71875
492,0.042878510882285684,0.044625571804578934,0.0001,0.8454514592885971,2704.71875,2705.4140625,2704.71875,2704.71875,2704.71875,2704.71875
493,0.04287444539166162,0.1575400849744253,0.0001,1.6819240879267454,2704.71875,2705.4140625,2704.71875,2704.71875,2704.71875,2704.71875
494,0.042867248839208984,0.06412008443617734,0.0001,0.8432933716103435,2704.71875,2705.4140625,2704.71875,2704.71875,2704.71875,2704.71875
495,0.04286483904037561,0.08204022569736691,0.0001,0.8439518138766289,2704.71875,2705.4140625,2704.71875,2704.71875,2704.71875,2704.71875
496,0.04286437773616516,0.02141145268941269,0.0001,0.8446390572935343,2704.71875,2705.4140625,2704.71875,2704.71875,2704.71875,2704.71875
497,0.042864272737965524,0.015855744848578324,0.0001,0.7491130232810974,2704.71875,2705.4140625,2704.71875,2704.71875,2704.71875,2704.71875
498,0.04286379843273399,0.007623469238880465,0.0001,0.8398416498675942,2704.71875,2705.4140625,2704.71875,2704.71875,2704.71875,2704.71875
499,0.04286325197379568,0.038264477565738364,0.0001,0.8394394889473915,2704.71875,2705.4140625,2704.71875,2704.71875,2704.71875,2704.71875
500,0.04286280374340374,0.04790397573836491,0.0001,0.8390677468851209,2704.71875,2705.4140625,2704.71875,2704.71875,2704.71875,2704.71875
501,0.04286246306082783,0.028282305240275196,0.0001,0.8273936156183481,2704.72265625,2705.4140625,2704.71875,2704.71875,2704.71875,2704.72265625
502,0.04286180536844277,0.029830019026170107,0.0001,0.8284350903704762,2704.72265625,2705.4140625,2704.72265625,2704.72265625,2704.72265625,2704.72265625
503,0.04286152249104452,0.01625622211673905,0.0001,0.8198418198153377,2704.7265625,2705.4140625,2704.72265625,2704.7265625,2704.7265625,2704.7265625
504,0.04286093065225156,0.037043374003334906,0.0001,0.8229466015473008,2704.7265625,2705.4140625,2704.7265625,2704.7265625,2704.7265625,2704.7265625
505,0.04286041221556434,0.06705083966134517,0.0001,0.8207676839083433,2704.73046875,2705.4140625,2704.7265625,2704.7265625,2704.7265625,2704.73046875
506,0.042858654074031735,0.13231160392670516,0.0001,0.8272949252277613,2704.734375,2705.4140625,2704.73046875,2704.73046875,2704.73046875,2704.734375
507,0.042856389294106526,0.15906148857486713,0.0001,0.8256169902160764,2704.734375,2705.4140625,2704.734375,2704.734375,2704.734375,2704.734375
508,0.04285397101973791,0.1647816088737568,0.0001,0.8268874250352383,2704.734375,2705.4140625,2704.734375,2704.734375,2704.734375,2704.734375
509,0.042853720546399826,0.10243903400020526,0.0001,3.4714629715308547,2704.734375,2705.4140625,2704.734375,2704.734375,2704.734375,2704.734375
510,0.04285305049779377,0.0856087103005787,0.0001,1.6641003750264645,2704.734375,2705.4140625,2704.734375,2704.734375,2704.734375,2704.734375
511,0.04285272412888658,0.06863922625054109,0.0001,3.296678920276463,2704.734375,2705.4140625,2704.734375,2704.734375,2704.734375,2704.734375
512,0.042852510033481284,0.05427619397030159,0.0001,6.493693524040282,2704.74609375,2705.4140625,2704.74609375,2704.74609375,2704.74609375,2704.74609375
513,0.04285190879726938,0.04529894155471115,0.0001,1.6473606172949076,2704.74609375,2705.4140625,2704.74609375,2704.74609375,2704.74609375,2704.74609375
514,0.04285169777421293,0.06061641566572362,0.0001,0.8183140754699707,2704.75,2705.4140625,2704.74609375,2704.74609375,2704.74609375,2704.75
515,0.042851158889970306,0.04881921690958102,0.0001,0.8247075863182545,2704.75,2705.4140625,2704.75,2704.75,2704.75,2704.75
516,0.042849664251623114,0.0966378664243861,0.0001,0.8256345698609948,2704.75390625,2705.4140625,2704.75,2704.75,2704.75,2704.75390625
517,0.0428464032071438,0.014518387181374992,0.0001,0.8245577169582248,2704.75390625,2705.4140625,2704.75390625,2704.75390625,2704.75390625,2704.75390625
518,0.04283509449324118,0.06531902515436849,0.0001,0.8261413620784879,2704.75390625,2705.4140625,2704.75390625,2704.75390625,2704.75390625,2704.75390625
519,0.04281978276049396,0.2723657384826931,0.0001,0.8260912522673607,2704.75390625,2705.4140625,2704.75390625,2704.75390625,2704.75390625,2704.75390625
520,0.0428098886464509,0.17292121372064007,0.0001,1.6570382406935096,2704.75390625,2705.4140625,2704.75390625,2704.75390625,2704.75390625,2704.75390625
521,0.042806425013922116,0.1360683171085426,0.0001,1.652139133773744,2704.75390625,2705.4140625,2704.75390625,2704.75390625,2704.75390625,2704.75390625
522,0.04280338115150295,0.06632152663819824,0.0001,1.6507324073463678,2704.75390625,2705.4140625,2704.75390625,2704.75390625,2704.75390625,2704.75390625
523,0.04279500660334932,0.47254583620430624,0.0001,0.8256496014073491,2704.75390625,2705.4140625,2704.75390625,2704.75390625,2704.75390625,2704.75390625
524,0.04278663386318405,0.13959129705955897,0.0001,0.8256831001490355,2704.75390625,2705.4140625,2704.75390625,2704.75390625,2704.75390625,2704.75390625
525,0.0427760655111552,0.1101430233731876,0.0001,0.8260767115280032,2704.75390625,2705.4140625,2704.75390625,2704.75390625,2704.75390625,2704.75390625
526,0.042747892518884445,0.23012363784484657,0.0001,0.8246944872662425,2704.7578125,2705.4140625,2704.75390625,2704.75390625,2704.75390625,2704.7578125
527,0.042716610733926075,0.08760639152134497,0.0001,1.652400964871049,2704.7578125,2705.4140625,2704.7578125,2704.7578125,2704.7578125,2704.7578125
528,0.042705758247622086,0.16272204632623288,0.0001,1.6508933892473578,2704.76171875,2705.4140625,2704.76171875,2704.76171875,2704.76171875,2704.76171875
529,0.0426924710648653,0.22147516428153136,0.0001,3.304246798157692,2704.76171875,2705.4140625,2704.76171875,2704.76171875,2704.76171875,2704.76171875
530,0.04268692746142002,0.260665267136416,0.0001,1.6492222426459193,2704.76171875,2705.4140625,2704.76171875,2704.76171875,2704.76171875,2704.76171875
531,0.04268276430172097,0.2900571399398042,0.0001,1.6527357660233974,2704.765625,2705.4140625,2704.76171875,2704.76171875,2704.76171875,2704.765625
532,0.04268208761655568,0.16704008882879973,0.0001,1.651711381971836,2704.765625,2705.4140625,2704.765625,2704.765625,2704.765625,2704.765625
533,0.042678216723311506,0.12976527096439194,0.0001,0.8261711420491338,2704.765625,2705.4140625,2704.765625,2704.765625,2704.765625,2704.765625
534,0.042674627315853454,0.07794044819171664,0.0001,0.8266996741294861,2704.765625,2705.4140625,2704.765625,2704.765625,2704.765625,2704.765625
535,0.04267369723059667,0.04788721279780761,0.0001,0.8227271800860763,2704.765625,2705.4140625,2704.765625,2704.765625,2704.765625,2704.765625
536,0.04267330751473292,0.01257643902458705,0.0001,0.8276760680601001,2704.765625,2705.4140625,2704.765625,2704.765625,2704.765625,2704.765625
537,0.04267328422831347,0.013414445162461819,0.0001,0.6868685055524111,2704.765625,2705.4140625,2704.765625,2704.765625,2704.765625,2704.765625
538,0.04267326799280765,0.004034859234129939,0.0001,0.648299771361053,2704.765625,2705.4140625,2704.765625,2704.765625,2704.765625,2704.765625
539,0.04267326421225593,0.003526532243863456,0.0001,0.6455435715615749,2704.765625,2705.4140625,2704.765625,2704.765625,2704.765625,2704.765625
540,0.042673242225315246,0.008942910555725603,0.0001,0.6464581955224276,2704.765625,2705.4140625,2704.765625,2704.765625,2704.765625,2704.765625
541,0.042673193086026094,0.004429355532273305,0.0001,0.6463166242465377,2704.765625,2705.4140625,2704.765625,2704.765625,2704.765625,2704.765625
542,0.04267313576879103,0.002801615524523293,0.0001,0.647405618801713,2704.765625,2705.4140625,2704.765625,2704.765625,2704.765625,2704.765625
543,0.04267309214036238,0.064680081533806,0.0001,0.7407695446163416,2704.765625,2705.4140625,2704.765625,2704.765625,2704.765625,2704.765625
544,0.042672930340470504,0.03270911475531779,0.0001,0.7771472614258528,2704.765625,2705.4140625,2704.765625,2704.765625,2704.765625,2704.765625
545,0.042672626156507985,0.009645181844518902,0.0001,0.8357050251215696,2704.765625,2705.4140625,2704.765625,2704.765625,2704.765625,2704.765625
546,0.04267223144539926,0.029108964259745074,0.0001,0.8341869190335274,2704.765625,2705.4140625,2704.765625,2704.765625,2704.765625,2704.765625
547,0.042671620831488274,0.027672383650319654,0.0001,0.8374551124870777,2704.765625,2705.4140625,2704.765625,2704.765625,2704.765625,2704.765625
548,0.04267160100693575,0.037268151047091136,0.0001,1.6748135322704911,2704.765625,2705.4140625,2704.765625,2704.765625,2704.765625,2704.765625
549,0.04267126425029404,0.01173393148473667,0.0001,0.837447171099484,2704.765625,2705.4140625,2704.765625,2704.765625,2704.765625,2704.765625
550,0.04267114452047812,0.003219477082087918,0.0001,0.8360099261626601,2704.765625,2705.4140625,2704.765625,2704.765625,2704.765625,2704.765625
551,0.04267112366815329,0.011883652798988176,0.0001,1.674416871741414,2704.765625,2705.4140625,2704.765625,2704.765625,2704.765625,2704.765625
552,0.042671097065361686,0.013797050272584488,0.0001,0.6544313430786133,2704.765625,2705.4140625,2704.765625,2704.765625,2704.765625,2704.765625
553,0.04267089659021804,0.007129618687347294,0.0001,0.8364858776330948,2704.765625,2705.4140625,2704.765625,2704.765625,2704.765625,2704.765625
554,0.04267084254035547,0.04152791931059441,0.0001,1.6723081842064857,2704.765625,2705.4140625,2704.765625,2704.765625,2704.765625,2704.765625
555,0.042670636793424435,0.00953328528685149,0.0001,0.8349572429433465,2704.765625,2705.4140625,2704.765625,2704.765625,2704.765625,2704.765625
556,0.04267045249073402,0.013447280223929603,0.0001,0.7410752354189754,2704.765625,2705.4140625,2704.765625,2704.765625,2704.765625,2704.765625
557,0.04267027703284271,0.02783663303327555,0.0001,0.7786955563351512,2704.765625,2705.4140625,2704.765625,2704.765625,2704.765625,2704.765625
558,0.04267007055724209,0.033073459058796884,0.0001,0.8377677733078599,2704.765625,2705.4140625,2704.765625,2704.765625,2704.765625,2704.765625
559,0.042669980242860464,0.013151828433848323,0.0001,1.6780628440901637,2704.765625,2705.4140625,2704.765625,2704.765625,2704.765625,2704.765625
560,0.04266966012194494,0.01759201889857276,0.0001,0.8349287612363696,2704.765625,2705.4140625,2704.765625,2704.765625,2704.765625,2704.765625
561,0.04266950037042936,0.01929497618976006,0.0001,1.6821997994557023,2704.765625,2705.4140625,2704.765625,2704.765625,2704.765625,2704.765625
562,0.04266949852709356,0.02089404442328857,0.0001,1.6851231586188078,2704.765625,2705.4140625,2704.765625,2704.765625,2704.765625,2704.765625
563,0.04266937122680203,0.010085257173862772,0.0001,0.7858134610578418,2704.765625,2705.4140625,2704.765625,2704.765625,2704.765625,2704.765625
564,0.04266932175502744,0.000923169006458127,0.0001,0.6694716159254313,2704.765625,2705.4140625,2704.765625,2704.765625,2704.765625,2704.765625
565,0.04266928848349725,0.01751179062468433,0.0001,0.6623821007087827,2704.765625,2705.4140625,2704.765625,2704.765625,2704.765625,2704.765625
566,0.042669254070344775,0.009474747637645553,0.0001,0.6589746885001659,2704.765625,2705.4140625,2704.765625,2704.765625,2704.765625,2704.765625
567,0.04266917084774576,0.0443102640902483,0.0001,0.7930934866890311,2704.765625,2705.4140625,2704.765625,2704.765625,2704.765625,2704.765625
568,0.0426690382032987,0.030303837870220507,0.0001,0.6638440564274788,2704.765625,2705.4140625,2704.765625,2704.765625,2704.765625,2704.765625
569,0.042668622271208746,0.024904265357147404,0.0001,0.844100084155798,2704.765625,2705.4140625,2704.765625,2704.765625,2704.765625,2704.765625
570,0.04266839760736281,0.03623334754602858,0.0001,0.7424880210310221,2704.765625,2705.4140625,2704.765625,2704.765625,2704.765625,2704.765625
571,0.042667466861602395,0.06572669019491673,0.0001,0.8469628039747477,2704.765625,2705.4140625,2704.765625,2704.765625,2704.765625,2704.765625
572,0.042666209020108294,0.07962131725735633,0.0001,0.8403181219473481,2704.765625,2705.4140625,2704.765625,2704.765625,2704.765625,2704.765625
573,0.04266614890150828,0.03515744431762369,0.0001,1.6964720180258155,2704.765625,2705.4140625,2704.765625,2704.765625,2704.765625,2704.765625
574,0.04266540155247569,0.08148486203748329,0.0001,0.8419129671528935,2704.765625,2705.4140625,2704.765625,2704.765625,2704.765625,2704.765625
575,0.04266187564104465,0.07277890512019203,0.0001,0.8424431085586548,2704.765625,2705.4140625,2704.765625,2704.765625,2704.765625,2704.765625
576,0.04266016254448412,0.03878972444376916,0.0001,0.8437550738453865,2704.765625,2705.4140625,2704.765625,2704.765625,2704.765625,2704.765625
577,0.042658512432798494,0.08146399277649263,0.0001,0.843636623583734,2704.765625,2705.4140625,2704.765625,2704.765625,2704.765625,2704.765625
578,0.04265693572241162,0.08727353269019322,0.0001,0.8406185116618872,2704.765625,2705.4140625,2704.765625,2704.765625,2704.765625,2704.765625
579,0.042656880011517614,0.12150776864563473,0.0001,1.6905427379533648,2704.765625,2705.4140625,2704.765625,2704.765625,2704.765625,2704.765625
580,0.04265527830573522,0.16697158207759344,0.0001,0.8431825526058674,2704.765625,2705.4140625,2704.765625,2704.765625,2704.765625,2704.765625
581,0.04265220162890732,0.17020166158408778,0.0001,0.8387551959604025,2704.765625,2705.4140625,2704.765625,2704.765625,2704.765625,2704.765625
582,0.04265189733985635,0.16775355460120522,0.0001,1.6803416619077325,2704.765625,2705.4140625,2704.765625,2704.765625,2704.765625,2704.765625
583,0.042650479863941396,0.020869923022175274,0.0001,0.8406677413731813,2704.765625,2705.4140625,2704.765625,2704.765625,2704.765625,2704.765625
584,0.04265014412670709,0.01425795901035698,0.0001,0.7966160802170634,2704.765625,2705.4140625,2704.765625,2704.765625,2704.765625,2704.765625
585,0.04265009591927817,0.05053275245242994,0.0001,1.6868094643577933,2704.76953125,2705.4140625,2704.765625,2704.76953125,2704.76953125,2704.76953125
586,0.042649873199726074,0.030377097317378587,0.0001,0.7911483999341726,2704.76953125,2705.4140625,2704.76953125,2704.76953125,2704.76953125,2704.76953125
587,0.04264958098966151,0.013687988083265323,0.0001,0.8423147089779377,2704.76953125,2705.4140625,2704.76953125,2704.76953125,2704.76953125,2704.76953125
588,0.04264943055268021,0.01041758278393079,0.0001,0.84201670717448,2704.76953125,2705.4140625,2704.76953125,2704.76953125,2704.76953125,2704.76953125
589,0.04264916749232489,0.04004691952977779,0.0001,0.6976962434127927,2704.76953125,2705.4140625,2704.76953125,2704.76953125,2704.76953125,2704.76953125
590,0.04264808581939359,0.08498479941131865,0.0001,0.8409226443618536,2704.76953125,2705.4140625,2704.76953125,2704.76953125,2704.76953125,2704.76953125
591,0.04264686743492813,0.0720808359097348,0.0001,0.8386983955278993,2704.76953125,2705.4140625,2704.76953125,2704.76953125,2704.76953125,2704.76953125
592,0.042646779287307326,0.10228640334157124,0.0001,2.5234648529440165,2704.76953125,2705.4140625,2704.76953125,2704.76953125,2704.76953125,2704.76953125
593,0.042646120859926126,0.029696885168327025,0.0001,0.8462725030258298,2704.76953125,2705.4140625,2704.76953125,2704.76953125,2704.76953125,2704.76953125
594,0.042645917331613575,0.010888036623042607,0.0001,0.8015027465298772,2704.76953125,2705.4140625,2704.76953125,2704.76953125,2704.76953125,2704.76953125
595,0.042645896914201654,0.007217466906405567,0.0001,1.3110681539401412,2704.76953125,2705.4140625,2704.76953125,2704.76953125,2704.76953125,2704.76953125
596,0.042645871637087766,0.0031013251690147348,0.0001,0.6965770600363612,2704.76953125,2705.4140625,2704.76953125,2704.76953125,2704.76953125,2704.76953125
597,0.04264586443530277,0.0030457757367288174,0.0001,0.6535689802840352,2704.76953125,2705.4140625,2704.76953125,2704.76953125,2704.76953125,2704.76953125
598,0.04264586356890849,0.007398750045417013,0.0001,1.6940347691997886,2704.76953125,2705.4140625,2704.76953125,2704.76953125,2704.76953125,2704.76953125
599,0.042645860965373455,0.005546802911166604,0.0001,0.6646884586662054,2704.76953125,2705.4140625,2704.76953125,2704.76953125,2704.76953125,2704.76953125
600,0.04264585381518165,0.0029593629227688822,0.0001,0.6588103184476495,2704.76953125,2705.4140625,2704.76953125,2704.76953125,2704.76953125,2704.76953125
601,0.04264583826267316,0.0017534571152360012,0.0001,0.6535614598542452,2704.76953125,2705.4140625,2704.76953125,2704.76953125,2704.76953125,2704.76953125
602,0.04264582950167091,0.0019328174616397575,0.0001,0.6635676557198167,2704.76953125,2705.4140625,2704.76953125,2704.76953125,2704.76953125,2704.76953125
603,0.04264582713140895,0.0048286478762462615,0.0001,1.6871293559670448,2704.76953125,2705.4140625,2704.76953125,2704.76953125,2704.76953125,2704.76953125
604,0.042645816734170984,0.005920858341126878,0.0001,0.6599531816318631,2704.76953125,2705.4140625,2704.76953125,2704.76953125,2704.76953125,2704.76953125
605,0.04264581043312003,0.007327096624150098,0.0001,0.6620174488052726,2704.76953125,2705.4140625,2704.76953125,2704.76953125,2704.76953125,2704.76953125
606,0.0426457595304783,0.01826721861545466,0.0001,0.7872353475540876,2704.76953125,2705.4140625,2704.76953125,2704.76953125,2704.76953125,2704.76953125
607,0.042645746457032424,0.010907607402743436,0.0001,0.7851026989519596,2704.76953125,2705.4140625,2704.76953125,2704.76953125,2704.76953125,2704.76953125
608,0.04264571138268086,0.005631632301754341,0.0001,0.6589004378765821,2704.76953125,2705.4140625,2704.76953125,2704.76953125,2704.76953125,2704.76953125
609,0.04264569403419199,0.008179626116863403,0.0001,0.6624828623607755,2704.76953125,2705.4140625,2704.76953125,2704.76953125,2704.76953125,2704.76953125
610,0.042645692558569,0.0030251672545774655,0.0001,1.31448988430202,2704.76953125,2705.4140625,2704.76953125,2704.76953125,2704.76953125,2704.76953125
611,0.042645687788385254,0.0006776784666874258,0.0001,0.6646007094532251,2704.76953125,2705.4140625,2704.76953125,2704.76953125,2704.76953125,2704.76953125
612,0.04264568631044653,0.001165217364060167,0.0001,0.6599656315520406,2704.76953125,2705.4140625,2704.76953125,2704.76953125,2704.76953125,2704.76953125
613,0.04264568310759267,0.004852173218541367,0.0001,0.6549896253272891,2704.76953125,2705.4140625,2704.76953125,2704.76953125,2704.76953125,2704.76953125
614,0.04264567955510966,0.006428120258611836,0.0001,0.6647301586344838,2704.76953125,2705.4140625,2704.76953125,2704.76953125,2704.76953125,2704.76953125
615,0.0426456737840812,0.002255364757966838,0.0001,0.6602728543803096,2704.76953125,2705.4140625,2704.76953125,2704.76953125,2704.76953125,2704.76953125
616,0.042645669650873436,0.0044008516142295395,0.0001,0.655222674831748,2704.76953125,2705.4140625,2704.76953125,2704.76953125,2704.76953125,2704.76953125
617,0.04264566813832798,0.005075249234533952,0.0001,0.6610903469845653,2704.76953125,2705.4140625,2704.76953125,2704.76953125,2704.76953125,2704.76953125
618,0.04264566600978192,0.0008517373248259075,0.0001,0.6604120740666986,2704.76953125,2705.4140625,2704.76953125,2704.76953125,2704.76953125,2704.76953125
619,0.04264566382779662,0.002188343646446711,0.0001,0.6546440133824944,2704.76953125,2705.4140625,2704.76953125,2704.76953125,2704.76953125,2704.76953125
620,0.04264565689141791,0.009398175923537533,0.0001,0.6648439299315214,2704.76953125,2705.4140625,2704.76953125,2704.76953125,2704.76953125,2704.76953125
621,0.04264564401786542,0.016509625967405128,0.0001,0.6584781967103481,2704.76953125,2705.4140625,2704.76953125,2704.76953125,2704.76953125,2704.76953125
622,0.04264561218771524,0.02715066818830647,0.0001,0.6535647697746754,2704.76953125,2705.4140625,2704.76953125,2704.76953125,2704.76953125,2704.76953125
623,0.04264556118920705,0.03009111515777918,0.0001,0.6623513409867883,2704.76953125,2705.4140625,2704.76953125,2704.76953125,2704.76953125,2704.76953125
624,0.04264555893749159,0.03741711445846052,0.0001,1.6815772065892816,2704.76953125,2705.4140625,2704.76953125,2704.76953125,2704.76953125,2704.76953125
625,0.04264550685099432,0.02522014704104425,0.0001,0.6474071787670255,2704.76953125,2705.4140625,2704.76953125,2704.76953125,2704.76953125,2704.76953125
626,0.04264548353353055,0.0072894377877095184,0.0001,0.6577930934727192,2704.76953125,2705.4140625,2704.76953125,2704.76953125,2704.76953125,2704.76953125
627,0.04264547966716659,0.0005945273615682867,0.0001,0.659212970174849,2704.76953125,2705.4140625,2704.76953125,2704.76953125,2704.76953125,2704.76953125
628,0.04264547870954584,0.0024447876473739916,0.0001,0.6532402290031314,2704.76953125,2705.4140625,2704.76953125,2704.76953125,2704.76953125,2704.76953125
629,0.04264547665242301,0.004899505289633899,0.0001,0.6592011600732803,2704.76953125,2705.4140625,2704.76953125,2704.76953125,2704.76953125,2704.76953125
630,0.04264547174792141,0.008182319835108198,0.0001,0.6573882531374693,2704.76953125,2705.4140625,2704.76953125,2704.76953125,2704.76953125,2704.76953125
631,0.04264545937865233,0.013037644867616938,0.0001,0.6537714013829827,2704.76953125,2705.4140625,2704.76953125,2704.76953125,2704.76953125,2704.76953125
632,0.042645439106388475,0.016135423144485017,0.0001,0.6621032897382975,2704.76953125,2705.4140625,2704.76953125,2704.76953125,2704.76953125,2704.76953125
633,0.04264541597646401,0.012216072426295965,0.0001,0.6578930346295238,2704.76953125,2705.4140625,2704.76953125,2704.76953125,2704.76953125,2704.76953125
634,0.04264540548009542,0.0072734087217853904,0.0001,0.651701383292675,2704.76953125,2705.4140625,2704.76953125,2704.76953125,2704.76953125,2704.76953125
635,0.04264540462044109,0.010468380547999923,0.0001,1.677222921513021,2704.76953125,2705.4140625,2704.76953125,2704.76953125,2704.76953125,2704.76953125
636,0.042645401787773075,0.004181509582629972,0.0001,0.6613871976733208,2704.76953125,2705.4140625,2704.76953125,2704.76953125,2704.76953125,2704.76953125
637,0.04264540049075486,0.0017622735320557137,0.0001,0.6467905659228563,2704.76953125,2705.4140625,2704.76953125,2704.76953125,2704.76953125,2704.76953125
638,0.04264539986904722,0.003232182835081421,0.0001,0.6582031566649675,2704.76953125,2705.4140625,2704.76953125,2704.76953125,2704.76953125,2704.76953125
639,0.04264539570843646,0.009855730126939077,0.0001,0.6609232556074858,2704.76953125,2705.4140625,2704.76953125,2704.76953125,2704.76953125,2704.76953125
640,0.04264539026294973,0.013858520662789253,0.0001,0.6479164501652122,2704.76953125,2705.4140625,2704.76953125,2704.76953125,2704.76953125,2704.76953125
641,0.042645382040247364,0.013400665554968105,0.0001,0.6573826437816024,2704.76953125,2705.4140625,2704.76953125,2704.76953125,2704.76953125,2704.76953125
642,0.042645363374005235,0.005014620103366729,0.0001,0.6595791904255748,2704.76953125,2705.4140625,2704.76953125,2704.76953125,2704.76953125,2704.76953125
643,0.04264533801361141,0.008366950268798412,0.0001,0.6490106340497732,2704.76953125,2705.4140625,2704.76953125,2704.76953125,2704.76953125,2704.76953125
644,0.04264531628179336,0.01837871380141254,0.0001,0.6613224074244499,2704.76953125,2705.4140625,2704.76953125,2704.76953125,2704.76953125,2704.76953125
645,0.04264530000504041,0.01771989895449322,0.0001,0.6618062984198332,2704.76953125,2705.4140625,2704.76953125,2704.76953125,2704.76953125,2704.76953125
646,0.04264521409626836,0.019361192445015107,0.0001,0.7782893655821681,2704.76953125,2705.4140625,2704.76953125,2704.76953125,2704.76953125,2704.76953125
647,0.04264520122385511,0.10434053142177535,0.0001,1.678315194323659,2704.76953125,2705.4140625,2704.76953125,2704.76953125,2704.76953125,2704.76953125
648,0.04264485537561813,0.06293437900456511,0.0001,0.8408564543351531,2704.76953125,2705.4140625,2704.76953125,2704.76953125,2704.76953125,2704.76953125
649,0.04264457072114078,0.010495677970551287,0.0001,0.8407214926555753,2704.76953125,2705.4140625,2704.76953125,2704.76953125,2704.76953125,2704.76953125
650,0.04264434371284222,0.025043397785050825,0.0001,0.8370634904131293,2704.76953125,2705.4140625,2704.76953125,2704.76953125,2704.76953125,2704.76953125
651,0.0426442385295927,0.022576352350281104,0.0001,0.7849797178059816,2704.76953125,2705.4140625,2704.76953125,2704.76953125,2704.76953125,2704.76953125
652,0.04264423058990969,0.02623491078331841,0.0001,1.674980754032731,2704.76953125,2705.4140625,2704.76953125,2704.76953125,2704.76953125,2704.76953125
653,0.04264412022050458,0.01559498081938937,0.0001,0.6624604715034366,2704.76953125,2705.4140625,2704.76953125,2704.76953125,2704.76953125,2704.76953125
654,0.04264381147136711,0.011013098638793961,0.0001,0.7890931228175759,2704.76953125,2705.4140625,2704.76953125,2704.76953125,2704.76953125,2704.76953125
655,0.042643705718995104,0.017336279931283394,0.0001,0.687493497505784,2704.76953125,2705.4140625,2704.76953125,2704.76953125,2704.76953125,2704.76953125
656,0.04264367631209186,0.02286803999343079,0.0001,1.6804399229586124,2704.76953125,2705.4140625,2704.76953125,2704.76953125,2704.76953125,2704.76953125
657,0.04264354563199744,0.010642756020780464,0.0001,1.3513878546655178,2704.76953125,2705.4140625,2704.76953125,2704.76953125,2704.76953125,2704.76953125
658,0.04264339719155455,0.04921636921159345,0.0001,0.8372188908979297,2704.76953125,2705.4140625,2704.76953125,2704.76953125,2704.76953125,2704.76953125
659,0.042643241907541464,0.06212088884211209,0.0001,0.7752067036926746,2704.76953125,2705.4140625,2704.76953125,2704.76953125,2704.76953125,2704.76953125
660,0.04264253078266209,0.08063101990296695,0.0001,0.8399527203291655,2704.76953125,2705.4140625,2704.76953125,2704.76953125,2704.76953125,2704.76953125
661,0.04264236533804741,0.14209157028394626,0.0001,1.676990570500493,2704.76953125,2705.4140625,2704.76953125,2704.76953125,2704.76953125,2704.76953125
662,0.04264131294921336,0.1229355233766265,0.0001,0.837893582880497,2704.76953125,2705.4140625,2704.76953125,2704.76953125,2704.76953125,2704.76953125
663,0.042640017140618255,0.11051604493157785,0.0001,0.8337015183642507,2704.76953125,2705.4140625,2704.76953125,2704.76953125,2704.76953125,2704.76953125
664,0.04263978786723985,0.008584858901286907,0.0001,1.6787322666496038,2704.76953125,2705.4140625,2704.76953125,2704.76953125,2704.76953125,2704.76953125
665,0.042639523778519865,0.009577242132009278,0.0001,0.841232324950397,2704.76953125,2705.4140625,2704.76953125,2704.76953125,2704.76953125,2704.76953125
666,0.0426395073950811,0.015604141315679776,0.0001,1.6771110501140356,2704.7734375,2705.4140625,2704.76953125,2704.7734375,2704.7734375,2704.7734375
667,0.04263947727061552,0.009134750223015908,0.0001,0.7789950286969543,2704.7734375,2705.4140625,2704.7734375,2704.7734375,2704.7734375,2704.7734375
668,0.042639460742230885,0.0004792702481017681,0.0001,0.6586810080334544,2704.7734375,2705.4140625,2704.7734375,2704.7734375,2704.7734375,2704.7734375
669,0.04263945799064547,0.0009478213851621398,0.0001,0.6562577681615949,2704.7734375,2705.4140625,2704.7734375,2704.7734375,2704.7734375,2704.7734375
670,0.042639453103591074,0.0025398565934647843,0.0001,0.6510546021163464,2704.7734375,2705.4140625,2704.7734375,2704.7734375,2704.7734375,2704.7734375
671,0.04263943917159421,0.004718340330201021,0.0001,0.6599278524518013,2704.7734375,2705.4140625,2704.7734375,2704.7734375,2704.7734375,2704.7734375
672,0.04263942751375753,0.009922839555479568,0.0001,1.4315121434628963,2704.7734375,2705.4140625,2704.7734375,2704.7734375,2704.7734375,2704.7734375
673,0.04263938561809145,0.0020056602992089,0.0001,0.655877698212862,2704.7734375,2705.4140625,2704.7734375,2704.7734375,2704.7734375,2704.7734375
674,0.04263923054546156,0.014259361783675706,0.0001,0.7754869451746345,2704.7734375,2705.4140625,2704.7734375,2704.7734375,2704.7734375,2704.7734375
675,0.04263884122575784,0.02881076936588689,0.0001,0.8414998259395361,2704.7734375,2705.4140625,2704.7734375,2704.7734375,2704.7734375,2704.7734375
676,0.04263872678027135,0.1555536101620386,0.0001,0.839331017807126,2704.7734375,2705.4140625,2704.7734375,2704.7734375,2704.7734375,2704.7734375
677,0.04263757417083924,0.08590524317227943,0.0001,0.8332503074780107,2704.7734375,2705.4140625,2704.7734375,2704.7734375,2704.7734375,2704.7734375
678,0.04263632980508162,0.008384269999117011,0.0001,0.8364998577162623,2704.7734375,2705.4140625,2704.7734375,2704.7734375,2704.7734375,2704.7734375
679,0.04263502587556849,0.05555364791205086,0.0001,0.8408661736175418,2704.7734375,2705.4140625,2704.7734375,2704.7734375,2704.7734375,2704.7734375
680,0.04263413800939225,0.029058926996495593,0.0001,0.8395318491384387,2704.7734375,2705.4140625,2704.7734375,2704.7734375,2704.7734375,2704.7734375
681,0.04263409106627894,0.035080602362382196,0.0001,1.6755067650228739,2704.7734375,2705.4140625,2704.7734375,2704.7734375,2704.7734375,2704.7734375
682,0.04263390013130909,0.021699013249531496,0.0001,0.7940369499847293,2704.7734375,2705.4140625,2704.7734375,2704.7734375,2704.7734375,2704.7734375
683,0.04263384804433467,0.024093168349803573,0.0001,0.6545135835185647,2704.7734375,2705.4140625,2704.7734375,2704.7734375,2704.7734375,2704.7734375
684,0.042633553817046796,0.027122901707190117,0.0001,0.7956918654963374,2704.7734375,2705.4140625,2704.7734375,2704.7734375,2704.7734375,2704.7734375
685,0.04263353553904646,0.018005743261210738,0.0001,1.6822249693796039,2704.7734375,2705.4140625,2704.7734375,2704.7734375,2704.7734375,2704.7734375
686,0.04263306128926841,0.012792418359333091,0.0001,0.8362751267850399,2704.7734375,2705.4140625,2704.7734375,2704.7734375,2704.7734375,2704.7734375
687,0.042633041185881425,0.0022829124578799265,0.0001,1.6746588423848152,2704.7734375,2705.4140625,2704.7734375,2704.7734375,2704.7734375,2704.7734375
688,0.042632949203317845,0.014043336170598497,0.0001,0.7476131385192275,2704.7734375,2705.4140625,2704.7734375,2704.7734375,2704.7734375,2704.7734375
689,0.042632830862629485,0.011966049276834312,0.0001,0.6980670755729079,2704.7734375,2705.4140625,2704.7734375,2704.7734375,2704.7734375,2704.7734375
690,0.04263281470118807,0.03145471352534257,0.0001,1.6696582650765777,2704.7734375,2705.4140625,2704.7734375,2704.7734375,2704.7734375,2704.7734375
691,0.04263270633382162,0.014440859128203032,0.0001,0.7466797446832061,2704.7734375,2705.4140625,2704.7734375,2704.7734375,2704.7734375,2704.7734375
692,0.042632654586457715,0.001645868225336469,0.0001,0.7807156024500728,2704.7734375,2705.4140625,2704.7734375,2704.7734375,2704.7734375,2704.7734375
693,0.042632634938336605,0.0036439169865079,0.0001,0.6568062622100115,2704.7734375,2705.4140625,2704.7734375,2704.7734375,2704.7734375,2704.7734375
694,0.04263259731107287,0.0024002623555154923,0.0001,0.6493864553049207,2704.7734375,2705.4140625,2704.7734375,2704.7734375,2704.7734375,2704.7734375
695,0.04263257019904278,0.016029331046532258,0.0001,1.6797514595091343,2704.7734375,2705.4140625,2704.7734375,2704.7734375,2704.7734375,2704.7734375
696,0.04263244925348527,0.003799538436069172,0.0001,0.750565679743886,2704.7734375,2705.4140625,2704.7734375,2704.7734375,2704.7734375,2704.7734375
697,0.04263204989266407,0.0020527287795886195,0.0001,0.7387783769518137,2704.7734375,2705.4140625,2704.7734375,2704.7734375,2704.7734375,2704.7734375
698,0.04263198827997415,0.022672074178235024,0.0001,1.6725883251056075,2704.7734375,2705.4140625,2704.7734375,2704.7734375,2704.7734375,2704.7734375
699,0.042631227844896924,0.03679478175939144,0.0001,0.7049799989908934,2704.7734375,2705.4140625,2704.7734375,2704.7734375,2704.7734375,2704.7734375
700,0.04262714420821955,0.1547479960844107,0.0001,0.8418305069208145,2704.7734375,2705.4140625,2704.7734375,2704.7734375,2704.7734375,2704.7734375
701,0.042621030770869414,0.025577362068353593,0.0001,0.8394947089254856,2704.7734375,2705.4140625,2704.7734375,2704.7734375,2704.7734375,2704.7734375
702,0.042611816857331224,0.10677252249564861,0.0001,0.831908461637795,2704.7734375,2705.4140625,2704.7734375,2704.7734375,2704.7734375,2704.7734375
703,0.04260412306364309,0.12325788227172518,0.0001,0.8348050927743316,2704.7734375,2705.4140625,2704.7734375,2704.7734375,2704.7734375,2704.7734375
704,0.04260025996818919,0.06603293834856105,0.0001,1.6730060363188386,2704.7734375,2705.4140625,2704.7734375,2704.7734375,2704.7734375,2704.7734375
705,0.042588287386010795,0.05326192577897859,0.0001,0.8407968832179904,2704.7734375,2705.4140625,2704.7734375,2704.7734375,2704.7734375,2704.7734375
706,0.042587327251430204,0.005310402166755379,0.0001,1.6779985539615154,2704.7734375,2705.4140625,2704.7734375,2704.7734375,2704.7734375,2704.7734375
707,0.04258121707704546,0.45544009904424376,0.0001,0.8381515042856336,2704.7734375,2705.4140625,2704.7734375,2704.7734375,2704.7734375,2704.7734375
708,0.04257754844880774,0.10893068031557274,0.0001,0.8315324606373906,2704.7734375,2705.4140625,2704.7734375,2704.7734375,2704.7734375,2704.7734375
709,0.04257681103148439,0.15450870204993516,0.0001,0.841508605517447,2704.7734375,2705.4140625,2704.7734375,2704.7734375,2704.7734375,2704.7734375
710,0.042575126705010305,0.04069371445250014,0.0001,0.8418253175914288,2704.7734375,2705.4140625,2704.7734375,2704.7734375,2704.7734375,2704.7734375
711,0.042574855028025306,0.13867291749229627,0.0001,0.8396398490294814,2704.7734375,2705.4140625,2704.7734375,2704.7734375,2704.7734375,2704.7734375
712,0.042574453610592325,0.021568712556086167,0.0001,0.8402890209108591,2704.7734375,2705.4140625,2704.7734375,2704.7734375,2704.7734375,2704.7734375
713,0.04257437151196602,0.007397898069072539,0.0001,0.6937333103269339,2704.7734375,2705.4140625,2704.7734375,2704.7734375,2704.7734375,2704.7734375
714,0.042574286181997864,0.001676541296695723,0.0001,0.8280722489580512,2704.7734375,2705.4140625,2704.7734375,2704.7734375,2704.7734375,2704.7734375
715,0.04257424219387907,0.006134581045013965,0.0001,1.6788331270217896,2704.7734375,2705.4140625,2704.7734375,2704.7734375,2704.7734375,2704.7734375
716,0.042573975451623114,0.008766074554398928,0.0001,0.7936748284846544,2704.7734375,2705.4140625,2704.7734375,2704.7734375,2704.7734375,2704.7734375
717,0.042573339291655424,0.01119133659707916,0.0001,0.8391968477517366,2704.7734375,2705.4140625,2704.7734375,2704.7734375,2704.7734375,2704.7734375
718,0.04257313373056057,0.08236498016816929,0.0001,1.6736182980239391,2704.7734375,2705.4140625,2704.7734375,2704.7734375,2704.7734375,2704.7734375
719,0.04257276774572132,0.039266642921932604,0.0001,0.8255199706181884,2704.7734375,2705.4140625,2704.7734375,2704.7734375,2704.7734375,2704.7734375
720,0.04257258368544619,0.0022164819507566325,0.0001,0.6594285406172276,2704.7734375,2705.4140625,2704.7734375,2704.7734375,2704.7734375,2704.7734375
721,0.04257252662010776,0.010524400361654473,0.0001,0.7015785668045282,2704.7734375,2705.4140625,2704.7734375,2704.7734375,2704.7734375,2704.7734375
722,0.04257247202745586,0.0016398837076637696,0.0001,0.6552912062034011,2704.7734375,2705.4140625,2704.7734375,2704.7734375,2704.7734375,2704.7734375
723,0.042572454125905726,0.00861464386755384,0.0001,1.6009166352450848,2704.7734375,2705.4140625,2704.7734375,2704.7734375,2704.7734375,2704.7734375
724,0.04257244050308959,0.0037687885623598483,0.0001,0.6566342012956738,2704.7734375,2705.4140625,2704.7734375,2704.7734375,2704.7734375,2704.7734375
725,0.042572432714328215,0.006377879828452726,0.0001,0.6541862515732646,2704.7734375,2705.4140625,2704.7734375,2704.7734375,2704.7734375,2704.7734375
726,0.04257242689464927,0.0006994961153721224,0.0001,0.6586463376879692,2704.7734375,2705.4140625,2704.7734375,2704.7734375,2704.7734375,2704.7734375
727,0.04257242455378219,0.0035268929476774957,0.0001,0.6584513373672962,2704.7734375,2705.4140625,2704.7734375,2704.7734375,2704.7734375,2704.7734375
728,0.042572420051261585,0.006944187006832969,0.0001,0.6488258140161633,2704.7734375,2705.4140625,2704.7734375,2704.7734375,2704.7734375,2704.7734375
729,0.04257241453652188,0.007664489439316746,0.0001,0.661407777108252,2704.7734375,2705.4140625,2704.7734375,2704.7734375,2704.7734375,2704.7734375
730,0.042572408689445555,0.03150347550829258,0.0001,0.6602097442373633,2704.7734375,2705.4140625,2704.7734375,2704.7734375,2704.7734375,2704.7734375
731,0.04257238724033485,0.0177089054589894,0.0001,0.6506623597815633,2704.7734375,2705.4140625,2704.7734375,2704.7734375,2704.7734375,2704.7734375
732,0.0425723525981469,0.0017008389803756518,0.0001,0.6610350646078587,2704.7734375,2705.4140625,2704.7734375,2704.7734375,2704.7734375,2704.7734375
733,0.042572325161145716,0.013668123918127995,0.0001,0.6572887841612101,2704.7734375,2705.4140625,2704.7734375,2704.7734375,2704.7734375,2704.7734375
734,0.042572311180856,0.013418363192309157,0.0001,0.6503418684005737,2704.7734375,2705.4140625,2704.7734375,2704.7734375,2704.7734375,2704.7734375
735,0.04257230900944217,0.012454244048706875,0.0001,2.539406228810549,2704.7734375,2705.4140625,2704.7734375,2704.7734375,2704.7734375,2704.7734375
736,0.0425722914043457,0.0026676699381524838,0.0001,0.6561311185359955,2704.7734375,2705.4140625,2704.7734375,2704.7734375,2704.7734375,2704.7734375
737,0.04257228258224173,0.0068635680272246535,0.0001,0.6550400163978338,2704.7734375,2705.4140625,2704.7734375,2704.7734375,2704.7734375,2704.7734375
738,0.04257227793192445,0.009441273841479525,0.0001,0.6636808151379228,2704.7734375,2705.4140625,2704.7734375,2704.7734375,2704.7734375,2704.7734375
739,0.04257226856683769,0.009546004824406706,0.0001,0.6544548524543643,2704.7734375,2705.4140625,2704.7734375,2704.7734375,2704.7734375,2704.7734375
740,0.04257226721838494,0.009947699593316983,0.0001,1.6791073381900787,2704.7734375,2705.4140625,2704.7734375,2704.7734375,2704.7734375,2704.7734375
741,0.04257226625309492,0.01418218613355915,0.0001,1.685248838737607,2704.7734375,2705.4140625,2704.7734375,2704.7734375,2704.7734375,2704.7734375
742,0.04257225724296357,0.008985339455810815,0.0001,0.6574288047850132,2704.7734375,2705.4140625,2704.7734375,2704.7734375,2704.7734375,2704.7734375
743,0.04257223554740811,0.0049466515431747515,0.0001,0.6556757064536214,2704.7734375,2705.4140625,2704.7734375,2704.7734375,2704.7734375,2704.7734375
744,0.042572212593170546,0.013425503528026406,0.0001,0.6640849271789193,2704.7734375,2705.4140625,2704.7734375,2704.7734375,2704.7734375,2704.7734375
745,0.04257217747760042,0.018573344677118797,0.0001,0.786839964799583,2704.7734375,2705.4140625,2704.7734375,2704.7734375,2704.7734375,2704.7734375
746,0.042572170376989064,0.025051850073138038,0.0001,1.5350063052028418,2704.7734375,2705.4140625,2704.7734375,2704.7734375,2704.7734375,2704.7734375
747,0.042572147798804076,0.011031195637706936,0.0001,0.6905189789831638,2704.7734375,2705.4140625,2704.7734375,2704.7734375,2704.7734375,2704.7734375
748,0.04257214236260837,0.0027243024537672023,0.0001,0.6590932393446565,2704.7734375,2705.4140625,2704.7734375,2704.7734375,2704.7734375,2704.7734375
749,0.042572141635495254,0.0003804835354768911,0.0001,0.6544469827786088,2704.7734375,2705.4140625,2704.7734375,2704.7734375,2704.7734375,2704.7734375
750,0.0425721414837538,0.0005739465811076538,0.0001,0.6601286130025983,2704.7734375,2705.4140625,2704.7734375,2704.7734375,2704.7734375,2704.7734375
751,0.042572139864458534,0.0022057334194307554,0.0001,0.6639117272570729,2704.7734375,2705.4140625,2704.7734375,2704.7734375,2704.7734375,2704.7734375
752,0.0425721364402999,0.003100745534157179,0.0001,0.6523070344701409,2704.7734375,2705.4140625,2704.7734375,2704.7734375,2704.7734375,2704.7734375
753,0.04257213534510834,0.007116587327430368,0.0001,1.6829422507435083,2704.7734375,2705.4140625,2704.7734375,2704.7734375,2704.7734375,2704.7734375
754,0.042572126985385844,0.007478149537229362,0.0001,0.6647361991927028,2704.7734375,2705.4140625,2704.7734375,2704.7734375,2704.7734375,2704.7734375
755,0.04257212439767457,0.007155168751350249,0.0001,1.6851052595302463,2704.7734375,2705.4140625,2704.7734375,2704.7734375,2704.7734375,2704.7734375
756,0.0425720842004561,0.03475207513967771,0.0001,1.6792859872803092,2704.7734375,2705.4140625,2704.7734375,2704.7734375,2704.7734375,2704.7734375
757,0.04257203713765383,0.02991557133274747,0.0001,0.6655122824013233,2704.7734375,2705.4140625,2704.7734375,2704.7734375,2704.7734375,2704.7734375
758,0.04257184427102042,0.0013447018247350062,0.0001,0.8450426077470183,2704.7734375,2705.4140625,2704.7734375,2704.7734375,2704.7734375,2704.7734375
759,0.04257179536954941,0.012683720542221333,0.0001,0.6972556430846453,2704.7734375,2705.4140625,2704.7734375,2704.7734375,2704.7734375,2704.7734375
760,0.042571706067992605,0.021924597704253923,0.0001,0.8301083063706756,2704.7734375,2705.4140625,2704.7734375,2704.7734375,2704.7734375,2704.7734375
761,0.04257162021275628,0.014383616038271096,0.0001,0.7930966960266232,2704.7734375,2705.4140625,2704.7734375,2704.7734375,2704.7734375,2704.7734375
762,0.04257148557035465,0.027265228509071537,0.0001,0.8481407789513469,2704.7734375,2705.4140625,2704.7734375,2704.7734375,2704.7734375,2704.7734375
763,0.04257101617467996,0.01646036035981091,0.0001,0.7833018526434898,2704.7734375,2705.4140625,2704.7734375,2704.7734375,2704.7734375,2704.7734375
764,0.0425689124836013,0.13895537992238727,0.0001,0.8384085251018405,2704.7734375,2705.4140625,2704.7734375,2704.7734375,2704.7734375,2704.7734375
765,0.04256504765439864,0.15344744113864195,0.0001,0.8443247452378273,2704.7734375,2705.4140625,2704.7734375,2704.7734375,2704.7734375,2704.7734375
766,0.0425609493559989,0.28029918026879663,0.0001,1.6828914303332567,2704.7734375,2705.4140625,2704.7734375,2704.7734375,2704.7734375,2704.7734375
767,0.04254920779173889,0.622503701835714,0.0001,0.8480713097378612,2704.7734375,2705.4140625,2704.7734375,2704.7734375,2704.7734375,2704.7734375
768,0.042540485775848964,0.17773466332619203,0.0001,0.8468675436452031,2704.7734375,2705.4140625,2704.7734375,2704.7734375,2704.7734375,2704.7734375
769,0.042535777328305095,0.09674652213144519,0.0001,0.843023550696671,2704.7734375,2705.4140625,2704.7734375,2704.7734375,2704.7734375,2704.7734375
770,0.042533100678290275,0.015103111808182579,0.0001,0.8408009242266417,2704.7734375,2705.4140625,2704.7734375,2704.7734375,2704.7734375,2704.7734375
771,0.04253284375232013,0.03844104569451767,0.0001,1.683039091527462,2704.7734375,2705.4140625,2704.7734375,2704.7734375,2704.7734375,2704.7734375
772,0.042532617188950204,0.01687764782415402,0.0001,0.8381076538935304,2704.7734375,2705.4140625,2704.7734375,2704.7734375,2704.7734375,2704.7734375
773,0.04253254337519184,0.013072956914845113,0.0001,0.7855086196213961,2704.7734375,2705.4140625,2704.7734375,2704.7734375,2704.7734375,2704.7734375
774,0.04253199631826039,0.030861271222499376,0.0001,0.8342480408027768,2704.7734375,2705.4140625,2704.7734375,2704.7734375,2704.7734375,2704.7734375
775,0.0425275685802342,0.06844728912004516,0.0001,0.8374021714553237,2704.7734375,2705.4140625,2704.7734375,2704.7734375,2704.7734375,2704.7734375
776,0.04252244550409055,0.0954777652958736,0.0001,0.8425100687891245,2704.7734375,2705.4140625,2704.7734375,2704.7734375,2704.7734375,2704.7734375
777,0.04252020308510539,0.09218790559873058,0.0001,1.6760963667184114,2704.7734375,2705.4140625,2704.7734375,2704.7734375,2704.7734375,2704.7734375
778,0.04252008453990711,0.15064047207715747,0.0001,2.5323058357462287,2704.7734375,2705.4140625,2704.7734375,2704.7734375,2704.7734375,2704.7734375
779,0.042517208798182354,0.06467666327979893,0.0001,0.8414967441931367,2704.7734375,2705.4140625,2704.7734375,2704.7734375,2704.7734375,2704.7734375
780,0.04251531766461214,0.004329566187247558,0.0001,0.8420361382886767,2704.7734375,2705.4140625,2704.7734375,2704.7734375,2704.7734375,2704.7734375
781,0.04251465701512001,0.007847622035027868,0.0001,0.8350912528112531,2704.7734375,2705.4140625,2704.7734375,2704.7734375,2704.7734375,2704.7734375
782,0.04251461764646272,0.002451211627129342,0.0001,1.6780625442042947,2704.7734375,2705.4140625,2704.7734375,2704.7734375,2704.7734375,2704.7734375
783,0.042514357791905925,0.010942773190187549,0.0001,0.8416487462818623,2704.7734375,2705.4140625,2704.7734375,2704.7734375,2704.7734375,2704.7734375
784,0.042513922755150896,0.002406453491732142,0.0001,0.834264550358057,2704.7734375,2705.4140625,2704.7734375,2704.7734375,2704.7734375,2704.7734375
785,0.04251322547652223,0.007722187520199375,0.0001,0.8400595113635063,2704.7734375,2705.4140625,2704.7734375,2704.7734375,2704.7734375,2704.7734375
786,0.04251209697071079,0.0027451452846304035,0.0001,0.8404771918430924,2704.7734375,2705.4140625,2704.7734375,2704.7734375,2704.7734375,2704.7734375
787,0.042509983493975424,0.07357072895067085,0.0001,1.6776109719648957,2704.7734375,2705.4140625,2704.7734375,2704.7734375,2704.7734375,2704.7734375
788,0.042506737919276116,0.061154758519262664,0.0001,2.5335830794647336,2704.7734375,2705.4140625,2704.7734375,2704.7734375,2704.7734375,2704.7734375
789,0.04250669831637427,0.024142319132790968,0.0001,2.5168832009658217,2704.7734375,2705.4140625,2704.7734375,2704.7734375,2704.7734375,2704.7734375
790,0.042502206769486406,0.05403681563194496,0.0001,1.6868902640417218,2704.7734375,2705.4140625,2704.7734375,2704.7734375,2704.7734375,2704.7734375
791,0.042501963223267825,0.00996419893707401,0.0001,1.6830874821171165,2704.7734375,2705.4140625,2704.7734375,2704.7734375,2704.7734375,2704.7734375
792,0.04250046218486291,0.05280458115781461,0.0001,0.8336590277031064,2704.7734375,2705.4140625,2704.7734375,2704.7734375,2704.7734375,2704.7734375
793,0.04249956976915457,0.0036657261698907866,0.0001,0.8381284838542342,2704.7734375,2705.4140625,2704.7734375,2704.7734375,2704.7734375,2704.7734375
794,0.0424993186170848,0.0036099193024336433,0.0001,4.893699683248997,2704.7734375,2705.4140625,2704.7734375,2704.7734375,2704.7734375,2704.7734375
795,0.042493802741061265,0.10849409929469545,0.0001,0.8394109578803182,2704.7734375,2705.4140625,2704.7734375,2704.7734375,2704.7734375,2704.7734375
796,0.04248164001192972,0.18065567845467556,0.0001,1.68413345515728,2704.7734375,2705.4140625,2704.7734375,2704.7734375,2704.7734375,2704.7734375
797,0.04247773377385807,0.3326779124157162,0.0001,1.678285464644432,2704.7734375,2705.4140625,2704.7734375,2704.7734375,2704.7734375,2704.7734375
798,0.042475214756387436,0.051155987930828095,0.0001,0.8431911123916507,2704.7734375,2705.4140625,2704.7734375,2704.7734375,2704.7734375,2704.7734375
799,0.04247361950829982,0.05212085359214469,0.0001,0.8427143301814795,2704.7734375,2705.4140625,2704.7734375,2704.7734375,2704.7734375,2704.7734375
800,0.04247290773664434,0.007683101840334938,0.0001,1.6886532604694366,2704.7734375,2705.4140625,2704.7734375,2704.7734375,2704.7734375,2704.7734375
801,0.04247225199313308,0.012315350995298457,0.0001,0.8442004453390837,2704.7734375,2705.4140625,2704.7734375,2704.7734375,2704.7734375,2704.7734375
802,0.042472154963576834,0.03510130743370832,0.0001,1.6815685760229826,2704.7734375,2705.4140625,2704.7734375,2704.7734375,2704.7734375,2704.7734375
803,0.042471455215665456,0.049144797942127116,0.0001,0.8466742942109704,2704.7734375,2705.4140625,2704.7734375,2704.7734375,2704.7734375,2704.7734375
804,0.04247046484828724,0.04699397274435957,0.0001,0.8418282466009259,2704.7734375,2705.4140625,2704.7734375,2704.7734375,2704.7734375,2704.7734375
805,0.042470295304015214,0.0638522289957073,0.0001,1.6841713953763247,2704.7734375,2705.4140625,2704.7734375,2704.7734375,2704.7734375,2704.7734375
806,0.04246902067444066,0.09286722342555942,0.0001,1.6851113382726908,2704.7734375,2705.4140625,2704.7734375,2704.7734375,2704.7734375,2704.7734375
807,0.04246842668414818,0.1340451784210177,0.0001,1.6824900191277266,2704.7734375,2705.4140625,2704.7734375,2704.7734375,2704.7734375,2704.7734375
808,0.0424661796893084,0.04808177811017256,0.0001,0.8438706938177347,2704.7734375,2705.4140625,2704.7734375,2704.7734375,2704.7734375,2704.7734375
809,0.04246358765385138,0.0019465009282628731,0.0001,0.8436293136328459,2704.7734375,2705.4140625,2704.7734375,2704.7734375,2704.7734375,2704.7734375
810,0.04246075723735178,0.013898539501383422,0.0001,0.8446288863196969,2704.7734375,2705.4140625,2704.7734375,2704.7734375,2704.7734375,2704.7734375
811,0.042460637639847164,0.13322075278399792,0.0001,1.6801379416137934,2704.7734375,2705.4140625,2704.7734375,2704.7734375,2704.7734375,2704.7734375
812,0.04245960939869546,0.08048427531072899,0.0001,0.8408730439841747,2704.7734375,2705.4140625,2704.7734375,2704.7734375,2704.7734375,2704.7734375
813,0.042458408615587785,0.03320981973805648,0.0001,0.8454201687127352,2704.7734375,2705.4140625,2704.7734375,2704.7734375,2704.7734375,2704.7734375
814,0.042456807942327916,0.012319781693023946,0.0001,0.8411942152306437,2704.7734375,2705.4140625,2704.7734375,2704.7734375,2704.7734375,2704.7734375
815,0.04245539313703154,0.014616036048735515,0.0001,0.8429774912074208,2704.7734375,2705.4140625,2704.7734375,2704.7734375,2704.7734375,2704.7734375
816,0.042455077037097534,0.06706308050382748,0.0001,1.684158124960959,2704.7734375,2705.4140625,2704.7734375,2704.7734375,2704.7734375,2704.7734375
817,0.04245365976133363,0.022295992960035482,0.0001,0.8428698107600212,2704.7734375,2705.4140625,2704.7734375,2704.7734375,2704.7734375,2704.7734375
818,0.04245253102114727,0.05534072843026805,0.0001,0.844558565877378,2704.7734375,2705.4140625,2704.7734375,2704.7734375,2704.7734375,2704.7734375
819,0.04245195627255896,0.015091551976804118,0.0001,1.6937634786590934,2704.7734375,2705.4140625,2704.7734375,2704.7734375,2704.7734375,2704.7734375
820,0.04245140952975272,0.022272980223787764,0.0001,0.8431354118511081,2704.7734375,2705.4140625,2704.7734375,2704.7734375,2704.7734375,2704.7734375
821,0.042449517670341455,0.0175124063573181,0.0001,0.8435669830068946,2704.7734375,2705.4140625,2704.7734375,2704.7734375,2704.7734375,2704.7734375
822,0.042449442224186444,0.0048995606282918516,0.0001,1.6759644262492657,2704.7734375,2705.4140625,2704.7734375,2704.7734375,2704.7734375,2704.7734375
823,0.04244764915332738,0.0753741388231488,0.0001,0.8454884504899383,2704.7734375,2705.4140625,2704.7734375,2704.7734375,2704.7734375,2704.7734375
824,0.042446198563670746,0.06738766243919914,0.0001,0.843866323120892,2704.7734375,2705.4140625,2704.7734375,2704.7734375,2704.7734375,2704.7734375
825,0.04244348907672671,0.07001101321072545,0.0001,1.6883553694933653,2704.7734375,2705.4140625,2704.7734375,2704.7734375,2704.7734375,2704.7734375
826,0.04244318890849681,0.08800989190871866,0.0001,1.6869832761585712,2704.7734375,2705.4140625,2704.7734375,2704.7734375,2704.7734375,2704.7734375
827,0.042440728008387545,0.029170003199988193,0.0001,0.8438016539439559,2704.7734375,2705.4140625,2704.7734375,2704.7734375,2704.7734375,2704.7734375
828,0.04244022339830493,0.057458641322088555,0.0001,0.8463227916508913,2704.7734375,2705.4140625,2704.7734375,2704.7734375,2704.7734375,2704.7734375
829,0.04243945848171434,0.023452490959877115,0.0001,0.8450593687593937,2704.7734375,2705.4140625,2704.7734375,2704.7734375,2704.7734375,2704.7734375
830,0.04243924884774171,0.016778010553015976,0.0001,0.8333253767341375,2704.7734375,2705.4140625,2704.7734375,2704.7734375,2704.7734375,2704.7734375
831,0.0424391690533392,0.0206469415790147,0.0001,1.6298154862597585,2704.7734375,2705.4140625,2704.7734375,2704.7734375,2704.7734375,2704.7734375
832,0.042439073298481546,0.022527439554554718,0.0001,0.7502357168123126,2704.7734375,2705.4140625,2704.7734375,2704.7734375,2704.7734375,2704.7734375
833,0.04243882004212365,0.03339995648809457,0.0001,2.52809554990381,2704.7734375,2705.4140625,2704.7734375,2704.7734375,2704.7734375,2704.7734375
834,0.04243852314463837,0.01947946370043696,0.0001,0.8367963386699557,2704.7734375,2705.4140625,2704.7734375,2704.7734375,2704.7734375,2704.7734375
835,0.04243808551232088,0.008323875090556543,0.0001,0.841016074642539,2704.7734375,2705.4140625,2704.7734375,2704.7734375,2704.7734375,2704.7734375
836,0.04243791530924695,0.008727419344596421,0.0001,0.8219413179904222,2704.7734375,2705.4140625,2704.7734375,2704.7734375,2704.7734375,2704.7734375
837,0.04243756389912152,0.02054953298644524,0.0001,0.8404676616191864,2704.7734375,2705.4140625,2704.7734375,2704.7734375,2704.7734375,2704.7734375
838,0.0424374771560916,0.07322464366494674,0.0001,1.6917019803076982,2704.7734375,2705.4140625,2704.7734375,2704.7734375,2704.7734375,2704.7734375
839,0.04243721878101481,0.05045882347585984,0.0001,0.8491312218829989,2704.7734375,2705.4140625,2704.7734375,2704.7734375,2704.7734375,2704.7734375
840,0.04243696624978079,0.014093130913571894,0.0001,0.8531785467639565,2704.7734375,2705.4140625,2704.7734375,2704.7734375,2704.7734375,2704.7734375
841,0.04243694476694342,0.004547250264187563,0.0001,0.6638956656679511,2704.7734375,2705.4140625,2704.7734375,2704.7734375,2704.7734375,2704.7734375
842,0.0424368452521667,0.017149993913760042,0.0001,0.8422749089077115,2704.7734375,2705.4140625,2704.7734375,2704.7734375,2704.7734375,2704.7734375
843,0.0424368181665318,0.013079300938842797,0.0001,0.658780887722969,2704.7734375,2705.4140625,2704.7734375,2704.7734375,2704.7734375,2704.7734375
844,0.04243676540230733,0.008220160443571434,0.0001,0.664535197429359,2704.7734375,2705.4140625,2704.7734375,2704.7734375,2704.7734375,2704.7734375
845,0.0424365628743496,0.004115251430915623,0.0001,0.829692485742271,2704.7734375,2705.4140625,2704.7734375,2704.7734375,2704.7734375,2704.7734375
846,0.04243634797357177,0.008703808367834798,0.0001,0.8443555049598217,2704.7734375,2705.4140625,2704.7734375,2704.7734375,2704.7734375,2704.7734375
847,0.04243607326112541,0.02910680420953382,0.0001,1.6862428523600101,2704.7734375,2705.4140625,2704.7734375,2704.7734375,2704.7734375,2704.7734375
848,0.04243556589490233,0.025024203416955104,0.0001,0.6659050825983286,2704.7734375,2705.4140625,2704.7734375,2704.7734375,2704.7734375,2704.7734375
849,0.0424336014752835,0.03271867551990715,0.0001,0.8466879138723016,2704.7734375,2705.4140625,2704.7734375,2704.7734375,2704.7734375,2704.7734375
850,0.04243270292171495,0.04476619174021468,0.0001,0.8434380330145359,2704.7734375,2705.4140625,2704.7734375,2704.7734375,2704.7734375,2704.7734375
851,0.0424312349425887,0.06403599072826172,0.0001,0.8436658829450607,2704.7734375,2705.4140625,2704.7734375,2704.7734375,2704.7734375,2704.7734375
852,0.042431166870207385,0.006535719538422358,0.0001,2.3591946503147483,2704.7734375,2705.4140625,2704.7734375,2704.7734375,2704.7734375,2704.7734375
853,0.04243080396938592,0.003189580041376372,0.0001,0.8481497382745147,2704.7734375,2705.4140625,2704.7734375,2704.7734375,2704.7734375,2704.7734375
854,0.04243059185251919,0.022282428731528414,0.0001,0.8447201875969768,2704.7734375,2705.4140625,2704.7734375,2704.7734375,2704.7734375,2704.7734375
855,0.04243053048401276,0.0030771370159143885,0.0001,0.755577465519309,2704.7734375,2705.4140625,2704.7734375,2704.7734375,2704.7734375,2704.7734375
856,0.04243050553998001,0.012357364071002741,0.0001,0.6625948213040829,2704.7734375,2705.4140625,2704.7734375,2704.7734375,2704.7734375,2704.7734375
857,0.04243046972657701,0.019494991499358627,0.0001,0.6646192083135247,2704.7734375,2705.4140625,2704.7734375,2704.7734375,2704.7734375,2704.7734375
858,0.04243041222874098,0.022021207607790805,0.0001,0.6630130121484399,2704.7734375,2705.4140625,2704.7734375,2704.7734375,2704.7734375,2704.7734375
859,0.042430401036100115,0.0049940642507645405,0.0001,0.7774127731099725,2704.7734375,2705.4140625,2704.7734375,2704.7734375,2704.7734375,2704.7734375
860,0.04243033782382238,0.00848641345331691,0.0001,0.6700368477031589,2704.7734375,2705.4140625,2704.7734375,2704.7734375,2704.7734375,2704.7734375
861,0.04243031880102716,0.003494646629587539,0.0001,1.409426936879754,2704.7734375,2705.4140625,2704.7734375,2704.7734375,2704.7734375,2704.7734375
862,0.042430282366984776,0.006087248633248832,0.0001,0.6669919453561306,2704.7734375,2705.4140625,2704.7734375,2704.7734375,2704.7734375,2704.7734375
863,0.04243023294752173,0.004903659912136593,0.0001,0.779284548945725,2704.7734375,2705.4140625,2704.7734375,2704.7734375,2704.7734375,2704.7734375
864,0.042430219823528056,0.04538714757199158,0.0001,1.6916732313111424,2704.7734375,2705.4140625,2704.7734375,2704.7734375,2704.7734375,2704.7734375
865,0.042430159688190604,0.033927745963688194,0.0001,0.6615822380408645,2704.7734375,2705.4140625,2704.7734375,2704.7734375,2704.7734375,2704.7734375
866,0.0424298204676322,0.002299074447705274,0.0001,0.837110310792923,2704.7734375,2705.4140625,2704.7734375,2704.7734375,2704.7734375,2704.7734375
867,0.04242907400812121,0.046723238895407526,0.0001,0.8374420516192913,2704.7734375,2705.4140625,2704.7734375,2704.7734375,2704.7734375,2704.7734375
868,0.04242737503109261,0.09349639682049737,0.0001,0.8341639898717403,2704.7734375,2705.4140625,2704.7734375,2704.7734375,2704.7734375,2704.7734375
869,0.0424249282759677,0.09715159006315299,0.0001,0.8371301796287298,2704.7734375,2705.4140625,2704.7734375,2704.7734375,2704.7734375,2704.7734375
870,0.042424906707390686,0.11040696901204927,0.0001,2.515701294876635,2704.7734375,2705.4140625,2704.7734375,2704.7734375,2704.7734375,2704.7734375
871,0.042423318738245466,0.05285400819580366,0.0001,0.8358565662056208,2704.7734375,2705.4140625,2704.7734375,2704.7734375,2704.7734375,2704.7734375
872,0.042422848855981486,0.053741566879433544,0.0001,0.8393733194097877,2704.7734375,2705.4140625,2704.7734375,2704.7734375,2704.7734375,2704.7734375
873,0.04242283855783321,0.054260159355300486,0.0001,1.670201275497675,2704.7734375,2705.4140625,2704.7734375,2704.7734375,2704.7734375,2704.7734375
874,0.042422677785363135,0.043510351689781235,0.0001,0.8235012628138065,2704.7734375,2705.4140625,2704.7734375,2704.7734375,2704.7734375,2704.7734375
875,0.04242264866865433,0.010046991344089151,0.0001,1.5809674952179193,2704.7734375,2705.4140625,2704.7734375,2704.7734375,2704.7734375,2704.7734375
876,0.04242259072684839,0.0007475123354863111,0.0001,0.8314273599535227,2704.7734375,2705.4140625,2704.7734375,2704.7734375,2704.7734375,2704.7734375
877,0.04242250100842077,0.0005672303885379966,0.0001,1.4830090440809727,2704.7734375,2705.4140625,2704.7734375,2704.7734375,2704.7734375,2704.7734375
878,0.04242241586576301,0.0034722798103383745,0.0001,1.681564905680716,2704.7734375,2705.4140625,2704.7734375,2704.7734375,2704.7734375,2704.7734375
879,0.04242203594172223,0.0014059589353934143,0.0001,0.8337159296497703,2704.7734375,2705.4140625,2704.7734375,2704.7734375,2704.7734375,2704.7734375
880,0.04242111074784221,0.009415179913473626,0.0001,0.8400688301771879,2704.7734375,2705.4140625,2704.7734375,2704.7734375,2704.7734375,2704.7734375
881,0.04242103358998006,0.0177845517015065,0.0001,1.689421383664012,2704.7734375,2705.4140625,2704.7734375,2704.7734375,2704.7734375,2704.7734375
882,0.042420291839205114,0.007749410032409476,0.0001,0.8474023956805468,2704.7734375,2705.4140625,2704.7734375,2704.7734375,2704.7734375,2704.7734375
883,0.0424200140973608,0.004470671882544908,0.0001,0.8438477842137218,2704.7734375,2705.4140625,2704.7734375,2704.7734375,2704.7734375,2704.7734375
884,0.042419763117274016,0.005929757685449788,0.0001,0.8411386553198099,2704.7734375,2705.4140625,2704.7734375,2704.7734375,2704.7734375,2704.7734375
885,0.042419631160954034,0.002604547707430349,0.0001,0.8417194057255983,2704.7734375,2705.4140625,2704.7734375,2704.7734375,2704.7734375,2704.7734375
886,0.04241963034540057,0.02297433932968551,0.0001,1.6846429267898202,2704.7734375,2705.4140625,2704.7734375,2704.7734375,2704.7734375,2704.7734375
887,0.042419602600057144,0.007210026125462621,0.0001,0.658807928673923,2704.7734375,2705.4140625,2704.7734375,2704.7734375,2704.7734375,2704.7734375
888,0.04241958882049111,0.0022590819759114034,0.0001,0.6542918728664517,2704.7734375,2705.4140625,2704.7734375,2704.7734375,2704.7734375,2704.7734375
889,0.042419556205331874,0.0038078697584461585,0.0001,0.6622268296778202,2704.7734375,2705.4140625,2704.7734375,2704.7734375,2704.7734375,2704.7734375
890,0.042419543032291916,0.0034804643427832627,0.0001,1.4055934036150575,2704.7734375,2705.4140625,2704.7734375,2704.7734375,2704.7734375,2704.7734375
891,0.04241953756017969,0.002610459075498839,0.0001,1.6805030731484294,2704.7734375,2705.4140625,2704.7734375,2704.7734375,2704.7734375,2704.7734375
892,0.042419528559241595,0.0025225085398354885,0.0001,1.4413657980039716,2704.7734375,2705.4140625,2704.7734375,2704.7734375,2704.7734375,2704.7734375
893,0.04241952142162445,0.0009214023534147575,0.0001,0.6537092514336109,2704.7734375,2705.4140625,2704.7734375,2704.7734375,2704.7734375,2704.7734375
894,0.042419520202731875,0.0011675325030363615,0.0001,0.6650633094832301,2704.7734375,2705.4140625,2704.7734375,2704.7734375,2704.7734375,2704.7734375
895,0.04241951813833996,0.0012256824155331136,0.0001,0.6639460260048509,2704.7734375,2705.4140625,2704.7734375,2704.7734375,2704.7734375,2704.7734375
896,0.042419502816514486,0.005570652691032074,0.0001,0.6549225253984332,2704.7734375,2705.4140625,2704.7734375,2704.7734375,2704.7734375,2704.7734375
897,0.042419429984571703,0.04673108732308995,0.0001,0.7978862626478076,2704.7734375,2705.4140625,2704.7734375,2704.7734375,2704.7734375,2704.7734375
898,0.04241934103779626,0.02571817237668106,0.0001,0.7563301390036941,2704.7734375,2705.4140625,2704.7734375,2704.7734375,2704.7734375,2704.7734375
899,0.042419212180251034,0.05184500067566655,0.0001,0.7368767205625772,2704.7734375,2705.4140625,2704.7734375,2704.7734375,2704.7734375,2704.7734375
900,0.04241904548477627,0.024240288962571133,0.0001,0.6623583203181624,2704.7734375,2705.4140625,2704.7734375,2704.7734375,2704.7734375,2704.7734375
901,0.04241879407166627,0.029760305856398883,0.0001,0.8409964740276337,2704.7734375,2705.4140625,2704.7734375,2704.7734375,2704.7734375,2704.7734375
902,0.04241874452123857,0.024959468975331633,0.0001,0.6659052632749081,2704.7734375,2705.4140625,2704.7734375,2704.7734375,2704.7734375,2704.7734375
903,0.04241869276180712,0.014087714952771169,0.0001,0.692772077396512,2704.7734375,2705.4140625,2704.7734375,2704.7734375,2704.7734375,2704.7734375
904,0.042418647759936,0.0013455249856610951,0.0001,0.6645660474896431,2704.7734375,2705.4140625,2704.7734375,2704.7734375,2704.7734375,2704.7734375
905,0.04241858636431281,0.007239589684387537,0.0001,0.667359909042716,2704.7734375,2705.4140625,2704.7734375,2704.7734375,2704.7734375,2704.7734375
906,0.04241847823072891,0.01330365636711539,0.0001,0.7485351907089353,2704.7734375,2705.4140625,2704.7734375,2704.7734375,2704.7734375,2704.7734375
907,0.042418353516878476,0.014309363714136714,0.0001,0.833421828225255,2704.7734375,2705.4140625,2704.7734375,2704.7734375,2704.7734375,2704.7734375
908,0.04241832439728401,0.00636505223306183,0.0001,1.68080167286098,2704.7734375,2705.4140625,2704.7734375,2704.7734375,2704.7734375,2704.7734375
909,0.04241819271933485,0.006643930996270919,0.0001,0.8299867762252688,2704.7734375,2705.4140625,2704.7734375,2704.7734375,2704.7734375,2704.7734375
910,0.04241818352377944,0.010796987749253306,0.0001,1.689027402549982,2704.7734375,2705.4140625,2704.7734375,2704.7734375,2704.7734375,2704.7734375
911,0.042417980487549696,0.02353889383206642,0.0001,0.845304568298161,2704.7734375,2705.4140625,2704.7734375,2704.7734375,2704.7734375,2704.7734375
912,0.04241789078513193,0.005422413451024566,0.0001,0.6929999878630042,2704.7734375,2705.4140625,2704.7734375,2704.7734375,2704.7734375,2704.7734375
913,0.04241754180027009,0.040454712700863205,0.0001,0.8429110003635287,2704.7734375,2705.4140625,2704.7734375,2704.7734375,2704.7734375,2704.7734375
914,0.04241715449415472,0.041003984443735986,0.0001,0.8419973282143474,2704.7734375,2705.4140625,2704.7734375,2704.7734375,2704.7734375,2704.7734375
915,0.04241703523909371,0.030079628305875072,0.0001,1.689190972596407,2704.7734375,2705.4140625,2704.7734375,2704.7734375,2704.7734375,2704.7734375
916,0.04241615964316934,0.03905127693223487,0.0001,0.8411896238103509,2704.7734375,2705.4140625,2704.7734375,2704.7734375,2704.7734375,2704.7734375
917,0.04241602322318825,0.01725396007654112,0.0001,0.8443756261840463,2704.7734375,2705.4140625,2704.7734375,2704.7734375,2704.7734375,2704.7734375
918,0.042415941520931234,0.008202825663854663,0.0001,0.7892408231273293,2704.7734375,2705.4140625,2704.7734375,2704.7734375,2704.7734375,2704.7734375
919,0.04241592418620675,0.0034570137517014876,0.0001,0.6575907254591584,2704.7734375,2705.4140625,2704.7734375,2704.7734375,2704.7734375,2704.7734375
920,0.04241590468464167,0.008875683942970336,0.0001,1.326094695366919,2704.7734375,2705.4140625,2704.7734375,2704.7734375,2704.7734375,2704.7734375
921,0.04241588015154043,0.014377727119224692,0.0001,0.7033168934285641,2704.7734375,2705.4140625,2704.7734375,2704.7734375,2704.7734375,2704.7734375
922,0.042415818266484606,0.021782746518713703,0.0001,0.6650114199146628,2704.7734375,2705.4140625,2704.7734375,2704.7734375,2704.7734375,2704.7734375
923,0.04241572651311837,0.03432619636732326,0.0001,0.6625190321356058,2704.7734375,2705.4140625,2704.7734375,2704.7734375,2704.7734375,2704.7734375
924,0.04241477255155385,0.10185315921903348,0.0001,0.8502812059596181,2704.7734375,2705.4140625,2704.7734375,2704.7734375,2704.7734375,2704.7734375
925,0.04241355003977661,0.12464567992857412,0.0001,0.842434118501842,2704.7734375,2705.4140625,2704.7734375,2704.7734375,2704.7734375,2704.7734375
926,0.04241221694117218,0.060401102407022345,0.0001,0.8436596430838108,2704.7734375,2705.4140625,2704.7734375,2704.7734375,2704.7734375,2704.7734375
927,0.042411627250576886,0.015516643249802398,0.0001,0.8509310092777014,2704.7734375,2705.4140625,2704.7734375,2704.7734375,2704.7734375,2704.7734375
928,0.04241117662192279,0.00805719933144533,0.0001,0.8405324118211865,2704.7734375,2705.4140625,2704.7734375,2704.7734375,2704.7734375,2704.7734375
929,0.0424106836094495,0.06174407571706064,0.0001,0.8414310859516263,2704.7734375,2705.4140625,2704.7734375,2704.7734375,2704.7734375,2704.7734375
930,0.04241050040131631,0.045648290773262934,0.0001,0.8515907097607851,2704.7734375,2705.4140625,2704.7734375,2704.7734375,2704.7734375,2704.7734375
931,0.042410397548793596,0.006960091484706554,0.0001,0.8473067861050367,2704.7734375,2705.4140625,2704.7734375,2704.7734375,2704.7734375,2704.7734375
932,0.04241037881671824,0.00197371265275903,0.0001,0.6948896748945117,2704.7734375,2705.4140625,2704.7734375,2704.7734375,2704.7734375,2704.7734375
933,0.04241036084563435,0.0062474921268147465,0.0001,0.7548124138265848,2704.7734375,2705.4140625,2704.7734375,2704.7734375,2704.7734375,2704.7734375
934,0.042410336423429326,0.0016413556383665288,0.0001,0.7529665669426322,2704.7734375,2705.4140625,2704.7734375,2704.7734375,2704.7734375,2704.7734375
935,0.04241028924184595,0.010697529946986473,0.0001,0.7479347186163068,2704.7734375,2705.4140625,2704.7734375,2704.7734375,2704.7734375,2704.7734375
936,0.04241017948201423,0.0172059268088417,0.0001,0.7463182229548693,2704.7734375,2705.4140625,2704.7734375,2704.7734375,2704.7734375,2704.7734375
937,0.04240999253767205,0.005374492336683856,0.0001,0.8342231409624219,2704.7734375,2705.4140625,2704.7734375,2704.7734375,2704.7734375,2704.7734375
938,0.04240981106988191,0.026001750803489432,0.0001,0.8414393747225404,2704.7734375,2705.4140625,2704.7734375,2704.7734375,2704.7734375,2704.7734375
939,0.04240946180545982,0.010869099585277375,0.0001,0.7787748174741864,2704.7734375,2705.4140625,2704.7734375,2704.7734375,2704.7734375,2704.7734375
940,0.042408325013708004,0.021384402663910618,0.0001,0.8516826909035444,2704.7734375,2705.4140625,2704.7734375,2704.7734375,2704.7734375,2704.7734375
941,0.04240776700350099,0.06121194646382455,0.0001,1.6904843682423234,2704.77734375,2705.4140625,2704.77734375,2704.77734375,2704.77734375,2704.77734375
942,0.04240614141026214,0.04501984736670206,0.0001,0.8405142622068524,2704.77734375,2705.4140625,2704.77734375,2704.77734375,2704.77734375,2704.77734375
943,0.042403048470894045,0.007065799361180458,0.0001,0.8405703930184245,2704.77734375,2705.4140625,2704.77734375,2704.77734375,2704.77734375,2704.77734375
944,0.04240269399791907,0.07341831370335195,0.0001,2.5144787412136793,2704.77734375,2705.4140625,2704.77734375,2704.77734375,2704.77734375,2704.77734375
945,0.04240109721940937,0.046183812189509066,0.0001,0.8343957010656595,2704.77734375,2705.4140625,2704.77734375,2704.77734375,2704.77734375,2704.77734375
946,0.0423970295945448,0.07986000872865617,0.0001,0.8380036037415266,2704.77734375,2705.4140625,2704.77734375,2704.77734375,2704.77734375,2704.77734375
947,0.042393734215224056,0.04918580952120166,0.0001,0.8385405046865344,2704.77734375,2705.4140625,2704.77734375,2704.77734375,2704.77734375,2704.77734375
948,0.042393675043431424,0.07248317084462796,0.0001,2.334118762984872,2704.77734375,2705.4140625,2704.77734375,2704.77734375,2704.77734375,2704.77734375
949,0.042391916938864946,0.04630741413579087,0.0001,0.8416937068104744,2704.77734375,2705.4140625,2704.77734375,2704.77734375,2704.77734375,2704.77734375
950,0.04238560115145764,0.012876251013621776,0.0001,3.3688847022131085,2704.77734375,2705.4140625,2704.77734375,2704.77734375,2704.77734375,2704.77734375
951,0.04238055072265642,0.015760106376240035,0.0001,8.39408303424716,2704.77734375,2705.4140625,2704.77734375,2704.77734375,2704.77734375,2704.77734375
952,0.04237862373240567,0.013383747234448573,0.0001,8.441855900920928,2704.77734375,2705.4140625,2704.77734375,2704.77734375,2704.77734375,2704.77734375
953,0.04237572463037731,0.016209369199762458,0.0001,1.6799519807100296,2704.77734375,2705.4140625,2704.77734375,2704.77734375,2704.77734375,2704.77734375
954,0.042375602484440104,0.01940990072750226,0.0001,2.537939302623272,2704.77734375,2705.4140625,2704.77734375,2704.77734375,2704.77734375,2704.77734375
955,0.04237034471456797,0.1280729847689841,0.0001,1.687320557422936,2704.77734375,2705.4140625,2704.77734375,2704.77734375,2704.77734375,2704.77734375
956,0.04236977850086835,0.0060459261055749725,0.0001,3.2696196157485247,2704.77734375,2705.4140625,2704.77734375,2704.77734375,2704.77734375,2704.77734375
957,0.042368008427735,0.0996849747993751,0.0001,0.8418932473286986,2704.77734375,2705.4140625,2704.77734375,2704.77734375,2704.77734375,2704.77734375
958,0.04236755272792356,0.06730302944132305,0.0001,0.8445275565609336,2704.77734375,2705.4140625,2704.77734375,2704.77734375,2704.77734375,2704.77734375
959,0.042367363636579995,0.00524880328624563,0.0001,0.6591528095304966,2704.77734375,2705.4140625,2704.77734375,2704.77734375,2704.77734375,2704.77734375
960,0.04236733212887988,0.012398326203132637,0.0001,0.6585320075973868,2704.77734375,2705.4140625,2704.77734375,2704.77734375,2704.77734375,2704.77734375
961,0.04236719129690843,0.04652895228814291,0.0001,0.7568645998835564,2704.77734375,2705.4140625,2704.77734375,2704.77734375,2704.77734375,2704.77734375
962,0.04236697669286772,0.07229501154982554,0.0001,0.8354096040129662,2704.77734375,2705.4140625,2704.77734375,2704.77734375,2704.77734375,2704.77734375
963,0.04236660717622061,0.07817695102929134,0.0001,0.8472442766651511,2704.77734375,2705.4140625,2704.77734375,2704.77734375,2704.77734375,2704.77734375
964,0.04236489609191596,0.04560984791434941,0.0001,0.8483153395354748,2704.77734375,2705.4140625,2704.77734375,2704.77734375,2704.77734375,2704.77734375
965,0.042360887406834226,0.03987208290536848,0.0001,0.8463084017857909,2704.77734375,2705.4140625,2704.77734375,2704.77734375,2704.77734375,2704.77734375
966,0.04235951918242243,0.04131569430477511,0.0001,0.8447713274508715,2704.77734375,2705.4140625,2704.77734375,2704.77734375,2704.77734375,2704.77734375
967,0.04235950394256053,0.05281849102770908,0.0001,2.3979978561401367,2704.77734375,2705.4140625,2704.77734375,2704.77734375,2704.77734375,2704.77734375
968,0.04235899487864826,0.03702356630058723,0.0001,0.850498546846211,2704.77734375,2705.4140625,2704.77734375,2704.77734375,2704.77734375,2704.77734375
969,0.04235843684417781,0.03670072564829485,0.0001,0.8461027322337031,2704.77734375,2705.4140625,2704.77734375,2704.77734375,2704.77734375,2704.77734375
970,0.04235826135060147,0.09214063962827512,0.0001,1.6839926848188043,2704.77734375,2705.4140625,2704.77734375,2704.77734375,2704.77734375,2704.77734375
971,0.04235807768008686,0.04830987544857668,0.0001,0.7950988132506609,2704.77734375,2705.4140625,2704.77734375,2704.77734375,2704.77734375,2704.77734375
972,0.04235790022396955,0.028368379625902662,0.0001,0.6993286991491914,2704.77734375,2705.4140625,2704.77734375,2704.77734375,2704.77734375,2704.77734375
973,0.042357091734498954,0.01655694662682272,0.0001,0.8450830383226275,2704.77734375,2705.4140625,2704.77734375,2704.77734375,2704.77734375,2704.77734375
974,0.04235561931212635,0.041025862440635885,0.0001,0.8409085236489773,2704.77734375,2705.4140625,2704.77734375,2704.77734375,2704.77734375,2704.77734375
975,0.0423553593334426,0.03865827585755277,0.0001,1.6850112481042743,2704.77734375,2705.4140625,2704.77734375,2704.77734375,2704.77734375,2704.77734375
976,0.042354683478876165,0.08633738610018837,0.0001,1.680781644769013,2704.77734375,2705.4140625,2704.77734375,2704.77734375,2704.77734375,2704.77734375
977,0.04235405732508652,0.032587100171234784,0.0001,1.618235144764185,2704.77734375,2705.4140625,2704.77734375,2704.77734375,2704.77734375,2704.77734375
978,0.04235233550095049,0.009423117362588052,0.0001,0.8428219007328153,2704.77734375,2705.4140625,2704.77734375,2704.77734375,2704.77734375,2704.77734375
979,0.04235150729399652,0.1561703448972389,0.0001,0.842168778181076,2704.77734375,2705.4140625,2704.77734375,2704.77734375,2704.77734375,2704.77734375
980,0.042350873858616786,0.0677375682128174,0.0001,0.7970032896846533,2704.77734375,2705.4140625,2704.77734375,2704.77734375,2704.77734375,2704.77734375
981,0.042350512006930505,0.03917872335858319,0.0001,0.8374600224196911,2704.77734375,2705.4140625,2704.77734375,2704.77734375,2704.77734375,2704.77734375
982,0.04235037659836306,0.005310242460059289,0.0001,0.8485225001350045,2704.77734375,2705.4140625,2704.77734375,2704.77734375,2704.77734375,2704.77734375
983,0.042350320403895615,0.0036190034024924595,0.0001,0.7904432266950607,2704.77734375,2705.4140625,2704.77734375,2704.77734375,2704.77734375,2704.77734375
984,0.04235017669054773,0.004760540002348712,0.0001,0.745618361979723,2704.77734375,2705.4140625,2704.77734375,2704.77734375,2704.77734375,2704.77734375
985,0.04234940354662897,0.032433729447538084,0.0001,0.8440674236044288,2704.77734375,2705.4140625,2704.77734375,2704.77734375,2704.77734375,2704.77734375
986,0.0423469230140356,0.05963606709809233,0.0001,0.8371321614831686,2704.77734375,2705.4140625,2704.77734375,2704.77734375,2704.77734375,2704.77734375
987,0.04234516780230316,0.01644070860075142,0.0001,0.8393626380711794,2704.77734375,2705.4140625,2704.77734375,2704.77734375,2704.77734375,2704.77734375
988,0.0423448205724976,0.004600536781751652,0.0001,0.8448714269325137,2704.77734375,2705.4140625,2704.77734375,2704.77734375,2704.77734375,2704.77734375
989,0.0423447658114812,0.005587929486290055,0.0001,0.743476863950491,2704.77734375,2705.4140625,2704.77734375,2704.77734375,2704.77734375,2704.77734375
990,0.0423446860978693,0.016021248163186286,0.0001,0.7397293206304312,2704.77734375,2705.4140625,2704.77734375,2704.77734375,2704.77734375,2704.77734375
991,0.04234455313455437,0.0027263732003379726,0.0001,0.6588681880384684,2704.77734375,2705.4140625,2704.77734375,2704.77734375,2704.77734375,2704.77734375
992,0.04234418669752507,0.02961701480497725,0.0001,0.6617205888032913,2704.77734375,2705.4140625,2704.77734375,2704.77734375,2704.77734375,2704.77734375
993,0.04234414237012133,0.10429834149716477,0.0001,0.839089997112751,2704.77734375,2705.4140625,2704.77734375,2704.77734375,2704.77734375,2704.77734375
994,0.04234380434414344,0.011493530316653455,0.0001,0.706670705229044,2704.77734375,2705.4140625,2704.77734375,2704.77734375,2704.77734375,2704.77734375
995,0.04234374375664072,0.005346290760950723,0.0001,0.6626115022227168,2704.77734375,2705.4140625,2704.77734375,2704.77734375,2704.77734375,2704.77734375
996,0.042343728446875215,0.001334734789915526,0.0001,0.6753563154488802,2704.77734375,2705.4140625,2704.77734375,2704.77734375,2704.77734375,2704.77734375
997,0.04234372070067619,0.0037365498125510044,0.0001,0.6622958602383733,2704.77734375,2705.4140625,2704.77734375,2704.77734375,2704.77734375,2704.77734375
998,0.04234371540376848,0.0040144329133630086,0.0001,0.6623294614255428,2704.77734375,2705.4140625,2704.77734375,2704.77734375,2704.77734375,2704.77734375
999,0.0423437146909498,0.0005991187572881307,0.0001,1.3242438798770308,2704.77734375,2705.4140625,2704.77734375,2704.77734375,2704.77734375,2704.77734375
1000,0.042343713829097365,0.0007387918888015488,0.0001,0.6604920942336321,2704.77734375,2705.4140625,2704.77734375,2704.77734375,2704.77734375,2704.77734375
1001,0.04234371319296542,0.00014394884149713266,0.0001,0.6643963577225804,2704.77734375,2705.4140625,2704.77734375,2704.77734375,2704.77734375,2704.77734375
1002,0.042343712123044865,0.0007192992260534048,0.0001,0.6613952368497849,2704.77734375,2705.4140625,2704.77734375,2704.77734375,2704.77734375,2704.77734375
1003,0.042343706822150114,0.0032240629231350404,0.0001,0.6598119419068098,2704.77734375,2705.4140625,2704.77734375,2704.77734375,2704.77734375,2704.77734375
1004,0.042343700420293125,0.0009415119049986931,0.0001,0.6571767134591937,2704.77734375,2705.4140625,2704.77734375,2704.77734375,2704.77734375,2704.77734375
1005,0.04234369718010301,0.007822504147613207,0.0001,1.3225650433450937,2704.77734375,2705.4140625,2704.77734375,2704.77734375,2704.77734375,2704.77734375
1006,0.04234368953850051,0.000934170526329825,0.0001,0.6610255166888237,2704.77734375,2705.4140625,2704.77734375,2704.77734375,2704.77734375,2704.77734375
1007,0.042343685816553456,0.003394157273056697,0.0001,0.6612748568877578,2704.77734375,2705.4140625,2704.77734375,2704.77734375,2704.77734375,2704.77734375
1008,0.0423436815837935,0.0025975042717464314,0.0001,0.6620387891307473,2704.77734375,2705.4140625,2704.77734375,2704.77734375,2704.77734375,2704.77734375
1009,0.04234367736971962,0.007266263370096171,0.0001,0.6621288098394871,2704.77734375,2705.4140625,2704.77734375,2704.77734375,2704.77734375,2704.77734375
1010,0.04234367654691876,0.006488391724070786,0.0001,0.6708491910248995,2704.77734375,2705.4140625,2704.77734375,2704.77734375,2704.77734375,2704.77734375
1011,0.04234367074877392,0.0002637885824022772,0.0001,0.6555706271901727,2704.77734375,2705.4140625,2704.77734375,2704.77734375,2704.77734375,2704.77734375
1012,0.042343665982684825,0.0038482636213810206,0.0001,0.6590096084401011,2704.77734375,2705.4140625,2704.77734375,2704.77734375,2704.77734375,2704.77734375
1013,0.042343662256305994,0.004615052484219118,0.0001,0.6600973019376397,2704.77734375,2705.4140625,2704.77734375,2704.77734375,2704.77734375,2704.77734375
1014,0.04234366105707959,0.005048875677093001,0.0001,1.3174890773370862,2704.77734375,2705.4140625,2704.77734375,2704.77734375,2704.77734375,2704.77734375
1015,0.04234364882360799,0.006523161363002017,0.0001,1.6377201927825809,2704.77734375,2705.4140625,2704.77734375,2704.77734375,2704.77734375,2704.77734375
1016,0.042343647410112435,0.0015101889993757167,0.0001,1.3202134557068348,2704.77734375,2705.4140625,2704.77734375,2704.77734375,2704.77734375,2704.77734375
1017,0.04234364122358755,0.0006048957355518914,0.0001,0.6630690535530448,2704.77734375,2705.4140625,2704.77734375,2704.77734375,2704.77734375,2704.77734375
1018,0.042343603879586966,0.034650534537597366,0.0001,1.4069676976650953,2704.77734375,2705.4140625,2704.77734375,2704.77734375,2704.77734375,2704.77734375
1019,0.042343540627978515,0.035036744607392034,0.0001,0.6628410629928112,2704.77734375,2705.4140625,2704.77734375,2704.77734375,2704.77734375,2704.77734375
1020,0.04234353400036864,0.0399565763334877,0.0001,1.693133725784719,2704.77734375,2705.4140625,2704.77734375,2704.77734375,2704.77734375,2704.77734375
1021,0.042343241658326605,0.04292686400421175,0.0001,0.7969339517876506,2704.77734375,2705.4140625,2704.77734375,2704.77734375,2704.77734375,2704.77734375
1022,0.0423424618965703,0.06661060679248809,0.0001,1.6895166039466858,2704.77734375,2705.4140625,2704.77734375,2704.77734375,2704.77734375,2704.77734375
1023,0.04234138335278068,0.0393773404679425,0.0001,0.8343267301097512,2704.77734375,2705.4140625,2704.77734375,2704.77734375,2704.77734375,2704.77734375
1024,0.042335679550968335,0.006817448327926745,0.0001,0.8450479684397578,2704.77734375,2705.4140625,2704.77734375,2704.77734375,2704.77734375,2704.77734375
1025,0.042334510575949884,0.06561802228032487,0.0001,0.8417697865515947,2704.77734375,2705.4140625,2704.77734375,2704.77734375,2704.77734375,2704.77734375
1026,0.04233203212316486,0.1249186216128062,0.0001,0.8424126487225294,2704.77734375,2705.4140625,2704.77734375,2704.77734375,2704.77734375,2704.77734375
1027,0.04233071905582981,0.09708336799106254,0.0001,0.840028771199286,2704.77734375,2705.4140625,2704.77734375,2704.77734375,2704.77734375,2704.77734375
1028,0.042330103615411396,0.07706288370148018,0.0001,1.6881224885582924,2704.77734375,2705.4140625,2704.77734375,2704.77734375,2704.77734375,2704.77734375
1029,0.04232905356179289,0.17857438246619806,0.0001,0.8494207933545113,2704.77734375,2705.4140625,2704.77734375,2704.77734375,2704.77734375,2704.77734375
1030,0.0423281292640307,0.08744914966713702,0.0001,1.699697540141642,2704.77734375,2705.4140625,2704.77734375,2704.77734375,2704.77734375,2704.77734375
1031,0.04232750315248807,0.028154226315879827,0.0001,0.8443414745852351,2704.77734375,2705.4140625,2704.77734375,2704.77734375,2704.77734375,2704.77734375
1032,0.04232728382208559,0.013238911571214818,0.0001,0.8337221192196012,2704.77734375,2705.4140625,2704.77734375,2704.77734375,2704.77734375,2704.77734375
1033,0.0423270383712812,0.04232969335994152,0.0001,0.84404266346246,2704.77734375,2705.4140625,2704.77734375,2704.77734375,2704.77734375,2704.77734375
1034,0.04232690130931686,0.031182207634702364,0.0001,0.7924133753404021,2704.77734375,2705.4140625,2704.77734375,2704.77734375,2704.77734375,2704.77734375
1035,0.042326845802587935,0.002159737056254052,0.0001,0.6979544451460242,2704.77734375,2705.4140625,2704.77734375,2704.77734375,2704.77734375,2704.77734375
1036,0.042326840755950744,0.004293914428131207,0.0001,0.6548672439530492,2704.77734375,2705.4140625,2704.77734375,2704.77734375,2704.77734375,2704.77734375
1037,0.042326838627878345,0.005917239713130296,0.0001,0.662921043112874,2704.77734375,2705.4140625,2704.77734375,2704.77734375,2704.77734375,2704.77734375
1038,0.04232683692821342,0.003985242465940342,0.0001,0.6599994329735637,2704.77734375,2705.4140625,2704.77734375,2704.77734375,2704.77734375,2704.77734375
1039,0.042326836267346374,0.0012665971016508903,0.0001,0.6581957554444671,2704.77734375,2705.4140625,2704.77734375,2704.77734375,2704.77734375,2704.77734375
1040,0.042326836088740154,0.00034939888285090426,0.0001,0.663344974629581,2704.77734375,2705.4140625,2704.77734375,2704.77734375,2704.77734375,2704.77734375
1041,0.04232683595793746,0.0012919219942575388,0.0001,0.6607827050611377,2704.77734375,2705.4140625,2704.77734375,2704.77734375,2704.77734375,2704.77734375
1042,0.042326835668700866,0.002567806769731007,0.0001,0.6581890555098653,2704.77734375,2705.4140625,2704.77734375,2704.77734375,2704.77734375,2704.77734375
1043,0.042326835181439475,0.00361731039082569,0.0001,0.6623696712777019,2704.77734375,2705.4140625,2704.77734375,2704.77734375,2704.77734375,2704.77734375
1044,0.04232683455251513,0.002612549048231383,0.0001,0.6736431699246168,2704.77734375,2705.4140625,2704.77734375,2704.77734375,2704.77734375,2704.77734375
1045,0.042326834334251974,0.003442004829787626,0.0001,1.318384449928999,2704.77734375,2705.4140625,2704.77734375,2704.77734375,2704.77734375,2704.77734375
1046,0.04232683383797527,0.0006155162221150867,0.0001,0.662524321116507,2704.77734375,2705.4140625,2704.77734375,2704.77734375,2704.77734375,2704.77734375
1047,0.04232683356788537,0.0009616727229146971,0.0001,0.6623580995947123,2704.77734375,2705.4140625,2704.77734375,2704.77734375,2704.77734375,2704.77734375
1048,0.04232683303791866,0.0034506847526244444,0.0001,0.6644956395030022,2704.77734375,2705.4140625,2704.77734375,2704.77734375,2704.77734375,2704.77734375
1049,0.04232683244758676,0.0052726090149907145,0.0001,0.6645064475014806,2704.77734375,2705.4140625,2704.77734375,2704.77734375,2704.77734375,2704.77734375
1050,0.042326831325349215,0.0067784888153837874,0.0001,0.6575060747563839,2704.77734375,2705.4140625,2704.77734375,2704.77734375,2704.77734375,2704.77734375
1051,0.04232682812811758,0.00842484890886852,0.0001,0.6638044249266386,2704.77734375,2705.4140625,2704.77734375,2704.77734375,2704.77734375,2704.77734375
1052,0.0423268234293294,0.005735782710219017,0.0001,0.6689737234264612,2704.77734375,2705.4140625,2704.77734375,2704.77734375,2704.77734375,2704.77734375
1053,0.042326819432834825,0.00027984827246330113,0.0001,0.6560701187700033,2704.77734375,2705.4140625,2704.77734375,2704.77734375,2704.77734375,2704.77734375
1054,0.04232681642066329,0.006533351979860713,0.0001,0.6603067247197032,2704.77734375,2705.4140625,2704.77734375,2704.77734375,2704.77734375,2704.77734375
1055,0.042326813718651324,0.010734408432647058,0.0001,0.6644775681197643,2704.77734375,2705.4140625,2704.77734375,2704.77734375,2704.77734375,2704.77734375
1056,0.04232680967917378,0.01260163944338566,0.0001,0.6588373780250549,2704.77734375,2705.4140625,2704.77734375,2704.77734375,2704.77734375,2704.77734375
1057,0.04232680541395974,0.007434445608809792,0.0001,0.6584091167896986,2704.77734375,2705.4140625,2704.77734375,2704.77734375,2704.77734375,2704.77734375
1058,0.04232680364472673,0.0038004677269947162,0.0001,0.6661429237574339,2704.77734375,2705.4140625,2704.77734375,2704.77734375,2704.77734375,2704.77734375
1059,0.04232680245843025,0.0008450820254570779,0.0001,0.6694721160456538,2704.77734375,2705.4140625,2704.77734375,2704.77734375,2704.77734375,2704.77734375
1060,0.04232680215509845,0.0012320853275455956,0.0001,0.6573322927579284,2704.77734375,2705.4140625,2704.77734375,2704.77734375,2704.77734375,2704.77734375
1061,0.042326801697684505,0.0007726701699674043,0.0001,0.6673019984737039,2704.77734375,2705.4140625,2704.77734375,2704.77734375,2704.77734375,2704.77734375
1062,0.04232680121315369,0.0008326730390997295,0.0001,1.4416293883696198,2704.77734375,2705.4140625,2704.77734375,2704.77734375,2704.77734375,2704.77734375
1063,0.0423268004995576,0.002078347883439635,0.0001,0.6670164177194238,2704.77734375,2705.4140625,2704.77734375,2704.77734375,2704.77734375,2704.77734375
1064,0.04232679658406121,0.008819594838130662,0.0001,0.6595519902184606,2704.77734375,2705.4140625,2704.77734375,2704.77734375,2704.77734375,2704.77734375
1065,0.042326793160263484,0.009936933042619778,0.0001,0.6552821863442659,2704.77734375,2705.4140625,2704.77734375,2704.77734375,2704.77734375,2704.77734375
1066,0.04232678703992642,0.0065840550746181226,0.0001,0.6640449771657586,2704.77734375,2705.4140625,2704.77734375,2704.77734375,2704.77734375,2704.77734375
1067,0.04232678471541564,0.0006953664952094041,0.0001,0.6614965470507741,2704.77734375,2705.4140625,2704.77734375,2704.77734375,2704.77734375,2704.77734375
1068,0.0423267837702604,0.003090279741681412,0.0001,0.659041958861053,2704.77734375,2705.4140625,2704.77734375,2704.77734375,2704.77734375,2704.77734375
1069,0.042326782817059296,0.006212157620413494,0.0001,0.6633971650153399,2704.77734375,2705.4140625,2704.77734375,2704.77734375,2704.77734375,2704.77734375
1070,0.04232678059794069,0.010306842444997688,0.0001,0.6589636392891407,2704.77734375,2705.4140625,2704.77734375,2704.77734375,2704.77734375,2704.77734375
1071,0.04232677468091923,0.01672951518554755,0.0001,0.6585378870368004,2704.77734375,2705.4140625,2704.77734375,2704.77734375,2704.77734375,2704.77734375
1072,0.042326760870381584,0.024286418974167834,0.0001,0.6648857295513153,2704.77734375,2705.4140625,2704.77734375,2704.77734375,2704.77734375,2704.77734375
1073,0.042326732684294426,0.02947714845506566,0.0001,0.7002683728933334,2704.77734375,2705.4140625,2704.77734375,2704.77734375,2704.77734375,2704.77734375
1074,0.042326690233820755,0.020660585573599954,0.0001,0.7910259095951915,2704.77734375,2705.4140625,2704.77734375,2704.77734375,2704.77734375,2704.77734375
1075,0.04232666826442439,0.023814325769831668,0.0001,1.6267803451046348,2704.77734375,2705.4140625,2704.77734375,2704.77734375,2704.77734375,2704.77734375
1076,0.042326617640440885,0.019286304519101405,0.0001,0.7895416049286723,2704.77734375,2705.4140625,2704.77734375,2704.77734375,2704.77734375,2704.77734375
1077,0.04232657630840312,0.012054968343481631,0.0001,0.6972958017140627,2704.77734375,2705.4140625,2704.77734375,2704.77734375,2704.77734375,2704.77734375
1078,0.042326538834459825,0.0246627201793711,0.0001,0.746167273260653,2704.77734375,2705.4140625,2704.77734375,2704.77734375,2704.77734375,2704.77734375
1079,0.04232652948792699,0.008716987428347034,0.0001,0.6616800390183926,2704.77734375,2705.4140625,2704.77734375,2704.77734375,2704.77734375,2704.77734375
1080,0.04232652779020377,0.005574273927642093,0.0001,0.6610753359273076,2704.77734375,2705.4140625,2704.77734375,2704.77734375,2704.77734375,2704.77734375
1081,0.04232652005248367,0.0050916309297110995,0.0001,0.6549307946115732,2704.77734375,2705.4140625,2704.77734375,2704.77734375,2704.77734375,2704.77734375
1082,0.042326512524713394,0.011420228769846386,0.0001,0.656329520046711,2704.77734375,2705.4140625,2704.77734375,2704.77734375,2704.77734375,2704.77734375
1083,0.04232650547455444,0.012594209690886427,0.0001,0.6661527333781123,2704.77734375,2705.4140625,2704.77734375,2704.77734375,2704.77734375,2704.77734375
1084,0.0423265039798088,0.016226499828752905,0.0001,1.5344027429819107,2704.77734375,2705.4140625,2704.77734375,2704.77734375,2704.77734375,2704.77734375
1085,0.042326493991909075,0.012555200498956198,0.0001,0.6614664876833558,2704.77734375,2705.4140625,2704.77734375,2704.77734375,2704.77734375,2704.77734375
1086,0.042326470937726055,0.004155835616295844,0.0001,0.6629294930025935,2704.77734375,2705.4140625,2704.77734375,2704.77734375,2704.77734375,2704.77734375
1087,0.042326427439549424,0.008156503801348691,0.0001,0.6557342065498233,2704.77734375,2705.4140625,2704.77734375,2704.77734375,2704.77734375,2704.77734375
1088,0.042326358106474074,0.020647110569812166,0.0001,0.6619069492444396,2704.77734375,2705.4140625,2704.77734375,2704.77734375,2704.77734375,2704.77734375
1089,0.04232629006257131,0.0276995948278691,0.0001,0.6633755750954151,2704.77734375,2705.4140625,2704.77734375,2704.77734375,2704.77734375,2704.77734375
1090,0.042326265397078046,0.015423453045639524,0.0001,1.5841990457847714,2704.77734375,2705.4140625,2704.77734375,2704.77734375,2704.77734375,2704.77734375
1091,0.04232624272437341,0.012414327234640199,0.0001,0.7045027483254671,2704.77734375,2705.4140625,2704.77734375,2704.77734375,2704.77734375,2704.77734375
1092,0.042326237480578836,0.0010604074625598647,0.0001,1.691988293081522,2704.77734375,2705.4140625,2704.77734375,2704.77734375,2704.77734375,2704.77734375
1093,0.04232623229608975,0.0034924109117653312,0.0001,0.6632764134556055,2704.77734375,2705.4140625,2704.77734375,2704.77734375,2704.77734375,2704.77734375
1094,0.04232622736528351,0.004935669621231931,0.0001,0.6573782237246633,2704.77734375,2705.4140625,2704.77734375,2704.77734375,2704.77734375,2704.77734375
1095,0.04232617053908375,0.014989512094919943,0.0001,0.6608523558825254,2704.77734375,2705.4140625,2704.77734375,2704.77734375,2704.77734375,2704.77734375
1096,0.04232608913056169,0.024758044125369194,0.0001,0.6601045932620764,2704.77734375,2705.4140625,2704.77734375,2704.77734375,2704.77734375,2704.77734375
1097,0.04232589160669531,0.029303288068451838,0.0001,0.7467554342001677,2704.77734375,2705.4140625,2704.77734375,2704.77734375,2704.77734375,2704.77734375
1098,0.042325855800591505,0.04784940347217703,0.0001,1.696812649257481,2704.77734375,2705.4140625,2704.77734375,2704.77734375,2704.77734375,2704.77734375
1099,0.04232563631852843,0.03410549701813337,0.0001,0.7051815697923303,2704.77734375,2705.4140625,2704.77734375,2704.77734375,2704.77734375,2704.77734375
1100,0.04232547989088665,0.012649175760443221,0.0001,0.742045858874917,2704.77734375,2705.4140625,2704.77734375,2704.77734375,2704.77734375,2704.77734375
1101,0.04232540766186959,0.005658066766970227,0.0001,0.7045401884242892,2704.77734375,2705.4140625,2704.77734375,2704.77734375,2704.77734375,2704.77734375
1102,0.04232535886635882,0.016393102763583522,0.0001,0.6668252758681774,2704.77734375,2705.4140625,2704.77734375,2704.77734375,2704.77734375,2704.77734375
1103,0.04232525490256603,0.026045652477007075,0.0001,0.74765151925385,2704.77734375,2705.4140625,2704.77734375,2704.77734375,2704.77734375,2704.77734375
1104,0.042325067739746106,0.08381295211030126,0.0001,0.8395840087905526,2704.77734375,2705.4140625,2704.77734375,2704.77734375,2704.77734375,2704.77734375
1105,0.04232471590922047,0.07372482544116699,0.0001,0.8315977109596133,2704.77734375,2705.4140625,2704.77734375,2704.77734375,2704.77734375,2704.77734375
1106,0.04232357247865182,0.07393159247461856,0.0001,0.8490019422024488,2704.77734375,2705.4140625,2704.77734375,2704.77734375,2704.77734375,2704.77734375
1107,0.042323538778830556,0.044291119059029826,0.0001,1.697331921197474,2704.77734375,2705.4140625,2704.77734375,2704.77734375,2704.77734375,2704.77734375
1108,0.04232286285815028,0.046122133996869485,0.0001,0.8414980554953218,2704.77734375,2705.4140625,2704.77734375,2704.77734375,2704.77734375,2704.77734375
1109,0.04232286100221276,0.05589121157083898,0.0001,1.6918824221938848,2704.77734375,2705.4140625,2704.77734375,2704.77734375,2704.77734375,2704.77734375
1110,0.04232257204769099,0.031686673943994714,0.0001,0.8470508847385645,2704.77734375,2705.4140625,2704.77734375,2704.77734375,2704.77734375,2704.77734375
1111,0.042322412855629404,0.01002276928188861,0.0001,0.7091845842078328,2704.77734375,2705.4140625,2704.77734375,2704.77734375,2704.77734375,2704.77734375
1112,0.04232218864763845,0.0028808967723072954,0.0001,0.8487093709409237,2704.77734375,2705.4140625,2704.77734375,2704.77734375,2704.77734375,2704.77734375
1113,0.042322166462521446,0.0020439893146947385,0.0001,0.6978835053741932,2704.77734375,2705.4140625,2704.77734375,2704.77734375,2704.77734375,2704.77734375
1114,0.042322158903644984,0.00970508007981763,0.0001,1.6848254967480898,2704.77734375,2705.4140625,2704.77734375,2704.77734375,2704.77734375,2704.77734375
1115,0.04232211445004249,0.009884670895897063,0.0001,0.7033219439908862,2704.77734375,2705.4140625,2704.77734375,2704.77734375,2704.77734375,2704.77734375
1116,0.042322055165945976,0.0226069136306406,0.0001,1.6942943409085274,2704.77734375,2705.4140625,2704.77734375,2704.77734375,2704.77734375,2704.77734375
1117,0.042321870506093706,0.014692189155619095,0.0001,0.7917944025248289,2704.77734375,2705.4140625,2704.77734375,2704.77734375,2704.77734375,2704.77734375
1118,0.04232165939067314,0.0025988424705736257,0.0001,0.7530259564518929,2704.77734375,2705.4140625,2704.77734375,2704.77734375,2704.77734375,2704.77734375
1119,0.04232149861633465,0.004820258597463711,0.0001,0.7107484601438046,2704.77734375,2705.4140625,2704.77734375,2704.77734375,2704.77734375,2704.77734375
1120,0.04232146098667404,0.025668805576806397,0.0001,1.6967922393232584,2704.77734375,2705.4140625,2704.77734375,2704.77734375,2704.77734375,2704.77734375
1121,0.04232135017857528,0.0039878457904864995,0.0001,0.795266074128449,2704.77734375,2705.4140625,2704.77734375,2704.77734375,2704.77734375,2704.77734375
1122,0.04232130126016889,0.03926544039460844,0.0001,0.7545685423538089,2704.77734375,2705.4140625,2704.77734375,2704.77734375,2704.77734375,2704.77734375
1123,0.04232116800020401,0.005999732030803839,0.0001,0.7005528546869755,2704.77734375,2705.4140625,2704.77734375,2704.77734375,2704.77734375,2704.77734375
1124,0.042320895006154526,0.039453145342764895,0.0001,0.787797967903316,2704.77734375,2705.4140625,2704.77734375,2704.77734375,2704.77734375,2704.77734375
1125,0.04232041941532571,0.08523255548645647,0.0001,0.7916424218565226,2704.77734375,2705.4140625,2704.77734375,2704.77734375,2704.77734375,2704.77734375
1126,0.042319627702767655,0.11235101862974706,0.0001,0.8409639038145542,2704.77734375,2705.4140625,2704.77734375,2704.77734375,2704.77734375,2704.77734375
1127,0.042318756669746244,0.0844384445641152,0.0001,0.8399995798245072,2704.77734375,2705.4140625,2704.77734375,2704.77734375,2704.77734375,2704.77734375
1128,0.04231829928910691,0.04062414804115699,0.0001,0.8384376047179103,2704.77734375,2705.4140625,2704.77734375,2704.77734375,2704.77734375,2704.77734375
1129,0.0423181405830985,0.01799625520682646,0.0001,0.8411070145666599,2704.77734375,2705.4140625,2704.77734375,2704.77734375,2704.77734375,2704.77734375
1130,0.042318077812226476,0.004861100316091993,0.0001,0.7035879250615835,2704.77734375,2705.4140625,2704.77734375,2704.77734375,2704.77734375,2704.77734375
1131,0.04231806615842874,0.0031442721825891695,0.0001,1.575289805419743,2704.77734375,2705.4140625,2704.77734375,2704.77734375,2704.77734375,2704.77734375
1132,0.04231803611398183,0.0024779444512578186,0.0001,0.6554491864517331,2704.77734375,2705.4140625,2704.77734375,2704.77734375,2704.77734375,2704.77734375
1133,0.04231796705443232,0.010316230426411166,0.0001,0.6669846065342426,2704.77734375,2705.4140625,2704.77734375,2704.77734375,2704.77734375,2704.77734375
1134,0.042317941428269605,0.038901957871084525,0.0001,0.6593408202752471,2704.77734375,2705.4140625,2704.77734375,2704.77734375,2704.77734375,2704.77734375
1135,0.04231787445767239,0.014245179027034816,0.0001,0.6598277017474174,2704.77734375,2705.4140625,2704.77734375,2704.77734375,2704.77734375,2704.77734375
1136,0.042317778707000896,0.0028672164704192094,0.0001,0.6674617491662502,2704.77734375,2705.4140625,2704.77734375,2704.77734375,2704.77734375,2704.77734375
1137,0.04231745641897207,0.0335305225951269,0.0001,0.7919428730383515,2704.77734375,2705.4140625,2704.77734375,2704.77734375,2704.77734375,2704.77734375
1138,0.0423167427997525,0.06752500094971003,0.0001,0.8418909274041653,2704.77734375,2705.4140625,2704.77734375,2704.77734375,2704.77734375,2704.77734375
1139,0.042315832183284066,0.006283134747663288,0.0001,0.8357549048960209,2704.77734375,2705.4140625,2704.77734375,2704.77734375,2704.77734375,2704.77734375
1140,0.04231457222202169,0.19194979820859526,0.0001,0.8411996345967054,2704.77734375,2705.4140625,2704.77734375,2704.77734375,2704.77734375,2704.77734375
1141,0.04231335549327823,0.17835681702507444,0.0001,0.6673719678074121,2704.77734375,2705.4140625,2704.77734375,2704.77734375,2704.77734375,2704.77734375
1142,0.042312303358558456,0.059258340934896236,0.0001,1.686358243227005,2704.77734375,2705.4140625,2704.77734375,2704.77734375,2704.77734375,2704.77734375
1143,0.042311780810780915,0.001148873803674011,0.0001,0.8370091505348682,2704.77734375,2705.4140625,2704.77734375,2704.77734375,2704.77734375,2704.77734375
1144,0.04231164686603037,0.011976907924090674,0.0001,0.7451019594445825,2704.77734375,2705.4140625,2704.77734375,2704.77734375,2704.77734375,2704.77734375
1145,0.04231153733165854,0.007733089289565953,0.0001,0.8525794045999646,2704.77734375,2705.4140625,2704.77734375,2704.77734375,2704.77734375,2704.77734375
1146,0.042311530739083336,0.0014736144839163634,0.0001,1.5410934258252382,2704.77734375,2705.4140625,2704.77734375,2704.77734375,2704.77734375,2704.77734375
1147,0.04231152780525795,0.0015956006468023087,0.0001,0.6589673385024071,2704.77734375,2705.4140625,2704.77734375,2704.77734375,2704.77734375,2704.77734375
1148,0.04231142438320643,0.014008946382209286,0.0001,0.6649198504164815,2704.77734375,2705.4140625,2704.77734375,2704.77734375,2704.77734375,2704.77734375
1149,0.04231098886851668,0.037476948216185746,0.0001,0.8454745886847377,2704.77734375,2705.4140625,2704.77734375,2704.77734375,2704.77734375,2704.77734375
1150,0.04231018474140887,0.057473872069228604,0.0001,0.8437707144767046,2704.77734375,2705.4140625,2704.77734375,2704.77734375,2704.77734375,2704.77734375
1151,0.04230900025554338,0.07412762723359101,0.0001,0.845184157602489,2704.77734375,2705.4140625,2704.77734375,2704.77734375,2704.77734375,2704.77734375
1152,0.04230889806853439,0.0294291924314124,0.0001,1.6801853319630027,2704.77734375,2705.4140625,2704.77734375,2704.77734375,2704.77734375,2704.77734375
1153,0.04230814393657133,0.019062632375653865,0.0001,0.8445858862251043,2704.77734375,2705.4140625,2704.77734375,2704.77734375,2704.77734375,2704.77734375
1154,0.04230805438859126,0.013339195022379347,0.0001,1.6995079088956118,2704.77734375,2705.4140625,2704.77734375,2704.77734375,2704.77734375,2704.77734375
1155,0.042307801997881,0.01695385237465774,0.0001,0.8460716316476464,2704.77734375,2705.4140625,2704.77734375,2704.77734375,2704.77734375,2704.77734375
1156,0.04230773585969892,0.011615737308368956,0.0001,1.6879810094833374,2704.77734375,2705.4140625,2704.77734375,2704.77734375,2704.77734375,2704.77734375
1157,0.042307556731404794,0.03162205673883012,0.0001,0.837398131377995,2704.77734375,2705.4140625,2704.77734375,2704.77734375,2704.77734375,2704.77734375
1158,0.04230750596220815,0.02332674919801725,0.0001,0.8411010932177305,2704.77734375,2705.4140625,2704.77734375,2704.77734375,2704.77734375,2704.77734375
1159,0.042307202201345685,0.0173191735074798,0.0001,0.8440654054284096,2704.77734375,2705.4140625,2704.77734375,2704.77734375,2704.77734375,2704.77734375
1160,0.04230641018460024,0.006210276667915515,0.0001,0.8414336144924164,2704.77734375,2705.4140625,2704.77734375,2704.77734375,2704.77734375,2704.77734375
1161,0.04230451292314083,0.04508538533300044,0.0001,0.8444293467327952,2704.77734375,2705.4140625,2704.77734375,2704.77734375,2704.77734375,2704.77734375
1162,0.042301399088596814,0.07245058659305181,0.0001,0.8401687303557992,2704.77734375,2705.4140625,2704.77734375,2704.77734375,2704.77734375,2704.77734375
1163,0.04229838939884588,0.06052835889576724,0.0001,0.8431496722623706,2704.77734375,2705.4140625,2704.77734375,2704.77734375,2704.77734375,2704.77734375
1164,0.04229832073578162,0.01688703697723226,0.0001,2.3361094761639833,2704.77734375,2705.4140625,2704.77734375,2704.77734375,2704.77734375,2704.77734375
1165,0.04229749110854207,0.07619810945469474,0.0001,0.8426087303087115,2704.77734375,2705.4140625,2704.77734375,2704.77734375,2704.77734375,2704.77734375
1166,0.04229633272399743,0.11749443721240538,0.0001,1.6843900252133608,2704.77734375,2705.4140625,2704.77734375,2704.77734375,2704.77734375,2704.77734375
1167,0.042295820287783045,0.013343163969363747,0.0001,0.834385821595788,2704.77734375,2705.4140625,2704.77734375,2704.77734375,2704.77734375,2704.77734375
1168,0.042295511483114764,0.001837647349746969,0.0001,0.7272810665890574,2704.77734375,2705.4140625,2704.77734375,2704.77734375,2704.77734375,2704.77734375
1169,0.04229530797852989,0.03814232962794428,0.0001,1.6803635125979781,2704.77734375,2705.4140625,2704.77734375,2704.77734375,2704.77734375,2704.77734375
1170,0.04229500912850573,0.01344739810817841,0.0001,0.8427689196541905,2704.77734375,2705.4140625,2704.77734375,2704.77734375,2704.77734375,2704.77734375
1171,0.04229485516235858,0.0026545594016271767,0.0001,0.6551595451310277,2704.77734375,2705.4140625,2704.77734375,2704.77734375,2704.77734375,2704.77734375
1172,0.04229426056560542,0.022537280071563526,0.0001,0.8375417217612267,2704.77734375,2705.4140625,2704.77734375,2704.77734375,2704.77734375,2704.77734375
1173,0.04229378112716392,0.018587604774240596,0.0001,0.7797814197838306,2704.77734375,2705.4140625,2704.77734375,2704.77734375,2704.77734375,2704.77734375
1174,0.042292613564913054,0.017661916412727185,0.0001,0.8396049989387393,2704.77734375,2705.4140625,2704.77734375,2704.77734375,2704.77734375,2704.77734375
1175,0.04229259378705924,0.013499038843864275,0.0001,1.7491048919036984,2704.77734375,2705.4140625,2704.77734375,2704.77734375,2704.77734375,2704.77734375
1176,0.042292152359625884,0.0016329762389752026,0.0001,0.841478955000639,2704.77734375,2705.4140625,2704.77734375,2704.77734375,2704.77734375,2704.77734375
1177,0.042292125658918746,0.027923403608782427,0.0001,1.6785853868350387,2704.77734375,2705.4140625,2704.77734375,2704.77734375,2704.77734375,2704.77734375
1178,0.042292014229691886,0.03187921140206018,0.0001,0.6878590499982238,2704.77734375,2705.4140625,2704.77734375,2704.77734375,2704.77734375,2704.77734375
1179,0.042291971378520386,0.017295444159832307,0.0001,1.684140824712813,2704.77734375,2705.4140625,2704.77734375,2704.77734375,2704.77734375,2704.77734375
1180,0.042291697244118284,0.032035796587304155,0.0001,0.7502457769587636,2704.77734375,2705.4140625,2704.77734375,2704.77734375,2704.77734375,2704.77734375
1181,0.04229104945255629,0.02088254470598483,0.0001,0.8346904115751386,2704.77734375,2705.4140625,2704.77734375,2704.77734375,2704.77734375,2704.77734375
1182,0.04229031062752058,0.10610967108212677,0.0001,1.6822572397068143,2704.77734375,2705.4140625,2704.77734375,2704.77734375,2704.77734375,2704.77734375
1183,0.04228962919573546,0.08285978435067243,0.0001,1.6340964110568166,2704.77734375,2705.4140625,2704.77734375,2704.77734375,2704.77734375,2704.77734375
1184,0.042287176095991245,0.11972908423304551,0.0001,0.8388821752741933,2704.77734375,2705.4140625,2704.77734375,2704.77734375,2704.77734375,2704.77734375
1185,0.04228534126528967,0.04961380090097944,0.0001,0.840631103143096,2704.77734375,2705.4140625,2704.77734375,2704.77734375,2704.77734375,2704.77734375
1186,0.042284823379083944,0.06394639613654074,0.0001,0.8407804230228066,2704.77734375,2705.4140625,2704.77734375,2704.77734375,2704.77734375,2704.77734375
1187,0.04228461282506242,0.08090988324908244,0.0001,1.684401555918157,2704.77734375,2705.4140625,2704.77734375,2704.77734375,2704.77734375,2704.77734375
1188,0.04228297196659504,0.008203643597192722,0.0001,0.8433429021388292,2704.77734375,2705.4140625,2704.77734375,2704.77734375,2704.77734375,2704.77734375
1189,0.04228196199847956,0.06904814208160293,0.0001,0.8563393084332347,2704.77734375,2705.4140625,2704.77734375,2704.77734375,2704.77734375,2704.77734375
1190,0.042280279600230425,0.05293106735046027,0.0001,0.83702152967453,2704.77734375,2705.4140625,2704.77734375,2704.77734375,2704.77734375,2704.77734375
1191,0.042278340473962325,0.10358860582823137,0.0001,0.8458378706127405,2704.77734375,2705.4140625,2704.77734375,2704.77734375,2704.77734375,2704.77734375
1192,0.042277906896528945,0.05249396164427034,0.0001,0.8424251992255449,2704.77734375,2705.4140625,2704.77734375,2704.77734375,2704.77734375,2704.77734375
1193,0.042277420191499465,0.019406327939716084,0.0001,0.8363243266940117,2704.77734375,2705.4140625,2704.77734375,2704.77734375,2704.77734375,2704.77734375
1194,0.04227730764922557,0.03939812058456582,0.0001,0.8401590511202812,2704.77734375,2705.4140625,2704.77734375,2704.77734375,2704.77734375,2704.77734375
1195,0.042277001320586885,0.01529431105599377,0.0001,0.8436054131016135,2704.77734375,2705.4140625,2704.77734375,2704.77734375,2704.77734375,2704.77734375
1196,0.04227693064297725,0.007937734032825272,0.0001,1.6643787575885653,2704.77734375,2705.4140625,2704.77734375,2704.77734375,2704.77734375,2704.77734375
1197,0.04227691654805133,0.01293315803542261,0.0001,1.4238562462851405,2704.77734375,2705.4140625,2704.77734375,2704.77734375,2704.77734375,2704.77734375
1198,0.042276912925268036,0.01931232515217851,0.0001,0.8408898944035172,2704.77734375,2705.4140625,2704.77734375,2704.77734375,2704.77734375,2704.77734375
1199,0.04227689194968955,0.0007063504956536005,0.0001,0.6623826995491982,2704.77734375,2705.4140625,2704.77734375,2704.77734375,2704.77734375,2704.77734375
1200,0.042276887978186045,0.004741808556465332,0.0001,0.656725661829114,2704.77734375,2705.4140625,2704.77734375,2704.77734375,2704.77734375,2704.77734375
