iteration,model_cost,projected_grad_inf_norm,epsilon,iter_time_sec,rss_mb,peak_rss_mb,cost_rss_before_mb,cost_rss_after_mb,grad_rss_before_mb,grad_rss_after_mb
1,0.9989898828815542,1.0,0.0001,nan,2705.76171875,2705.4140625,2705.76171875,2705.76171875,2705.76171875,2705.76171875
2,0.26097675607385007,1.0,0.0001,110.47162906546146,2705.76171875,2705.4140625,2705.76171875,2705.76171875,2705.76171875,2705.76171875
3,0.24902689165469113,1.0,0.0001,112.92772250622511,2705.76171875,2705.4140625,2705.76171875,2705.76171875,2705.76171875,2705.76171875
4,0.24863860112286945,0.12888996762312255,0.0001,35.33978657890111,2705.76171875,2705.4140625,2705.76171875,2705.76171875,2705.76171875,2705.76171875
5,0.24863751401040743,0.00850068428556261,0.0001,18.066597828641534,2705.76171875,2705.4140625,2705.76171875,2705.76171875,2705.76171875,2705.76171875
6,0.17690940033972272,0.4400000000000005,0.0001,92.87129857670516,2705.76171875,2705.4140625,2705.76171875,2705.76171875,2705.76171875,2705.76171875
7,0.14777540260133284,0.3088693647759435,0.0001,54.89561613090336,2705.76171875,2705.4140625,2705.76171875,2705.76171875,2705.76171875,2705.76171875
8,0.1306807483334005,1.5711132279408586,0.0001,23.808370395563543,2705.76171875,2705.4140625,2705.76171875,2705.76171875,2705.76171875,2705.76171875
9,0.12556177056661605,3.776356462705486,0.0001,10.199223175644875,2705.76171875,2705.4140625,2705.76171875,2705.76171875,2705.76171875,2705.76171875
10,0.11562398206811059,2.159999999999998,0.0001,11.331006057560444,2705.76171875,2705.4140625,2705.76171875,2705.76171875,2705.76171875,2705.76171875
11,0.09890186712967138,1.0399999999999983,0.0001,10.003022444434464,2705.76171875,2705.4140625,2705.76171875,2705.76171875,2705.76171875,2705.76171875
12,0.07229440567392176,1.2399999999999984,0.0001,10.252247079275548,2705.76171875,2705.4140625,2705.76171875,2705.76171875,2705.76171875,2705.76171875
13,0.06720861446310439,1.6919344970349588,0.0001,13.822038563899696,2705.76171875,2705.4140625,2705.76171875,2705.76171875,2705.76171875,2705.76171875
14,0.059441381899529605,0.30846253409123126,0.0001,10.066458236426115,2705.76171875,2705.4140625,2705.76171875,2705.76171875,2705.76171875,2705.76171875
15,0.05696721075163845,0.119999999999999,0.0001,13.776120669208467,2705.76171875,2705.4140625,2705.76171875,2705.76171875,2705.76171875,2705.76171875
16,0.05547437827758561,0.11083465914110047,0.0001,9.78013227134943,2705.76171875,2705.4140625,2705.76171875,2705.76171875,2705.76171875,2705.76171875
17,0.05537372216472137,0.07999999999999918,0.0001,9.739690465852618,2705.76171875,2705.4140625,2705.76171875,2705.76171875,2705.76171875,2705.76171875
18,0.054935957597899085,0.07999999999999896,0.0001,9.806930733844638,2705.76171875,2705.4140625,2705.76171875,2705.76171875,2705.76171875,2705.76171875
19,0.05447265461755691,0.03999999999999915,0.0001,19.989115743897855,2705.76171875,2705.4140625,2705.76171875,2705.76171875,2705.76171875,2705.76171875
20,0.054327265220897265,0.119999999999999,0.0001,10.556753135286272,2705.76171875,2705.4140625,2705.76171875,2705.76171875,2705.76171875,2705.76171875
21,0.054241888728482124,0.119999999999999,0.0001,10.333113997243345,2705.76171875,2705.4140625,2705.76171875,2705.76171875,2705.76171875,2705.76171875
22,0.0542318163920153,0.0008277732216798228,0.0001,22.354787319898605,2705.76171875,2705.4140625,2705.76171875,2705.76171875,2705.76171875,2705.76171875
23,0.05413499507692421,0.0019624811245471108,0.0001,10.337964583188295,2705.76171875,2705.4140625,2705.76171875,2705.76171875,2705.76171875,2705.76171875
24,0.054039371394304016,0.025992378494511525,0.0001,10.39937188476324,2705.76171875,2705.4140625,2705.76171875,2705.76171875,2705.76171875,2705.76171875
25,0.053999461089030525,0.05252340917104936,0.0001,20.54916259739548,2705.76171875,2705.4140625,2705.76171875,2705.76171875,2705.76171875,2705.76171875
26,0.05397911852088039,0.039635276605036296,0.0001,21.946749505586922,2705.76171875,2705.4140625,2705.76171875,2705.76171875,2705.76171875,2705.76171875
27,0.05397616565026048,0.04000000000000081,0.0001,11.178165822289884,2705.76171875,2705.4140625,2705.76171875,2705.76171875,2705.76171875,2705.76171875
28,0.053952141217477816,0.04000000000000081,0.0001,11.02560056000948,2705.76171875,2705.4140625,2705.76171875,2705.76171875,2705.76171875,2705.76171875
29,0.05394680921279068,0.04000000000000081,0.0001,25.15054071880877,2705.76171875,2705.4140625,2705.76171875,2705.76171875,2705.76171875,2705.76171875
30,0.053942759986948044,0.000708944822013378,0.0001,33.42576431855559,2705.76171875,2705.4140625,2705.76171875,2705.76171875,2705.76171875,2705.76171875
31,0.05392587216734516,0.039999999999998925,0.0001,20.83800606057048,2705.76171875,2705.4140625,2705.76171875,2705.76171875,2705.76171875,2705.76171875
32,0.053904657833729434,0.119999999999999,0.0001,9.82985856756568,2705.76171875,2705.4140625,2705.76171875,2705.76171875,2705.76171875,2705.76171875
33,0.05388538305469684,0.02640798285993018,0.0001,9.812853291630745,2705.76171875,2705.4140625,2705.76171875,2705.76171875,2705.76171875,2705.76171875
34,0.05387264310395434,0.0005492558178503212,0.0001,9.77791528776288,2705.76171875,2705.4140625,2705.76171875,2705.76171875,2705.76171875,2705.76171875
35,0.05386960985891129,0.0006408720517021298,0.0001,9.731519924476743,2705.76171875,2705.4140625,2705.76171875,2705.76171875,2705.76171875,2705.76171875
36,0.053864371755245166,0.035500996568102794,0.0001,60.866102581843734,2705.76171875,2705.4140625,2705.76171875,2705.76171875,2705.76171875,2705.76171875
37,0.053862549853405293,0.01309237806211827,0.0001,21.392627649009228,2705.76171875,2705.4140625,2705.76171875,2705.76171875,2705.76171875,2705.76171875
38,0.053854776436229074,0.08000000000000085,0.0001,10.102805280126631,2705.76171875,2705.4140625,2705.76171875,2705.76171875,2705.76171875,2705.76171875
39,0.05385084961896619,0.02263257153181142,0.0001,12.262486112304032,2705.76171875,2705.4140625,2705.76171875,2705.76171875,2705.76171875,2705.76171875
40,0.053850322186128785,0.013309480487963432,0.0001,21.134231868200004,2705.76171875,2705.4140625,2705.76171875,2705.76171875,2705.76171875,2705.76171875
41,0.05384956585722624,0.012419803907834037,0.0001,20.097541754134,2705.76171875,2705.4140625,2705.76171875,2705.76171875,2705.76171875,2705.76171875
42,0.053849477113823194,0.010952653082319852,0.0001,21.68671740218997,2705.76171875,2705.4140625,2705.76171875,2705.76171875,2705.76171875,2705.76171875
43,0.053849248242950155,0.013330805013258562,0.0001,22.373084313236177,2705.76171875,2705.4140625,2705.76171875,2705.76171875,2705.76171875,2705.76171875
44,0.05384906517695637,0.002068620302010382,0.0001,19.209826760925353,2705.76171875,2705.4140625,2705.76171875,2705.76171875,2705.76171875,2705.76171875
45,0.05384896488618474,0.003248424221369506,0.0001,16.56502308510244,2705.76171875,2705.4140625,2705.76171875,2705.76171875,2705.76171875,2705.76171875
46,0.053848698834433155,0.0027460489751778283,0.0001,18.945738797076046,2705.76171875,2705.4140625,2705.76171875,2705.76171875,2705.76171875,2705.76171875
47,0.053848665778838185,0.007337560262050902,0.0001,39.26706529036164,2705.76171875,2705.4140625,2705.76171875,2705.76171875,2705.76171875,2705.76171875
48,0.05384850127146583,0.005624500516329123,0.0001,15.680244483985007,2705.76171875,2705.4140625,2705.76171875,2705.76171875,2705.76171875,2705.76171875
49,0.053847487141533194,0.004314400000733798,0.0001,19.339803049340844,2705.76171875,2705.4140625,2705.76171875,2705.76171875,2705.76171875,2705.76171875
50,0.053845103490062995,0.014046469769301573,0.0001,29.361038689501584,2705.76171875,2705.4140625,2705.76171875,2705.76171875,2705.76171875,2705.76171875
51,0.05383846604443239,0.0036925193738318596,0.0001,11.790421387180686,2705.76171875,2705.4140625,2705.76171875,2705.76171875,2705.76171875,2705.76171875
52,0.053817304015355505,0.018056896957545532,0.0001,10.748953148722649,2705.76171875,2705.4140625,2705.76171875,2705.76171875,2705.76171875,2705.76171875
53,0.053802670268512404,0.04000000000000081,0.0001,14.250827804207802,2705.76171875,2705.4140625,2705.76171875,2705.76171875,2705.76171875,2705.76171875
54,0.05377728695940238,0.04000000000000081,0.0001,10.450836778618395,2705.76171875,2705.4140625,2705.76171875,2705.76171875,2705.76171875,2705.76171875
55,0.05377372075392507,0.026366476234570668,0.0001,69.39767066389322,2705.76171875,2705.4140625,2705.76171875,2705.76171875,2705.76171875,2705.76171875
56,0.05376642689810447,0.03789566044587356,0.0001,18.68372381106019,2705.76171875,2705.4140625,2705.76171875,2705.76171875,2705.76171875,2705.76171875
57,0.05376292801611981,0.019450325775082433,0.0001,18.96711441874504,2705.76171875,2705.4140625,2705.76171875,2705.76171875,2705.76171875,2705.76171875
58,0.053758780640476046,0.0008615374262586177,0.0001,19.03071898780763,2705.76171875,2705.4140625,2705.76171875,2705.76171875,2705.76171875,2705.76171875
59,0.05375803868122865,0.03783141165896642,0.0001,18.853536812588573,2705.76171875,2705.4140625,2705.76171875,2705.76171875,2705.76171875,2705.76171875
60,0.053756071786812507,0.010862476362081708,0.0001,18.79901992715895,2705.76171875,2705.4140625,2705.76171875,2705.76171875,2705.76171875,2705.76171875
61,0.053754920341824046,0.015168891256330475,0.0001,18.765801249071956,2705.76171875,2705.4140625,2705.76171875,2705.76171875,2705.76171875,2705.76171875
62,0.05375262521186746,0.008580196927073791,0.0001,18.768011123873293,2705.76171875,2705.4140625,2705.76171875,2705.76171875,2705.76171875,2705.76171875
63,0.05374749941311415,0.004044386308487136,0.0001,18.81886409688741,2705.76171875,2705.4140625,2705.76171875,2705.76171875,2705.76171875,2705.76171875
64,0.05374661059165438,0.02422382941260648,0.0001,18.725901963189244,2705.76171875,2705.4140625,2705.76171875,2705.76171875,2705.76171875,2705.76171875
65,0.053743939687414706,0.029856032961800283,0.0001,18.646313946694136,2705.76171875,2705.4140625,2705.76171875,2705.76171875,2705.76171875,2705.76171875
66,0.05374287069485738,0.007446236643417481,0.0001,37.19021062552929,2705.76171875,2705.4140625,2705.76171875,2705.76171875,2705.76171875,2705.76171875
67,0.053741441876375834,0.00844418860093521,0.0001,18.665210674516857,2705.76171875,2705.4140625,2705.76171875,2705.76171875,2705.76171875,2705.76171875
68,0.05373956291544898,0.0013947071820535895,0.0001,75.16617988422513,2705.76171875,2705.4140625,2705.76171875,2705.76171875,2705.76171875,2705.76171875
69,0.05373892291100807,0.0035220500933149657,0.0001,35.572991008870304,2705.76171875,2705.4140625,2705.76171875,2705.76171875,2705.76171875,2705.76171875
70,0.05373827933329342,0.021805536307796247,0.0001,17.79123047925532,2705.76171875,2705.4140625,2705.76171875,2705.76171875,2705.76171875,2705.76171875
71,0.05373628939772936,0.010844447916944722,0.0001,29.927426143549383,2705.76171875,2705.4140625,2705.76171875,2705.76171875,2705.76171875,2705.76171875
72,0.053735643317256256,0.0021621698941182155,0.0001,9.584028558805585,2705.76171875,2705.4140625,2705.76171875,2705.76171875,2705.76171875,2705.76171875
73,0.05373551110438503,0.013879620693990846,0.0001,9.617509873583913,2705.76171875,2705.4140625,2705.76171875,2705.76171875,2705.76171875,2705.76171875
74,0.05373531128542686,0.0026338705732973366,0.0001,9.357998036779463,2705.76171875,2705.4140625,2705.76171875,2705.76171875,2705.76171875,2705.76171875
75,0.053735185735182996,0.004792062477440795,0.0001,8.061403263360262,2705.76171875,2705.4140625,2705.76171875,2705.76171875,2705.76171875,2705.76171875
76,0.05373510192266953,0.0014295480423233142,0.0001,9.489322720095515,2705.76171875,2705.4140625,2705.76171875,2705.76171875,2705.76171875,2705.76171875
77,0.05373507683956082,0.0005558452592804297,0.0001,19.740304965525866,2705.76171875,2705.4140625,2705.76171875,2705.76171875,2705.76171875,2705.76171875
78,0.053735039235236336,0.005554374023319375,0.0001,9.642732384614646,2705.76171875,2705.4140625,2705.76171875,2705.76171875,2705.76171875,2705.76171875
79,0.0537350158748299,0.0006858012695728499,0.0001,7.705656443722546,2705.76171875,2705.4140625,2705.76171875,2705.76171875,2705.76171875,2705.76171875
80,0.05373500376349087,0.0029751189505464737,0.0001,7.641686306335032,2705.76171875,2705.4140625,2705.76171875,2705.76171875,2705.76171875,2705.76171875
81,0.053734986990084395,0.005487846673859487,0.0001,7.607997233979404,2705.76171875,2705.4140625,2705.76171875,2705.76171875,2705.76171875,2705.76171875
82,0.05373489903789,0.013637918203488253,0.0001,7.624806195497513,2705.76171875,2705.4140625,2705.76171875,2705.76171875,2705.76171875,2705.76171875
83,0.05373474141528187,0.020746456359003407,0.0001,7.689742334187031,2705.76171875,2705.4140625,2705.76171875,2705.76171875,2705.76171875,2705.76171875
84,0.053734424298052245,0.024071690125671452,0.0001,9.717595621012151,2705.76171875,2705.4140625,2705.76171875,2705.76171875,2705.76171875,2705.76171875
85,0.05373415200991379,0.01950430619443666,0.0001,9.880008089356124,2705.76171875,2705.4140625,2705.76171875,2705.76171875,2705.76171875,2705.76171875
86,0.05373380918966117,0.018556355463762886,0.0001,19.781265356577933,2705.76171875,2705.4140625,2705.76171875,2705.76171875,2705.76171875,2705.76171875
87,0.05373372577219962,0.009484598749700202,0.0001,9.882619728334248,2705.76171875,2705.4140625,2705.76171875,2705.76171875,2705.76171875,2705.76171875
88,0.05373288645152055,0.001990031744261378,0.0001,9.792119935154915,2705.76171875,2705.4140625,2705.76171875,2705.76171875,2705.76171875,2705.76171875
89,0.05373216201400939,0.00480508891837006,0.0001,9.781815588474274,2705.76171875,2705.4140625,2705.76171875,2705.76171875,2705.76171875,2705.76171875
90,0.05373193064941202,0.004191733980908552,0.0001,19.53205073904246,2705.76171875,2705.4140625,2705.76171875,2705.76171875,2705.76171875,2705.76171875
91,0.053731528283264496,0.006844281306748856,0.0001,9.837903863750398,2705.76171875,2705.4140625,2705.76171875,2705.76171875,2705.76171875,2705.76171875
92,0.053731144190167626,0.0071992260821100995,0.0001,9.927063941955566,2705.76171875,2705.4140625,2705.76171875,2705.76171875,2705.76171875,2705.76171875
93,0.05373104025231399,0.003581772585768639,0.0001,9.621064646169543,2705.76171875,2705.4140625,2705.76171875,2705.76171875,2705.76171875,2705.76171875
94,0.05373095420186509,0.003079438750493879,0.0001,9.060064770281315,2705.76171875,2705.4140625,2705.76171875,2705.76171875,2705.76171875,2705.76171875
95,0.05373092204034699,0.011949733907594573,0.0001,19.862937656231225,2705.76171875,2705.4140625,2705.76171875,2705.76171875,2705.76171875,2705.76171875
96,0.05373067784971261,0.006858650256057364,0.0001,9.983106299303472,2705.76171875,2705.4140625,2705.76171875,2705.76171875,2705.76171875,2705.76171875
97,0.05373022509279601,0.0034151800836574875,0.0001,10.065776880830526,2705.76171875,2705.4140625,2705.76171875,2705.76171875,2705.76171875,2705.76171875
98,0.05372986293668116,0.007866308566596869,0.0001,9.795856188051403,2705.76171875,2705.4140625,2705.76171875,2705.76171875,2705.76171875,2705.76171875
99,0.053729623614493,0.0047043670183759545,0.0001,9.717991041950881,2705.76171875,2705.4140625,2705.76171875,2705.76171875,2705.76171875,2705.76171875
100,0.05372951012801878,0.00039052497259860637,0.0001,9.63770806696266,2705.76171875,2705.4140625,2705.76171875,2705.76171875,2705.76171875,2705.76171875
101,0.05372947064097324,0.0021449129383929177,0.0001,8.667685826309025,2705.76171875,2705.4140625,2705.76171875,2705.76171875,2705.76171875,2705.76171875
102,0.053729437316560096,0.0039517391325589735,0.0001,7.607770811766386,2705.76171875,2705.4140625,2705.76171875,2705.76171875,2705.76171875,2705.76171875
103,0.053729385880839094,0.0009246886339666638,0.0001,7.846974482759833,2705.76171875,2705.4140625,2705.76171875,2705.76171875,2705.76171875,2705.76171875
104,0.05372937514932608,0.004839941500218936,0.0001,16.096885700710118,2705.76171875,2705.4140625,2705.76171875,2705.76171875,2705.76171875,2705.76171875
105,0.05372935324093817,0.0014494792323906935,0.0001,7.828550695441663,2705.76171875,2705.4140625,2705.76171875,2705.76171875,2705.76171875,2705.76171875
106,0.0537293358320899,0.0022420568319914125,0.0001,7.793443365953863,2705.76171875,2705.4140625,2705.76171875,2705.76171875,2705.76171875,2705.76171875
107,0.05372932608593824,0.003058592707548602,0.0001,7.631481320597231,2705.76171875,2705.4140625,2705.76171875,2705.76171875,2705.76171875,2705.76171875
108,0.05372929924166231,0.0031096522627669376,0.0001,7.871453182771802,2705.76171875,2705.4140625,2705.76171875,2705.76171875,2705.76171875,2705.76171875
109,0.05372929559035852,0.004942508712524107,0.0001,27.742349611595273,2705.76171875,2705.4140625,2705.76171875,2705.76171875,2705.76171875,2705.76171875
110,0.05372924733848397,0.0032644640637677913,0.0001,8.974241361021996,2705.76171875,2705.4140625,2705.76171875,2705.76171875,2705.76171875,2705.76171875
111,0.05372918906139204,0.000426008986509796,0.0001,9.2541134795174,2705.76171875,2705.4140625,2705.76171875,2705.76171875,2705.76171875,2705.76171875
112,0.053729147065041685,0.004157625121680941,0.0001,8.666987976059318,2705.76171875,2705.4140625,2705.76171875,2705.76171875,2705.76171875,2705.76171875
113,0.053729101821438474,0.007111939766947795,0.0001,8.448436950333416,2705.76171875,2705.4140625,2705.76171875,2705.76171875,2705.76171875,2705.76171875
114,0.05372901460322186,0.009239391112135453,0.0001,9.501023525372148,2705.76171875,2705.4140625,2705.76171875,2705.76171875,2705.76171875,2705.76171875
115,0.05372899947128217,0.005687061374038294,0.0001,8.942397392354906,2705.76171875,2705.4140625,2705.76171875,2705.76171875,2705.76171875,2705.76171875
116,0.0537288931604363,0.00510342378506945,0.0001,8.86146727297455,2705.76171875,2705.4140625,2705.76171875,2705.76171875,2705.76171875,2705.76171875
117,0.05372885605027276,0.005376576663464583,0.0001,7.693848418071866,2705.76171875,2705.4140625,2705.76171875,2705.76171875,2705.76171875,2705.76171875
118,0.053728842901402826,0.0048235333629231825,0.0001,19.69006583187729,2705.76171875,2705.4140625,2705.76171875,2705.76171875,2705.76171875,2705.76171875
119,0.05372831031005852,0.0051831634078144395,0.0001,9.79144074767828,2705.76171875,2705.4140625,2705.76171875,2705.76171875,2705.76171875,2705.76171875
120,0.053728298373455705,0.003086218267409402,0.0001,21.140219002962112,2705.76171875,2705.4140625,2705.76171875,2705.76171875,2705.76171875,2705.76171875
121,0.05372691553192763,0.024239981672993682,0.0001,10.66382018942386,2705.76171875,2705.4140625,2705.76171875,2705.76171875,2705.76171875,2705.76171875
122,0.053721029337574236,0.04289167448038467,0.0001,10.524156581610441,2705.76171875,2705.4140625,2705.76171875,2705.76171875,2705.76171875,2705.76171875
123,0.05369742875260919,0.044970983357989214,0.0001,10.529314519837499,2705.76171875,2705.4140625,2705.76171875,2705.76171875,2705.76171875,2705.76171875
124,0.05369737269971189,0.04036839459690156,0.0001,26.27293292619288,2705.76171875,2705.4140625,2705.76171875,2705.76171875,2705.76171875,2705.76171875
125,0.05366178958466496,0.14464825248946234,0.0001,10.792494336143136,2705.76171875,2705.4140625,2705.76171875,2705.76171875,2705.76171875,2705.76171875
126,0.05363656632665761,0.07999999999999896,0.0001,11.032788745127618,2705.76171875,2705.4140625,2705.76171875,2705.76171875,2705.76171875,2705.76171875
127,0.05361199922164068,0.05804363440144389,0.0001,11.12543317861855,2705.76171875,2705.4140625,2705.76171875,2705.76171875,2705.76171875,2705.76171875
128,0.053606696927183714,0.07999999999999896,0.0001,13.774282860569656,2705.76171875,2705.4140625,2705.76171875,2705.76171875,2705.76171875,2705.76171875
129,0.05358753882526219,0.039999999999998925,0.0001,18.147584908641875,2705.76171875,2705.4140625,2705.76171875,2705.76171875,2705.76171875,2705.76171875
130,0.05356984693033275,0.027674574480912373,0.0001,11.460246978327632,2705.76171875,2705.4140625,2705.76171875,2705.76171875,2705.76171875,2705.76171875
131,0.05356214397300897,0.040082455219513924,0.0001,19.78843874670565,2705.76171875,2705.4140625,2705.76171875,2705.76171875,2705.76171875,2705.76171875
132,0.053553023354775985,0.04000000000000081,0.0001,19.733326341956854,2705.76171875,2705.4140625,2705.76171875,2705.76171875,2705.76171875,2705.76171875
133,0.05355165712094895,0.04633516195596954,0.0001,67.07845869939774,2705.76171875,2705.4140625,2705.76171875,2705.76171875,2705.76171875,2705.76171875
134,0.053546326243530035,0.09208505814757761,0.0001,19.58552016504109,2705.76171875,2705.4140625,2705.76171875,2705.76171875,2705.76171875,2705.76171875
135,0.053537982413996696,0.06627233477963945,0.0001,26.624100365675986,2705.76171875,2705.4140625,2705.76171875,2705.76171875,2705.76171875,2705.76171875
136,0.053532404344634237,0.01740284977650275,0.0001,22.403987484052777,2705.76171875,2705.4140625,2705.76171875,2705.76171875,2705.76171875,2705.76171875
137,0.05352536869089765,0.03904953207534334,0.0001,22.249632142484188,2705.76171875,2705.4140625,2705.76171875,2705.76171875,2705.76171875,2705.76171875
138,0.053519236051690254,0.03947020841067905,0.0001,10.82660134229809,2705.76171875,2705.4140625,2705.76171875,2705.76171875,2705.76171875,2705.76171875
139,0.05351193147537145,0.04000000000000081,0.0001,21.666453612968326,2705.76171875,2705.4140625,2705.76171875,2705.76171875,2705.76171875,2705.76171875
140,0.053507641000390016,0.04492979427186661,0.0001,25.125182104296982,2705.76171875,2705.4140625,2705.76171875,2705.76171875,2705.76171875,2705.76171875
141,0.053489824876762834,0.09500288464803197,0.0001,21.539475452154875,2705.76171875,2705.4140625,2705.76171875,2705.76171875,2705.76171875,2705.76171875
142,0.05347757491544564,0.03949743993388455,0.0001,21.151211337186396,2705.76171875,2705.4140625,2705.76171875,2705.76171875,2705.76171875,2705.76171875
143,0.05347531623444261,0.039680427959519204,0.0001,10.026500787585974,2705.76171875,2705.4140625,2705.76171875,2705.76171875,2705.76171875,2705.76171875
144,0.053474488758401315,0.021876777356785948,0.0001,19.913570150732994,2705.76171875,2705.4140625,2705.76171875,2705.76171875,2705.76171875,2705.76171875
145,0.05347320248391703,0.03934793423613536,0.0001,10.115342634730041,2705.76171875,2705.4140625,2705.76171875,2705.76171875,2705.76171875,2705.76171875
146,0.05347113124402897,0.0449084510946578,0.0001,9.781811186112463,2705.76171875,2705.4140625,2705.76171875,2705.76171875,2705.76171875,2705.76171875
147,0.05347028733410661,0.01128449230778128,0.0001,9.930666075088084,2705.76171875,2705.4140625,2705.76171875,2705.76171875,2705.76171875,2705.76171875
148,0.05346924795811239,0.031692421011513816,0.0001,10.114129380322993,2705.76171875,2705.4140625,2705.76171875,2705.76171875,2705.76171875,2705.76171875
149,0.05346865293002082,0.015390722748612973,0.0001,9.887112223543227,2705.76171875,2705.4140625,2705.76171875,2705.76171875,2705.76171875,2705.76171875
150,0.053468369962661313,0.011072758836749408,0.0001,20.086528348736465,2705.76171875,2705.4140625,2705.76171875,2705.76171875,2705.76171875,2705.76171875
151,0.05346823603371938,0.002668487538576736,0.0001,9.421783369965851,2705.76171875,2705.4140625,2705.76171875,2705.76171875,2705.76171875,2705.76171875
152,0.053468201061458595,0.0017628311748241199,0.0001,8.003915887326002,2705.76171875,2705.4140625,2705.76171875,2705.76171875,2705.76171875,2705.76171875
153,0.05346818577326332,0.0008721905796886809,0.0001,7.791150525212288,2705.76171875,2705.4140625,2705.76171875,2705.76171875,2705.76171875,2705.76171875
154,0.05346816489165888,0.0005663938137414615,0.0001,7.621877350844443,2705.76171875,2705.4140625,2705.76171875,2705.76171875,2705.76171875,2705.76171875
155,0.05346806667877036,0.0057971911835061896,0.0001,9.570418758317828,2705.76171875,2705.4140625,2705.76171875,2705.76171875,2705.76171875,2705.76171875
156,0.053467946200577536,0.009232975242995156,0.0001,9.424752840772271,2705.76171875,2705.4140625,2705.76171875,2705.76171875,2705.76171875,2705.76171875
157,0.05346779466650098,0.005176001562383625,0.0001,10.040444538928568,2705.76171875,2705.4140625,2705.76171875,2705.76171875,2705.76171875,2705.76171875
158,0.05346774386774761,0.00767575798348985,0.0001,19.53307599015534,2705.76171875,2705.4140625,2705.76171875,2705.76171875,2705.76171875,2705.76171875
159,0.053467706025617345,0.0018617085585123094,0.0001,8.521449593827128,2705.76171875,2705.4140625,2705.76171875,2705.76171875,2705.76171875,2705.76171875
160,0.0534677000461566,0.00025166456145675475,0.0001,7.749761932529509,2705.76171875,2705.4140625,2705.76171875,2705.76171875,2705.76171875,2705.76171875
161,0.05346769630891539,0.0009842170505527381,0.0001,7.899279142729938,2705.76171875,2705.4140625,2705.76171875,2705.76171875,2705.76171875,2705.76171875
162,0.053467684906006764,0.0014004796475577397,0.0001,7.570923283696175,2705.76171875,2705.4140625,2705.76171875,2705.76171875,2705.76171875,2705.76171875
163,0.053467681426547925,0.003704977690741851,0.0001,20.034925778396428,2705.76171875,2705.4140625,2705.76171875,2705.76171875,2705.76171875,2705.76171875
164,0.05346765863986643,0.004011139540423425,0.0001,8.086585061624646,2705.76171875,2705.4140625,2705.76171875,2705.76171875,2705.76171875,2705.76171875
165,0.05346753463398535,0.00045652579670130145,0.0001,8.530304566957057,2705.76171875,2705.4140625,2705.76171875,2705.76171875,2705.76171875,2705.76171875
166,0.05346725623676815,0.005338513035550663,0.0001,9.763422449119389,2705.76171875,2705.4140625,2705.76171875,2705.76171875,2705.76171875,2705.76171875
167,0.05346693504824397,0.01009481373501453,0.0001,9.529415666125715,2705.76171875,2705.4140625,2705.76171875,2705.76171875,2705.76171875,2705.76171875
168,0.05346652152174606,0.010295461827020347,0.0001,9.602955567650497,2705.76171875,2705.4140625,2705.76171875,2705.76171875,2705.76171875,2705.76171875
169,0.053466500339779455,0.006566299148059729,0.0001,19.303259612992406,2705.76171875,2705.4140625,2705.76171875,2705.76171875,2705.76171875,2705.76171875
170,0.053466238996696815,0.005875037996994847,0.0001,9.80211347155273,2705.76171875,2705.4140625,2705.76171875,2705.76171875,2705.76171875,2705.76171875
171,0.05346623634866149,0.0009342153274216614,0.0001,19.547803783789277,2705.76171875,2705.4140625,2705.76171875,2705.76171875,2705.76171875,2705.76171875
172,0.05346614311618648,0.0008008581262738401,0.0001,9.390617376193404,2705.76171875,2705.4140625,2705.76171875,2705.76171875,2705.76171875,2705.76171875
173,0.05346600609604799,0.0050897336582091945,0.0001,19.646746147423983,2705.76171875,2705.4140625,2705.76171875,2705.76171875,2705.76171875,2705.76171875
174,0.05346587703034533,0.0030926408061859867,0.0001,20.113891169428825,2705.76171875,2705.4140625,2705.76171875,2705.76171875,2705.76171875,2705.76171875
175,0.05346581247320738,0.0007862717961412136,0.0001,7.855651251971722,2705.76171875,2705.4140625,2705.76171875,2705.76171875,2705.76171875,2705.76171875
176,0.0534657114799993,0.002164285001253985,0.0001,8.92624921631068,2705.76171875,2705.4140625,2705.76171875,2705.76171875,2705.76171875,2705.76171875
177,0.0534655529649956,0.003973313363269337,0.0001,9.899246517568827,2705.76171875,2705.4140625,2705.76171875,2705.76171875,2705.76171875,2705.76171875
178,0.053465373344665126,0.002154076534216509,0.0001,10.148078246042132,2705.76171875,2705.4140625,2705.76171875,2705.76171875,2705.76171875,2705.76171875
179,0.05346524239292853,0.005625624205259694,0.0001,9.995544782839715,2705.76171875,2705.4140625,2705.76171875,2705.76171875,2705.76171875,2705.76171875
180,0.05346510709641912,0.0030779569128559503,0.0001,9.835346083156765,2705.76171875,2705.4140625,2705.76171875,2705.76171875,2705.76171875,2705.76171875
181,0.053464974385433746,0.005280404845704689,0.0001,7.56362025719136,2705.76171875,2705.4140625,2705.76171875,2705.76171875,2705.76171875,2705.76171875
182,0.05346475527084018,0.0185185356881854,0.0001,9.643064204603434,2705.76171875,2705.4140625,2705.76171875,2705.76171875,2705.76171875,2705.76171875
183,0.05346436430101478,0.01313378987831515,0.0001,9.654821258969605,2705.76171875,2705.4140625,2705.76171875,2705.76171875,2705.76171875,2705.76171875
184,0.05346425967169008,0.0038383373002470744,0.0001,7.869570673443377,2705.76171875,2705.4140625,2705.76171875,2705.76171875,2705.76171875,2705.76171875
185,0.053464210788668254,0.00044008041774579176,0.0001,8.477442071773112,2705.76171875,2705.4140625,2705.76171875,2705.76171875,2705.76171875,2705.76171875
186,0.0534641983074738,0.0009147952967436535,0.0001,7.734450866468251,2705.76171875,2705.4140625,2705.76171875,2705.76171875,2705.76171875,2705.76171875
187,0.05346417426585533,0.00024275547067298398,0.0001,7.723955996334553,2705.76171875,2705.4140625,2705.76171875,2705.76171875,2705.76171875,2705.76171875
188,0.053463982083540744,0.002180913182642241,0.0001,9.011453148908913,2705.76171875,2705.4140625,2705.76171875,2705.76171875,2705.76171875,2705.76171875
189,0.053463509976415594,0.007374125375264273,0.0001,8.109084756113589,2705.76171875,2705.4140625,2705.76171875,2705.76171875,2705.76171875,2705.76171875
190,0.05346121855704788,0.024211036353186777,0.0001,10.01463817525655,2705.76171875,2705.4140625,2705.76171875,2705.76171875,2705.76171875,2705.76171875
191,0.053460699722663096,0.02180094420023615,0.0001,19.82830603327602,2705.76171875,2705.4140625,2705.76171875,2705.76171875,2705.76171875,2705.76171875
192,0.05346053591907834,0.01961552206706929,0.0001,20.25416137650609,2705.76171875,2705.4140625,2705.76171875,2705.76171875,2705.76171875,2705.76171875
193,0.05345982160179744,0.012142915933507248,0.0001,20.393169560469687,2705.76171875,2705.4140625,2705.76171875,2705.76171875,2705.76171875,2705.76171875
194,0.05345945730874961,0.012827902887388554,0.0001,19.90530771575868,2705.76171875,2705.4140625,2705.76171875,2705.76171875,2705.76171875,2705.76171875
195,0.05345941985547212,0.0029946738782059557,0.0001,26.899378067813814,2705.76171875,2705.4140625,2705.76171875,2705.76171875,2705.76171875,2705.76171875
196,0.05345932378961014,0.002704974928811721,0.0001,19.254022342152894,2705.76171875,2705.4140625,2705.76171875,2705.76171875,2705.76171875,2705.76171875
197,0.05345927820627011,0.002570810266790957,0.0001,39.6721658911556,2705.76171875,2705.4140625,2705.76171875,2705.76171875,2705.76171875,2705.76171875
198,0.05345916609604734,0.0009608457481018462,0.0001,19.721546582877636,2705.76171875,2705.4140625,2705.76171875,2705.76171875,2705.76171875,2705.76171875
199,0.053459128588927846,0.0012013189144215453,0.0001,40.0071320310235,2705.76171875,2705.4140625,2705.76171875,2705.76171875,2705.76171875,2705.76171875
200,0.053459021817098995,0.0005397160577108595,0.0001,20.03925271332264,2705.76171875,2705.4140625,2705.76171875,2705.76171875,2705.76171875,2705.76171875
201,0.05345900766351579,0.0006253274796730324,0.0001,17.90330236312002,2705.76171875,2705.4140625,2705.76171875,2705.76171875,2705.76171875,2705.76171875
202,0.05345897901767249,0.0021147917297675844,0.0001,8.095011061988771,2705.76171875,2705.4140625,2705.76171875,2705.76171875,2705.76171875,2705.76171875
203,0.0534589405627851,0.0009403836116029796,0.0001,7.5301660960540175,2705.76171875,2705.4140625,2705.76171875,2705.76171875,2705.76171875,2705.76171875
204,0.053458742318869615,0.003654188666377678,0.0001,9.052888145670295,2705.76171875,2705.4140625,2705.76171875,2705.76171875,2705.76171875,2705.76171875
205,0.05345850604495701,0.004946360981613163,0.0001,9.840200593695045,2705.76171875,2705.4140625,2705.76171875,2705.76171875,2705.76171875,2705.76171875
206,0.05345848414678425,0.0030526133176983494,0.0001,19.68305895663798,2705.76171875,2705.4140625,2705.76171875,2705.76171875,2705.76171875,2705.76171875
207,0.05345830154970614,0.0015925089252963875,0.0001,9.525232454761863,2705.76171875,2705.4140625,2705.76171875,2705.76171875,2705.76171875,2705.76171875
208,0.05345824524632406,0.00036792807478747136,0.0001,8.423375389538705,2705.76171875,2705.4140625,2705.76171875,2705.76171875,2705.76171875,2705.76171875
209,0.05345821362958841,0.0006942190003891291,0.0001,8.323198424652219,2705.76171875,2705.4140625,2705.76171875,2705.76171875,2705.76171875,2705.76171875
210,0.05345819380548248,0.0011222901866987378,0.0001,20.095808503217995,2705.76171875,2705.4140625,2705.76171875,2705.76171875,2705.76171875,2705.76171875
211,0.053458162600588124,0.002712089756809366,0.0001,7.854067546315491,2705.76171875,2705.4140625,2705.76171875,2705.76171875,2705.76171875,2705.76171875
212,0.05345807918876457,0.0033190272547608535,0.0001,9.230684057809412,2705.76171875,2705.4140625,2705.76171875,2705.76171875,2705.76171875,2705.76171875
213,0.05345796690090422,0.008949282665858815,0.0001,9.057899204082787,2705.76171875,2705.4140625,2705.76171875,2705.76171875,2705.76171875,2705.76171875
214,0.053457723081895836,0.010695465242478441,0.0001,8.235864733345807,2705.76171875,2705.4140625,2705.76171875,2705.76171875,2705.76171875,2705.76171875
215,0.053455536874470376,0.014109266084118444,0.0001,9.944376843981445,2705.76171875,2705.4140625,2705.76171875,2705.76171875,2705.76171875,2705.76171875
216,0.05345419597858195,0.016578352673663366,0.0001,9.902560045942664,2705.76171875,2705.4140625,2705.76171875,2705.76171875,2705.76171875,2705.76171875
217,0.05345412009688629,0.010982911352075964,0.0001,19.47494625672698,2705.76171875,2705.4140625,2705.76171875,2705.76171875,2705.76171875,2705.76171875
218,0.05345302487548225,0.0033126016946692927,0.0001,9.663360214792192,2705.76171875,2705.4140625,2705.76171875,2705.76171875,2705.76171875,2705.76171875
219,0.053452532230066796,0.013903573393877933,0.0001,9.66550572309643,2705.76171875,2705.4140625,2705.76171875,2705.76171875,2705.76171875,2705.76171875
220,0.053452487970075416,0.010266963965198661,0.0001,9.779618077911437,2705.76171875,2705.4140625,2705.76171875,2705.76171875,2705.76171875,2705.76171875
221,0.05345238574163679,0.0004426196831157636,0.0001,8.739681794308126,2705.76171875,2705.4140625,2705.76171875,2705.76171875,2705.76171875,2705.76171875
222,0.053452370844013414,0.001940397133555205,0.0001,7.8374315071851015,2705.76171875,2705.4140625,2705.76171875,2705.76171875,2705.76171875,2705.76171875
223,0.05345229672662096,0.0066163176164037996,0.0001,8.272846024483442,2705.76171875,2705.4140625,2705.76171875,2705.76171875,2705.76171875,2705.76171875
224,0.05345218035552296,0.010804127161160082,0.0001,9.038438145071268,2705.76171875,2705.4140625,2705.76171875,2705.76171875,2705.76171875,2705.76171875
225,0.05345190687518753,0.015812724338509554,0.0001,9.645817273296416,2705.76171875,2705.4140625,2705.76171875,2705.76171875,2705.76171875,2705.76171875
226,0.05345186464801874,0.017881313243831798,0.0001,35.60454885382205,2705.76171875,2705.4140625,2705.76171875,2705.76171875,2705.76171875,2705.76171875
227,0.053451560919822394,0.013784658020753682,0.0001,9.846437458880246,2705.76171875,2705.4140625,2705.76171875,2705.76171875,2705.76171875,2705.76171875
228,0.05345147223067542,0.011393537534655662,0.0001,10.08600446395576,2705.76171875,2705.4140625,2705.76171875,2705.76171875,2705.76171875,2705.76171875
229,0.053451371786871496,0.002018979027489043,0.0001,8.06442812550813,2705.76171875,2705.4140625,2705.76171875,2705.76171875,2705.76171875,2705.76171875
230,0.05345137038951655,0.0004648173914336695,0.0001,8.059950528666377,2705.76171875,2705.4140625,2705.76171875,2705.76171875,2705.76171875,2705.76171875
231,0.05345136929891106,0.00017030538299289688,0.0001,7.555933525785804,2705.76171875,2705.4140625,2705.76171875,2705.76171875,2705.76171875,2705.76171875
232,0.05345136805411392,0.0006310788420975655,0.0001,7.6694517424330115,2705.76171875,2705.4140625,2705.76171875,2705.76171875,2705.76171875,2705.76171875
233,0.05345136434437266,0.0012130022147816,0.0001,7.465759066864848,2705.76171875,2705.4140625,2705.76171875,2705.76171875,2705.76171875,2705.76171875
234,0.05345135361011482,0.0017392677041239146,0.0001,7.600964151322842,2705.76171875,2705.4140625,2705.76171875,2705.76171875,2705.76171875,2705.76171875
235,0.0534513402015991,0.0013906669968868357,0.0001,7.4661495089530945,2705.76171875,2705.4140625,2705.76171875,2705.76171875,2705.76171875,2705.76171875
236,0.05345127597722759,0.000517137292405101,0.0001,8.036865252070129,2705.76171875,2705.4140625,2705.76171875,2705.76171875,2705.76171875,2705.76171875
237,0.05345116420510495,0.003168856301708156,0.0001,8.14986230712384,2705.76171875,2705.4140625,2705.76171875,2705.76171875,2705.76171875,2705.76171875
238,0.053450874525231264,0.008790341164387594,0.0001,9.47237094026059,2705.76171875,2705.4140625,2705.76171875,2705.76171875,2705.76171875,2705.76171875
239,0.05345029831255839,0.016919280467785902,0.0001,9.598771483637393,2705.76171875,2705.4140625,2705.76171875,2705.76171875,2705.76171875,2705.76171875
240,0.05344887960735769,0.027203573332299724,0.0001,9.635552197694778,2705.76171875,2705.4140625,2705.76171875,2705.76171875,2705.76171875,2705.76171875
241,0.05344618038427905,0.020167219859167917,0.0001,9.606078200042248,2705.76171875,2705.4140625,2705.76171875,2705.76171875,2705.76171875,2705.76171875
242,0.053445844233424515,0.033919477269294895,0.0001,28.59295043628663,2705.76171875,2705.4140625,2705.76171875,2705.76171875,2705.76171875,2705.76171875
243,0.05344521386005766,0.048589937370929315,0.0001,19.2088135862723,2705.76171875,2705.4140625,2705.76171875,2705.76171875,2705.76171875,2705.76171875
244,0.05344393029281793,0.007035752165825082,0.0001,9.50659379735589,2705.76171875,2705.4140625,2705.76171875,2705.76171875,2705.76171875,2705.76171875
245,0.053443433063730825,0.0060164149773886955,0.0001,9.594820957630873,2705.76171875,2705.4140625,2705.76171875,2705.76171875,2705.76171875,2705.76171875
246,0.05344338255324954,0.004277789982705782,0.0001,19.240849745459855,2705.76171875,2705.4140625,2705.76171875,2705.76171875,2705.76171875,2705.76171875
247,0.0534429304522794,0.005893145108739062,0.0001,8.140252873301506,2705.76171875,2705.4140625,2705.76171875,2705.76171875,2705.76171875,2705.76171875
248,0.053440988536913564,0.012066085454573328,0.0001,9.593906704336405,2705.76171875,2705.4140625,2705.76171875,2705.76171875,2705.76171875,2705.76171875
249,0.053440888912812526,0.006598151720899614,0.0001,18.821566292084754,2705.76171875,2705.4140625,2705.76171875,2705.76171875,2705.76171875,2705.76171875
250,0.053439948552496196,0.016959395850980385,0.0001,9.60494009591639,2705.76171875,2705.4140625,2705.76171875,2705.76171875,2705.76171875,2705.76171875
251,0.05343935245054782,0.021485219473759365,0.0001,9.441089756786823,2705.76171875,2705.4140625,2705.76171875,2705.76171875,2705.76171875,2705.76171875
252,0.05343768329264839,0.017480820911835115,0.0001,9.609876713715494,2705.76171875,2705.4140625,2705.76171875,2705.76171875,2705.76171875,2705.76171875
253,0.053437069245314446,0.016999734229786068,0.0001,9.590073321945965,2705.76171875,2705.4140625,2705.76171875,2705.76171875,2705.76171875,2705.76171875
254,0.05343614417391302,0.01955073231757498,0.0001,19.205838286317885,2705.76171875,2705.4140625,2705.76171875,2705.76171875,2705.76171875,2705.76171875
255,0.05343609443332402,0.008111852341151415,0.0001,19.237600672990084,2705.76171875,2705.4140625,2705.76171875,2705.76171875,2705.76171875,2705.76171875
256,0.05343595615084869,0.003345328811832138,0.0001,7.698544898070395,2705.76171875,2705.4140625,2705.76171875,2705.76171875,2705.76171875,2705.76171875
257,0.053435778353938604,0.0036474234168186737,0.0001,9.033020564354956,2705.76171875,2705.4140625,2705.76171875,2705.76171875,2705.76171875,2705.76171875
258,0.05343507318196551,0.00044532637920280393,0.0001,9.554881683550775,2705.76171875,2705.4140625,2705.76171875,2705.76171875,2705.76171875,2705.76171875
259,0.05343297566336098,0.00989353053249542,0.0001,9.60363339073956,2705.76171875,2705.4140625,2705.76171875,2705.76171875,2705.76171875,2705.76171875
260,0.05343053111975635,0.0086006701405279,0.0001,9.604383713565767,2705.76171875,2705.4140625,2705.76171875,2705.76171875,2705.76171875,2705.76171875
261,0.05342751264099952,0.05035115807502266,0.0001,9.592589695006609,2705.76171875,2705.4140625,2705.76171875,2705.76171875,2705.76171875,2705.76171875
262,0.053423737140649824,0.04392044941718298,0.0001,19.208092405460775,2705.76171875,2705.4140625,2705.76171875,2705.76171875,2705.76171875,2705.76171875
263,0.05342177424692029,0.07648849172549643,0.0001,19.205109043978155,2705.76171875,2705.4140625,2705.76171875,2705.76171875,2705.76171875,2705.76171875
264,0.05341463617735517,0.030516539787951213,0.0001,9.605541298165917,2705.76171875,2705.4140625,2705.76171875,2705.76171875,2705.76171875,2705.76171875
265,0.053410439308217345,0.023777493633683977,0.0001,9.60361776035279,2705.76171875,2705.4140625,2705.76171875,2705.76171875,2705.76171875,2705.76171875
266,0.05340907794580077,0.0007153371551314685,0.0001,9.607580175623298,2705.76171875,2705.4140625,2705.76171875,2705.76171875,2705.76171875,2705.76171875
267,0.053408414609939975,0.004547354490607058,0.0001,9.60192013438791,2705.76171875,2705.4140625,2705.76171875,2705.76171875,2705.76171875,2705.76171875
268,0.05340822558508779,0.005534227002227832,0.0001,19.19844264909625,2705.76171875,2705.4140625,2705.76171875,2705.76171875,2705.76171875,2705.76171875
269,0.05340806114606446,0.007275161831108656,0.0001,9.544439326040447,2705.76171875,2705.4140625,2705.76171875,2705.76171875,2705.76171875,2705.76171875
270,0.05340771258564784,0.004906053285258283,0.0001,9.490307169035077,2705.76171875,2705.4140625,2705.76171875,2705.76171875,2705.76171875,2705.76171875
271,0.05340700511677901,0.005738492070956225,0.0001,9.593864733353257,2705.76171875,2705.4140625,2705.76171875,2705.76171875,2705.76171875,2705.76171875
272,0.053406860818582626,0.00028658253068532074,0.0001,19.19943928066641,2705.76171875,2705.4140625,2705.76171875,2705.76171875,2705.76171875,2705.76171875
273,0.05340609370229218,0.002768045448873435,0.0001,9.59690489526838,2705.76171875,2705.4140625,2705.76171875,2705.76171875,2705.76171875,2705.76171875
274,0.05340549243863899,0.005740009427485759,0.0001,19.202761142514646,2705.76171875,2705.4140625,2705.76171875,2705.76171875,2705.76171875,2705.76171875
275,0.0534052499496608,0.00976667716521995,0.0001,9.582937803119421,2705.76171875,2705.4140625,2705.76171875,2705.76171875,2705.76171875,2705.76171875
276,0.05340501374352298,0.012282713805122691,0.0001,8.595191872678697,2705.76171875,2705.4140625,2705.76171875,2705.76171875,2705.76171875,2705.76171875
277,0.053404482699920486,0.0067831253292940374,0.0001,7.981408949010074,2705.76171875,2705.4140625,2705.76171875,2705.76171875,2705.76171875,2705.76171875
278,0.053403770660631546,0.022728998617818963,0.0001,19.227569665759802,2705.76171875,2705.4140625,2705.76171875,2705.76171875,2705.76171875,2705.76171875
279,0.05340349912817549,0.002529499619109976,0.0001,7.883940496481955,2705.76171875,2705.4140625,2705.76171875,2705.76171875,2705.76171875,2705.76171875
280,0.05340342084122896,0.00471198037379017,0.0001,9.005845968611538,2705.76171875,2705.4140625,2705.76171875,2705.76171875,2705.76171875,2705.76171875
281,0.05340338933957544,0.002850293467002718,0.0001,18.488175556994975,2705.76171875,2705.4140625,2705.76171875,2705.76171875,2705.76171875,2705.76171875
282,0.0534032114368843,0.004737609309658275,0.0001,8.242795150727034,2705.76171875,2705.4140625,2705.76171875,2705.76171875,2705.76171875,2705.76171875
283,0.05340298956086218,0.00801702404900162,0.0001,8.705186249688268,2705.76171875,2705.4140625,2705.76171875,2705.76171875,2705.76171875,2705.76171875
284,0.053402470865943685,0.014291469133470347,0.0001,9.597970379516482,2705.76171875,2705.4140625,2705.76171875,2705.76171875,2705.76171875,2705.76171875
285,0.05340199026926705,0.01411945015212912,0.0001,9.539287290535867,2705.76171875,2705.4140625,2705.76171875,2705.76171875,2705.76171875,2705.76171875
286,0.053401919826333834,0.021463215253878953,0.0001,19.209305668249726,2705.76171875,2705.4140625,2705.76171875,2705.76171875,2705.76171875,2705.76171875
287,0.05340072616693395,0.025787779561884383,0.0001,9.59701083600521,2705.76171875,2705.4140625,2705.76171875,2705.76171875,2705.76171875,2705.76171875
288,0.05340004029897055,0.03893029023069561,0.0001,19.252761458978057,2705.76171875,2705.4140625,2705.76171875,2705.76171875,2705.76171875,2705.76171875
289,0.053393418983577454,0.1351418396140882,0.0001,19.900165596045554,2705.76171875,2705.4140625,2705.76171875,2705.76171875,2705.76171875,2705.76171875
290,0.053385285934205544,0.035194583772941046,0.0001,10.355007972568274,2705.76171875,2705.4140625,2705.76171875,2705.76171875,2705.76171875,2705.76171875
291,0.05338099425879628,0.0040587066195382215,0.0001,10.341327012516558,2705.76171875,2705.4140625,2705.76171875,2705.76171875,2705.76171875,2705.76171875
292,0.05337703900532512,0.010381731376711834,0.0001,10.354869022965431,2705.76171875,2705.4140625,2705.76171875,2705.76171875,2705.76171875,2705.76171875
293,0.0533754010720351,0.015934559321621133,0.0001,20.70179044548422,2705.76171875,2705.4140625,2705.76171875,2705.76171875,2705.76171875,2705.76171875
294,0.05337452853132818,0.002317643931518343,0.0001,10.360657424665987,2705.76171875,2705.4140625,2705.76171875,2705.76171875,2705.76171875,2705.76171875
295,0.05337394690847121,0.027861576267509403,0.0001,10.277719674631953,2705.76171875,2705.4140625,2705.76171875,2705.76171875,2705.76171875,2705.76171875
296,0.053373361712932936,0.00779160952514335,0.0001,9.862429453060031,2705.76171875,2705.4140625,2705.76171875,2705.76171875,2705.76171875,2705.76171875
297,0.053372909306215875,0.011434669952062437,0.0001,9.630262348800898,2705.76171875,2705.4140625,2705.76171875,2705.76171875,2705.76171875,2705.76171875
298,0.05337277346315729,0.002524710024688903,0.0001,14.432736891321838,2705.76171875,2705.4140625,2705.76171875,2705.76171875,2705.76171875,2705.76171875
299,0.0533727431021366,0.0005471539965035133,0.0001,17.056528504937887,2705.76171875,2705.4140625,2705.76171875,2705.76171875,2705.76171875,2705.76171875
300,0.053372731545660204,0.001608409866361571,0.0001,15.0308649353683,2705.76171875,2705.4140625,2705.76171875,2705.76171875,2705.76171875,2705.76171875
301,0.053372695369336955,0.002719984883336357,0.0001,15.129249040037394,2705.76171875,2705.4140625,2705.76171875,2705.76171875,2705.76171875,2705.76171875
302,0.053372449684377425,0.0087078734995647,0.0001,18.706011466681957,2705.76171875,2705.4140625,2705.76171875,2705.76171875,2705.76171875,2705.76171875
303,0.0533721416925224,0.01119578400925958,0.0001,10.784191017970443,2705.76171875,2705.4140625,2705.76171875,2705.76171875,2705.76171875,2705.76171875
304,0.05337201171299141,0.017280525795175583,0.0001,19.22576554864645,2705.76171875,2705.4140625,2705.76171875,2705.76171875,2705.76171875,2705.76171875
305,0.053371694610589535,0.011801290374240825,0.0001,9.569307653233409,2705.76171875,2705.4140625,2705.76171875,2705.76171875,2705.76171875,2705.76171875
306,0.05337163484676831,0.0013206530341486333,0.0001,15.867862545885146,2705.76171875,2705.4140625,2705.76171875,2705.76171875,2705.76171875,2705.76171875
307,0.05337159729319931,0.00022944867139029768,0.0001,7.5489900931715965,2705.76171875,2705.4140625,2705.76171875,2705.76171875,2705.76171875,2705.76171875
308,0.05337157455195711,0.0009624332287576642,0.0001,7.51230678614229,2705.76171875,2705.4140625,2705.76171875,2705.76171875,2705.76171875,2705.76171875
309,0.053371559026494195,0.0003957756094464804,0.0001,18.763201529160142,2705.76171875,2705.4140625,2705.76171875,2705.76171875,2705.76171875,2705.76171875
310,0.05337154683039916,0.00014567805225338548,0.0001,7.525902337394655,2705.76171875,2705.4140625,2705.76171875,2705.76171875,2705.76171875,2705.76171875
311,0.053371514929308986,0.0003992315038033878,0.0001,7.693055625073612,2705.76171875,2705.4140625,2705.76171875,2705.76171875,2705.76171875,2705.76171875
312,0.053371509469735866,0.0013852866543273556,0.0001,19.104722009971738,2705.76171875,2705.4140625,2705.76171875,2705.76171875,2705.76171875,2705.76171875
313,0.053371500093175456,0.00042029914568608717,0.0001,7.4835166512057185,2705.76171875,2705.4140625,2705.76171875,2705.76171875,2705.76171875,2705.76171875
314,0.05337149090060412,0.0001629217916037125,0.0001,7.509273741394281,2705.76171875,2705.4140625,2705.76171875,2705.76171875,2705.76171875,2705.76171875
315,0.05337148206529449,0.0020503722022681137,0.0001,15.963209480978549,2705.76171875,2705.4140625,2705.76171875,2705.76171875,2705.76171875,2705.76171875
316,0.053371467284600314,0.001680341772766769,0.0001,7.529777539893985,2705.76171875,2705.4140625,2705.76171875,2705.76171875,2705.76171875,2705.76171875
317,0.0533714640306712,0.004568614728520326,0.0001,19.060790879651904,2705.76171875,2705.4140625,2705.76171875,2705.76171875,2705.76171875,2705.76171875
318,0.05337141872176742,0.0018813403730535416,0.0001,7.508352377451956,2705.76171875,2705.4140625,2705.76171875,2705.76171875,2705.76171875,2705.76171875
319,0.053371385035000045,0.00016583755909127027,0.0001,7.479045893996954,2705.76171875,2705.4140625,2705.76171875,2705.76171875,2705.76171875,2705.76171875
320,0.053371363543395736,0.00050474846406523,0.0001,7.539344787597656,2705.76171875,2705.4140625,2705.76171875,2705.76171875,2705.76171875,2705.76171875
321,0.053371336052058425,0.00035850694661243576,0.0001,9.165306622162461,2705.76171875,2705.4140625,2705.76171875,2705.76171875,2705.76171875,2705.76171875
322,0.05337121550910548,0.0025486216774903703,0.0001,8.86928239185363,2705.76171875,2705.4140625,2705.76171875,2705.76171875,2705.76171875,2705.76171875
323,0.0533711196821735,0.000863546037463303,0.0001,9.435164029709995,2705.76171875,2705.4140625,2705.76171875,2705.76171875,2705.76171875,2705.76171875
324,0.053370841160382584,0.003459480846297547,0.0001,9.543634531088173,2705.76171875,2705.4140625,2705.76171875,2705.76171875,2705.76171875,2705.76171875
325,0.05337050650477943,0.004515999601781395,0.0001,8.377362351864576,2705.76171875,2705.4140625,2705.76171875,2705.76171875,2705.76171875,2705.76171875
326,0.05336990598669209,0.005189815202193415,0.0001,9.596577687188983,2705.76171875,2705.4140625,2705.76171875,2705.76171875,2705.76171875,2705.76171875
327,0.05336976040309185,0.018248777131633198,0.0001,22.5257815066725,2705.76171875,2705.4140625,2705.76171875,2705.76171875,2705.76171875,2705.76171875
328,0.05336909172474609,0.010186617871256187,0.0001,9.528009119443595,2705.76171875,2705.4140625,2705.76171875,2705.76171875,2705.76171875,2705.76171875
329,0.05336899234571452,0.003711041457826969,0.0001,19.12604764290154,2705.76171875,2705.4140625,2705.76171875,2705.76171875,2705.76171875,2705.76171875
330,0.0533687096714885,0.00634851458187069,0.0001,9.565483946353197,2705.76171875,2705.4140625,2705.76171875,2705.76171875,2705.76171875,2705.76171875
331,0.05336857582559709,0.004252251804978346,0.0001,7.550587002187967,2705.76171875,2705.4140625,2705.76171875,2705.76171875,2705.76171875,2705.76171875
332,0.053368144690499136,0.003969490853725777,0.0001,9.580581553280354,2705.76171875,2705.4140625,2705.76171875,2705.76171875,2705.76171875,2705.76171875
333,0.05336800329313403,0.0026899148280468133,0.0001,9.431346504949033,2705.76171875,2705.4140625,2705.76171875,2705.76171875,2705.76171875,2705.76171875
334,0.05336790996854424,0.0107400318156875,0.0001,19.123593506403267,2705.76171875,2705.4140625,2705.76171875,2705.76171875,2705.76171875,2705.76171875
335,0.05336780996970174,0.0012829286182602928,0.0001,8.912875580601394,2705.76171875,2705.4140625,2705.76171875,2705.76171875,2705.76171875,2705.76171875
336,0.05336777802063591,0.0029908582446966925,0.0001,7.485720840282738,2705.76171875,2705.4140625,2705.76171875,2705.76171875,2705.76171875,2705.76171875
337,0.05336774379260438,0.006018654631712472,0.0001,7.4763770727440715,2705.76171875,2705.4140625,2705.76171875,2705.76171875,2705.76171875,2705.76171875
338,0.053367650589556226,0.010858834491061398,0.0001,7.539401149377227,2705.76171875,2705.4140625,2705.76171875,2705.76171875,2705.76171875,2705.76171875
339,0.05336741514908282,0.017733977497805142,0.0001,8.712268652394414,2705.76171875,2705.4140625,2705.76171875,2705.76171875,2705.76171875,2705.76171875
340,0.053366871255305946,0.025953252809110205,0.0001,9.540016910992563,2705.76171875,2705.4140625,2705.76171875,2705.76171875,2705.76171875,2705.76171875
341,0.05336576407075514,0.03349262282154819,0.0001,9.505223308689892,2705.76171875,2705.4140625,2705.76171875,2705.76171875,2705.76171875,2705.76171875
342,0.05336490145957998,0.03499258118477444,0.0001,19.106941412203014,2705.76171875,2705.4140625,2705.76171875,2705.76171875,2705.76171875,2705.76171875
343,0.05336435117101129,0.03922436965669851,0.0001,19.14267339091748,2705.76171875,2705.4140625,2705.76171875,2705.76171875,2705.76171875,2705.76171875
344,0.053363563574045404,0.04268418805429741,0.0001,27.94991951622069,2705.76171875,2705.4140625,2705.76171875,2705.76171875,2705.76171875,2705.76171875
345,0.05336297963864559,0.02031193691681299,0.0001,28.655894205905497,2705.76171875,2705.4140625,2705.76171875,2705.76171875,2705.76171875,2705.76171875
346,0.053361779530035826,0.03592023134136468,0.0001,9.557415660470724,2705.76171875,2705.4140625,2705.76171875,2705.76171875,2705.76171875,2705.76171875
347,0.053360694237890194,0.05419213777428311,0.0001,19.119006766937673,2705.76171875,2705.4140625,2705.76171875,2705.76171875,2705.76171875,2705.76171875
348,0.05336011724126258,0.02859394568482332,0.0001,9.539398482069373,2705.76171875,2705.4140625,2705.76171875,2705.76171875,2705.76171875,2705.76171875
349,0.053359610661495485,0.010655890306634164,0.0001,9.559985456056893,2705.76171875,2705.4140625,2705.76171875,2705.76171875,2705.76171875,2705.76171875
350,0.05335941124253722,0.007487100343130493,0.0001,8.986665873788297,2705.76171875,2705.4140625,2705.76171875,2705.76171875,2705.76171875,2705.76171875
351,0.053359302816395775,0.002048157673276374,0.0001,19.05913758277893,2705.76171875,2705.4140625,2705.76171875,2705.76171875,2705.76171875,2705.76171875
352,0.05335920300259747,0.004619137881051394,0.0001,7.662667907774448,2705.76171875,2705.4140625,2705.76171875,2705.76171875,2705.76171875,2705.76171875
353,0.05335902801659198,0.002813317203163468,0.0001,7.917898462153971,2705.76171875,2705.4140625,2705.76171875,2705.76171875,2705.76171875,2705.76171875
354,0.05335839540839011,0.004220297334774248,0.0001,9.590490069240332,2705.76171875,2705.4140625,2705.76171875,2705.76171875,2705.76171875,2705.76171875
355,0.05335829872982973,0.007032191605689686,0.0001,19.1183497114107,2705.76171875,2705.4140625,2705.76171875,2705.76171875,2705.76171875,2705.76171875
356,0.05335811455572248,0.005739276339077337,0.0001,19.098648729734123,2705.76171875,2705.4140625,2705.76171875,2705.76171875,2705.76171875,2705.76171875
357,0.053357726064072214,0.0035189827496356907,0.0001,9.545867589302361,2705.76171875,2705.4140625,2705.76171875,2705.76171875,2705.76171875,2705.76171875
358,0.0533574924343079,0.0003512985492744036,0.0001,9.545106170699,2705.76171875,2705.4140625,2705.76171875,2705.76171875,2705.76171875,2705.76171875
359,0.0533574859424997,0.002137186669519897,0.0001,18.368253155611455,2705.76171875,2705.4140625,2705.76171875,2705.76171875,2705.76171875,2705.76171875
360,0.05335747289914982,0.0017352921330473503,0.0001,7.472176691517234,2705.76171875,2705.4140625,2705.76171875,2705.76171875,2705.76171875,2705.76171875
361,0.05335747089172263,0.0005212473612425939,0.0001,7.450134048238397,2705.76171875,2705.4140625,2705.76171875,2705.76171875,2705.76171875,2705.76171875
362,0.05335746821804817,0.0005155445544077208,0.0001,7.455521837808192,2705.76171875,2705.4140625,2705.76171875,2705.76171875,2705.76171875,2705.76171875
363,0.053357461448525746,0.002233037021031503,0.0001,7.44590753223747,2705.76171875,2705.4140625,2705.76171875,2705.76171875,2705.76171875,2705.76171875
364,0.05335744650727618,0.0045644386393280945,0.0001,7.5025440556928515,2705.76171875,2705.4140625,2705.76171875,2705.76171875,2705.76171875,2705.76171875
365,0.05335741163743254,0.007490348683777626,0.0001,7.542328475043178,2705.76171875,2705.4140625,2705.76171875,2705.76171875,2705.76171875,2705.76171875
366,0.05335733888953509,0.010085887860658782,0.0001,7.87398140784353,2705.76171875,2705.4140625,2705.76171875,2705.76171875,2705.76171875,2705.76171875
367,0.05335722200851258,0.010933345270016104,0.0001,8.092207823880017,2705.76171875,2705.4140625,2705.76171875,2705.76171875,2705.76171875,2705.76171875
368,0.0533572149996496,0.00949737671507922,0.0001,19.079652142710984,2705.76171875,2705.4140625,2705.76171875,2705.76171875,2705.76171875,2705.76171875
369,0.05335711886262867,0.007181044204422449,0.0001,8.092744295485318,2705.76171875,2705.4140625,2705.76171875,2705.76171875,2705.76171875,2705.76171875
370,0.053357053842242486,0.005784104881669805,0.0001,9.191383550874889,2705.76171875,2705.4140625,2705.76171875,2705.76171875,2705.76171875,2705.76171875
371,0.05335703859069066,0.0016795130684599258,0.0001,17.05875458661467,2705.76171875,2705.4140625,2705.76171875,2705.76171875,2705.76171875,2705.76171875
372,0.053357013808396636,0.0006529997190061199,0.0001,7.799854462966323,2705.76171875,2705.4140625,2705.76171875,2705.76171875,2705.76171875,2705.76171875
373,0.05335700148988277,0.0015709820707041633,0.0001,7.4713993687182665,2705.76171875,2705.4140625,2705.76171875,2705.76171875,2705.76171875,2705.76171875
374,0.05335695998231231,0.0020166779760311115,0.0001,7.503269201144576,2705.76171875,2705.4140625,2705.76171875,2705.76171875,2705.76171875,2705.76171875
375,0.05335682469239216,0.0038719590725686537,0.0001,9.452231994830072,2705.76171875,2705.4140625,2705.76171875,2705.76171875,2705.76171875,2705.76171875
376,0.05335667063630229,0.007818292579601316,0.0001,19.05857746489346,2705.76171875,2705.4140625,2705.76171875,2705.76171875,2705.76171875,2705.76171875
377,0.0533564890192666,0.005177020151002409,0.0001,9.08088168874383,2705.76171875,2705.4140625,2705.76171875,2705.76171875,2705.76171875,2705.76171875
378,0.053356258069799226,0.0016774646502497603,0.0001,9.533246867358685,2705.76171875,2705.4140625,2705.76171875,2705.76171875,2705.76171875,2705.76171875
379,0.053356252164408854,0.0005498059560749002,0.0001,16.154815535992384,2705.76171875,2705.4140625,2705.76171875,2705.76171875,2705.76171875,2705.76171875
380,0.05335624559330458,0.002374635063331576,0.0001,7.47962346393615,2705.76171875,2705.4140625,2705.76171875,2705.76171875,2705.76171875,2705.76171875
381,0.05335623100368954,0.00309815035437655,0.0001,7.494179701432586,2705.76171875,2705.4140625,2705.76171875,2705.76171875,2705.76171875,2705.76171875
382,0.053356212747335874,0.0028561937196782683,0.0001,8.231888618320227,2705.76171875,2705.4140625,2705.76171875,2705.76171875,2705.76171875,2705.76171875
383,0.053356179326286494,0.0008364539016834094,0.0001,7.496938672848046,2705.76171875,2705.4140625,2705.76171875,2705.76171875,2705.76171875,2705.76171875
384,0.05335613443052331,0.0008236112681607732,0.0001,7.549844251945615,2705.76171875,2705.4140625,2705.76171875,2705.76171875,2705.76171875,2705.76171875
385,0.05335604359048765,0.0059967678544788905,0.0001,19.214497240260243,2705.76171875,2705.4140625,2705.76171875,2705.76171875,2705.76171875,2705.76171875
386,0.053355809046366096,0.006436777052832965,0.0001,8.284153837710619,2705.76171875,2705.4140625,2705.76171875,2705.76171875,2705.76171875,2705.76171875
387,0.05335545985163794,0.006873833709568067,0.0001,38.247258237563074,2705.76171875,2705.4140625,2705.76171875,2705.76171875,2705.76171875,2705.76171875
388,0.053355296459639344,0.0016645469646185962,0.0001,19.124806945212185,2705.76171875,2705.4140625,2705.76171875,2705.76171875,2705.76171875,2705.76171875
389,0.05335521416083521,0.005656711076729604,0.0001,19.030223141424358,2705.76171875,2705.4140625,2705.76171875,2705.76171875,2705.76171875,2705.76171875
390,0.05335479666815034,0.016242473152094927,0.0001,9.535849746316671,2705.76171875,2705.4140625,2705.76171875,2705.76171875,2705.76171875,2705.76171875
391,0.05335447697156991,0.00048380722128871234,0.0001,9.49634215887636,2705.76171875,2705.4140625,2705.76171875,2705.76171875,2705.76171875,2705.76171875
392,0.05335444916929344,0.0001985271496670023,0.0001,7.63303689006716,2705.76171875,2705.4140625,2705.76171875,2705.76171875,2705.76171875,2705.76171875
393,0.053354442082359545,0.002703195649488843,0.0001,15.230316573753953,2705.76171875,2705.4140625,2705.76171875,2705.76171875,2705.76171875,2705.76171875
394,0.05335441908447544,0.0022793156619559385,0.0001,7.496130674146116,2705.76171875,2705.4140625,2705.76171875,2705.76171875,2705.76171875,2705.76171875
395,0.053354197779756335,0.0009290633399204884,0.0001,9.0177141437307,2705.76171875,2705.4140625,2705.76171875,2705.76171875,2705.76171875,2705.76171875
396,0.05335403497202269,0.017171126712506757,0.0001,9.536313596181571,2705.76171875,2705.4140625,2705.76171875,2705.76171875,2705.76171875,2705.76171875
397,0.05335370850014666,0.00465579684838846,0.0001,9.44384835101664,2705.76171875,2705.4140625,2705.76171875,2705.76171875,2705.76171875,2705.76171875
398,0.05335358522146034,0.0004686639717148555,0.0001,9.324842121452093,2705.76171875,2705.4140625,2705.76171875,2705.76171875,2705.76171875,2705.76171875
399,0.053353568346728025,0.00028380867845179125,0.0001,7.609711766242981,2705.76171875,2705.4140625,2705.76171875,2705.76171875,2705.76171875,2705.76171875
400,0.053353564838161845,0.0018220199706440177,0.0001,14.954790454357862,2705.76171875,2705.4140625,2705.76171875,2705.76171875,2705.76171875,2705.76171875
401,0.05335355819440092,0.0017943718867381442,0.0001,7.463372350670397,2705.76171875,2705.4140625,2705.76171875,2705.76171875,2705.76171875,2705.76171875
402,0.05335355356300128,0.00029773609392913514,0.0001,26.891215544193983,2705.76171875,2705.4140625,2705.76171875,2705.76171875,2705.76171875,2705.76171875
403,0.05335353451176866,0.00021678820349627122,0.0001,7.511595388874412,2705.76171875,2705.4140625,2705.76171875,2705.76171875,2705.76171875,2705.76171875
404,0.053353531988132565,0.0020600621420061582,0.0001,19.168227471411228,2705.76171875,2705.4140625,2705.76171875,2705.76171875,2705.76171875,2705.76171875
405,0.05335349442616321,0.001549189252264771,0.0001,7.825480886735022,2705.76171875,2705.4140625,2705.76171875,2705.76171875,2705.76171875,2705.76171875
406,0.053353389335039976,0.001575462792251292,0.0001,9.156215101480484,2705.76171875,2705.4140625,2705.76171875,2705.76171875,2705.76171875,2705.76171875
407,0.0533533093904959,0.002628782181485323,0.0001,42.2748624579981,2705.76171875,2705.4140625,2705.76171875,2705.76171875,2705.76171875,2705.76171875
408,0.05335319740266206,0.0242512718824045,0.0001,19.160329034551978,2705.76171875,2705.4140625,2705.76171875,2705.76171875,2705.76171875,2705.76171875
409,0.053352837334346176,0.013990121004686329,0.0001,7.50268301833421,2705.76171875,2705.4140625,2705.76171875,2705.76171875,2705.76171875,2705.76171875
410,0.05335220509115013,0.03211591923289747,0.0001,9.399093990214169,2705.76171875,2705.4140625,2705.76171875,2705.76171875,2705.76171875,2705.76171875
411,0.053351441251863155,0.02038702215711008,0.0001,9.236453969031572,2705.76171875,2705.4140625,2705.76171875,2705.76171875,2705.76171875,2705.76171875
412,0.05334947231012783,0.005945861035309363,0.0001,9.526618388481438,2705.76171875,2705.4140625,2705.76171875,2705.76171875,2705.76171875,2705.76171875
413,0.053348729464868794,0.0181616121854693,0.0001,9.546795953065157,2705.76171875,2705.4140625,2705.76171875,2705.76171875,2705.76171875,2705.76171875
414,0.05334760430406355,0.018740850407829024,0.0001,9.620816550217569,2705.76171875,2705.4140625,2705.76171875,2705.76171875,2705.76171875,2705.76171875
415,0.05334750110407856,0.016403411634018594,0.0001,19.137801605276763,2705.76171875,2705.4140625,2705.76171875,2705.76171875,2705.76171875,2705.76171875
416,0.05334664212779531,0.013824296798275792,0.0001,9.532777201384306,2705.76171875,2705.4140625,2705.76171875,2705.76171875,2705.76171875,2705.76171875
417,0.05334543619922303,0.008595886253652485,0.0001,9.450545113533735,2705.76171875,2705.4140625,2705.76171875,2705.76171875,2705.76171875,2705.76171875
418,0.053344822326680634,0.0103287425837153,0.0001,9.553374647162855,2705.76171875,2705.4140625,2705.76171875,2705.76171875,2705.76171875,2705.76171875
419,0.05334476233006208,0.0005556931005867565,0.0001,19.122061049565673,2705.76171875,2705.4140625,2705.76171875,2705.76171875,2705.76171875,2705.76171875
420,0.053344500792297446,0.01838343540016396,0.0001,9.551867601461709,2705.76171875,2705.4140625,2705.76171875,2705.76171875,2705.76171875,2705.76171875
421,0.053344253372508706,0.004295751044059326,0.0001,19.12260378152132,2705.76171875,2705.4140625,2705.76171875,2705.76171875,2705.76171875,2705.76171875
422,0.05334393388098407,0.00510474215118617,0.0001,9.007029071450233,2705.76171875,2705.4140625,2705.76171875,2705.76171875,2705.76171875,2705.76171875
423,0.053343816898536484,0.0018799342049735657,0.0001,7.462024216540158,2705.76171875,2705.4140625,2705.76171875,2705.76171875,2705.76171875,2705.76171875
424,0.05334369846508101,0.001661040382608614,0.0001,7.863720061257482,2705.76171875,2705.4140625,2705.76171875,2705.76171875,2705.76171875,2705.76171875
425,0.05334367021642493,0.005303372411822771,0.0001,26.69562297873199,2705.76171875,2705.4140625,2705.76171875,2705.76171875,2705.76171875,2705.76171875
426,0.05334351825348867,0.00505414238473767,0.0001,7.972512570209801,2705.76171875,2705.4140625,2705.76171875,2705.76171875,2705.76171875,2705.76171875
427,0.053343434754460184,0.008659552333949216,0.0001,9.563595846295357,2705.76171875,2705.4140625,2705.76171875,2705.76171875,2705.76171875,2705.76171875
428,0.053343328399068475,0.006905155858320189,0.0001,19.140861766412854,2705.76171875,2705.4140625,2705.76171875,2705.76171875,2705.76171875,2705.76171875
429,0.053343156474139834,0.0011233114993314253,0.0001,9.537085871212184,2705.76171875,2705.4140625,2705.76171875,2705.76171875,2705.76171875,2705.76171875
430,0.05334312670651697,0.00014439333068600723,0.0001,7.4863722594454885,2705.76171875,2705.4140625,2705.76171875,2705.76171875,2705.76171875,2705.76171875
431,0.05334309660438461,0.0006836032951781368,0.0001,7.574490945786238,2705.76171875,2705.4140625,2705.76171875,2705.76171875,2705.76171875,2705.76171875
432,0.05334309490760161,0.001182143770221744,0.0001,19.132551616989076,2705.76171875,2705.4140625,2705.76171875,2705.76171875,2705.76171875,2705.76171875
433,0.053343069803115234,0.0005341605772752889,0.0001,7.46603998541832,2705.76171875,2705.4140625,2705.76171875,2705.76171875,2705.76171875,2705.76171875
434,0.05334301506256327,0.0009324617600736662,0.0001,8.369891533628106,2705.76171875,2705.4140625,2705.76171875,2705.76171875,2705.76171875,2705.76171875
435,0.053342982872102256,0.0009875597763175925,0.0001,7.4621477937325835,2705.76171875,2705.4140625,2705.76171875,2705.76171875,2705.76171875,2705.76171875
436,0.05334298148981495,0.0026564135651310217,0.0001,19.12536786030978,2705.76171875,2705.4140625,2705.76171875,2705.76171875,2705.76171875,2705.76171875
437,0.053342734603336356,0.0025773075366647413,0.0001,9.561107559129596,2705.76171875,2705.4140625,2705.76171875,2705.76171875,2705.76171875,2705.76171875
438,0.05334243896564622,0.0012650902873519998,0.0001,19.105587983503938,2705.76171875,2705.4140625,2705.76171875,2705.76171875,2705.76171875,2705.76171875
439,0.053342175569353806,0.004084295580845665,0.0001,9.55110230203718,2705.76171875,2705.4140625,2705.76171875,2705.76171875,2705.76171875,2705.76171875
440,0.05334210325351557,0.00211488964152573,0.0001,19.04954933002591,2705.76171875,2705.4140625,2705.76171875,2705.76171875,2705.76171875,2705.76171875
441,0.053341645455001654,0.002316546382183371,0.0001,9.286087090149522,2705.76171875,2705.4140625,2705.76171875,2705.76171875,2705.76171875,2705.76171875
442,0.05334058826384445,0.02179195081718044,0.0001,9.560229955241084,2705.76171875,2705.4140625,2705.76171875,2705.76171875,2705.76171875,2705.76171875
443,0.053340153247943105,0.01001671050209596,0.0001,19.15017631277442,2705.76171875,2705.4140625,2705.76171875,2705.76171875,2705.76171875,2705.76171875
444,0.053339065663048135,0.01060055202090171,0.0001,9.447322300635278,2705.76171875,2705.4140625,2705.76171875,2705.76171875,2705.76171875,2705.76171875
445,0.053338509368049895,0.002183839934838172,0.0001,18.992024983279407,2705.76171875,2705.4140625,2705.76171875,2705.76171875,2705.76171875,2705.76171875
446,0.05333712847535933,0.0030204578265518034,0.0001,9.522387254983187,2705.76171875,2705.4140625,2705.76171875,2705.76171875,2705.76171875,2705.76171875
447,0.05333710129027001,0.0033509016925097335,0.0001,18.980227783322334,2705.76171875,2705.4140625,2705.76171875,2705.76171875,2705.76171875,2705.76171875
448,0.05333683394111596,0.00035606855612679844,0.0001,9.500146057456732,2705.76171875,2705.4140625,2705.76171875,2705.76171875,2705.76171875,2705.76171875
449,0.05333672158436019,0.0003203198660791662,0.0001,8.987346505746245,2705.76171875,2705.4140625,2705.76171875,2705.76171875,2705.76171875,2705.76171875
450,0.05333652457842912,0.000305133276899991,0.0001,9.18771503213793,2705.76171875,2705.4140625,2705.76171875,2705.76171875,2705.76171875,2705.76171875
451,0.053336490766423245,0.0058107022098417005,0.0001,18.95795056410134,2705.76171875,2705.4140625,2705.76171875,2705.76171875,2705.76171875,2705.76171875
452,0.05333584295606457,0.0018187196715587772,0.0001,9.472210068255663,2705.76171875,2705.4140625,2705.76171875,2705.76171875,2705.76171875,2705.76171875
453,0.05333533416143081,0.00522733079504234,0.0001,9.486944763921201,2705.76171875,2705.4140625,2705.76171875,2705.76171875,2705.76171875,2705.76171875
454,0.05333532234942114,0.0004265471211092331,0.0001,18.93968502432108,2705.76171875,2705.4140625,2705.76171875,2705.76171875,2705.76171875,2705.76171875
455,0.053335177983414514,0.00041694348850640495,0.0001,9.48329648654908,2705.76171875,2705.4140625,2705.76171875,2705.76171875,2705.76171875,2705.76171875
456,0.05333501549843983,0.0012966478035203455,0.0001,19.11552511435002,2705.76171875,2705.4140625,2705.76171875,2705.76171875,2705.76171875,2705.76171875
457,0.053334543560071286,0.001985747863194165,0.0001,9.464945632964373,2705.76171875,2705.4140625,2705.76171875,2705.76171875,2705.76171875,2705.76171875
458,0.05333454123640338,0.0002679678264627672,0.0001,26.253543705679476,2705.76171875,2705.4140625,2705.76171875,2705.76171875,2705.76171875,2705.76171875
459,0.05333430950229891,0.002065694327555878,0.0001,9.464086736552417,2705.76171875,2705.4140625,2705.76171875,2705.76171875,2705.76171875,2705.76171875
460,0.0533342389772982,0.00188998668940199,0.0001,7.423735667951405,2705.76171875,2705.4140625,2705.76171875,2705.76171875,2705.76171875,2705.76171875
461,0.05333417048996203,0.0003358806175632889,0.0001,7.366063306108117,2705.76171875,2705.4140625,2705.76171875,2705.76171875,2705.76171875,2705.76171875
462,0.05333407516113558,0.0015956567754216167,0.0001,8.097024072892964,2705.76171875,2705.4140625,2705.76171875,2705.76171875,2705.76171875,2705.76171875
463,0.0533339771435975,0.002358588044664156,0.0001,8.079513741657138,2705.76171875,2705.4140625,2705.76171875,2705.76171875,2705.76171875,2705.76171875
464,0.05333373989004456,0.0016947783774492464,0.0001,9.434392275288701,2705.76171875,2705.4140625,2705.76171875,2705.76171875,2705.76171875,2705.76171875
465,0.053333727080184745,0.005812244908687703,0.0001,28.175051223486662,2705.76171875,2705.4140625,2705.76171875,2705.76171875,2705.76171875,2705.76171875
466,0.053333593923168526,0.0026880864740493893,0.0001,18.10739053040743,2705.76171875,2705.4140625,2705.76171875,2705.76171875,2705.76171875,2705.76171875
467,0.05333343148049903,0.000503947024767748,0.0001,8.726353864185512,2705.76171875,2705.4140625,2705.76171875,2705.76171875,2705.76171875,2705.76171875
468,0.053333176365326355,0.011347780565802656,0.0001,9.44596276897937,2705.76171875,2705.4140625,2705.76171875,2705.76171875,2705.76171875,2705.76171875
469,0.05333302619192144,0.0007921437887932203,0.0001,7.444347934797406,2705.76171875,2705.4140625,2705.76171875,2705.76171875,2705.76171875,2705.76171875
470,0.05333299094711161,0.0053585835386658065,0.0001,7.387619445100427,2705.76171875,2705.4140625,2705.76171875,2705.76171875,2705.76171875,2705.76171875
471,0.05333298074852047,0.0010468769189166949,0.0001,7.3753702118992805,2705.76171875,2705.4140625,2705.76171875,2705.76171875,2705.76171875,2705.76171875
472,0.05333297567125242,0.00046168790571465834,0.0001,7.39702507853508,2705.76171875,2705.4140625,2705.76171875,2705.76171875,2705.76171875,2705.76171875
473,0.0533329708303769,0.000335305267499475,0.0001,7.383790851570666,2705.76171875,2705.4140625,2705.76171875,2705.76171875,2705.76171875,2705.76171875
474,0.053332931595639003,0.0038109741097938077,0.0001,7.4127879133448005,2705.76171875,2705.4140625,2705.76171875,2705.76171875,2705.76171875,2705.76171875
475,0.05333280322896084,0.010314176512263629,0.0001,8.502431318163872,2705.76171875,2705.4140625,2705.76171875,2705.76171875,2705.76171875,2705.76171875
476,0.0533326869887275,0.013198224990894403,0.0001,18.19291160721332,2705.76171875,2705.4140625,2705.76171875,2705.76171875,2705.76171875,2705.76171875
477,0.05333256180450374,0.02091699955797699,0.0001,18.848667493090034,2705.76171875,2705.4140625,2705.76171875,2705.76171875,2705.76171875,2705.76171875
478,0.05333232529402083,0.020531554030900123,0.0001,9.418828481808305,2705.76171875,2705.4140625,2705.76171875,2705.76171875,2705.76171875,2705.76171875
479,0.053332264784083136,0.02171100358687794,0.0001,28.552686132490635,2705.76171875,2705.4140625,2705.76171875,2705.76171875,2705.76171875,2705.76171875
480,0.05333170779531987,0.029347588817808745,0.0001,18.820991637185216,2705.76171875,2705.4140625,2705.76171875,2705.76171875,2705.76171875,2705.76171875
481,0.053331429588426474,0.005881613735470248,0.0001,9.177194298245013,2705.76171875,2705.4140625,2705.76171875,2705.76171875,2705.76171875,2705.76171875
482,0.05333136672367646,0.005102498275527223,0.0001,8.063636294566095,2705.76171875,2705.4140625,2705.76171875,2705.76171875,2705.76171875,2705.76171875
483,0.05333133941618469,0.0006816031794798505,0.0001,18.906735222786665,2705.76171875,2705.4140625,2705.76171875,2705.76171875,2705.76171875,2705.76171875
484,0.05333129079424182,0.0019774318848835293,0.0001,7.875374948605895,2705.76171875,2705.4140625,2705.76171875,2705.76171875,2705.76171875,2705.76171875
485,0.05333114066917479,0.002330107367514711,0.0001,8.985807782039046,2705.76171875,2705.4140625,2705.76171875,2705.76171875,2705.76171875,2705.76171875
486,0.05333056267187403,0.010076677026143344,0.0001,18.75858160480857,2705.76171875,2705.4140625,2705.76171875,2705.76171875,2705.76171875,2705.76171875
487,0.05332975109297307,0.0011724002219070107,0.0001,9.373232731595635,2705.76171875,2705.4140625,2705.76171875,2705.76171875,2705.76171875,2705.76171875
488,0.05332946033292791,0.002688738735404206,0.0001,9.389455028809607,2705.76171875,2705.4140625,2705.76171875,2705.76171875,2705.76171875,2705.76171875
489,0.05332945242308389,0.004615620791279307,0.0001,18.784622125327587,2705.76171875,2705.4140625,2705.76171875,2705.76171875,2705.76171875,2705.76171875
490,0.05332943181200018,0.00019718888942338582,0.0001,7.454608320258558,2705.76171875,2705.4140625,2705.76171875,2705.76171875,2705.76171875,2705.76171875
491,0.05332943004956002,0.00019388892277086414,0.0001,7.327219960279763,2705.76171875,2705.4140625,2705.76171875,2705.76171875,2705.76171875,2705.76171875
492,0.05332939849023682,0.002540539592281066,0.0001,18.75404894258827,2705.76171875,2705.4140625,2705.76171875,2705.76171875,2705.76171875,2705.76171875
493,0.05332923696239443,0.0017739827384968265,0.0001,7.415104610845447,2705.76171875,2705.4140625,2705.76171875,2705.76171875,2705.76171875,2705.76171875
494,0.05332864500448251,0.02280355191591643,0.0001,18.8784224614501,2705.76171875,2705.4140625,2705.76171875,2705.76171875,2705.76171875,2705.76171875
495,0.05332768889736893,0.009542166580708056,0.0001,9.437516109086573,2705.76171875,2705.4140625,2705.76171875,2705.76171875,2705.76171875,2705.76171875
496,0.053327487351638295,0.008171130376911195,0.0001,8.695712743327022,2705.76171875,2705.4140625,2705.76171875,2705.76171875,2705.76171875,2705.76171875
497,0.05332706228428851,0.0005436956079030164,0.0001,9.420597220771015,2705.76171875,2705.4140625,2705.76171875,2705.76171875,2705.76171875,2705.76171875
498,0.053326427411859965,0.002811933355389651,0.0001,9.445652140304446,2705.76171875,2705.4140625,2705.76171875,2705.76171875,2705.76171875,2705.76171875
499,0.05332575429743357,0.009148565274314402,0.0001,18.941389455460012,2705.76171875,2705.4140625,2705.76171875,2705.76171875,2705.76171875,2705.76171875
500,0.053325583024135224,0.017664124787429847,0.0001,18.917207061313093,2705.76171875,2705.4140625,2705.76171875,2705.76171875,2705.76171875,2705.76171875
501,0.05332489590553781,0.00880317613345949,0.0001,9.48042159061879,2705.76171875,2705.4140625,2705.76171875,2705.76171875,2705.76171875,2705.76171875
502,0.053324705729512756,0.013034689008499467,0.0001,9.401593775488436,2705.76171875,2705.4140625,2705.76171875,2705.76171875,2705.76171875,2705.76171875
503,0.05332460717606016,0.0021895919768788463,0.0001,18.810047883540392,2705.76171875,2705.4140625,2705.76171875,2705.76171875,2705.76171875,2705.76171875
504,0.05332446466459891,0.0027174398629343788,0.0001,8.478233339264989,2705.76171875,2705.4140625,2705.76171875,2705.76171875,2705.76171875,2705.76171875
505,0.05332444479364259,0.0037019570695613346,0.0001,19.016972340643406,2705.76171875,2705.4140625,2705.76171875,2705.76171875,2705.76171875,2705.76171875
506,0.053324402766097,0.004572135781736764,0.0001,7.826669907197356,2705.76171875,2705.4140625,2705.76171875,2705.76171875,2705.76171875,2705.76171875
507,0.05332426124516002,0.0004903512481032601,0.0001,18.994363386183977,2705.76171875,2705.4140625,2705.76171875,2705.76171875,2705.76171875,2705.76171875
508,0.05332410989819675,0.0025936848871038753,0.0001,7.6956841722130775,2705.76171875,2705.4140625,2705.76171875,2705.76171875,2705.76171875,2705.76171875
509,0.05332345530292255,0.009330710138841458,0.0001,9.497673015110195,2705.76171875,2705.4140625,2705.76171875,2705.76171875,2705.76171875,2705.76171875
510,0.05332281388999999,0.009688526620016957,0.0001,9.4974310034886,2705.76171875,2705.4140625,2705.76171875,2705.76171875,2705.76171875,2705.76171875
511,0.053322785670274424,0.015488199876044773,0.0001,28.420183027163148,2705.76171875,2705.4140625,2705.76171875,2705.76171875,2705.76171875,2705.76171875
512,0.053321962481412195,0.0013070778767726443,0.0001,18.992967640981078,2705.76171875,2705.4140625,2705.76171875,2705.76171875,2705.76171875,2705.76171875
513,0.053321387277441686,0.003875571065934613,0.0001,9.448363670147955,2705.76171875,2705.4140625,2705.76171875,2705.76171875,2705.76171875,2705.76171875
514,0.053321071915982766,0.009833294640475998,0.0001,9.512714548036456,2705.76171875,2705.4140625,2705.76171875,2705.76171875,2705.76171875,2705.76171875
515,0.05332088470737647,0.005874040246471535,0.0001,9.464745667763054,2705.76171875,2705.4140625,2705.76171875,2705.76171875,2705.76171875,2705.76171875
516,0.053320849420696384,0.00044008004715520474,0.0001,7.5971271162852645,2705.76171875,2705.4140625,2705.76171875,2705.76171875,2705.76171875,2705.76171875
517,0.05332082148647595,0.0004564800185256168,0.0001,7.469086902216077,2705.76171875,2705.4140625,2705.76171875,2705.76171875,2705.76171875,2705.76171875
518,0.05332079542930662,0.001014386681224999,0.0001,18.98385086748749,2705.76171875,2705.4140625,2705.76171875,2705.76171875,2705.76171875,2705.76171875
519,0.05332033570163198,0.005602207251513391,0.0001,8.86081426590681,2705.76171875,2705.4140625,2705.76171875,2705.76171875,2705.76171875,2705.76171875
520,0.05331836546229375,0.022133309262704515,0.0001,9.478830422274768,2705.76171875,2705.4140625,2705.76171875,2705.76171875,2705.76171875,2705.76171875
521,0.053316983687942965,0.023628041237809594,0.0001,9.470405072905123,2705.76171875,2705.4140625,2705.76171875,2705.76171875,2705.76171875,2705.76171875
522,0.05331691956358527,0.031646080999614856,0.0001,18.935968128032982,2705.76171875,2705.4140625,2705.76171875,2705.76171875,2705.76171875,2705.76171875
523,0.05331320758952694,0.026578920150042373,0.0001,9.456713063642383,2705.76171875,2705.4140625,2705.76171875,2705.76171875,2705.76171875,2705.76171875
524,0.0533079089733527,0.005149639439306908,0.0001,9.46782248467207,2705.76171875,2705.4140625,2705.76171875,2705.76171875,2705.76171875,2705.76171875
525,0.053302243644924446,0.012532942094667598,0.0001,9.469797399826348,2705.76171875,2705.4140625,2705.76171875,2705.76171875,2705.76171875,2705.76171875
526,0.05330219760637146,0.044938853582459304,0.0001,18.917876400984824,2705.76171875,2705.4140625,2705.76171875,2705.76171875,2705.76171875,2705.76171875
527,0.05329564715986324,0.025242243401999986,0.0001,9.483318157494068,2705.76171875,2705.4140625,2705.76171875,2705.76171875,2705.76171875,2705.76171875
528,0.05329097507841332,0.04926686195454455,0.0001,9.506134452298284,2705.76171875,2705.4140625,2705.76171875,2705.76171875,2705.76171875,2705.76171875
529,0.05328967208446282,0.014735848343861435,0.0001,19.5950608253479,2705.76171875,2705.4140625,2705.76171875,2705.76171875,2705.76171875,2705.76171875
530,0.05328911735524036,0.009264380357694613,0.0001,9.79704146552831,2705.76171875,2705.4140625,2705.76171875,2705.76171875,2705.76171875,2705.76171875
531,0.05328822197182395,0.007736095220127526,0.0001,19.581779406405985,2705.76171875,2705.4140625,2705.76171875,2705.76171875,2705.76171875,2705.76171875
532,0.05328771676176326,0.006694613966196972,0.0001,9.708098706789315,2705.76171875,2705.4140625,2705.76171875,2705.76171875,2705.76171875,2705.76171875
533,0.05328763224012624,0.0033007810402012616,0.0001,19.642189836129546,2705.76171875,2705.4140625,2705.76171875,2705.76171875,2705.76171875,2705.76171875
534,0.05328685271403745,0.0024140057403567727,0.0001,9.849071160890162,2705.76171875,2705.4140625,2705.76171875,2705.76171875,2705.76171875,2705.76171875
535,0.05328644095637519,0.02746908407920179,0.0001,19.658784868195653,2705.76171875,2705.4140625,2705.76171875,2705.76171875,2705.76171875,2705.76171875
536,0.053285791341498086,0.00422875034951864,0.0001,9.808814425952733,2705.76171875,2705.4140625,2705.76171875,2705.76171875,2705.76171875,2705.76171875
537,0.053285519164742084,0.00777333374746747,0.0001,9.70329664554447,2705.76171875,2705.4140625,2705.76171875,2705.76171875,2705.76171875,2705.76171875
538,0.05328549330175732,0.00014163706652444588,0.0001,7.895844974555075,2705.76171875,2705.4140625,2705.76171875,2705.76171875,2705.76171875,2705.76171875
539,0.05328548413476237,0.0005223526444733118,0.0001,7.692551768384874,2705.76171875,2705.4140625,2705.76171875,2705.76171875,2705.76171875,2705.76171875
540,0.05328545189532559,0.0017880472349263155,0.0001,7.715268969535828,2705.76171875,2705.4140625,2705.76171875,2705.76171875,2705.76171875,2705.76171875
541,0.05328536151776833,0.006307726586141538,0.0001,7.939710560254753,2705.76171875,2705.4140625,2705.76171875,2705.76171875,2705.76171875,2705.76171875
542,0.05328524996824792,0.0037461330080454935,0.0001,9.316835440695286,2705.76171875,2705.4140625,2705.76171875,2705.76171875,2705.76171875,2705.76171875
543,0.05328508528929898,0.003492206857576674,0.0001,9.767853137105703,2705.76171875,2705.4140625,2705.76171875,2705.76171875,2705.76171875,2705.76171875
544,0.053285082252206635,0.00826007159552522,0.0001,19.63542401138693,2705.76171875,2705.4140625,2705.76171875,2705.76171875,2705.76171875,2705.76171875
545,0.053285027202295186,0.00269434462056628,0.0001,9.161496941000223,2705.76171875,2705.4140625,2705.76171875,2705.76171875,2705.76171875,2705.76171875
546,0.05328501501088245,0.0005467271917327654,0.0001,7.495449718087912,2705.76171875,2705.4140625,2705.76171875,2705.76171875,2705.76171875,2705.76171875
547,0.05328501130710282,0.00016110860887041945,0.0001,7.392626924440265,2705.76171875,2705.4140625,2705.76171875,2705.76171875,2705.76171875,2705.76171875
548,0.05328501048696592,0.0007700710548477208,0.0001,14.780860756523907,2705.76171875,2705.4140625,2705.76171875,2705.76171875,2705.76171875,2705.76171875
549,0.05328500929459125,0.0009150486430913318,0.0001,7.70152806956321,2705.76171875,2705.4140625,2705.76171875,2705.76171875,2705.76171875,2705.76171875
550,0.05328500778649345,0.00023364143803683568,0.0001,7.740648374892771,2705.76171875,2705.4140625,2705.76171875,2705.76171875,2705.76171875,2705.76171875
551,0.05328500388052476,0.0009699388305283163,0.0001,7.710489818826318,2705.76171875,2705.4140625,2705.76171875,2705.76171875,2705.76171875,2705.76171875
552,0.053285002430417325,0.0007063982879101927,0.0001,7.7343005100265145,2705.76171875,2705.4140625,2705.76171875,2705.76171875,2705.76171875,2705.76171875
553,0.05328500003975268,0.0001887918604515093,0.0001,7.734789961948991,2705.76171875,2705.4140625,2705.76171875,2705.76171875,2705.76171875,2705.76171875
554,0.053284995639924365,0.001978096072416724,0.0001,7.71284582093358,2705.76171875,2705.4140625,2705.76171875,2705.76171875,2705.76171875,2705.76171875
555,0.05328499138525709,0.0026589922727031645,0.0001,7.743223832920194,2705.76171875,2705.4140625,2705.76171875,2705.76171875,2705.76171875,2705.76171875
556,0.05328498527997265,0.0020676592858175358,0.0001,7.73162773437798,2705.76171875,2705.4140625,2705.76171875,2705.76171875,2705.76171875,2705.76171875
557,0.05328498392576703,0.0033603641104160697,0.0001,18.655604489147663,2705.76171875,2705.4140625,2705.76171875,2705.76171875,2705.76171875,2705.76171875
558,0.053284977783613525,0.0015185983716474727,0.0001,7.385238710790873,2705.76171875,2705.4140625,2705.76171875,2705.76171875,2705.76171875,2705.76171875
559,0.053284971416694665,0.0006178361642283914,0.0001,7.38752134796232,2705.76171875,2705.4140625,2705.76171875,2705.76171875,2705.76171875,2705.76171875
560,0.05328496599964708,0.001813984036544869,0.0001,7.3876759288832545,2705.76171875,2705.4140625,2705.76171875,2705.76171875,2705.76171875,2705.76171875
561,0.05328496066598931,0.00269941452936151,0.0001,7.385319851338863,2705.76171875,2705.4140625,2705.76171875,2705.76171875,2705.76171875,2705.76171875
562,0.053284958485397584,0.0010031526582007233,0.0001,15.75010090507567,2705.76171875,2705.4140625,2705.76171875,2705.76171875,2705.76171875,2705.76171875
563,0.05328495316358718,0.0008714025274952908,0.0001,7.3924985360354185,2705.76171875,2705.4140625,2705.76171875,2705.76171875,2705.76171875,2705.76171875
564,0.053284931823575285,0.0025935532939367345,0.0001,7.386620535515249,2705.76171875,2705.4140625,2705.76171875,2705.76171875,2705.76171875,2705.76171875
565,0.053284909998921416,0.005036328616025987,0.0001,7.392850897274911,2705.76171875,2705.4140625,2705.76171875,2705.76171875,2705.76171875,2705.76171875
566,0.05328485334839338,0.00903341551695469,0.0001,7.573020074516535,2705.76171875,2705.4140625,2705.76171875,2705.76171875,2705.76171875,2705.76171875
567,0.05328478567944962,0.010106729156768468,0.0001,8.005838129669428,2705.76171875,2705.4140625,2705.76171875,2705.76171875,2705.76171875,2705.76171875
568,0.05328477911397948,0.006894472789822581,0.0001,18.938725127838552,2705.76171875,2705.4140625,2705.76171875,2705.76171875,2705.76171875,2705.76171875
569,0.053284733087945985,0.005753827424423319,0.0001,7.853429376147687,2705.76171875,2705.4140625,2705.76171875,2705.76171875,2705.76171875,2705.76171875
570,0.05328471533577876,0.0017230595430537399,0.0001,18.924534119665623,2705.76171875,2705.4140625,2705.76171875,2705.76171875,2705.76171875,2705.76171875
571,0.05328469317104499,0.0002217453330664032,0.0001,7.384337858296931,2705.76171875,2705.4140625,2705.76171875,2705.76171875,2705.76171875,2705.76171875
572,0.053284680499126866,0.0001959395254785834,0.0001,7.378469172865152,2705.76171875,2705.4140625,2705.76171875,2705.76171875,2705.76171875,2705.76171875
573,0.053284666149700684,0.0006689171180489506,0.0001,7.395273435860872,2705.76171875,2705.4140625,2705.76171875,2705.76171875,2705.76171875,2705.76171875
574,0.053284664440305385,0.000880525715179048,0.0001,17.777591180056334,2705.76171875,2705.4140625,2705.76171875,2705.76171875,2705.76171875,2705.76171875
575,0.05328465731408522,0.00041205644192432445,0.0001,7.484282490797341,2705.76171875,2705.4140625,2705.76171875,2705.76171875,2705.76171875,2705.76171875
576,0.05328464781393506,0.003294897661194618,0.0001,7.601641013287008,2705.76171875,2705.4140625,2705.76171875,2705.76171875,2705.76171875,2705.76171875
577,0.053284632800772204,0.001202191311765688,0.0001,7.481002768501639,2705.76171875,2705.4140625,2705.76171875,2705.76171875,2705.76171875,2705.76171875
578,0.05328460026301686,0.0004391122865499142,0.0001,7.473892345093191,2705.76171875,2705.4140625,2705.76171875,2705.76171875,2705.76171875,2705.76171875
579,0.053284517732253386,0.000906156317975193,0.0001,8.033424423076212,2705.76171875,2705.4140625,2705.76171875,2705.76171875,2705.76171875,2705.76171875
580,0.05328450111240616,0.006168092738650044,0.0001,26.518153404816985,2705.76171875,2705.4140625,2705.76171875,2705.76171875,2705.76171875,2705.76171875
581,0.05328436411306682,0.005851828085033595,0.0001,8.261933096684515,2705.76171875,2705.4140625,2705.76171875,2705.76171875,2705.76171875,2705.76171875
582,0.05328434973113287,0.003412877801555969,0.0001,18.880565939471126,2705.76171875,2705.4140625,2705.76171875,2705.76171875,2705.76171875,2705.76171875
583,0.05328404092103356,0.0007197345014013923,0.0001,9.41349398251623,2705.76171875,2705.4140625,2705.76171875,2705.76171875,2705.76171875,2705.76171875
584,0.053283762482972494,0.005327651804770683,0.0001,9.14141258969903,2705.76171875,2705.4140625,2705.76171875,2705.76171875,2705.76171875,2705.76171875
585,0.05328341393492847,0.007234305676873776,0.0001,8.6055698543787,2705.76171875,2705.4140625,2705.76171875,2705.76171875,2705.76171875,2705.76171875
586,0.05328337034349359,0.018975601166335787,0.0001,18.81004127394408,2705.76171875,2705.4140625,2705.76171875,2705.76171875,2705.76171875,2705.76171875
587,0.0532829252082426,0.012435563708085962,0.0001,7.993852976709604,2705.76171875,2705.4140625,2705.76171875,2705.76171875,2705.76171875,2705.76171875
588,0.05328252578371043,0.00278480563685779,0.0001,9.412930089980364,2705.76171875,2705.4140625,2705.76171875,2705.76171875,2705.76171875,2705.76171875
589,0.05328237837507388,0.0053775796035429035,0.0001,9.438220543786883,2705.76171875,2705.4140625,2705.76171875,2705.76171875,2705.76171875,2705.76171875
590,0.053282333440108916,0.0025271724922484307,0.0001,18.89392903354019,2705.76171875,2705.4140625,2705.76171875,2705.76171875,2705.76171875,2705.76171875
591,0.05328228344345152,0.0024950014650210184,0.0001,7.458992904052138,2705.76171875,2705.4140625,2705.76171875,2705.76171875,2705.76171875,2705.76171875
592,0.05328227704782682,0.0024048647353975827,0.0001,26.35324610862881,2705.76171875,2705.4140625,2705.76171875,2705.76171875,2705.76171875,2705.76171875
593,0.05328219275037143,0.0032222303152229514,0.0001,18.876324576325715,2705.76171875,2705.4140625,2705.76171875,2705.76171875,2705.76171875,2705.76171875
594,0.05328201596299577,0.0031546278753293855,0.0001,9.4495420595631,2705.76171875,2705.4140625,2705.76171875,2705.76171875,2705.76171875,2705.76171875
595,0.05328181517550579,0.007948234092184592,0.0001,29.318453811109066,2705.76171875,2705.4140625,2705.76171875,2705.76171875,2705.76171875,2705.76171875
596,0.05328162157983474,0.003399762433299758,0.0001,8.650638417340815,2705.76171875,2705.4140625,2705.76171875,2705.76171875,2705.76171875,2705.76171875
597,0.053281577266216656,0.009217155121997056,0.0001,18.73291429784149,2705.76171875,2705.4140625,2705.76171875,2705.76171875,2705.76171875,2705.76171875
598,0.05328152361528375,0.0006257875064604734,0.0001,9.121544102206826,2705.76171875,2705.4140625,2705.76171875,2705.76171875,2705.76171875,2705.76171875
599,0.05328149624807452,0.0013837898070907517,0.0001,7.382246263325214,2705.76171875,2705.4140625,2705.76171875,2705.76171875,2705.76171875,2705.76171875
600,0.05328145493609654,0.003090191071488446,0.0001,9.452278340235353,2705.76171875,2705.4140625,2705.76171875,2705.76171875,2705.76171875,2705.76171875
601,0.053281307558651896,0.002902706044696779,0.0001,9.346490235067904,2705.76171875,2705.4140625,2705.76171875,2705.76171875,2705.76171875,2705.76171875
602,0.05328123033037044,0.0016450012691240357,0.0001,8.409514551050961,2705.76171875,2705.4140625,2705.76171875,2705.76171875,2705.76171875,2705.76171875
603,0.05328121467543913,0.0004370934560556927,0.0001,7.371673420071602,2705.76171875,2705.4140625,2705.76171875,2705.76171875,2705.76171875,2705.76171875
604,0.053281203216187206,0.00036539482226767046,0.0001,7.398816808126867,2705.76171875,2705.4140625,2705.76171875,2705.76171875,2705.76171875,2705.76171875
605,0.05328118178324909,0.004789568466255223,0.0001,18.873989618383348,2705.76171875,2705.4140625,2705.76171875,2705.76171875,2705.76171875,2705.76171875
606,0.05328112711383425,0.0035425587063538932,0.0001,7.37215603236109,2705.76171875,2705.4140625,2705.76171875,2705.76171875,2705.76171875,2705.76171875
607,0.05328088232777554,0.0006775690625024922,0.0001,8.580214119516313,2705.76171875,2705.4140625,2705.76171875,2705.76171875,2705.76171875,2705.76171875
608,0.05328052912522217,0.00805510183295799,0.0001,9.104600668884814,2705.76171875,2705.4140625,2705.76171875,2705.76171875,2705.76171875,2705.76171875
609,0.05328012418537845,0.0021277889339532674,0.0001,9.447901922278106,2705.76171875,2705.4140625,2705.76171875,2705.76171875,2705.76171875,2705.76171875
610,0.05327993829927151,0.009922339588263496,0.0001,18.876131132245064,2705.76171875,2705.4140625,2705.76171875,2705.76171875,2705.76171875,2705.76171875
611,0.053279758214605,0.005644195730900359,0.0001,8.583530695177615,2705.76171875,2705.4140625,2705.76171875,2705.76171875,2705.76171875,2705.76171875
612,0.053279568401923535,0.0014654050871831803,0.0001,9.177652854472399,2705.76171875,2705.4140625,2705.76171875,2705.76171875,2705.76171875,2705.76171875
613,0.05327943348316165,0.006792781914546242,0.0001,9.4371786294505,2705.76171875,2705.4140625,2705.76171875,2705.76171875,2705.76171875,2705.76171875
614,0.05327934994861674,0.007345268189831944,0.0001,7.429015323519707,2705.76171875,2705.4140625,2705.76171875,2705.76171875,2705.76171875,2705.76171875
615,0.05327892145967328,0.0060481207479705645,0.0001,9.157352429814637,2705.76171875,2705.4140625,2705.76171875,2705.76171875,2705.76171875,2705.76171875
616,0.053278895557188004,0.00039918896733248665,0.0001,18.892038583755493,2705.76171875,2705.4140625,2705.76171875,2705.76171875,2705.76171875,2705.76171875
617,0.05327844671136672,0.0034999195134015615,0.0001,9.30298485327512,2705.76171875,2705.4140625,2705.76171875,2705.76171875,2705.76171875,2705.76171875
618,0.05327719819495624,0.00879161501466319,0.0001,9.437287197448313,2705.76171875,2705.4140625,2705.76171875,2705.76171875,2705.76171875,2705.76171875
619,0.05327527675361937,0.01786357819015505,0.0001,9.449992810375988,2705.76171875,2705.4140625,2705.76171875,2705.76171875,2705.76171875,2705.76171875
620,0.05327192500102697,0.015358621345406442,0.0001,9.4409992210567,2705.76171875,2705.4140625,2705.76171875,2705.76171875,2705.76171875,2705.76171875
621,0.05327187013344545,0.03501190572500135,0.0001,18.846754467114806,2705.76171875,2705.4140625,2705.76171875,2705.76171875,2705.76171875,2705.76171875
622,0.05327051501911545,0.013531786752591923,0.0001,9.39940644428134,2705.76171875,2705.4140625,2705.76171875,2705.76171875,2705.76171875,2705.76171875
623,0.05326989637921026,0.002352410603793542,0.0001,9.448810846544802,2705.76171875,2705.4140625,2705.76171875,2705.76171875,2705.76171875,2705.76171875
624,0.05326946265831568,0.006103921655101763,0.0001,9.81301371846348,2705.76171875,2705.4140625,2705.76171875,2705.76171875,2705.76171875,2705.76171875
625,0.053269366622796986,0.004007974406865733,0.0001,19.36460665985942,2705.76171875,2705.4140625,2705.76171875,2705.76171875,2705.76171875,2705.76171875
626,0.0532693019716953,0.0032587233558007966,0.0001,9.313492796383798,2705.76171875,2705.4140625,2705.76171875,2705.76171875,2705.76171875,2705.76171875
627,0.05326928060696396,0.0019494768561667541,0.0001,19.990834734402597,2705.76171875,2705.4140625,2705.76171875,2705.76171875,2705.76171875,2705.76171875
628,0.053268557731278664,0.005900076053837133,0.0001,9.697875294834375,2705.76171875,2705.4140625,2705.76171875,2705.76171875,2705.76171875,2705.76171875
629,0.053267210851352775,0.0096568534232504,0.0001,9.58119366504252,2705.76171875,2705.4140625,2705.76171875,2705.76171875,2705.76171875,2705.76171875
630,0.053262368702960174,0.005499929107669499,0.0001,9.663511781953275,2705.76171875,2705.4140625,2705.76171875,2705.76171875,2705.76171875,2705.76171875
631,0.05326172301719236,0.04238283394257647,0.0001,18.927216812968254,2705.76171875,2705.4140625,2705.76171875,2705.76171875,2705.76171875,2705.76171875
632,0.053258347710098394,0.04000000000000081,0.0001,19.003003207966685,2705.76171875,2705.4140625,2705.76171875,2705.76171875,2705.76171875,2705.76171875
633,0.05325766984663351,0.027234317162057597,0.0001,18.964341928251088,2705.76171875,2705.4140625,2705.76171875,2705.76171875,2705.76171875,2705.76171875
634,0.053256114953863336,0.0008059616326646646,0.0001,9.460603311657906,2705.76171875,2705.4140625,2705.76171875,2705.76171875,2705.76171875,2705.76171875
635,0.05325109653989942,0.0007979583153384651,0.0001,9.452263737097383,2705.76171875,2705.4140625,2705.76171875,2705.76171875,2705.76171875,2705.76171875
636,0.053250953267126665,0.0018470670510303266,0.0001,22.920154547318816,2705.76171875,2705.4140625,2705.76171875,2705.76171875,2705.76171875,2705.76171875
637,0.053248878688499854,0.030487933715596993,0.0001,18.8856914434582,2705.76171875,2705.4140625,2705.76171875,2705.76171875,2705.76171875,2705.76171875
638,0.053246733341499666,0.04259914998805381,0.0001,9.447894073091447,2705.76171875,2705.4140625,2705.76171875,2705.76171875,2705.76171875,2705.76171875
639,0.05324612657233806,0.011686151876886264,0.0001,27.639414453879,2705.76171875,2705.4140625,2705.76171875,2705.76171875,2705.76171875,2705.76171875
640,0.05324511498561431,0.0014184737892116717,0.0001,19.54381217621267,2705.76171875,2705.4140625,2705.76171875,2705.76171875,2705.76171875,2705.76171875
641,0.05324492951823055,0.011031547213220971,0.0001,19.33775773551315,2705.76171875,2705.4140625,2705.76171875,2705.76171875,2705.76171875,2705.76171875
642,0.053244775555972026,0.003952261334995155,0.0001,19.61251002922654,2705.76171875,2705.4140625,2705.76171875,2705.76171875,2705.76171875,2705.76171875
643,0.05324456543817662,0.0035793219362982853,0.0001,8.044761301018298,2705.76171875,2705.4140625,2705.76171875,2705.76171875,2705.76171875,2705.76171875
644,0.053244259061943786,0.008197101934605655,0.0001,19.591247932054102,2705.76171875,2705.4140625,2705.76171875,2705.76171875,2705.76171875,2705.76171875
645,0.05324387204202951,0.001654323813279568,0.0001,9.77002879139036,2705.76171875,2705.4140625,2705.76171875,2705.76171875,2705.76171875,2705.76171875
646,0.05324370699955132,0.0013202535290093298,0.0001,7.791970994323492,2705.76171875,2705.4140625,2705.76171875,2705.76171875,2705.76171875,2705.76171875
647,0.05324279098064319,0.013469108825322929,0.0001,9.794866411015391,2705.76171875,2705.4140625,2705.76171875,2705.76171875,2705.76171875,2705.76171875
648,0.053242443197742434,0.001553222999054693,0.0001,9.76494555734098,2705.76171875,2705.4140625,2705.76171875,2705.76171875,2705.76171875,2705.76171875
649,0.05324234764352852,0.0018659262383862174,0.0001,9.105637759901583,2705.76171875,2705.4140625,2705.76171875,2705.76171875,2705.76171875,2705.76171875
650,0.053242320184300515,0.007284764023083867,0.0001,26.66092843748629,2705.76171875,2705.4140625,2705.76171875,2705.76171875,2705.76171875,2705.76171875
651,0.05324219444252593,0.0053599729787070505,0.0001,9.450537556782365,2705.76171875,2705.4140625,2705.76171875,2705.76171875,2705.76171875,2705.76171875
652,0.05324214803788,0.0016204305394060814,0.0001,18.757143765687943,2705.76171875,2705.4140625,2705.76171875,2705.76171875,2705.76171875,2705.76171875
653,0.05324206521071735,0.00039423343276023814,0.0001,8.030406823381782,2705.76171875,2705.4140625,2705.76171875,2705.76171875,2705.76171875,2705.76171875
654,0.05324201483803018,0.0008043130211418115,0.0001,7.6316897654905915,2705.76171875,2705.4140625,2705.76171875,2705.76171875,2705.76171875,2705.76171875
655,0.05324200847137994,0.0007269773694922321,0.0001,19.552050231024623,2705.76171875,2705.4140625,2705.76171875,2705.76171875,2705.76171875,2705.76171875
656,0.05324197502544099,0.0016147079583830326,0.0001,7.652039090171456,2705.76171875,2705.4140625,2705.76171875,2705.76171875,2705.76171875,2705.76171875
657,0.053241930109249117,0.0028757276328599257,0.0001,7.643652304075658,2705.76171875,2705.4140625,2705.76171875,2705.76171875,2705.76171875,2705.76171875
658,0.05324182786265084,0.004942998529612552,0.0001,9.3355393409729,2705.76171875,2705.4140625,2705.76171875,2705.76171875,2705.76171875,2705.76171875
659,0.053241764526885615,0.006166755061884466,0.0001,19.389620975591242,2705.76171875,2705.4140625,2705.76171875,2705.76171875,2705.76171875,2705.76171875
660,0.05324167556221527,0.0038946379416007204,0.0001,7.740471282042563,2705.76171875,2705.4140625,2705.76171875,2705.76171875,2705.76171875,2705.76171875
661,0.05324164688776838,0.03292531174616642,0.0001,8.790979420766234,2705.76171875,2705.4140625,2705.76171875,2705.76171875,2705.76171875,2705.76171875
662,0.05324145039789192,0.01202656040052319,0.0001,7.672259414568543,2705.76171875,2705.4140625,2705.76171875,2705.76171875,2705.76171875,2705.76171875
663,0.05324136367904466,0.0023273440017501645,0.0001,7.745326987467706,2705.76171875,2705.4140625,2705.76171875,2705.76171875,2705.76171875,2705.76171875
664,0.05324127882180199,0.0014471761471988032,0.0001,8.129228046163917,2705.76171875,2705.4140625,2705.76171875,2705.76171875,2705.76171875,2705.76171875
665,0.05324119338328711,0.001179765681085465,0.0001,7.888920214027166,2705.76171875,2705.4140625,2705.76171875,2705.76171875,2705.76171875,2705.76171875
666,0.05324119055983331,0.008180315141077976,0.0001,19.607031607069075,2705.76171875,2705.4140625,2705.76171875,2705.76171875,2705.76171875,2705.76171875
667,0.053241065258928785,0.0010856447195231045,0.0001,8.323807576671243,2705.76171875,2705.4140625,2705.76171875,2705.76171875,2705.76171875,2705.76171875
668,0.05324099875963112,0.0040537758489641584,0.0001,7.743411417119205,2705.76171875,2705.4140625,2705.76171875,2705.76171875,2705.76171875,2705.76171875
669,0.053240950197987066,0.006075264661835278,0.0001,7.7352152755483985,2705.76171875,2705.4140625,2705.76171875,2705.76171875,2705.76171875,2705.76171875
670,0.0532408645933958,0.006663065183121986,0.0001,7.683671751059592,2705.76171875,2705.4140625,2705.76171875,2705.76171875,2705.76171875,2705.76171875
671,0.053240691520457725,0.010373587340229085,0.0001,19.383703980594873,2705.76171875,2705.4140625,2705.76171875,2705.76171875,2705.76171875,2705.76171875
672,0.053240535217824535,0.0017872290431233395,0.0001,9.827204027213156,2705.76171875,2705.4140625,2705.76171875,2705.76171875,2705.76171875,2705.76171875
673,0.053240495580123816,0.0021280711057691803,0.0001,8.10577500704676,2705.76171875,2705.4140625,2705.76171875,2705.76171875,2705.76171875,2705.76171875
674,0.053240490270559375,0.008640450948588674,0.0001,19.7730323523283,2705.76171875,2705.4140625,2705.76171875,2705.76171875,2705.76171875,2705.76171875
675,0.05324046601552429,0.00270186643978243,0.0001,7.812488571740687,2705.76171875,2705.4140625,2705.76171875,2705.76171875,2705.76171875,2705.76171875
676,0.05324045169385661,0.00019015667320838742,0.0001,7.748340868391097,2705.76171875,2705.4140625,2705.76171875,2705.76171875,2705.76171875,2705.76171875
677,0.053240421839905704,0.004619770854544236,0.0001,7.733755450695753,2705.76171875,2705.4140625,2705.76171875,2705.76171875,2705.76171875,2705.76171875
678,0.053240389910271926,0.006842576153550106,0.0001,7.800341294147074,2705.76171875,2705.4140625,2705.76171875,2705.76171875,2705.76171875,2705.76171875
679,0.05324034727081648,0.0059775934463809355,0.0001,8.062295269221067,2705.76171875,2705.4140625,2705.76171875,2705.76171875,2705.76171875,2705.76171875
680,0.05324034244014749,0.007509564748395259,0.0001,19.759734698571265,2705.76171875,2705.4140625,2705.76171875,2705.76171875,2705.76171875,2705.76171875
681,0.05324030021727111,0.0021045226997723487,0.0001,8.123025902546942,2705.76171875,2705.4140625,2705.76171875,2705.76171875,2705.76171875,2705.76171875
682,0.053240280823065284,0.0012102362523083166,0.0001,7.734826004132628,2705.76171875,2705.4140625,2705.76171875,2705.76171875,2705.76171875,2705.76171875
683,0.05324026916820776,0.0031441880704436986,0.0001,7.716119925491512,2705.76171875,2705.4140625,2705.76171875,2705.76171875,2705.76171875,2705.76171875
684,0.05324026215452053,0.0036536693169306744,0.0001,7.743238002061844,2705.76171875,2705.4140625,2705.76171875,2705.76171875,2705.76171875,2705.76171875
685,0.05324024697199448,0.0009125184097635852,0.0001,7.749480600468814,2705.76171875,2705.4140625,2705.76171875,2705.76171875,2705.76171875,2705.76171875
686,0.053240235059019606,0.005670694069700666,0.0001,7.809091011993587,2705.76171875,2705.4140625,2705.76171875,2705.76171875,2705.76171875,2705.76171875
687,0.053240220046883585,0.0024952436692191604,0.0001,7.735877147875726,2705.76171875,2705.4140625,2705.76171875,2705.76171875,2705.76171875,2705.76171875
688,0.05324021365902835,0.000159287983290197,0.0001,7.733410440385342,2705.76171875,2705.4140625,2705.76171875,2705.76171875,2705.76171875,2705.76171875
689,0.05324021154229619,0.00026131563079967446,0.0001,7.721735713072121,2705.76171875,2705.4140625,2705.76171875,2705.76171875,2705.76171875,2705.76171875
690,0.05324019188757869,0.0019887407976389992,0.0001,7.763954907655716,2705.76171875,2705.4140625,2705.76171875,2705.76171875,2705.76171875,2705.76171875
691,0.05324016013821283,0.0037673248806197046,0.0001,7.757945328950882,2705.76171875,2705.4140625,2705.76171875,2705.76171875,2705.76171875,2705.76171875
692,0.0532401041848133,0.003311857287182751,0.0001,8.53451170399785,2705.76171875,2705.4140625,2705.76171875,2705.76171875,2705.76171875,2705.76171875
693,0.05324009809979538,0.006886482556472395,0.0001,19.796614587306976,2705.76171875,2705.4140625,2705.76171875,2705.76171875,2705.76171875,2705.76171875
694,0.05324004941861772,0.003925186815565307,0.0001,7.96679877396673,2705.76171875,2705.4140625,2705.76171875,2705.76171875,2705.76171875,2705.76171875
695,0.05324002630765441,0.0005752577372762913,0.0001,7.531975966878235,2705.76171875,2705.4140625,2705.76171875,2705.76171875,2705.76171875,2705.76171875
696,0.053240021435731255,0.0006528008939588048,0.0001,7.455707761459053,2705.76171875,2705.4140625,2705.76171875,2705.76171875,2705.76171875,2705.76171875
697,0.053240018065957274,0.0012581864199932014,0.0001,7.470001568086445,2705.76171875,2705.4140625,2705.76171875,2705.76171875,2705.76171875,2705.76171875
698,0.05324001154562761,0.0009903539504264591,0.0001,7.487269792705774,2705.76171875,2705.4140625,2705.76171875,2705.76171875,2705.76171875,2705.76171875
699,0.053239999268461936,0.0031050356623960607,0.0001,7.626984374597669,2705.76171875,2705.4140625,2705.76171875,2705.76171875,2705.76171875,2705.76171875
700,0.053239980172172414,0.0032628942494410396,0.0001,7.4827590780332685,2705.76171875,2705.4140625,2705.76171875,2705.76171875,2705.76171875,2705.76171875
701,0.053239848231060954,0.00040765004769949265,0.0001,9.566866444423795,2705.76171875,2705.4140625,2705.76171875,2705.76171875,2705.76171875,2705.76171875
702,0.05323982152310935,0.00021191437106359825,0.0001,8.132442851550877,2705.76171875,2705.4140625,2705.76171875,2705.76171875,2705.76171875,2705.76171875
703,0.05323975280463255,0.005443550217860138,0.0001,8.738378441892564,2705.76171875,2705.4140625,2705.76171875,2705.76171875,2705.76171875,2705.76171875
704,0.05323967439724582,0.006857068104208164,0.0001,7.4862005496397614,2705.76171875,2705.4140625,2705.76171875,2705.76171875,2705.76171875,2705.76171875
705,0.053239656558007435,0.0007346483988092123,0.0001,19.09938968718052,2705.76171875,2705.4140625,2705.76171875,2705.76171875,2705.76171875,2705.76171875
706,0.05323958150652513,0.0010300260379848547,0.0001,7.784434144385159,2705.76171875,2705.4140625,2705.76171875,2705.76171875,2705.76171875,2705.76171875
707,0.05323949885141967,0.009268598100838243,0.0001,19.070048620924354,2705.76171875,2705.4140625,2705.76171875,2705.76171875,2705.76171875,2705.76171875
708,0.05323941443830227,0.008015782445530029,0.0001,7.542061861604452,2705.76171875,2705.4140625,2705.76171875,2705.76171875,2705.76171875,2705.76171875
709,0.05323937544752265,0.006775456095112764,0.0001,9.584222650155425,2705.76171875,2705.4140625,2705.76171875,2705.76171875,2705.76171875,2705.76171875
710,0.053239289573987617,0.0017508100579888275,0.0001,7.576663581654429,2705.76171875,2705.4140625,2705.76171875,2705.76171875,2705.76171875,2705.76171875
711,0.053239277049366956,0.0006389771173117564,0.0001,7.659038438461721,2705.76171875,2705.4140625,2705.76171875,2705.76171875,2705.76171875,2705.76171875
712,0.05323925366417412,0.0007618372674530471,0.0001,7.578305058181286,2705.76171875,2705.4140625,2705.76171875,2705.76171875,2705.76171875,2705.76171875
713,0.05323918615703867,0.0024979888517807636,0.0001,19.350900790654123,2705.76171875,2705.4140625,2705.76171875,2705.76171875,2705.76171875,2705.76171875
714,0.0532391327477898,0.0004237734249037395,0.0001,19.294065326452255,2705.76171875,2705.4140625,2705.76171875,2705.76171875,2705.76171875,2705.76171875
715,0.053238850996872214,0.004876726752981675,0.0001,9.347842025570571,2705.76171875,2705.4140625,2705.76171875,2705.76171875,2705.76171875,2705.76171875
716,0.05323787542965708,0.0037591401289984727,0.0001,9.644430294632912,2705.76171875,2705.4140625,2705.76171875,2705.76171875,2705.76171875,2705.76171875
717,0.053237787150111016,0.01936399188592175,0.0001,28.91620489023626,2705.76171875,2705.4140625,2705.76171875,2705.76171875,2705.76171875,2705.76171875
718,0.05323742760180181,0.016745724611740287,0.0001,19.318856238387525,2705.76171875,2705.4140625,2705.76171875,2705.76171875,2705.76171875,2705.76171875
719,0.053237350148005735,0.012654264285673067,0.0001,19.397049771621823,2705.76171875,2705.4140625,2705.76171875,2705.76171875,2705.76171875,2705.76171875
720,0.053237084645961524,0.008097258018745501,0.0001,9.619574943557382,2705.76171875,2705.4140625,2705.76171875,2705.76171875,2705.76171875,2705.76171875
721,0.053237005311241134,0.006120956373157016,0.0001,7.5686466647312045,2705.76171875,2705.4140625,2705.76171875,2705.76171875,2705.76171875,2705.76171875
722,0.05323699169608768,0.002234588009040639,0.0001,9.008345864713192,2705.76171875,2705.4140625,2705.76171875,2705.76171875,2705.76171875,2705.76171875
723,0.053236970928076915,0.002928024770902926,0.0001,9.65192136913538,2705.76171875,2705.4140625,2705.76171875,2705.76171875,2705.76171875,2705.76171875
724,0.05323691587365715,0.0021926406201019377,0.0001,9.671511679887772,2705.76171875,2705.4140625,2705.76171875,2705.76171875,2705.76171875,2705.76171875
725,0.05323687526411924,0.00041081730926118,0.0001,8.195156277157366,2705.76171875,2705.4140625,2705.76171875,2705.76171875,2705.76171875,2705.76171875
726,0.05323686866079943,0.00023146823647191006,0.0001,7.584304664283991,2705.76171875,2705.4140625,2705.76171875,2705.76171875,2705.76171875,2705.76171875
727,0.05323685957375667,0.00014826826023275894,0.0001,7.622890695929527,2705.76171875,2705.4140625,2705.76171875,2705.76171875,2705.76171875,2705.76171875
728,0.05323677997465623,0.00015663645937996602,0.0001,7.819809526205063,2705.76171875,2705.4140625,2705.76171875,2705.76171875,2705.76171875,2705.76171875
729,0.053236778657589724,0.0013099909368328166,0.0001,19.370297777466476,2705.76171875,2705.4140625,2705.76171875,2705.76171875,2705.76171875,2705.76171875
730,0.05323671436069804,0.0007034460283412702,0.0001,7.633960890583694,2705.76171875,2705.4140625,2705.76171875,2705.76171875,2705.76171875,2705.76171875
731,0.05323671187629528,0.001961465104165172,0.0001,19.401767916046083,2705.76171875,2705.4140625,2705.76171875,2705.76171875,2705.76171875,2705.76171875
732,0.053236658363169646,0.00025664342259745787,0.0001,7.599296911619604,2705.76171875,2705.4140625,2705.76171875,2705.76171875,2705.76171875,2705.76171875
733,0.053236614945714515,0.0002443186047550639,0.0001,7.650348243303597,2705.76171875,2705.4140625,2705.76171875,2705.76171875,2705.76171875,2705.76171875
734,0.05323660233747018,0.0033376141086485234,0.0001,19.336285090073943,2705.76171875,2705.4140625,2705.76171875,2705.76171875,2705.76171875,2705.76171875
735,0.053236540814566975,0.0023278997574407434,0.0001,8.35216506011784,2705.76171875,2705.4140625,2705.76171875,2705.76171875,2705.76171875,2705.76171875
736,0.053236453687735955,0.0015807491365347204,0.0001,8.830900985747576,2705.76171875,2705.4140625,2705.76171875,2705.76171875,2705.76171875,2705.76171875
737,0.05323633332033896,0.0032248654362074802,0.0001,8.824456106871367,2705.76171875,2705.4140625,2705.76171875,2705.76171875,2705.76171875,2705.76171875
738,0.053236254509800525,0.0019942598161062364,0.0001,7.763170678168535,2705.76171875,2705.4140625,2705.76171875,2705.76171875,2705.76171875,2705.76171875
739,0.053236115760100164,0.004680362450888431,0.0001,8.176079765893519,2705.76171875,2705.4140625,2705.76171875,2705.76171875,2705.76171875,2705.76171875
740,0.05323595884362229,0.0025214434495420823,0.0001,7.756332057528198,2705.76171875,2705.4140625,2705.76171875,2705.76171875,2705.76171875,2705.76171875
741,0.05323585490311999,0.0054534963455568075,0.0001,8.26635233964771,2705.76171875,2705.4140625,2705.76171875,2705.76171875,2705.76171875,2705.76171875
742,0.053235828074295916,0.0029149069522736992,0.0001,16.682170880958438,2705.76171875,2705.4140625,2705.76171875,2705.76171875,2705.76171875,2705.76171875
743,0.053235803658106325,0.001085324344752947,0.0001,7.596675185486674,2705.76171875,2705.4140625,2705.76171875,2705.76171875,2705.76171875,2705.76171875
744,0.05323575470554279,0.00038246718102952215,0.0001,7.719498979859054,2705.76171875,2705.4140625,2705.76171875,2705.76171875,2705.76171875,2705.76171875
745,0.053235675318485484,0.009667787960212726,0.0001,18.194084553048015,2705.76171875,2705.4140625,2705.76171875,2705.76171875,2705.76171875,2705.76171875
746,0.053235607709921084,0.020998452194796124,0.0001,8.52158748358488,2705.76171875,2705.4140625,2705.76171875,2705.76171875,2705.76171875,2705.76171875
747,0.0532354951123513,0.0031401199236926747,0.0001,8.053556632250547,2705.76171875,2705.4140625,2705.76171875,2705.76171875,2705.76171875,2705.76171875
748,0.05323543998188311,0.000508861717487985,0.0001,7.572078607045114,2705.76171875,2705.4140625,2705.76171875,2705.76171875,2705.76171875,2705.76171875
749,0.05323536378915944,0.0028258165519174927,0.0001,8.419179684482515,2705.76171875,2705.4140625,2705.76171875,2705.76171875,2705.76171875,2705.76171875
750,0.05323532900768474,0.004329809130316997,0.0001,7.680130284279585,2705.76171875,2705.4140625,2705.76171875,2705.76171875,2705.76171875,2705.76171875
751,0.053235262166598414,0.0062086416461395455,0.0001,8.280088659375906,2705.76171875,2705.4140625,2705.76171875,2705.76171875,2705.76171875,2705.76171875
752,0.05323517759202413,0.004341428617754217,0.0001,9.210661536082625,2705.76171875,2705.4140625,2705.76171875,2705.76171875,2705.76171875,2705.76171875
753,0.05323517118491717,0.007107023054240824,0.0001,19.3572757570073,2705.76171875,2705.4140625,2705.76171875,2705.76171875,2705.76171875,2705.76171875
754,0.053235097228532785,0.0020163356966426127,0.0001,7.997148530557752,2705.76171875,2705.4140625,2705.76171875,2705.76171875,2705.76171875,2705.76171875
755,0.05323505559184132,0.002683326296023969,0.0001,8.130484838970006,2705.76171875,2705.4140625,2705.76171875,2705.76171875,2705.76171875,2705.76171875
756,0.05323504617981953,0.0019461552654724823,0.0001,7.589045801199973,2705.76171875,2705.4140625,2705.76171875,2705.76171875,2705.76171875,2705.76171875
757,0.053235040461963826,0.00011630156696876847,0.0001,7.604313690215349,2705.76171875,2705.4140625,2705.76171875,2705.76171875,2705.76171875,2705.76171875
758,0.05323503943428977,0.0006497658109805293,0.0001,7.594959730282426,2705.76171875,2705.4140625,2705.76171875,2705.76171875,2705.76171875,2705.76171875
759,0.053235037768199586,0.001098093027395941,0.0001,7.578925398178399,2705.76171875,2705.4140625,2705.76171875,2705.76171875,2705.76171875,2705.76171875
760,0.053235027984313274,0.0014374020559773104,0.0001,15.191659896634519,2705.76171875,2705.4140625,2705.76171875,2705.76171875,2705.76171875,2705.76171875
761,0.053235009059252,0.003360385174647318,0.0001,7.589820352382958,2705.76171875,2705.4140625,2705.76171875,2705.76171875,2705.76171875,2705.76171875
762,0.05323499047502771,0.0030920873960402773,0.0001,7.67320339102298,2705.76171875,2705.4140625,2705.76171875,2705.76171875,2705.76171875,2705.76171875
763,0.05323497944622372,0.00298385628772313,0.0001,19.34690348431468,2705.76171875,2705.4140625,2705.76171875,2705.76171875,2705.76171875,2705.76171875
764,0.053234979225831716,0.002323173421633573,0.0001,19.136025106534362,2705.76171875,2705.4140625,2705.76171875,2705.76171875,2705.76171875,2705.76171875
765,0.05323497105017555,0.0006002195416403566,0.0001,7.512590795755386,2705.76171875,2705.4140625,2705.76171875,2705.76171875,2705.76171875,2705.76171875
766,0.05323496924907084,8.193558778570019e-05,0.0001,7.522202545776963,2705.76171875,2705.4140625,2705.76171875,2705.76171875,2705.76171875,2705.76171875
