iteration,model_cost,projected_grad_inf_norm,epsilon,iter_time_sec,rss_mb,peak_rss_mb,cost_rss_before_mb,cost_rss_after_mb,grad_rss_before_mb,grad_rss_after_mb
1,0.998984654803178,1.0,0.0001,nan,2704.96875,2705.4140625,2704.96875,2704.96875,2704.96875,2704.96875
2,0.2609699415177671,1.0,0.0001,42.1963706985116,2704.96875,2705.4140625,2704.96875,2704.96875,2704.96875,2704.96875
3,0.24906587691000176,1.0,0.0001,43.410978410393,2704.96875,2705.4140625,2704.96875,2704.96875,2704.96875,2704.96875
4,0.24864539108546155,0.05412868056342057,0.0001,13.961402255110443,2704.96875,2705.4140625,2704.96875,2704.96875,2704.96875,2704.96875
5,0.24864509432444734,0.018413766492121786,0.0001,6.638013921678066,2704.96875,2705.4140625,2704.96875,2704.96875,2704.96875,2704.96875
6,0.24852113694907513,0.36583971535562854,0.0001,15.951357406564057,2704.96875,2705.4140625,2704.96875,2704.96875,2704.96875,2704.96875
7,0.24676291909089101,2.0603144108970666,0.0001,4.351201040670276,2704.96875,2705.4140625,2704.96875,2704.96875,2704.96875,2704.96875
8,0.23576489866377923,3.327915360929725,0.0001,3.9999518021941185,2704.96875,2705.4140625,2704.96875,2704.96875,2704.96875,2704.96875
9,0.22774150716709585,6.92041793997168,0.0001,4.130567191168666,2704.96875,2705.4140625,2704.96875,2704.96875,2704.96875,2704.96875
10,0.22109769519896944,5.067301773310949,0.0001,4.580832316540182,2704.96875,2705.4140625,2704.96875,2704.96875,2704.96875,2704.96875
11,0.21962295890368075,5.099999999999994,0.0001,4.026744996197522,2704.96875,2705.4140625,2704.96875,2704.96875,2704.96875,2704.96875
12,0.2130462637355032,5.499999999999995,0.0001,3.940568970516324,2704.96875,2705.4140625,2704.96875,2704.96875,2704.96875,2704.96875
13,0.2047746903080531,5.199999999999995,0.0001,3.935258158482611,2704.96875,2705.4140625,2704.96875,2704.96875,2704.96875,2704.96875
14,0.176579224748385,4.179070776016602,0.0001,3.9238986540585756,2704.96875,2705.4140625,2704.96875,2704.96875,2704.96875,2704.96875
15,0.13948779159019853,1.7999999999999976,0.0001,3.9346987372264266,2704.96875,2705.4140625,2704.96875,2704.96875,2704.96875,2704.96875
16,0.11514672640030676,3.7999999999999954,0.0001,4.031002663075924,2704.96875,2705.4140625,2704.96875,2704.96875,2704.96875,2704.96875
17,0.07229422202544851,1.0110730255049982,0.0001,4.051672852598131,2704.96875,2705.4140625,2704.96875,2704.96875,2704.96875,2704.96875
18,0.06887340309625528,1.7999999999999976,0.0001,8.407542343251407,2704.96875,2705.4140625,2704.96875,2704.96875,2704.96875,2704.96875
19,0.060603568143067374,0.29999999999999893,0.0001,4.252236625179648,2704.96875,2705.4140625,2704.96875,2704.96875,2704.96875,2704.96875
20,0.05997435509897329,0.19999999999999885,0.0001,3.9361872924491763,2704.96875,2705.4140625,2704.96875,2704.96875,2704.96875,2704.96875
21,0.059806634262687064,0.29999999999999893,0.0001,4.041203682310879,2704.96875,2705.4140625,2704.96875,2704.96875,2704.96875,2704.96875
22,0.05969367277327241,0.005177741645077494,0.0001,4.563402148894966,2704.96875,2705.4140625,2704.96875,2704.96875,2704.96875,2704.96875
23,0.059410735297659854,0.10000000000000087,0.0001,3.9368863264098763,2704.96875,2705.4140625,2704.96875,2704.96875,2704.96875,2704.96875
24,0.05938997135882972,0.005151527952187117,0.0001,8.449146994389594,2704.96875,2705.4140625,2704.96875,2704.96875,2704.96875,2704.96875
25,0.05934091200117621,0.024178023226254952,0.0001,4.059695114381611,2704.96875,2705.4140625,2704.96875,2704.96875,2704.96875,2704.96875
26,0.05929501016974998,0.022255487294547405,0.0001,4.226343564689159,2704.96875,2705.4140625,2704.96875,2704.96875,2704.96875,2704.96875
27,0.05832102693674661,0.004753991781338645,0.0001,8.516195186413825,2704.96875,2705.4140625,2704.96875,2704.96875,2704.96875,2704.96875
28,0.05709691932059757,0.09999999999999898,0.0001,4.039258345030248,2704.96875,2705.4140625,2704.96875,2704.96875,2704.96875,2704.96875
29,0.056942901535746326,0.005852897086875365,0.0001,9.416369177401066,2704.96875,2705.4140625,2704.96875,2704.96875,2704.96875,2704.96875
30,0.05637000392573955,0.09999999999999898,0.0001,8.520561763085425,2704.96875,2705.4140625,2704.96875,2704.96875,2704.96875,2704.96875
31,0.054920384737203454,0.003977294057717052,0.0001,3.9559937100857496,2704.96875,2705.4140625,2704.96875,2704.96875,2704.96875,2704.96875
32,0.0541295198680416,0.003326026103433487,0.0001,4.072733865119517,2704.96875,2705.4140625,2704.96875,2704.96875,2704.96875,2704.96875
33,0.053984583364428705,0.19999999999999885,0.0001,19.279456618241966,2704.96875,2705.4140625,2704.96875,2704.96875,2704.96875,2704.96875
34,0.05394683506885625,0.09999999999999898,0.0001,8.115990875288844,2704.96875,2705.4140625,2704.96875,2704.96875,2704.96875,2704.96875
35,0.053835336510638154,0.09999999999999898,0.0001,4.4716689214110374,2704.96875,2705.4140625,2704.96875,2704.96875,2704.96875,2704.96875
36,0.05382535274927323,0.12132991230019674,0.0001,20.567124269902706,2704.96875,2705.4140625,2704.96875,2704.96875,2704.96875,2704.96875
37,0.0537995765158444,0.016607622995158944,0.0001,7.998681769706309,2704.96875,2705.4140625,2704.96875,2704.96875,2704.96875,2704.96875
38,0.053767543070743676,0.09976908002457785,0.0001,8.345292259007692,2704.96875,2705.4140625,2704.96875,2704.96875,2704.96875,2704.96875
39,0.05376596513674048,0.04385564353881011,0.0001,12.42885045800358,2704.96875,2705.4140625,2704.96875,2704.96875,2704.96875,2704.96875
40,0.05374365794812865,0.04122800872871146,0.0001,4.012149258516729,2704.96875,2705.4140625,2704.96875,2704.96875,2704.96875,2704.96875
41,0.053720545911923406,0.15151921990355377,0.0001,8.193634377792478,2704.96875,2705.4140625,2704.96875,2704.96875,2704.96875,2704.96875
42,0.05371754411474831,0.06433799777472449,0.0001,3.9810243379324675,2704.96875,2705.4140625,2704.96875,2704.96875,2704.96875,2704.96875
43,0.05370692655132389,0.005760803148213256,0.0001,3.9951307736337185,2704.96875,2705.4140625,2704.96875,2704.96875,2704.96875,2704.96875
44,0.053702743617167724,0.07476709976227691,0.0001,3.9663967601954937,2704.96875,2705.4140625,2704.96875,2704.96875,2704.96875,2704.96875
45,0.053697856270234046,0.08146521253966732,0.0001,3.971802401356399,2704.96875,2705.4140625,2704.96875,2704.96875,2704.96875,2704.96875
46,0.05369366434584963,0.005526389027696754,0.0001,3.994554979726672,2704.96875,2705.4140625,2704.96875,2704.96875,2704.96875,2704.96875
47,0.053693140140486324,0.008866204029264413,0.0001,3.959691345691681,2704.96875,2705.4140625,2704.96875,2704.96875,2704.96875,2704.96875
48,0.05368956226719129,0.011208067730880233,0.0001,7.260474457405508,2704.96875,2705.4140625,2704.96875,2704.96875,2704.96875,2704.96875
49,0.053688368325635005,0.001479832704792905,0.0001,47.86104966327548,2704.96875,2705.4140625,2704.96875,2704.96875,2704.96875,2704.96875
50,0.053687831205242086,0.0068678422805448225,0.0001,3.8626618571579456,2704.96875,2705.4140625,2704.96875,2704.96875,2704.96875,2704.96875
51,0.05368682976157358,0.07003113978327191,0.0001,8.5707694478333,2704.96875,2705.4140625,2704.96875,2704.96875,2704.96875,2704.96875
52,0.05368479814758974,0.04046949858906368,0.0001,3.471199723891914,2704.96875,2705.4140625,2704.96875,2704.96875,2704.96875,2704.96875
53,0.053674863799512085,0.1658639563190072,0.0001,4.031593233346939,2704.96875,2705.4140625,2704.96875,2704.96875,2704.96875,2704.96875
54,0.05366462974886906,0.13703828379489935,0.0001,4.0281634302809834,2704.96875,2705.4140625,2704.96875,2704.96875,2704.96875,2704.96875
55,0.05365291709723739,0.07441130190353684,0.0001,6.694683241657913,2704.96875,2705.4140625,2704.96875,2704.96875,2704.96875,2704.96875
56,0.053650750254946505,0.07080799382806524,0.0001,9.404374242760241,2704.96875,2705.4140625,2704.96875,2704.96875,2704.96875,2704.96875
57,0.053649641425749364,0.14561907494143256,0.0001,8.365073387511075,2704.96875,2705.4140625,2704.96875,2704.96875,2704.96875,2704.96875
58,0.053647621145901755,0.11765581567930217,0.0001,7.97110085375607,2704.96875,2705.4140625,2704.96875,2704.96875,2704.96875,2704.96875
59,0.05364586245313475,0.026467095300233834,0.0001,4.935905697755516,2704.96875,2705.4140625,2704.96875,2704.96875,2704.96875,2704.96875
60,0.053645611721374414,0.010101379093871543,0.0001,11.330213146284223,2704.96875,2705.4140625,2704.96875,2704.96875,2704.96875,2704.96875
61,0.05364554298235645,0.0017801173385367797,0.0001,3.437735811807215,2704.96875,2705.4140625,2704.96875,2704.96875,2704.96875,2704.96875
62,0.053645520234261584,0.004942227648143449,0.0001,3.4894732357934117,2704.96875,2705.4140625,2704.96875,2704.96875,2704.96875,2704.96875
63,0.053645512067047214,0.0030295552417212157,0.0001,3.120040980167687,2704.96875,2705.4140625,2704.96875,2704.96875,2704.96875,2704.96875
64,0.053645503822345134,0.0006751873644218476,0.0001,3.1403222689405084,2704.96875,2705.4140625,2704.96875,2704.96875,2704.96875,2704.96875
65,0.053645501050563135,0.0016863890374082535,0.0001,3.3071884578093886,2704.96875,2705.4140625,2704.96875,2704.96875,2704.96875,2704.96875
66,0.05364548722667079,0.0048937407102238595,0.0001,3.174268303439021,2704.96875,2705.4140625,2704.96875,2704.96875,2704.96875,2704.96875
67,0.05364545856108978,0.008737235596429915,0.0001,3.125802823342383,2704.96875,2705.4140625,2704.96875,2704.96875,2704.96875,2704.96875
68,0.05364537653609683,0.015056926532366566,0.0001,3.1023602494969964,2704.96875,2705.4140625,2704.96875,2704.96875,2704.96875,2704.96875
69,0.05364516578481124,0.023016617259172145,0.0001,3.3958154767751694,2704.96875,2705.4140625,2704.96875,2704.96875,2704.96875,2704.96875
70,0.05364451410497058,0.028622897276350368,0.0001,5.759094693697989,2704.96875,2705.4140625,2704.96875,2704.96875,2704.96875,2704.96875
71,0.05364160345170452,0.08329506886402238,0.0001,4.124732029624283,2704.96875,2705.4140625,2704.96875,2704.96875,2704.96875,2704.96875
72,0.053639281579314003,0.06071387201998135,0.0001,4.49855806492269,2704.96875,2705.4140625,2704.96875,2704.96875,2704.96875,2704.96875
73,0.05363872247332593,0.10000000000000064,0.0001,4.212350305169821,2704.96875,2705.4140625,2704.96875,2704.96875,2704.96875,2704.96875
74,0.05363593599834834,0.10000000000000064,0.0001,4.306718157604337,2704.96875,2705.4140625,2704.96875,2704.96875,2704.96875,2704.96875
75,0.05360867120464397,0.05735208150390991,0.0001,15.376285816542804,2704.96875,2705.4140625,2704.96875,2704.96875,2704.96875,2704.96875
76,0.05355755520839489,0.0024851490099302544,0.0001,4.026189091615379,2704.96875,2705.4140625,2704.96875,2704.96875,2704.96875,2704.96875
77,0.05351608906732562,0.10000000000000064,0.0001,9.23916266206652,2704.96875,2705.4140625,2704.96875,2704.96875,2704.96875,2704.96875
78,0.05348742875186601,0.10000000000000064,0.0001,4.051369961351156,2704.96875,2705.4140625,2704.96875,2704.96875,2704.96875,2704.96875
79,0.053457066289226404,0.09075600632299685,0.0001,10.615824189037085,2704.96875,2705.4140625,2704.96875,2704.96875,2704.96875,2704.96875
80,0.05345204424784612,0.012983556616006142,0.0001,9.165324751287699,2704.96875,2705.4140625,2704.96875,2704.96875,2704.96875,2704.96875
81,0.05345150859090386,0.0008861549329891003,0.0001,8.93942055106163,2704.96875,2705.4140625,2704.96875,2704.96875,2704.96875,2704.96875
82,0.0534478598101516,0.00925474633220369,0.0001,4.060284316539764,2704.96875,2705.4140625,2704.96875,2704.96875,2704.96875,2704.96875
83,0.053440556493273284,0.11754876209856535,0.0001,8.415791005827487,2704.96875,2705.4140625,2704.96875,2704.96875,2704.96875,2704.96875
84,0.05343086424298403,0.01758093391956117,0.0001,8.229789603501558,2704.96875,2705.4140625,2704.96875,2704.96875,2704.96875,2704.96875
85,0.05342360230978804,0.09435030997743121,0.0001,4.461311007849872,2704.96875,2705.4140625,2704.96875,2704.96875,2704.96875,2704.96875
86,0.053411409879697065,0.13175631998926995,0.0001,7.989829536527395,2704.96875,2705.4140625,2704.96875,2704.96875,2704.96875,2704.96875
87,0.05338911201180295,0.14646309596313034,0.0001,8.385987578891218,2704.96875,2705.4140625,2704.96875,2704.96875,2704.96875,2704.96875
88,0.05338500807820531,0.18326857840264932,0.0001,12.857529046945274,2704.96875,2705.4140625,2704.96875,2704.96875,2704.96875,2704.96875
89,0.053357265900919465,0.13862513376143615,0.0001,8.551736582070589,2704.96875,2705.4140625,2704.96875,2704.96875,2704.96875,2704.96875
90,0.053356256942370554,0.07901275252591322,0.0001,8.029562873765826,2704.96875,2705.4140625,2704.96875,2704.96875,2704.96875,2704.96875
91,0.053350803008512436,0.013792531332255109,0.0001,4.3390717366710305,2704.96875,2705.4140625,2704.96875,2704.96875,2704.96875,2704.96875
92,0.053350203411266686,0.007581855825706807,0.0001,3.874714524485171,2704.96875,2705.4140625,2704.96875,2704.96875,2704.96875,2704.96875
93,0.05334985620028361,0.008944131253702192,0.0001,3.169113213196397,2704.96875,2705.4140625,2704.96875,2704.96875,2704.96875,2704.96875
94,0.05334870239427158,0.003748957137781117,0.0001,8.438573336228728,2704.96875,2705.4140625,2704.96875,2704.96875,2704.96875,2704.96875
95,0.05334832136063773,0.014296416329432016,0.0001,9.117394463159144,2704.96875,2705.4140625,2704.96875,2704.96875,2704.96875,2704.96875
96,0.05334725144181692,0.025940477968109832,0.0001,4.006902155466378,2704.96875,2705.4140625,2704.96875,2704.96875,2704.96875,2704.96875
97,0.05334665488975187,0.01737781901501534,0.0001,4.402469075284898,2704.96875,2705.4140625,2704.96875,2704.96875,2704.96875,2704.96875
98,0.05334558650066423,0.009699291275061972,0.0001,4.051931423135102,2704.96875,2705.4140625,2704.96875,2704.96875,2704.96875,2704.96875
99,0.05334443447179352,0.016715180424312193,0.0001,4.151411335915327,2704.96875,2705.4140625,2704.96875,2704.96875,2704.96875,2704.96875
100,0.053343912543329874,0.03519919731997301,0.0001,4.180312040261924,2704.96875,2705.4140625,2704.96875,2704.96875,2704.96875,2704.96875
101,0.05334365754134964,0.012837311598600687,0.0001,3.2223856523633003,2704.96875,2705.4140625,2704.96875,2704.96875,2704.96875,2704.96875
102,0.053343631220916676,0.004123925547548257,0.0001,3.1172525696456432,2704.96875,2705.4140625,2704.96875,2704.96875,2704.96875,2704.96875
103,0.05334362882303722,0.0003289491256465549,0.0001,3.616699466481805,2704.96875,2705.4140625,2704.96875,2704.96875,2704.96875,2704.96875
104,0.053343628451294076,0.0004515743141857431,0.0001,3.830745792016387,2704.96875,2705.4140625,2704.96875,2704.96875,2704.96875,2704.96875
105,0.053343625182425705,0.00356528130294842,0.0001,3.175789078697562,2704.96875,2705.4140625,2704.96875,2704.96875,2704.96875,2704.96875
106,0.053343618958953044,0.007177286749814549,0.0001,3.201618551276624,2704.96875,2705.4140625,2704.96875,2704.96875,2704.96875,2704.96875
107,0.053343600461368164,0.01384586393488152,0.0001,3.5076371980831027,2704.96875,2705.4140625,2704.96875,2704.96875,2704.96875,2704.96875
108,0.05334355424245826,0.02410804349743556,0.0001,3.60854060575366,2704.96875,2705.4140625,2704.96875,2704.96875,2704.96875,2704.96875
109,0.0533434315707539,0.04062992793809783,0.0001,3.4320324193686247,2704.96875,2705.4140625,2704.96875,2704.96875,2704.96875,2704.96875
110,0.05334311712430565,0.06507974743110001,0.0001,3.191240170970559,2704.96875,2705.4140625,2704.96875,2704.96875,2704.96875,2704.96875
111,0.05334230276350547,0.09692843171792176,0.0001,3.3017535656690598,2704.96875,2705.4140625,2704.96875,2704.96875,2704.96875,2704.96875
112,0.05334007318157148,0.11787984764620829,0.0001,4.302364930510521,2704.96875,2705.4140625,2704.96875,2704.96875,2704.96875,2704.96875
113,0.053330549692634927,0.09848583815306555,0.0001,4.296232677064836,2704.96875,2705.4140625,2704.96875,2704.96875,2704.96875,2704.96875
114,0.05332411898911656,0.16067747764532359,0.0001,4.017728427425027,2704.96875,2705.4140625,2704.96875,2704.96875,2704.96875,2704.96875
115,0.053319250673975235,0.10000000000000087,0.0001,4.4974708100780845,2704.96875,2705.4140625,2704.96875,2704.96875,2704.96875,2704.96875
116,0.05331575963723897,0.10000000000000087,0.0001,5.123986559920013,2704.96875,2705.4140625,2704.96875,2704.96875,2704.96875,2704.96875
117,0.05330411092688253,0.03693929095934134,0.0001,11.052939022891223,2704.96875,2705.4140625,2704.96875,2704.96875,2704.96875,2704.96875
118,0.053287761812795556,0.055057951168500985,0.0001,12.732825325801969,2704.96875,2705.4140625,2704.96875,2704.96875,2704.96875,2704.96875
119,0.0532850470266892,0.0008964853048462659,0.0001,4.346001781523228,2704.96875,2705.4140625,2704.96875,2704.96875,2704.96875,2704.96875
120,0.05328411496801208,0.009157506373377311,0.0001,4.412093234248459,2704.96875,2705.4140625,2704.96875,2704.96875,2704.96875,2704.96875
121,0.05328390603047545,0.07137756166073284,0.0001,4.057826415635645,2704.96875,2705.4140625,2704.96875,2704.96875,2704.96875,2704.96875
122,0.053282730643712375,0.039578516450407886,0.0001,3.380222626030445,2704.96875,2705.4140625,2704.96875,2704.96875,2704.96875,2704.96875
123,0.05328033016454584,0.0024043882323356858,0.0001,3.955730114132166,2704.96875,2705.4140625,2704.96875,2704.96875,2704.96875,2704.96875
124,0.053276143648859416,0.08725529371802743,0.0001,4.584968734532595,2704.96875,2705.4140625,2704.96875,2704.96875,2704.96875,2704.96875
125,0.05327276265960569,0.05903872958310652,0.0001,8.073555487208068,2704.96875,2705.4140625,2704.96875,2704.96875,2704.96875,2704.96875
126,0.05327230759047524,0.02282674501168047,0.0001,8.836430595256388,2704.96875,2705.4140625,2704.96875,2704.96875,2704.96875,2704.96875
127,0.05327148389589467,0.02300244073855562,0.0001,3.9795016683638096,2704.96875,2705.4140625,2704.96875,2704.96875,2704.96875,2704.96875
128,0.053271063074730354,0.024303394443934256,0.0001,8.815613473765552,2704.96875,2705.4140625,2704.96875,2704.96875,2704.96875,2704.96875
129,0.053267560798190214,0.05733450601091772,0.0001,4.079100189730525,2704.96875,2705.4140625,2704.96875,2704.96875,2704.96875,2704.96875
130,0.053262596977000906,0.05380580290611958,0.0001,3.9707296332344413,2704.96875,2705.4140625,2704.96875,2704.96875,2704.96875,2704.96875
131,0.05325307940061484,0.025871309896820183,0.0001,4.617478462867439,2704.96875,2705.4140625,2704.96875,2704.96875,2704.96875,2704.96875
132,0.053250124398096406,0.009650368331336479,0.0001,4.276307428255677,2704.96875,2705.4140625,2704.96875,2704.96875,2704.96875,2704.96875
133,0.05324935655139373,0.0016744399856235548,0.0001,4.097961204126477,2704.96875,2705.4140625,2704.96875,2704.96875,2704.96875,2704.96875
134,0.05324899021672564,0.002620107826207363,0.0001,3.8820446245372295,2704.96875,2705.4140625,2704.96875,2704.96875,2704.96875,2704.96875
135,0.053248797414163,0.0008086375745175597,0.0001,9.06217790581286,2704.96875,2705.4140625,2704.96875,2704.96875,2704.96875,2704.96875
136,0.05324817172565785,0.0020641162587158313,0.0001,8.018949959427118,2704.96875,2705.4140625,2704.96875,2704.96875,2704.96875,2704.96875
137,0.05324770368594395,0.01221222947450018,0.0001,8.613458598963916,2704.96875,2705.4140625,2704.96875,2704.96875,2704.96875,2704.96875
138,0.05324660140447917,0.012145301017442378,0.0001,8.210570591501892,2704.96875,2705.4140625,2704.96875,2704.96875,2704.96875,2704.96875
139,0.053245613522752616,0.004141336085649483,0.0001,10.273968433961272,2704.96875,2705.4140625,2704.96875,2704.96875,2704.96875,2704.96875
140,0.0532441691857635,0.047240963172726635,0.0001,8.224963398650289,2704.96875,2705.4140625,2704.96875,2704.96875,2704.96875,2704.96875
141,0.05324288321199124,0.020689023243439575,0.0001,8.488661533221602,2704.96875,2705.4140625,2704.96875,2704.96875,2704.96875,2704.96875
142,0.05324207020102611,0.004785125711442406,0.0001,16.461120668798685,2704.96875,2705.4140625,2704.96875,2704.96875,2704.96875,2704.96875
143,0.05324049727780576,0.029355808933974603,0.0001,4.332500593736768,2704.96875,2705.4140625,2704.96875,2704.96875,2704.96875,2704.96875
144,0.05324039202779843,0.019776284781896303,0.0001,3.954690716229379,2704.96875,2705.4140625,2704.96875,2704.96875,2704.96875,2704.96875
145,0.05323964558434159,0.008469201821415417,0.0001,4.005257741548121,2704.96875,2705.4140625,2704.96875,2704.96875,2704.96875,2704.96875
146,0.05323938222511944,0.027698193840176244,0.0001,4.688064945861697,2704.96875,2705.4140625,2704.96875,2704.96875,2704.96875,2704.96875
147,0.05323893092950428,0.017796584776687774,0.0001,3.9242968587204814,2704.96875,2705.4140625,2704.96875,2704.96875,2704.96875,2704.96875
148,0.0532382439793378,0.0019570677243909707,0.0001,8.469786049798131,2704.96875,2705.4140625,2704.96875,2704.96875,2704.96875,2704.96875
149,0.053237777239889525,0.03961645715035145,0.0001,7.871356702409685,2704.96875,2705.4140625,2704.96875,2704.96875,2704.96875,2704.96875
150,0.053237228422048054,0.03999785166849179,0.0001,4.2706950241699815,2704.96875,2705.4140625,2704.96875,2704.96875,2704.96875,2704.96875
151,0.05323673678499105,0.021087972032734603,0.0001,11.543302929028869,2704.96875,2705.4140625,2704.96875,2704.96875,2704.96875,2704.96875
152,0.0532358606301102,0.0037343334698967112,0.0001,4.517119771800935,2704.96875,2705.4140625,2704.96875,2704.96875,2704.96875,2704.96875
153,0.05323516855202573,0.0007237189366848652,0.0001,4.362669582478702,2704.96875,2705.4140625,2704.96875,2704.96875,2704.96875,2704.96875
154,0.05323487117047906,0.05888732735334967,0.0001,4.024296865798533,2704.96875,2705.4140625,2704.96875,2704.96875,2704.96875,2704.96875
155,0.053233472049094385,0.038617008631179006,0.0001,4.128504911437631,2704.96875,2705.4140625,2704.96875,2704.96875,2704.96875,2704.96875
156,0.053230184819263435,0.005237931631924653,0.0001,4.056437551043928,2704.96875,2705.4140625,2704.96875,2704.96875,2704.96875,2704.96875
157,0.05322275290581341,0.04487438796636467,0.0001,4.114360695704818,2704.96875,2705.4140625,2704.96875,2704.96875,2704.96875,2704.96875
158,0.053222188900118844,0.016043202301680326,0.0001,4.0794295612722635,2704.96875,2705.4140625,2704.96875,2704.96875,2704.96875,2704.96875
159,0.05321917013946653,0.053383817320312055,0.0001,4.8293885458260775,2704.96875,2705.4140625,2704.96875,2704.96875,2704.96875,2704.96875
160,0.05321769842370103,0.0164555838011744,0.0001,7.933484794571996,2704.96875,2705.4140625,2704.96875,2704.96875,2704.96875,2704.96875
161,0.05321679595769295,0.04308298123291454,0.0001,8.762644438073039,2704.96875,2705.4140625,2704.96875,2704.96875,2704.96875,2704.96875
162,0.05321613092400897,0.0045408209425013,0.0001,4.15591009799391,2704.96875,2705.4140625,2704.96875,2704.96875,2704.96875,2704.96875
163,0.05321573274801859,0.004331288541674638,0.0001,3.228057799860835,2704.96875,2705.4140625,2704.96875,2704.96875,2704.96875,2704.96875
164,0.05321567988708633,0.005137197145820838,0.0001,8.736587136983871,2704.96875,2705.4140625,2704.96875,2704.96875,2704.96875,2704.96875
165,0.0532154753804136,0.0011704982189117974,0.0001,7.916417868807912,2704.96875,2705.4140625,2704.96875,2704.96875,2704.96875,2704.96875
166,0.053215387920796,0.006225848161507175,0.0001,4.003321624360979,2704.96875,2705.4140625,2704.96875,2704.96875,2704.96875,2704.96875
167,0.053215362692418534,0.005884104445096239,0.0001,7.325259970501065,2704.96875,2705.4140625,2704.96875,2704.96875,2704.96875,2704.96875
168,0.05321532725956231,0.004934402840940377,0.0001,3.107437090948224,2704.96875,2705.4140625,2704.96875,2704.96875,2704.96875,2704.96875
169,0.05321501881888616,0.0029009910350773493,0.0001,3.7078121956437826,2704.96875,2705.4140625,2704.96875,2704.96875,2704.96875,2704.96875
170,0.053214834480356826,0.007398748681772815,0.0001,8.55219122953713,2704.96875,2705.4140625,2704.96875,2704.96875,2704.96875,2704.96875
171,0.053214310564500426,0.0015666351451720795,0.0001,3.78929091244936,2704.96875,2705.4140625,2704.96875,2704.96875,2704.96875,2704.96875
172,0.05321311329332834,0.02876305398525325,0.0001,4.728786525316536,2704.96875,2705.4140625,2704.96875,2704.96875,2704.96875,2704.96875
173,0.053212723217883354,0.04249676233746502,0.0001,4.336137687787414,2704.96875,2705.4140625,2704.96875,2704.96875,2704.96875,2704.96875
174,0.05321184791900715,0.013728566239505358,0.0001,4.059643683955073,2704.96875,2705.4140625,2704.96875,2704.96875,2704.96875,2704.96875
175,0.05321161231566744,0.006485950998469825,0.0001,4.052877857349813,2704.96875,2705.4140625,2704.96875,2704.96875,2704.96875,2704.96875
176,0.053211585607399456,0.0029478476616182636,0.0001,3.804447991773486,2704.96875,2705.4140625,2704.96875,2704.96875,2704.96875,2704.96875
177,0.05321156876451941,0.0015384374308677895,0.0001,3.277053411118686,2704.96875,2705.4140625,2704.96875,2704.96875,2704.96875,2704.96875
178,0.05321154758115833,0.017429334725164725,0.0001,3.5528809633105993,2704.96875,2705.4140625,2704.96875,2704.96875,2704.96875,2704.96875
179,0.05321150705102147,0.006495160921824894,0.0001,3.1303335707634687,2704.96875,2705.4140625,2704.96875,2704.96875,2704.96875,2704.96875
180,0.05321148322385474,0.0005234403200471838,0.0001,3.806251587346196,2704.96875,2705.4140625,2704.96875,2704.96875,2704.96875,2704.96875
181,0.053211464812050344,0.003748880925940501,0.0001,3.670006779022515,2704.96875,2705.4140625,2704.96875,2704.96875,2704.96875,2704.96875
182,0.05321144926785174,0.0033812216406867712,0.0001,3.431424251757562,2704.96875,2705.4140625,2704.96875,2704.96875,2704.96875,2704.96875
183,0.05321137405834066,0.005644960522206421,0.0001,3.7129230946302414,2704.96875,2705.4140625,2704.96875,2704.96875,2704.96875,2704.96875
184,0.05321132451799768,0.00033024498490796805,0.0001,8.68932827282697,2704.96875,2705.4140625,2704.96875,2704.96875,2704.96875,2704.96875
185,0.05321127656272871,0.008106971541390617,0.0001,3.224123145453632,2704.96875,2705.4140625,2704.96875,2704.96875,2704.96875,2704.96875
186,0.0532112188262527,0.012590675506452764,0.0001,3.2369276648387313,2704.96875,2705.4140625,2704.96875,2704.96875,2704.96875,2704.96875
187,0.05321116928895278,0.00486769034068768,0.0001,3.2691409308463335,2704.96875,2705.4140625,2704.96875,2704.96875,2704.96875,2704.96875
188,0.05321114150331624,0.0002466582122993197,0.0001,3.142035004682839,2704.96875,2705.4140625,2704.96875,2704.96875,2704.96875,2704.96875
189,0.053211123198017594,0.0052392176377003,0.0001,3.3468869337812066,2704.96875,2705.4140625,2704.96875,2704.96875,2704.96875,2704.96875
190,0.05321111256653023,0.002532596278714383,0.0001,3.24017864651978,2704.96875,2705.4140625,2704.96875,2704.96875,2704.96875,2704.96875
191,0.053211107019555476,0.0002329867478372713,0.0001,3.1176065606996417,2704.96875,2705.4140625,2704.96875,2704.96875,2704.96875,2704.96875
192,0.05321110283372804,0.0004872680529500739,0.0001,3.715098714455962,2704.96875,2705.4140625,2704.96875,2704.96875,2704.96875,2704.96875
193,0.05321109187085593,0.001183300655182018,0.0001,3.1084226947277784,2704.96875,2705.4140625,2704.96875,2704.96875,2704.96875,2704.96875
194,0.053211057149957386,0.002529842282573358,0.0001,3.087706315331161,2704.96875,2705.4140625,2704.96875,2704.96875,2704.96875,2704.96875
195,0.05321101248488646,0.008241070847398002,0.0001,3.7307083550840616,2704.96875,2705.4140625,2704.96875,2704.96875,2704.96875,2704.96875
196,0.0532109689552388,0.0026532282516795735,0.0001,4.455581583082676,2704.96875,2705.4140625,2704.96875,2704.96875,2704.96875,2704.96875
197,0.0532109383317071,0.006374541581172455,0.0001,3.1174515299499035,2704.96875,2705.4140625,2704.96875,2704.96875,2704.96875,2704.96875
198,0.05321092172183509,0.005216065275705173,0.0001,3.1125630205497146,2704.96875,2705.4140625,2704.96875,2704.96875,2704.96875,2704.96875
199,0.05321091235309495,0.000685703940844884,0.0001,7.386855469085276,2704.96875,2705.4140625,2704.96875,2704.96875,2704.96875,2704.96875
200,0.05321090005313984,0.00028703052028641353,0.0001,3.144948488101363,2704.96875,2705.4140625,2704.96875,2704.96875,2704.96875,2704.96875
201,0.0532108911359401,0.0034302728148072337,0.0001,7.8463074546307325,2704.96875,2705.4140625,2704.96875,2704.96875,2704.96875,2704.96875
202,0.05321082369528673,0.0007852104671823845,0.0001,6.24919627700001,2704.96875,2705.4140625,2704.96875,2704.96875,2704.96875,2704.96875
203,0.05321061047421021,0.0066853306844720795,0.0001,3.511284771375358,2704.96875,2705.4140625,2704.96875,2704.96875,2704.96875,2704.96875
204,0.053210007120531005,0.008414924687478731,0.0001,3.579387865960598,2704.96875,2705.4140625,2704.96875,2704.96875,2704.96875,2704.96875
205,0.05320826708520694,0.03709236967808949,0.0001,4.227587526664138,2704.96875,2705.4140625,2704.96875,2704.96875,2704.96875,2704.96875
206,0.05320557917492437,0.015356938484989535,0.0001,4.185242682695389,2704.96875,2705.4140625,2704.96875,2704.96875,2704.96875,2704.96875
207,0.05320523899208779,0.03426465803879697,0.0001,8.918211712501943,2704.96875,2705.4140625,2704.96875,2704.96875,2704.96875,2704.96875
208,0.05320491167637782,0.019423112229961736,0.0001,4.0518285529688,2704.96875,2705.4140625,2704.96875,2704.96875,2704.96875,2704.96875
209,0.053204626274403796,0.001789286935562684,0.0001,4.066337119787931,2704.96875,2705.4140625,2704.96875,2704.96875,2704.96875,2704.96875
210,0.053204483781157344,0.005183710042067857,0.0001,3.8273608703166246,2704.96875,2705.4140625,2704.96875,2704.96875,2704.96875,2704.96875
211,0.05320435583893576,0.003847592321757798,0.0001,3.151667322963476,2704.96875,2705.4140625,2704.96875,2704.96875,2704.96875,2704.96875
212,0.053204329328610946,0.029365781451505812,0.0001,8.984326360747218,2704.96875,2705.4140625,2704.96875,2704.96875,2704.96875,2704.96875
213,0.053203788409301046,0.019403303372780956,0.0001,3.6323784021660686,2704.96875,2705.4140625,2704.96875,2704.96875,2704.96875,2704.96875
214,0.05320254433649416,0.012275610653974312,0.0001,4.262710923328996,2704.96875,2705.4140625,2704.96875,2704.96875,2704.96875,2704.96875
215,0.05320186068349469,0.02654531609982058,0.0001,4.428323526866734,2704.96875,2705.4140625,2704.96875,2704.96875,2704.96875,2704.96875
216,0.05320127525847718,0.019395706217971487,0.0001,4.418805460445583,2704.96875,2705.4140625,2704.96875,2704.96875,2704.96875,2704.96875
217,0.05320099206623251,0.03060978630261313,0.0001,4.04047139827162,2704.96875,2705.4140625,2704.96875,2704.96875,2704.96875,2704.96875
218,0.05320043323411301,0.005374216536641052,0.0001,4.3071335554122925,2704.96875,2705.4140625,2704.96875,2704.96875,2704.96875,2704.96875
219,0.053199688582451665,0.010159776517310148,0.0001,4.060840819031,2704.96875,2705.4140625,2704.96875,2704.96875,2704.96875,2704.96875
220,0.053199527968711975,0.005750034597376441,0.0001,7.976824472658336,2704.96875,2705.4140625,2704.96875,2704.96875,2704.96875,2704.96875
221,0.05319918074791258,0.011103459003455551,0.0001,4.56879454292357,2704.96875,2705.4140625,2704.96875,2704.96875,2704.96875,2704.96875
222,0.053198874677326785,0.006566943349561982,0.0001,4.292477488517761,2704.96875,2705.4140625,2704.96875,2704.96875,2704.96875,2704.96875
223,0.0531977136284252,0.041927600769887996,0.0001,4.238581179641187,2704.96875,2705.4140625,2704.96875,2704.96875,2704.96875,2704.96875
224,0.053194383047215,0.08497835383973773,0.0001,3.9757854975759983,2704.96875,2705.4140625,2704.96875,2704.96875,2704.96875,2704.96875
225,0.05319051441623443,0.12440835085050339,0.0001,4.541756778024137,2704.96875,2705.4140625,2704.96875,2704.96875,2704.96875,2704.96875
226,0.053188481876652066,0.019571260963932247,0.0001,8.210524201393127,2704.96875,2705.4140625,2704.96875,2704.96875,2704.96875,2704.96875
227,0.053187387263949254,0.02371170189773686,0.0001,4.6599560575559735,2704.96875,2705.4140625,2704.96875,2704.96875,2704.96875,2704.96875
228,0.05318732019487636,0.0231342348765311,0.0001,4.181893938221037,2704.96875,2705.4140625,2704.96875,2704.96875,2704.96875,2704.96875
229,0.0531873166954349,0.029159220532220642,0.0001,8.425726638175547,2704.96875,2705.4140625,2704.96875,2704.96875,2704.96875,2704.96875
230,0.05318709567534988,0.02496168013357969,0.0001,3.2891407581046224,2704.96875,2705.4140625,2704.96875,2704.96875,2704.96875,2704.96875
231,0.05318687889670056,0.006733206883424159,0.0001,5.199608845636249,2704.96875,2705.4140625,2704.96875,2704.96875,2704.96875,2704.96875
232,0.05318650644904937,0.01004228482476932,0.0001,3.8619404258206487,2704.96875,2705.4140625,2704.96875,2704.96875,2704.96875,2704.96875
233,0.05318609594521432,0.007663856881867659,0.0001,8.907975102774799,2704.96875,2705.4140625,2704.96875,2704.96875,2704.96875,2704.96875
234,0.05318603425165889,0.003657830258185335,0.0001,8.99568650405854,2704.96875,2705.4140625,2704.96875,2704.96875,2704.96875,2704.96875
235,0.053185994681825326,0.00021148302011475943,0.0001,3.251841062679887,2704.96875,2705.4140625,2704.96875,2704.96875,2704.96875,2704.96875
236,0.05318597937853687,0.0016553431329289214,0.0001,3.8752250531688333,2704.96875,2705.4140625,2704.96875,2704.96875,2704.96875,2704.96875
237,0.05318593234650319,0.0032414885274757443,0.0001,3.5892292531207204,2704.96875,2705.4140625,2704.96875,2704.96875,2704.96875,2704.96875
238,0.05318591137430156,0.004979298857890058,0.0001,7.74809374473989,2704.96875,2705.4140625,2704.96875,2704.96875,2704.96875,2704.96875
239,0.05318588945565889,0.0035942691818844352,0.0001,3.8500570552423596,2704.96875,2705.4140625,2704.96875,2704.96875,2704.96875,2704.96875
240,0.053185885084325764,0.006741154217746681,0.0001,7.3464941047132015,2704.96875,2705.4140625,2704.96875,2704.96875,2704.96875,2704.96875
241,0.05318587447462042,0.0012445889700846147,0.0001,3.191463048569858,2704.96875,2705.4140625,2704.96875,2704.96875,2704.96875,2704.96875
242,0.053185872560742836,0.0002116487632127644,0.0001,3.7823555301874876,2704.96875,2705.4140625,2704.96875,2704.96875,2704.96875,2704.96875
243,0.05318586758938442,0.0023543036877484713,0.0001,3.684270551428199,2704.96875,2705.4140625,2704.96875,2704.96875,2704.96875,2704.96875
244,0.053185865140084096,0.001778457443556869,0.0001,3.1524346359074116,2704.96875,2705.4140625,2704.96875,2704.96875,2704.96875,2704.96875
245,0.05318586223037028,0.0008078272673073261,0.0001,3.1188434660434723,2704.96875,2705.4140625,2704.96875,2704.96875,2704.96875,2704.96875
246,0.0531858582436301,0.002074176154309826,0.0001,3.1211568852886558,2704.96875,2705.4140625,2704.96875,2704.96875,2704.96875,2704.96875
247,0.05318585466753756,0.0034071954395661352,0.0001,3.4497735500335693,2704.96875,2705.4140625,2704.96875,2704.96875,2704.96875,2704.96875
248,0.053185849298395545,0.003715686934295803,0.0001,3.449408048763871,2704.96875,2705.4140625,2704.96875,2704.96875,2704.96875,2704.96875
249,0.05318584817376334,0.0018304699622462284,0.0001,8.178481434471905,2704.96875,2705.4140625,2704.96875,2704.96875,2704.96875,2704.96875
250,0.05318584379536312,0.0002638390717099756,0.0001,3.1365928957238793,2704.96875,2705.4140625,2704.96875,2704.96875,2704.96875,2704.96875
251,0.053185839461238164,0.0012095862346925834,0.0001,3.1404735697433352,2704.96875,2705.4140625,2704.96875,2704.96875,2704.96875,2704.96875
252,0.05318583664861024,0.00317706194608669,0.0001,3.202589699998498,2704.96875,2705.4140625,2704.96875,2704.96875,2704.96875,2704.96875
253,0.05318583011613727,0.00439664264049866,0.0001,3.4972523851320148,2704.96875,2705.4140625,2704.96875,2704.96875,2704.96875,2704.96875
254,0.053185812056494745,0.006457832210532866,0.0001,3.3058021403849125,2704.96875,2705.4140625,2704.96875,2704.96875,2704.96875,2704.96875
255,0.053185770410989305,0.00672131831256606,0.0001,3.23427324462682,2704.96875,2705.4140625,2704.96875,2704.96875,2704.96875,2704.96875
256,0.053185764105018886,0.01165339226799289,0.0001,8.519453358836472,2704.96875,2705.4140625,2704.96875,2704.96875,2704.96875,2704.96875
257,0.053185686778810456,0.008115089734235026,0.0001,3.3158008996397257,2704.96875,2705.4140625,2704.96875,2704.96875,2704.96875,2704.96875
258,0.05318557813039529,0.005207831923306205,0.0001,3.8517323611304164,2704.96875,2705.4140625,2704.96875,2704.96875,2704.96875,2704.96875
259,0.053185529540645635,0.004346109741286575,0.0001,8.361116813495755,2704.96875,2705.4140625,2704.96875,2704.96875,2704.96875,2704.96875
260,0.053185436274416575,0.004427915413201755,0.0001,3.5530210211873055,2704.96875,2705.4140625,2704.96875,2704.96875,2704.96875,2704.96875
261,0.05318543178010948,0.01151313951658206,0.0001,8.269426407292485,2704.96875,2705.4140625,2704.96875,2704.96875,2704.96875,2704.96875
262,0.053185272938422866,0.008111432074721203,0.0001,3.723052991554141,2704.96875,2705.4140625,2704.96875,2704.96875,2704.96875,2704.96875
263,0.053185191895422576,0.0004860200416206828,0.0001,8.889143963344395,2704.96875,2705.4140625,2704.96875,2704.96875,2704.96875,2704.96875
264,0.05318516757691866,0.0008160122389069269,0.0001,3.2130818516016006,2704.96875,2705.4140625,2704.96875,2704.96875,2704.96875,2704.96875
265,0.05318514600714925,0.0011477646154738341,0.0001,3.226382613182068,2704.96875,2705.4140625,2704.96875,2704.96875,2704.96875,2704.96875
266,0.05318501827476853,0.0017606649510627514,0.0001,3.4423008412122726,2704.96875,2705.4140625,2704.96875,2704.96875,2704.96875,2704.96875
267,0.05318475522242072,0.013620477604325831,0.0001,3.933156406506896,2704.96875,2705.4140625,2704.96875,2704.96875,2704.96875,2704.96875
268,0.053184355450581214,0.021664009287373664,0.0001,4.033855787478387,2704.96875,2705.4140625,2704.96875,2704.96875,2704.96875,2704.96875
269,0.053183560438973196,0.0013568094303414435,0.0001,4.066342513076961,2704.96875,2705.4140625,2704.96875,2704.96875,2704.96875,2704.96875
270,0.053181725359734845,0.029981412856933565,0.0001,4.087136675603688,2704.96875,2705.4140625,2704.96875,2704.96875,2704.96875,2704.96875
271,0.053180551774855665,0.03765775987343478,0.0001,4.025464284233749,2704.96875,2705.4140625,2704.96875,2704.96875,2704.96875,2704.96875
272,0.053180294808666734,0.09881691359085154,0.0001,4.168225049041212,2704.96875,2705.4140625,2704.96875,2704.96875,2704.96875,2704.96875
273,0.05317685595808177,0.0470475340159876,0.0001,3.9409835571423173,2704.96875,2705.4140625,2704.96875,2704.96875,2704.96875,2704.96875
274,0.053175274382698125,0.055393244073218884,0.0001,4.107019151560962,2704.96875,2705.4140625,2704.96875,2704.96875,2704.96875,2704.96875
275,0.05317424910683152,0.05092753182333121,0.0001,8.113321552053094,2704.96875,2705.4140625,2704.96875,2704.96875,2704.96875,2704.96875
276,0.05317363673243384,0.008603903791300604,0.0001,8.326495858840644,2704.96875,2705.4140625,2704.96875,2704.96875,2704.96875,2704.96875
277,0.05317306434256894,0.003934716949689276,0.0001,4.416627664119005,2704.96875,2705.4140625,2704.96875,2704.96875,2704.96875,2704.96875
278,0.05317294018210825,0.000782366055142361,0.0001,4.7619060929864645,2704.96875,2705.4140625,2704.96875,2704.96875,2704.96875,2704.96875
279,0.05317278302186117,0.0007966275785988852,0.0001,3.3041517846286297,2704.96875,2705.4140625,2704.96875,2704.96875,2704.96875,2704.96875
280,0.05317244531484726,0.017266149048773327,0.0001,8.339374579489231,2704.96875,2705.4140625,2704.96875,2704.96875,2704.96875,2704.96875
281,0.05317121131063182,0.01977434597971328,0.0001,4.180225465446711,2704.96875,2705.4140625,2704.96875,2704.96875,2704.96875,2704.96875
282,0.05316748685549704,0.008575582036586704,0.0001,5.08232022728771,2704.96875,2705.4140625,2704.96875,2704.96875,2704.96875,2704.96875
283,0.05315523090799376,0.014065645744334443,0.0001,4.022140162065625,2704.96875,2705.4140625,2704.96875,2704.96875,2704.96875,2704.96875
284,0.05315174830594477,0.004467192402556552,0.0001,8.468191898427904,2704.96875,2705.4140625,2704.96875,2704.96875,2704.96875,2704.96875
285,0.053141465480941535,0.09299991132565977,0.0001,8.66290049534291,2704.96875,2705.4140625,2704.96875,2704.96875,2704.96875,2704.96875
286,0.05313340471678429,0.09999999999999898,0.0001,4.035850766114891,2704.96875,2705.4140625,2704.96875,2704.96875,2704.96875,2704.96875
287,0.05311421510930028,0.05869526138651271,0.0001,4.242401506751776,2704.96875,2705.4140625,2704.96875,2704.96875,2704.96875,2704.96875
288,0.05310532781529542,0.041873636267700354,0.0001,4.032694982364774,2704.96875,2705.4140625,2704.96875,2704.96875,2704.96875,2704.96875
289,0.05310490650077013,0.07599953839366314,0.0001,8.369376296177506,2704.96875,2705.4140625,2704.96875,2704.96875,2704.96875,2704.96875
290,0.0531028954834276,0.016610639244977854,0.0001,4.040067452006042,2704.96875,2705.4140625,2704.96875,2704.96875,2704.96875,2704.96875
291,0.05310154798268718,0.01785733415500046,0.0001,3.9832889810204506,2704.96875,2705.4140625,2704.96875,2704.96875,2704.96875,2704.96875
292,0.05310120987344005,0.003754738017402115,0.0001,7.944886307232082,2704.96875,2705.4140625,2704.96875,2704.96875,2704.96875,2704.96875
293,0.05310092057015081,0.006691667835590609,0.0001,3.9196891747415066,2704.96875,2705.4140625,2704.96875,2704.96875,2704.96875,2704.96875
294,0.053100832606247005,0.005484829467008123,0.0001,3.7318529654294252,2704.96875,2705.4140625,2704.96875,2704.96875,2704.96875,2704.96875
295,0.05310079628024566,0.004893201178335249,0.0001,3.1168930185958743,2704.96875,2705.4140625,2704.96875,2704.96875,2704.96875,2704.96875
296,0.053100365652692286,0.005985031806218899,0.0001,3.966860206797719,2704.96875,2705.4140625,2704.96875,2704.96875,2704.96875,2704.96875
297,0.05309940630153156,0.003851393733853792,0.0001,3.9318192219361663,2704.96875,2705.4140625,2704.96875,2704.96875,2704.96875,2704.96875
298,0.05309909709971279,0.003881145764588867,0.0001,8.104553878307343,2704.96875,2705.4140625,2704.96875,2704.96875,2704.96875,2704.96875
299,0.0530990117892381,0.012023124518452333,0.0001,13.14615891687572,2704.96875,2705.4140625,2704.96875,2704.96875,2704.96875,2704.96875
300,0.05309880182961742,0.018748713899594538,0.0001,8.179415127262473,2704.96875,2705.4140625,2704.96875,2704.96875,2704.96875,2704.96875
301,0.05309839700241435,0.014722236676726785,0.0001,8.081915630027652,2704.96875,2705.4140625,2704.96875,2704.96875,2704.96875,2704.96875
302,0.05309806573219587,0.004342117353422603,0.0001,3.91568454913795,2704.96875,2705.4140625,2704.96875,2704.96875,2704.96875,2704.96875
303,0.05309778640739182,0.004532774310203269,0.0001,4.027286661788821,2704.96875,2705.4140625,2704.96875,2704.96875,2704.96875,2704.96875
304,0.05309775185387847,0.000341776952935158,0.0001,3.6085758777335286,2704.96875,2705.4140625,2704.96875,2704.96875,2704.96875,2704.96875
305,0.05309773982165748,0.0020675107576293428,0.0001,3.339357940480113,2704.96875,2705.4140625,2704.96875,2704.96875,2704.96875,2704.96875
306,0.05309772928521229,0.002750333927107773,0.0001,3.1802937649190426,2704.96875,2705.4140625,2704.96875,2704.96875,2704.96875,2704.96875
307,0.053097707461558855,0.0013881344511987859,0.0001,3.2363363122567534,2704.96875,2705.4140625,2704.96875,2704.96875,2704.96875,2704.96875
308,0.05309768507946525,0.0018279159186894711,0.0001,3.3474375028163195,2704.96875,2705.4140625,2704.96875,2704.96875,2704.96875,2704.96875
309,0.053097660593624994,0.003112222558648181,0.0001,3.1891700886189938,2704.96875,2705.4140625,2704.96875,2704.96875,2704.96875,2704.96875
310,0.053097590742676726,0.0038844115357433706,0.0001,3.502840707078576,2704.96875,2705.4140625,2704.96875,2704.96875,2704.96875,2704.96875
311,0.053097581819863425,0.010272097115131662,0.0001,8.197079266421497,2704.96875,2705.4140625,2704.96875,2704.96875,2704.96875,2704.96875
312,0.05309745495104969,0.010153623960682978,0.0001,3.7523413253948092,2704.96875,2705.4140625,2704.96875,2704.96875,2704.96875,2704.96875
313,0.05309737357138918,0.025560385037636246,0.0001,8.722059073857963,2704.96875,2705.4140625,2704.96875,2704.96875,2704.96875,2704.96875
314,0.053096922365542906,0.02314626406681697,0.0001,4.149744037538767,2704.96875,2705.4140625,2704.96875,2704.96875,2704.96875,2704.96875
315,0.05309648011041403,0.017628835832877887,0.0001,8.146202339790761,2704.96875,2705.4140625,2704.96875,2704.96875,2704.96875,2704.96875
316,0.05309535693305571,0.004877019808578575,0.0001,4.10344572737813,2704.96875,2705.4140625,2704.96875,2704.96875,2704.96875,2704.96875
317,0.05309396923504181,0.0007615939649905368,0.0001,4.045199440792203,2704.96875,2705.4140625,2704.96875,2704.96875,2704.96875,2704.96875
318,0.05309087794017529,0.0057844646431230995,0.0001,4.22052638232708,2704.96875,2705.4140625,2704.96875,2704.96875,2704.96875,2704.96875
319,0.053090793363048595,0.010335075443550945,0.0001,8.125228628516197,2704.96875,2705.4140625,2704.96875,2704.96875,2704.96875,2704.96875
320,0.05309054017509171,0.008634897166337696,0.0001,4.643203082494438,2704.96875,2705.4140625,2704.96875,2704.96875,2704.96875,2704.96875
321,0.053090235726100096,0.002432320280668865,0.0001,3.7733426662161946,2704.96875,2705.4140625,2704.96875,2704.96875,2704.96875,2704.96875
322,0.05308984726021444,0.004648871115761621,0.0001,4.235424489714205,2704.96875,2705.4140625,2704.96875,2704.96875,2704.96875,2704.96875
323,0.0530897548314884,0.01772001316262206,0.0001,8.193024381063879,2704.96875,2705.4140625,2704.96875,2704.96875,2704.96875,2704.96875
324,0.05308929184628387,0.008566691599100507,0.0001,4.104279820807278,2704.96875,2705.4140625,2704.96875,2704.96875,2704.96875,2704.96875
325,0.05308773957771214,0.035347419374973654,0.0001,3.972231618128717,2704.96875,2705.4140625,2704.96875,2704.96875,2704.96875,2704.96875
326,0.05308635872991561,0.030560441648972647,0.0001,4.2634541392326355,2704.96875,2705.4140625,2704.96875,2704.96875,2704.96875,2704.96875
327,0.05308490680171253,0.015634062537214,0.0001,3.981887735426426,2704.96875,2705.4140625,2704.96875,2704.96875,2704.96875,2704.96875
328,0.05308164771551847,0.02120861561187959,0.0001,4.038311245851219,2704.96875,2705.4140625,2704.96875,2704.96875,2704.96875,2704.96875
329,0.05307800114416673,0.04925785941069816,0.0001,4.122560280375183,2704.96875,2705.4140625,2704.96875,2704.96875,2704.96875,2704.96875
330,0.05306215632216388,0.08282680243896456,0.0001,3.9777458403259516,2704.96875,2705.4140625,2704.96875,2704.96875,2704.96875,2704.96875
331,0.05304964174294131,0.06011903989017742,0.0001,3.9827743591740727,2704.96875,2705.4140625,2704.96875,2704.96875,2704.96875,2704.96875
332,0.0530481356143742,0.045859498503067475,0.0001,7.959258063696325,2704.96875,2705.4140625,2704.96875,2704.96875,2704.96875,2704.96875
333,0.05304733093345684,0.07952184079530489,0.0001,3.976206883788109,2704.96875,2705.4140625,2704.96875,2704.96875,2704.96875,2704.96875
334,0.05304349576925485,0.04285695454541272,0.0001,7.9091437589377165,2704.96875,2705.4140625,2704.96875,2704.96875,2704.96875,2704.96875
335,0.053041970525083484,0.00878327726284045,0.0001,7.863143891096115,2704.96875,2705.4140625,2704.96875,2704.96875,2704.96875,2704.96875
336,0.05304081710904445,0.0011930100776095338,0.0001,3.9288009302690625,2704.96875,2705.4140625,2704.96875,2704.96875,2704.96875,2704.96875
337,0.05304003182447154,0.04716291565736497,0.0001,8.153888748958707,2704.96875,2705.4140625,2704.96875,2704.96875,2704.96875,2704.96875
338,0.05303921785513377,0.007999933230075307,0.0001,3.972804721444845,2704.96875,2705.4140625,2704.96875,2704.96875,2704.96875,2704.96875
339,0.05303872315616538,0.000863317527083249,0.0001,4.054942647926509,2704.96875,2705.4140625,2704.96875,2704.96875,2704.96875,2704.96875
340,0.05303770531849961,0.02029808315187398,0.0001,4.343304447829723,2704.96875,2705.4140625,2704.96875,2704.96875,2704.96875,2704.96875
341,0.05303710707334203,0.017950646964575157,0.0001,4.019186142832041,2704.96875,2705.4140625,2704.96875,2704.96875,2704.96875,2704.96875
342,0.05303662728045177,0.006417718065831135,0.0001,4.068390392698348,2704.96875,2705.4140625,2704.96875,2704.96875,2704.96875,2704.96875
343,0.05303621075933987,0.001726603859562248,0.0001,4.34009394608438,2704.96875,2705.4140625,2704.96875,2704.96875,2704.96875,2704.96875
344,0.053036047111058846,0.015786751480871497,0.0001,3.9948286982253194,2704.96875,2705.4140625,2704.96875,2704.96875,2704.96875,2704.96875
345,0.053035688419985245,0.019417750046276883,0.0001,4.211705198511481,2704.96875,2705.4140625,2704.96875,2704.96875,2704.96875,2704.96875
346,0.05303227677084258,0.0038619548127070136,0.0001,4.951744696125388,2704.96875,2705.4140625,2704.96875,2704.96875,2704.96875,2704.96875
347,0.05302320570982978,0.002867576748611045,0.0001,4.0185533398762345,2704.96875,2705.4140625,2704.96875,2704.96875,2704.96875,2704.96875
348,0.053005574024128595,0.09954649601703758,0.0001,16.986207094043493,2704.96875,2705.4140625,2704.96875,2704.96875,2704.96875,2704.96875
349,0.05299906951701999,0.042974548663746504,0.0001,17.514893852174282,2704.96875,2705.4140625,2704.96875,2704.96875,2704.96875,2704.96875
350,0.052994556125364946,0.0810556484866003,0.0001,8.447327109985054,2704.96875,2705.4140625,2704.96875,2704.96875,2704.96875,2704.96875
351,0.05299145155212813,0.08446646093446941,0.0001,7.959385379217565,2704.96875,2705.4140625,2704.96875,2704.96875,2704.96875,2704.96875
352,0.05299116839909451,0.0013810145218353664,0.0001,8.153817223384976,2704.96875,2705.4140625,2704.96875,2704.96875,2704.96875,2704.96875
353,0.05298325989798956,0.03917626986083089,0.0001,3.939564974978566,2704.96875,2705.4140625,2704.96875,2704.96875,2704.96875,2704.96875
354,0.052980291794021646,0.025115645451066038,0.0001,8.211002852767706,2704.96875,2705.4140625,2704.96875,2704.96875,2704.96875,2704.96875
355,0.05297856499021343,0.037732757693688224,0.0001,4.02573758829385,2704.96875,2705.4140625,2704.96875,2704.96875,2704.96875,2704.96875
356,0.052976267938252546,0.0365590573824095,0.0001,4.4575470220297575,2704.96875,2705.4140625,2704.96875,2704.96875,2704.96875,2704.96875
357,0.05297621283079516,0.029549738368437328,0.0001,8.273216534405947,2704.96875,2705.4140625,2704.96875,2704.96875,2704.96875,2704.96875
358,0.05297539781124086,0.010461703445961978,0.0001,3.991512395441532,2704.96875,2705.4140625,2704.96875,2704.96875,2704.96875,2704.96875
359,0.05297500717140349,0.0163696129014258,0.0001,4.1060792887583375,2704.96875,2705.4140625,2704.96875,2704.96875,2704.96875,2704.96875
360,0.052974871040447215,0.010157129769233997,0.0001,3.778939612209797,2704.96875,2705.4140625,2704.96875,2704.96875,2704.96875,2704.96875
361,0.052974761702939334,0.009486586995062218,0.0001,3.4263980258256197,2704.96875,2705.4140625,2704.96875,2704.96875,2704.96875,2704.96875
362,0.05297467586909089,0.012499116879082006,0.0001,8.259560361504555,2704.96875,2705.4140625,2704.96875,2704.96875,2704.96875,2704.96875
363,0.05297463382587094,0.004582732122469846,0.0001,9.062220672145486,2704.96875,2705.4140625,2704.96875,2704.96875,2704.96875,2704.96875
364,0.052974554376410465,0.0010720533923549436,0.0001,3.731425148434937,2704.96875,2705.4140625,2704.96875,2704.96875,2704.96875,2704.96875
365,0.05297454721545395,0.00028893828937226473,0.0001,3.1053720815107226,2704.96875,2705.4140625,2704.96875,2704.96875,2704.96875,2704.96875
366,0.05297454321530222,0.0003880240719835726,0.0001,3.149811684153974,2704.96875,2705.4140625,2704.96875,2704.96875,2704.96875,2704.96875
367,0.05297453094935112,0.006072107475389887,0.0001,7.453096708282828,2704.96875,2705.4140625,2704.96875,2704.96875,2704.96875,2704.96875
368,0.05297450581178177,0.004490246289722388,0.0001,3.429346797056496,2704.96875,2705.4140625,2704.96875,2704.96875,2704.96875,2704.96875
369,0.052974271571784484,0.005527641500820302,0.0001,3.9726100116968155,2704.96875,2705.4140625,2704.96875,2704.96875,2704.96875,2704.96875
370,0.052973863707950826,0.014733765953833577,0.0001,4.155178328976035,2704.96875,2705.4140625,2704.96875,2704.96875,2704.96875,2704.96875
371,0.052972834127111054,0.019157214172340398,0.0001,4.204971393570304,2704.96875,2705.4140625,2704.96875,2704.96875,2704.96875,2704.96875
372,0.05297275138172608,0.04207182960397793,0.0001,12.08066860679537,2704.96875,2705.4140625,2704.96875,2704.96875,2704.96875,2704.96875
373,0.0529713131103068,0.03815075513501487,0.0001,4.071268685162067,2704.96875,2705.4140625,2704.96875,2704.96875,2704.96875,2704.96875
374,0.05296969557710106,0.034633901725491745,0.0001,3.9818361969664693,2704.96875,2705.4140625,2704.96875,2704.96875,2704.96875,2704.96875
375,0.052969379260005264,0.01145089486064399,0.0001,8.464103674516082,2704.96875,2705.4140625,2704.96875,2704.96875,2704.96875,2704.96875
376,0.05296864018027502,0.0053830604153790595,0.0001,4.273945979773998,2704.96875,2705.4140625,2704.96875,2704.96875,2704.96875,2704.96875
377,0.05296813178504884,0.0010228533573130028,0.0001,4.309621528722346,2704.96875,2705.4140625,2704.96875,2704.96875,2704.96875,2704.96875
378,0.05296807048735373,0.04264399566333843,0.0001,3.9800669103860855,2704.96875,2705.4140625,2704.96875,2704.96875,2704.96875,2704.96875
379,0.052967718340486525,0.01876387643741395,0.0001,3.819633179344237,2704.96875,2705.4140625,2704.96875,2704.96875,2704.96875,2704.96875
380,0.05296746239615205,0.003340793934084263,0.0001,4.081186883151531,2704.96875,2705.4140625,2704.96875,2704.96875,2704.96875,2704.96875
381,0.05296699718155749,0.017080064937141426,0.0001,4.013141469098628,2704.96875,2705.4140625,2704.96875,2704.96875,2704.96875,2704.96875
382,0.05296660438227239,0.02096280818491203,0.0001,3.9669062700122595,2704.96875,2705.4140625,2704.96875,2704.96875,2704.96875,2704.96875
383,0.05296656077722712,0.016827717669742892,0.0001,8.59695262927562,2704.96875,2705.4140625,2704.96875,2704.96875,2704.96875,2704.96875
384,0.05296618193688304,0.0022809663414498083,0.0001,3.69530288875103,2704.96875,2705.4140625,2704.96875,2704.96875,2704.96875,2704.96875
385,0.05296606712917924,0.011517637785567691,0.0001,3.3841860415413976,2704.96875,2705.4140625,2704.96875,2704.96875,2704.96875,2704.96875
386,0.05296582642924011,0.025692196446293836,0.0001,3.6941295731812716,2704.96875,2705.4140625,2704.96875,2704.96875,2704.96875,2704.96875
387,0.0529654855616117,0.03972814492213983,0.0001,3.7896111933514476,2704.96875,2705.4140625,2704.96875,2704.96875,2704.96875,2704.96875
388,0.05296491213406631,0.04061121711679494,0.0001,4.100990739651024,2704.96875,2705.4140625,2704.96875,2704.96875,2704.96875,2704.96875
389,0.052964109941346794,0.04468770595589999,0.0001,12.986210266128182,2704.96875,2705.4140625,2704.96875,2704.96875,2704.96875,2704.96875
390,0.05296408482532612,0.061653223916668165,0.0001,8.061832156032324,2704.96875,2705.4140625,2704.96875,2704.96875,2704.96875,2704.96875
391,0.05296338323454136,0.04643886960700372,0.0001,4.741910003125668,2704.96875,2705.4140625,2704.96875,2704.96875,2704.96875,2704.96875
392,0.052962853811916684,0.00895863013365017,0.0001,4.499686863273382,2704.96875,2705.4140625,2704.96875,2704.96875,2704.96875,2704.96875
393,0.05296270130943825,0.003925308739820554,0.0001,3.4705988774076104,2704.96875,2705.4140625,2704.96875,2704.96875,2704.96875,2704.96875
394,0.05296232001509447,0.006701641164847283,0.0001,4.121365077793598,2704.96875,2705.4140625,2704.96875,2704.96875,2704.96875,2704.96875
395,0.05296223763320249,0.01875689329136998,0.0001,8.045235272496939,2704.96875,2705.4140625,2704.96875,2704.96875,2704.96875,2704.96875
396,0.0529620742276617,0.011989499309892127,0.0001,4.5374350203201175,2704.96875,2705.4140625,2704.96875,2704.96875,2704.96875,2704.96875
397,0.052961998490155385,0.0026466283641317645,0.0001,4.613289753906429,2704.96875,2705.4140625,2704.96875,2704.96875,2704.96875,2704.96875
398,0.05296197402756118,0.001264704805437722,0.0001,3.136572003364563,2704.96875,2705.4140625,2704.96875,2704.96875,2704.96875,2704.96875
399,0.05296192289688242,0.005811552827481692,0.0001,3.2561081163585186,2704.96875,2705.4140625,2704.96875,2704.96875,2704.96875,2704.96875
400,0.05296186692046628,0.00500251482253844,0.0001,3.643173606134951,2704.96875,2705.4140625,2704.96875,2704.96875,2704.96875,2704.96875
401,0.052961863128414347,0.008124180233829104,0.0001,8.136903866194189,2704.96875,2705.4140625,2704.96875,2704.96875,2704.96875,2704.96875
402,0.052961822581451934,0.0021980305197524252,0.0001,3.6196079552173615,2704.96875,2705.4140625,2704.96875,2704.96875,2704.96875,2704.96875
403,0.05296180626910726,0.0016257616634023364,0.0001,3.271641836501658,2704.96875,2705.4140625,2704.96875,2704.96875,2704.96875,2704.96875
404,0.05296179092146528,0.005333604103833212,0.0001,3.1226558685302734,2704.96875,2705.4140625,2704.96875,2704.96875,2704.96875,2704.96875
405,0.05296176085285934,0.00963465891045856,0.0001,3.0778539748862386,2704.96875,2705.4140625,2704.96875,2704.96875,2704.96875,2704.96875
406,0.05296170577885171,0.012422766686850828,0.0001,3.1832685442641377,2704.96875,2705.4140625,2704.96875,2704.96875,2704.96875,2704.96875
407,0.05296163139347932,0.01081246963382787,0.0001,3.303709700703621,2704.96875,2705.4140625,2704.96875,2704.96875,2704.96875,2704.96875
408,0.05296158096516023,0.0012620249275809847,0.0001,3.5117925563827157,2704.96875,2705.4140625,2704.96875,2704.96875,2704.96875,2704.96875
409,0.0529615580655271,0.0030405763411830433,0.0001,3.196314385160804,2704.96875,2705.4140625,2704.96875,2704.96875,2704.96875,2704.96875
410,0.05296153904988848,0.00365562798411434,0.0001,3.098367614671588,2704.96875,2705.4140625,2704.96875,2704.96875,2704.96875,2704.96875
411,0.0529614634503438,0.00240235595699545,0.0001,3.3728467784821987,2704.96875,2705.4140625,2704.96875,2704.96875,2704.96875,2704.96875
412,0.052961455595362764,0.006726074375830948,0.0001,8.226781444624066,2704.96875,2705.4140625,2704.96875,2704.96875,2704.96875,2704.96875
413,0.05296132171516528,0.004141386111717216,0.0001,3.6968515338376164,2704.96875,2705.4140625,2704.96875,2704.96875,2704.96875,2704.96875
414,0.052960974083671425,0.006993544435663357,0.0001,4.15274825040251,2704.96875,2705.4140625,2704.96875,2704.96875,2704.96875,2704.96875
415,0.05296088907671502,0.005975169607887798,0.0001,10.252002451568842,2704.96875,2705.4140625,2704.96875,2704.96875,2704.96875,2704.96875
416,0.05296062139562671,0.0006816263797606581,0.0001,3.8966956976801157,2704.96875,2705.4140625,2704.96875,2704.96875,2704.96875,2704.96875
417,0.05296043574712611,0.0024746277314775522,0.0001,4.141826018691063,2704.96875,2705.4140625,2704.96875,2704.96875,2704.96875,2704.96875
418,0.0529603771809597,0.000708794682683922,0.0001,3.2442014198750257,2704.96875,2705.4140625,2704.96875,2704.96875,2704.96875,2704.96875
419,0.05296036753925198,0.011715211910756751,0.0001,4.228858455084264,2704.96875,2705.4140625,2704.96875,2704.96875,2704.96875,2704.96875
420,0.05296018785817173,0.004931179475871517,0.0001,4.921769988723099,2704.96875,2705.4140625,2704.96875,2704.96875,2704.96875,2704.96875
421,0.052960037417351266,0.007329334926794662,0.0001,3.2725626099854708,2704.96875,2705.4140625,2704.96875,2704.96875,2704.96875,2704.96875
422,0.05295982216629212,0.02673420213394162,0.0001,11.516360730864108,2704.96875,2705.4140625,2704.96875,2704.96875,2704.96875,2704.96875
423,0.05295880996718096,0.014647893308096238,0.0001,4.086030161939561,2704.96875,2705.4140625,2704.96875,2704.96875,2704.96875,2704.96875
424,0.05295871317035978,0.03218479914058947,0.0001,12.397023043595254,2704.96875,2705.4140625,2704.96875,2704.96875,2704.96875,2704.96875
425,0.05295795693936231,0.017790491275926135,0.0001,3.9307598993182182,2704.96875,2705.4140625,2704.96875,2704.96875,2704.96875,2704.96875
426,0.052957547787064047,0.016807494499355924,0.0001,3.8973283506929874,2704.96875,2705.4140625,2704.96875,2704.96875,2704.96875,2704.96875
427,0.05295752882030853,0.008283598855073793,0.0001,11.509913045912981,2704.96875,2705.4140625,2704.96875,2704.96875,2704.96875,2704.96875
428,0.052957467205718985,0.0012571152220882675,0.0001,3.579572059214115,2704.96875,2705.4140625,2704.96875,2704.96875,2704.96875,2704.96875
429,0.05295745168659127,0.0005183218685788082,0.0001,3.075822437182069,2704.96875,2705.4140625,2704.96875,2704.96875,2704.96875,2704.96875
430,0.05295739931700835,0.000935240566420581,0.0001,3.070307746529579,2704.96875,2705.4140625,2704.96875,2704.96875,2704.96875,2704.96875
431,0.052957345057474285,0.006018275800713235,0.0001,7.763825071975589,2704.96875,2705.4140625,2704.96875,2704.96875,2704.96875,2704.96875
432,0.052957069144778025,0.0024679285394441086,0.0001,3.7831173269078135,2704.96875,2705.4140625,2704.96875,2704.96875,2704.96875,2704.96875
433,0.052956734120403234,0.011104164251769522,0.0001,3.8838014183565974,2704.96875,2705.4140625,2704.96875,2704.96875,2704.96875,2704.96875
434,0.05295634176761573,0.016176535347663612,0.0001,3.89272678270936,2704.96875,2705.4140625,2704.96875,2704.96875,2704.96875,2704.96875
435,0.052955934223036405,0.007040365894946721,0.0001,7.7964906776323915,2704.96875,2705.4140625,2704.96875,2704.96875,2704.96875,2704.96875
436,0.052955727137631525,0.002381865193373467,0.0001,3.8838257482275367,2704.96875,2705.4140625,2704.96875,2704.96875,2704.96875,2704.96875
437,0.05295570000063407,0.0011334455859343118,0.0001,3.342717240564525,2704.96875,2705.4140625,2704.96875,2704.96875,2704.96875,2704.96875
438,0.05295569078766276,0.0038675921675022096,0.0001,6.064069916494191,2704.96875,2705.4140625,2704.96875,2704.96875,2704.96875,2704.96875
439,0.05295567903339001,0.0020172047300146545,0.0001,3.0298438044264913,2704.96875,2705.4140625,2704.96875,2704.96875,2704.96875,2704.96875
440,0.05295566527117794,0.0005313043654753232,0.0001,3.305115549825132,2704.96875,2705.4140625,2704.96875,2704.96875,2704.96875,2704.96875
441,0.05295565234372116,0.002079121681206275,0.0001,3.1185262175276875,2704.96875,2705.4140625,2704.96875,2704.96875,2704.96875,2704.96875
442,0.05295563263568923,0.0033709785694598926,0.0001,3.1380795734003186,2704.96875,2705.4140625,2704.96875,2704.96875,2704.96875,2704.96875
443,0.052955588265721415,0.004152245882578232,0.0001,3.5876772748306394,2704.96875,2705.4140625,2704.96875,2704.96875,2704.96875,2704.96875
444,0.05295554300540733,0.0059032764186781606,0.0001,4.304120238870382,2704.96875,2705.4140625,2704.96875,2704.96875,2704.96875,2704.96875
445,0.05295540286774392,0.001863407633077907,0.0001,3.91076619643718,2704.96875,2705.4140625,2704.96875,2704.96875,2704.96875,2704.96875
446,0.05295533480146031,0.013847032402958925,0.0001,3.7997832261025906,2704.96875,2705.4140625,2704.96875,2704.96875,2704.96875,2704.96875
447,0.052955123218994544,0.008186666788959296,0.0001,3.9396355375647545,2704.96875,2705.4140625,2704.96875,2704.96875,2704.96875,2704.96875
448,0.05295458316962197,0.0087019881305479,0.0001,4.006460966542363,2704.96875,2705.4140625,2704.96875,2704.96875,2704.96875,2704.96875
449,0.052953532624186936,0.0350595687565427,0.0001,3.9955684542655945,2704.96875,2705.4140625,2704.96875,2704.96875,2704.96875,2704.96875
450,0.05295077986467529,0.06936531614961927,0.0001,4.394862091168761,2704.96875,2705.4140625,2704.96875,2704.96875,2704.96875,2704.96875
451,0.05294509621482328,0.09455722759386997,0.0001,4.144777411594987,2704.96875,2705.4140625,2704.96875,2704.96875,2704.96875,2704.96875
452,0.0529360593329844,0.09781520932792187,0.0001,3.9393582865595818,2704.96875,2705.4140625,2704.96875,2704.96875,2704.96875,2704.96875
453,0.052934215342703754,0.10372623137078785,0.0001,12.42162901815027,2704.96875,2705.4140625,2704.96875,2704.96875,2704.96875,2704.96875
454,0.05292631586851901,0.18652240129044606,0.0001,8.044375654309988,2704.96875,2705.4140625,2704.96875,2704.96875,2704.96875,2704.96875
455,0.05292378383300178,0.07491947306282176,0.0001,7.792612110264599,2704.96875,2705.4140625,2704.96875,2704.96875,2704.96875,2704.96875
456,0.05291959422059741,0.0016366723338932724,0.0001,7.778943155892193,2704.96875,2705.4140625,2704.96875,2704.96875,2704.96875,2704.96875
457,0.05291581334125072,0.08291396653925709,0.0001,3.888202778995037,2704.96875,2705.4140625,2704.96875,2704.96875,2704.96875,2704.96875
458,0.052912579359052005,0.04044035587304573,0.0001,3.8883548891171813,2704.96875,2705.4140625,2704.96875,2704.96875,2704.96875,2704.96875
459,0.052909627812373655,0.01774656178897538,0.0001,3.8820354659110308,2704.96875,2705.4140625,2704.96875,2704.96875,2704.96875,2704.96875
460,0.05290887393233882,0.05038281147667378,0.0001,7.780314141884446,2704.96875,2705.4140625,2704.96875,2704.96875,2704.96875,2704.96875
461,0.05290780629050047,0.028301275783662483,0.0001,3.891025898978114,2704.96875,2705.4140625,2704.96875,2704.96875,2704.96875,2704.96875
462,0.052907355475872206,0.00536438461203792,0.0001,3.5809005992487073,2704.96875,2705.4140625,2704.96875,2704.96875,2704.96875,2704.96875
463,0.052906553171391535,0.023623625254431735,0.0001,3.7962776124477386,2704.96875,2705.4140625,2704.96875,2704.96875,2704.96875,2704.96875
464,0.05290498881985417,0.056635300278656375,0.0001,3.8845096239820123,2704.96875,2705.4140625,2704.96875,2704.96875,2704.96875,2704.96875
465,0.05290380883595181,0.06664804111401956,0.0001,7.763253726065159,2704.96875,2705.4140625,2704.96875,2704.96875,2704.96875,2704.96875
466,0.052903622163689476,0.06916436105415147,0.0001,7.771989019587636,2704.96875,2705.4140625,2704.96875,2704.96875,2704.96875,2704.96875
467,0.052903203030665855,0.07729049031412139,0.0001,8.007615633308887,2704.96875,2705.4140625,2704.96875,2704.96875,2704.96875,2704.96875
468,0.052902433974790546,0.01328236353972545,0.0001,4.11511092633009,2704.96875,2705.4140625,2704.96875,2704.96875,2704.96875,2704.96875
469,0.052902294263237455,0.0011930520005645207,0.0001,3.5623260671272874,2704.96875,2705.4140625,2704.96875,2704.96875,2704.96875,2704.96875
470,0.05290218939973632,0.009350115753342436,0.0001,3.980591006577015,2704.96875,2705.4140625,2704.96875,2704.96875,2704.96875,2704.96875
471,0.05290214613708593,0.017244032553408895,0.0001,3.489415753632784,2704.96875,2705.4140625,2704.96875,2704.96875,2704.96875,2704.96875
472,0.05290203975281775,0.012851794484400658,0.0001,3.322225397452712,2704.96875,2705.4140625,2704.96875,2704.96875,2704.96875,2704.96875
473,0.05290158087787119,0.009637766268566272,0.0001,4.287111982703209,2704.96875,2705.4140625,2704.96875,2704.96875,2704.96875,2704.96875
474,0.052900446595227246,0.014118281529111432,0.0001,3.9206488337367773,2704.96875,2705.4140625,2704.96875,2704.96875,2704.96875,2704.96875
475,0.052899461389556125,0.0025348304243745234,0.0001,4.227981035597622,2704.96875,2705.4140625,2704.96875,2704.96875,2704.96875,2704.96875
476,0.052898644663787554,0.0054995460135837115,0.0001,4.36065761744976,2704.96875,2705.4140625,2704.96875,2704.96875,2704.96875,2704.96875
477,0.052898546094709814,0.021862014984792788,0.0001,4.278624110855162,2704.96875,2705.4140625,2704.96875,2704.96875,2704.96875,2704.96875
478,0.052898321014920834,0.009696360190939224,0.0001,3.4427912132814527,2704.96875,2705.4140625,2704.96875,2704.96875,2704.96875,2704.96875
479,0.052898298411786504,0.0006621537288561408,0.0001,3.05838165525347,2704.96875,2705.4140625,2704.96875,2704.96875,2704.96875,2704.96875
480,0.05289828960170506,0.0006918884280132653,0.0001,3.4376400830224156,2704.96875,2705.4140625,2704.96875,2704.96875,2704.96875,2704.96875
481,0.052898268157052314,0.017004884487694216,0.0001,12.518390011973679,2704.96875,2705.4140625,2704.96875,2704.96875,2704.96875,2704.96875
482,0.05289816662096067,0.012162184137839094,0.0001,3.178734490647912,2704.96875,2705.4140625,2704.96875,2704.96875,2704.96875,2704.96875
483,0.052897912979795514,0.003652701999762309,0.0001,3.857907551340759,2704.96875,2705.4140625,2704.96875,2704.96875,2704.96875,2704.96875
484,0.05289769136568425,0.0013927661602175512,0.0001,3.903534907847643,2704.96875,2705.4140625,2704.96875,2704.96875,2704.96875,2704.96875
485,0.052897615300325065,0.007626540502425838,0.0001,3.912988195195794,2704.96875,2705.4140625,2704.96875,2704.96875,2704.96875,2704.96875
486,0.05289740695363489,0.0011569063118366252,0.0001,7.777821661904454,2704.96875,2705.4140625,2704.96875,2704.96875,2704.96875,2704.96875
487,0.052897308892610476,0.002715021591772615,0.0001,3.5644209245219827,2704.96875,2705.4140625,2704.96875,2704.96875,2704.96875,2704.96875
488,0.052897204183645546,0.006435599539414527,0.0001,3.692529071122408,2704.96875,2705.4140625,2704.96875,2704.96875,2704.96875,2704.96875
489,0.052897120835531546,0.004216645189082602,0.0001,7.757964405231178,2704.96875,2705.4140625,2704.96875,2704.96875,2704.96875,2704.96875
490,0.05289708613041001,0.006047994469238649,0.0001,7.763377866707742,2704.96875,2705.4140625,2704.96875,2704.96875,2704.96875,2704.96875
491,0.052896947337802445,0.005045613709717234,0.0001,3.1192386904731393,2704.96875,2705.4140625,2704.96875,2704.96875,2704.96875,2704.96875
492,0.052896930931331236,0.017559194504629616,0.0001,7.75867004878819,2704.96875,2705.4140625,2704.96875,2704.96875,2704.96875,2704.96875
493,0.052896568894979054,0.004436133528065378,0.0001,3.866370993666351,2704.96875,2705.4140625,2704.96875,2704.96875,2704.96875,2704.96875
494,0.052896491052072024,0.0016237891833436047,0.0001,3.1609449926763773,2704.96875,2705.4140625,2704.96875,2704.96875,2704.96875,2704.96875
495,0.052896348942366875,0.0012020344639186663,0.0001,3.3414734806865454,2704.96875,2705.4140625,2704.96875,2704.96875,2704.96875,2704.96875
496,0.05289602684255228,0.005008379658251405,0.0001,3.60760685056448,2704.96875,2705.4140625,2704.96875,2704.96875,2704.96875,2704.96875
497,0.05289526473324195,0.009009562646507208,0.0001,4.168968296609819,2704.96875,2705.4140625,2704.96875,2704.96875,2704.96875,2704.96875
498,0.052894089217409505,0.011090481840259736,0.0001,3.969322302378714,2704.96875,2705.4140625,2704.96875,2704.96875,2704.96875,2704.96875
499,0.052893968040159146,0.01487738721583387,0.0001,8.387890925630927,2704.96875,2705.4140625,2704.96875,2704.96875,2704.96875,2704.96875
500,0.052893084674840246,0.016662622609523448,0.0001,4.390368323773146,2704.96875,2705.4140625,2704.96875,2704.96875,2704.96875,2704.96875
501,0.05289307741971114,0.011897880382116144,0.0001,11.610251295380294,2704.96875,2705.4140625,2704.96875,2704.96875,2704.96875,2704.96875
502,0.05289273552809177,0.00255165388478229,0.0001,4.194963085465133,2704.96875,2705.4140625,2704.96875,2704.96875,2704.96875,2704.96875
503,0.052892716730585335,0.010665702004589495,0.0001,7.7482807179912925,2704.96875,2705.4140625,2704.96875,2704.96875,2704.96875,2704.96875
504,0.05289268272398266,0.0008786748257052501,0.0001,3.394298115745187,2704.96875,2705.4140625,2704.96875,2704.96875,2704.96875,2704.96875
505,0.052892670062223986,0.0008385322834735254,0.0001,3.383948616683483,2704.96875,2705.4140625,2704.96875,2704.96875,2704.96875,2704.96875
506,0.05289204209425106,0.0015788201715277728,0.0001,4.227914214134216,2704.96875,2705.4140625,2704.96875,2704.96875,2704.96875,2704.96875
507,0.052891462281419076,0.009081280986908968,0.0001,8.156869609840214,2704.96875,2705.4140625,2704.96875,2704.96875,2704.96875,2704.96875
508,0.05289102976376488,0.000605779991706133,0.0001,4.174074796028435,2704.96875,2705.4140625,2704.96875,2704.96875,2704.96875,2704.96875
509,0.05289052537717169,0.0017610320391427958,0.0001,3.75584358535707,2704.96875,2705.4140625,2704.96875,2704.96875,2704.96875,2704.96875
510,0.05288952885748172,0.019441812730587316,0.0001,4.051333280280232,2704.96875,2705.4140625,2704.96875,2704.96875,2704.96875,2704.96875
511,0.05288838974688664,0.026125963298826438,0.0001,4.434509583748877,2704.96875,2705.4140625,2704.96875,2704.96875,2704.96875,2704.96875
512,0.05288827566891898,0.018607011762981185,0.0001,4.4161152532324195,2704.96875,2705.4140625,2704.96875,2704.96875,2704.96875,2704.96875
513,0.05288701723617295,0.02695389855953567,0.0001,4.412183147855103,2704.96875,2705.4140625,2704.96875,2704.96875,2704.96875,2704.96875
514,0.052886630282414054,0.010261525608069588,0.0001,3.9513186728581786,2704.96875,2705.4140625,2704.96875,2704.96875,2704.96875,2704.96875
515,0.0528864885141202,0.017707521383790503,0.0001,4.096757496707141,2704.96875,2705.4140625,2704.96875,2704.96875,2704.96875,2704.96875
516,0.05288638726199865,0.009462404726073848,0.0001,3.3009345438331366,2704.96875,2705.4140625,2704.96875,2704.96875,2704.96875,2704.96875
517,0.0528862840544898,0.0013109502034203135,0.0001,3.457031609490514,2704.96875,2705.4140625,2704.96875,2704.96875,2704.96875,2704.96875
518,0.052886171913316966,0.008573859220908031,0.0001,4.054146071895957,2704.96875,2705.4140625,2704.96875,2704.96875,2704.96875,2704.96875
519,0.05288603440462293,0.010965578663822861,0.0001,4.120831998996437,2704.96875,2705.4140625,2704.96875,2704.96875,2704.96875,2704.96875
520,0.05288577364652367,0.016349506197905206,0.0001,4.349114424549043,2704.96875,2705.4140625,2704.96875,2704.96875,2704.96875,2704.96875
521,0.052885530412449276,0.017747840714928853,0.0001,8.24584989529103,2704.96875,2705.4140625,2704.96875,2704.96875,2704.96875,2704.96875
522,0.052885064143955184,0.0005382740741222136,0.0001,8.018661714158952,2704.96875,2705.4140625,2704.96875,2704.96875,2704.96875,2704.96875
523,0.05288449756852189,0.0019486653986215963,0.0001,4.085537603124976,2704.96875,2705.4140625,2704.96875,2704.96875,2704.96875,2704.96875
524,0.05288442598122657,0.052571879495750595,0.0001,4.3361478336155415,2704.96875,2705.4140625,2704.96875,2704.96875,2704.96875,2704.96875
525,0.05288353281637215,0.014483808640455842,0.0001,4.405310671776533,2704.96875,2705.4140625,2704.96875,2704.96875,2704.96875,2704.96875
526,0.05288324905980894,0.0035637258091790747,0.0001,3.3709674244746566,2704.96875,2705.4140625,2704.96875,2704.96875,2704.96875,2704.96875
527,0.052881861780216144,0.03412831690912976,0.0001,4.058835339732468,2704.96875,2705.4140625,2704.96875,2704.96875,2704.96875,2704.96875
528,0.05288060294799653,0.045600506105490046,0.0001,4.155723374336958,2704.96875,2705.4140625,2704.96875,2704.96875,2704.96875,2704.96875
529,0.052879445952958404,0.022907115142017487,0.0001,3.9501985097303987,2704.96875,2705.4140625,2704.96875,2704.96875,2704.96875,2704.96875
530,0.05287905759945489,0.04679708470340094,0.0001,8.192121496424079,2704.96875,2705.4140625,2704.96875,2704.96875,2704.96875,2704.96875
531,0.0528786351438868,0.03162890639084659,0.0001,3.942206527106464,2704.96875,2705.4140625,2704.96875,2704.96875,2704.96875,2704.96875
532,0.052877896289992836,0.003313786072757452,0.0001,4.41753451898694,2704.96875,2705.4140625,2704.96875,2704.96875,2704.96875,2704.96875
533,0.05287777442227594,0.007759469763420901,0.0001,7.462800242006779,2704.96875,2705.4140625,2704.96875,2704.96875,2704.96875,2704.96875
534,0.05287765932481754,0.006079081376265116,0.0001,3.3447130443528295,2704.96875,2705.4140625,2704.96875,2704.96875,2704.96875,2704.96875
535,0.052877543465744706,0.017543277337374708,0.0001,8.142964096739888,2704.96875,2705.4140625,2704.96875,2704.96875,2704.96875,2704.96875
536,0.05287731059433786,0.004688746087734286,0.0001,4.496705234982073,2704.96875,2705.4140625,2704.96875,2704.96875,2704.96875,2704.96875
537,0.052877093949077386,0.001973987579297898,0.0001,4.170187720097601,2704.96875,2705.4140625,2704.96875,2704.96875,2704.96875,2704.96875
538,0.052875952535872,0.0036350994046630003,0.0001,3.9569837152957916,2704.96875,2705.4140625,2704.96875,2704.96875,2704.96875,2704.96875
539,0.0528752805158992,0.02265452366673415,0.0001,12.087203962728381,2704.96875,2705.4140625,2704.96875,2704.96875,2704.96875,2704.96875
540,0.05287308088485957,0.016306037517269445,0.0001,4.107943989336491,2704.96875,2705.4140625,2704.96875,2704.96875,2704.96875,2704.96875
541,0.05287089177675479,0.07004876311315256,0.0001,8.71000205911696,2704.96875,2705.4140625,2704.96875,2704.96875,2704.96875,2704.96875
542,0.05286789273845375,0.0004030531020526739,0.0001,4.287006893195212,2704.96875,2705.4140625,2704.96875,2704.96875,2704.96875,2704.96875
543,0.05286760997475135,0.0029530359623870517,0.0001,3.979344972409308,2704.96875,2705.4140625,2704.96875,2704.96875,2704.96875,2704.96875
544,0.05286758043142915,0.005581268796194694,0.0001,7.845960582606494,2704.96875,2705.4140625,2704.96875,2704.96875,2704.96875,2704.96875
545,0.052867540055849545,0.0005281542511025306,0.0001,3.4388767620548606,2704.96875,2705.4140625,2704.96875,2704.96875,2704.96875,2704.96875
546,0.052867516240809403,0.0005111205250201156,0.0001,3.0875462032854557,2704.96875,2705.4140625,2704.96875,2704.96875,2704.96875,2704.96875
547,0.0528675070001235,0.0025040988209020787,0.0001,7.83377265650779,2704.96875,2705.4140625,2704.96875,2704.96875,2704.96875,2704.96875
548,0.05286743413837701,0.004622271386224175,0.0001,3.2751682586967945,2704.96875,2705.4140625,2704.96875,2704.96875,2704.96875,2704.96875
549,0.05286734845944598,0.0030674830011890863,0.0001,3.1382361464202404,2704.96875,2705.4140625,2704.96875,2704.96875,2704.96875,2704.96875
550,0.05286728170716293,0.005757840317480056,0.0001,3.9399528121575713,2704.96875,2705.4140625,2704.96875,2704.96875,2704.96875,2704.96875
551,0.0528672295595664,0.004426424666408746,0.0001,3.2251231875270605,2704.96875,2705.4140625,2704.96875,2704.96875,2704.96875,2704.96875
552,0.05286719868941304,0.012403079679754292,0.0001,7.695991232059896,2704.96875,2705.4140625,2704.96875,2704.96875,2704.96875,2704.96875
553,0.052867098736415694,0.005324669121326897,0.0001,3.7112709591165185,2704.96875,2705.4140625,2704.96875,2704.96875,2704.96875,2704.96875
554,0.05286690108464901,0.0011451190827715951,0.0001,4.214095156639814,2704.96875,2705.4140625,2704.96875,2704.96875,2704.96875,2704.96875
555,0.05286655510872782,0.004980116842544735,0.0001,4.0435003861784935,2704.96875,2705.4140625,2704.96875,2704.96875,2704.96875,2704.96875
556,0.052866334880621826,0.018680165148815653,0.0001,8.276030670851469,2704.96875,2705.4140625,2704.96875,2704.96875,2704.96875,2704.96875
557,0.05286595485186311,0.00935078054459515,0.0001,3.7802925826981664,2704.96875,2705.4140625,2704.96875,2704.96875,2704.96875,2704.96875
558,0.05286487499589381,0.010199610544713522,0.0001,4.123805412091315,2704.96875,2705.4140625,2704.96875,2704.96875,2704.96875,2704.96875
559,0.05286394698816421,0.01904517152571472,0.0001,4.26716657821089,2704.96875,2705.4140625,2704.96875,2704.96875,2704.96875,2704.96875
560,0.05286263827010204,0.013607094998804081,0.0001,4.357167311012745,2704.96875,2705.4140625,2704.96875,2704.96875,2704.96875,2704.96875
561,0.0528624793258422,0.024892053851604867,0.0001,8.373725784011185,2704.96875,2705.4140625,2704.96875,2704.96875,2704.96875,2704.96875
562,0.05286210174958293,0.01164989421046192,0.0001,3.9168081525713205,2704.96875,2705.4140625,2704.96875,2704.96875,2704.96875,2704.96875
563,0.05286199343869315,0.006206317320344157,0.0001,4.035090774297714,2704.96875,2705.4140625,2704.96875,2704.96875,2704.96875,2704.96875
564,0.05286194302428439,0.007931834308726682,0.0001,3.867925745435059,2704.96875,2705.4140625,2704.96875,2704.96875,2704.96875,2704.96875
565,0.05286190801870789,0.004000329664057167,0.0001,3.314129267819226,2704.96875,2705.4140625,2704.96875,2704.96875,2704.96875,2704.96875
566,0.05286187525885238,0.0008276755681626558,0.0001,3.5204894123598933,2704.96875,2705.4140625,2704.96875,2704.96875,2704.96875,2704.96875
567,0.05286182259848662,0.002400570208304975,0.0001,3.5425049168989062,2704.96875,2705.4140625,2704.96875,2704.96875,2704.96875,2704.96875
568,0.052861784562845085,0.004554269274638978,0.0001,3.648716852068901,2704.96875,2705.4140625,2704.96875,2704.96875,2704.96875,2704.96875
569,0.052861777504393054,0.0007966609799958668,0.0001,7.98594406619668,2704.96875,2705.4140625,2704.96875,2704.96875,2704.96875,2704.96875
570,0.05286176023783274,0.0008312993298011939,0.0001,3.5986300809308887,2704.96875,2705.4140625,2704.96875,2704.96875,2704.96875,2704.96875
571,0.052861490402546354,0.019656310037275304,0.0001,7.992327811196446,2704.96875,2705.4140625,2704.96875,2704.96875,2704.96875,2704.96875
572,0.052861288640976604,0.006256779587297201,0.0001,4.276272293180227,2704.96875,2705.4140625,2704.96875,2704.96875,2704.96875,2704.96875
573,0.05286123553762378,0.002293449473168785,0.0001,3.532672978937626,2704.96875,2705.4140625,2704.96875,2704.96875,2704.96875,2704.96875
574,0.05286121118981236,0.001145641779088713,0.0001,3.4046643022447824,2704.96875,2705.4140625,2704.96875,2704.96875,2704.96875,2704.96875
575,0.05286120093702806,0.0009179286550335952,0.0001,3.2659177128225565,2704.96875,2705.4140625,2704.96875,2704.96875,2704.96875,2704.96875
576,0.05286115921983075,0.00887082679870832,0.0001,8.317780519835651,2704.96875,2705.4140625,2704.96875,2704.96875,2704.96875,2704.96875
577,0.05286107316991457,0.006376866394798508,0.0001,3.1529554529115558,2704.96875,2705.4140625,2704.96875,2704.96875,2704.96875,2704.96875
578,0.05286041760933528,0.012314300636199316,0.0001,4.168873273767531,2704.96875,2705.4140625,2704.96875,2704.96875,2704.96875,2704.96875
579,0.05285980630256032,0.02449650203371745,0.0001,4.330550969578326,2704.96875,2705.4140625,2704.96875,2704.96875,2704.96875,2704.96875
580,0.052858449261506596,0.025767339570996972,0.0001,4.377377487719059,2704.96875,2705.4140625,2704.96875,2704.96875,2704.96875,2704.96875
581,0.05285839638684032,0.03745619742895223,0.0001,17.172787227667868,2704.96875,2705.4140625,2704.96875,2704.96875,2704.96875,2704.96875
582,0.05285716037204448,0.02783660503360763,0.0001,3.958485302515328,2704.96875,2705.4140625,2704.96875,2704.96875,2704.96875,2704.96875
583,0.052856324281673646,0.0030442285369679523,0.0001,3.9342169892042875,2704.96875,2705.4140625,2704.96875,2704.96875,2704.96875,2704.96875
584,0.052855878103320576,0.008029143729681998,0.0001,4.019709854386747,2704.96875,2705.4140625,2704.96875,2704.96875,2704.96875,2704.96875
585,0.05285526819579823,0.008713845864611658,0.0001,4.17883319221437,2704.96875,2705.4140625,2704.96875,2704.96875,2704.96875,2704.96875
586,0.05285502277163106,0.02769654977854663,0.0001,11.000565512105823,2704.96875,2705.4140625,2704.96875,2704.96875,2704.96875,2704.96875
587,0.05285442065210063,0.005331580892925958,0.0001,6.316742576658726,2704.96875,2705.4140625,2704.96875,2704.96875,2704.96875,2704.96875
588,0.052853991092761024,0.006832969559173563,0.0001,6.497824516147375,2704.96875,2705.4140625,2704.96875,2704.96875,2704.96875,2704.96875
589,0.05285395481579323,0.01296655201692909,0.0001,10.58238295931369,2704.96875,2705.4140625,2704.96875,2704.96875,2704.96875,2704.96875
590,0.052853341486000516,0.0006424984070553229,0.0001,4.604088671505451,2704.96875,2705.4140625,2704.96875,2704.96875,2704.96875,2704.96875
591,0.05285303557440394,0.0006612551775074426,0.0001,3.934246719814837,2704.96875,2705.4140625,2704.96875,2704.96875,2704.96875,2704.96875
592,0.05285302950345338,0.0037160137247584935,0.0001,11.644033593125641,2704.96875,2705.4140625,2704.96875,2704.96875,2704.96875,2704.96875
593,0.05285294302135575,0.0019360557121264055,0.0001,4.094417630694807,2704.96875,2705.4140625,2704.96875,2704.96875,2704.96875,2704.96875
594,0.05285282282652883,0.004131089894327422,0.0001,3.5587200690060854,2704.96875,2705.4140625,2704.96875,2704.96875,2704.96875,2704.96875
595,0.052852748323988466,0.0053554690377705105,0.0001,4.053061781451106,2704.96875,2705.4140625,2704.96875,2704.96875,2704.96875,2704.96875
596,0.052852450083751445,0.0294981255706811,0.0001,8.007339107804,2704.96875,2705.4140625,2704.96875,2704.96875,2704.96875,2704.96875
597,0.052851532800484276,0.0021559844473533207,0.0001,3.9451506016775966,2704.96875,2705.4140625,2704.96875,2704.96875,2704.96875,2704.96875
598,0.05285080591746029,0.01231209637284536,0.0001,3.9948121793568134,2704.96875,2705.4140625,2704.96875,2704.96875,2704.96875,2704.96875
599,0.05285000931235003,0.0360143088029099,0.0001,4.169908667914569,2704.96875,2705.4140625,2704.96875,2704.96875,2704.96875,2704.96875
600,0.052849825989049345,0.01088805029056994,0.0001,8.977232433855534,2704.96875,2705.4140625,2704.96875,2704.96875,2704.96875,2704.96875
601,0.052849710255370067,0.0028602088376108448,0.0001,3.7712888084352016,2704.96875,2705.4140625,2704.96875,2704.96875,2704.96875,2704.96875
602,0.0528496625308176,0.002757315811765637,0.0001,3.502659644931555,2704.96875,2705.4140625,2704.96875,2704.96875,2704.96875,2704.96875
603,0.05284963768532518,0.0027904976569578244,0.0001,3.140834636054933,2704.96875,2705.4140625,2704.96875,2704.96875,2704.96875,2704.96875
604,0.05284963314827873,0.0049229097510834485,0.0001,10.888369604945183,2704.96875,2705.4140625,2704.96875,2704.96875,2704.96875,2704.96875
605,0.05284960758945152,0.003434255144484588,0.0001,3.172132756561041,2704.96875,2705.4140625,2704.96875,2704.96875,2704.96875,2704.96875
606,0.05284957519334626,0.0014081504990941518,0.0001,3.127722636796534,2704.96875,2705.4140625,2704.96875,2704.96875,2704.96875,2704.96875
607,0.052849524529134634,0.005995528473059286,0.0001,3.232074343599379,2704.96875,2705.4140625,2704.96875,2704.96875,2704.96875,2704.96875
608,0.05284947912032524,0.007898109316976099,0.0001,3.3447705637663603,2704.96875,2705.4140625,2704.96875,2704.96875,2704.96875,2704.96875
609,0.052849265091668145,0.01253350682215193,0.0001,3.830582824535668,2704.96875,2705.4140625,2704.96875,2704.96875,2704.96875,2704.96875
610,0.05284903402028314,0.018077405782493283,0.0001,3.8663316313177347,2704.96875,2705.4140625,2704.96875,2704.96875,2704.96875,2704.96875
611,0.05284898130906321,0.0015724239388339445,0.0001,8.115511479787529,2704.96875,2705.4140625,2704.96875,2704.96875,2704.96875,2704.96875
612,0.05284879927433107,0.005798364017373325,0.0001,3.9292306201532483,2704.96875,2705.4140625,2704.96875,2704.96875,2704.96875,2704.96875
613,0.05284865938002427,0.0029582822823386312,0.0001,3.9173214249312878,2704.96875,2705.4140625,2704.96875,2704.96875,2704.96875,2704.96875
614,0.05284856542388065,0.0006530257521581388,0.0001,4.025791699066758,2704.96875,2705.4140625,2704.96875,2704.96875,2704.96875,2704.96875
615,0.0528484699283375,0.00809117192858999,0.0001,3.70502866525203,2704.96875,2705.4140625,2704.96875,2704.96875,2704.96875,2704.96875
616,0.05284830241250044,0.011469224594493621,0.0001,3.3055271543562412,2704.96875,2705.4140625,2704.96875,2704.96875,2704.96875,2704.96875
617,0.05284773596480963,0.015070319870703841,0.0001,4.201756278984249,2704.96875,2705.4140625,2704.96875,2704.96875,2704.96875,2704.96875
618,0.052847271029345194,0.01117733297585688,0.0001,3.901680954732001,2704.96875,2705.4140625,2704.96875,2704.96875,2704.96875,2704.96875
619,0.05284662375977486,0.0041662075540924715,0.0001,3.965647608973086,2704.96875,2705.4140625,2704.96875,2704.96875,2704.96875,2704.96875
620,0.05284584640376304,0.0030613997927879666,0.0001,4.201374927535653,2704.96875,2705.4140625,2704.96875,2704.96875,2704.96875,2704.96875
621,0.052845362971472326,0.007311698423881907,0.0001,8.2341588428244,2704.96875,2705.4140625,2704.96875,2704.96875,2704.96875,2704.96875
622,0.05284516800589568,0.03891618566098909,0.0001,7.99835089314729,2704.96875,2705.4140625,2704.96875,2704.96875,2704.96875,2704.96875
623,0.052842250107537694,0.021830976677372438,0.0001,4.083787929266691,2704.96875,2705.4140625,2704.96875,2704.96875,2704.96875,2704.96875
624,0.05283634395857795,0.015494669602185374,0.0001,3.926013018935919,2704.96875,2705.4140625,2704.96875,2704.96875,2704.96875,2704.96875
625,0.05283400033475217,0.01471233491317947,0.0001,8.289075911045074,2704.96875,2705.4140625,2704.96875,2704.96875,2704.96875,2704.96875
626,0.052833315724688586,0.02141153149552877,0.0001,12.48049185052514,2704.96875,2705.4140625,2704.96875,2704.96875,2704.96875,2704.96875
627,0.05282749314839204,0.007766907615832652,0.0001,7.914765629917383,2704.96875,2705.4140625,2704.96875,2704.96875,2704.96875,2704.96875
628,0.05282432325129716,0.05113999656390722,0.0001,4.1938560185953975,2704.96875,2705.4140625,2704.96875,2704.96875,2704.96875,2704.96875
629,0.052823095820547,0.043523963911465624,0.0001,8.34751880262047,2704.96875,2705.4140625,2704.96875,2704.96875,2704.96875,2704.96875
630,0.052821668214869597,0.029005485033529288,0.0001,3.951217603869736,2704.96875,2705.4140625,2704.96875,2704.96875,2704.96875,2704.96875
631,0.05282112249471062,0.006399978198970979,0.0001,3.9866007193922997,2704.96875,2705.4140625,2704.96875,2704.96875,2704.96875,2704.96875
632,0.05282042680521433,0.02759638985802937,0.0001,4.160373040474951,2704.96875,2705.4140625,2704.96875,2704.96875,2704.96875,2704.96875
633,0.05281928836292261,0.04520877729684991,0.0001,3.9268984608352184,2704.96875,2705.4140625,2704.96875,2704.96875,2704.96875,2704.96875
634,0.052817118766986276,0.03660673979221296,0.0001,4.286803252995014,2704.96875,2705.4140625,2704.96875,2704.96875,2704.96875,2704.96875
635,0.05281702892448634,0.04307302986630113,0.0001,7.994497918523848,2704.96875,2705.4140625,2704.96875,2704.96875,2704.96875,2704.96875
636,0.052816414734942196,0.01514079300306026,0.0001,4.086100287735462,2704.96875,2705.4140625,2704.96875,2704.96875,2704.96875,2704.96875
637,0.05281620668350746,0.0041048462385705475,0.0001,3.7237488767132163,2704.96875,2705.4140625,2704.96875,2704.96875,2704.96875,2704.96875
638,0.052816141186173234,0.010445838843741284,0.0001,3.102583250962198,2704.96875,2705.4140625,2704.96875,2704.96875,2704.96875,2704.96875
639,0.052815972283381314,0.021672339599411727,0.0001,3.4401865573599935,2704.96875,2705.4140625,2704.96875,2704.96875,2704.96875,2704.96875
640,0.052815606323104156,0.03558109514765406,0.0001,3.745615760795772,2704.96875,2705.4140625,2704.96875,2704.96875,2704.96875,2704.96875
641,0.05281476616210967,0.05083594636427691,0.0001,3.9210870089009404,2704.96875,2705.4140625,2704.96875,2704.96875,2704.96875,2704.96875
642,0.052813290181792184,0.05008671934931841,0.0001,3.9406528836116195,2704.96875,2705.4140625,2704.96875,2704.96875,2704.96875,2704.96875
643,0.05281314190623037,0.06810744452488626,0.0001,16.839464446529746,2704.96875,2705.4140625,2704.96875,2704.96875,2704.96875,2704.96875
644,0.05281146673454547,0.062187376172916586,0.0001,3.926634667441249,2704.96875,2705.4140625,2704.96875,2704.96875,2704.96875,2704.96875
645,0.05280839530273526,0.021782750250231575,0.0001,4.063905066810548,2704.96875,2705.4140625,2704.96875,2704.96875,2704.96875,2704.96875
646,0.052806861088298934,0.013416411508148984,0.0001,3.9533813996240497,2704.96875,2705.4140625,2704.96875,2704.96875,2704.96875,2704.96875
647,0.05280611293081463,0.01797596462907447,0.0001,4.075504361651838,2704.96875,2705.4140625,2704.96875,2704.96875,2704.96875,2704.96875
648,0.052806044560307,0.007413514990156633,0.0001,8.036570701748133,2704.96875,2705.4140625,2704.96875,2704.96875,2704.96875,2704.96875
649,0.05280596587574833,0.002791318635898321,0.0001,4.096539251506329,2704.96875,2705.4140625,2704.96875,2704.96875,2704.96875,2704.96875
650,0.052805898661942935,0.0007167794534125879,0.0001,3.1018851781263947,2704.96875,2705.4140625,2704.96875,2704.96875,2704.96875,2704.96875
651,0.0528055538710045,0.008215177456284528,0.0001,3.977507673203945,2704.96875,2705.4140625,2704.96875,2704.96875,2704.96875,2704.96875
652,0.05280489649032314,0.015703538550728147,0.0001,4.217123427428305,2704.96875,2705.4140625,2704.96875,2704.96875,2704.96875,2704.96875
653,0.05280321672663869,0.02222031759888854,0.0001,3.957662026397884,2704.96875,2705.4140625,2704.96875,2704.96875,2704.96875,2704.96875
654,0.05280154426351094,0.013964318129251363,0.0001,8.186973931267858,2704.96875,2705.4140625,2704.96875,2704.96875,2704.96875,2704.96875
655,0.052796216533901125,0.0026398908734430737,0.0001,8.223398942500353,2704.96875,2705.4140625,2704.96875,2704.96875,2704.96875,2704.96875
656,0.05279558963355681,0.006498474189596148,0.0001,11.923225353471935,2704.96875,2705.4140625,2704.96875,2704.96875,2704.96875,2704.96875
657,0.05279262394779892,0.05385906609336555,0.0001,4.1710794400423765,2704.96875,2705.4140625,2704.96875,2704.96875,2704.96875,2704.96875
658,0.05279097611161858,0.014391063031641393,0.0001,7.976258609443903,2704.96875,2705.4140625,2704.96875,2704.96875,2704.96875,2704.96875
659,0.052790469304844184,0.03197904725309364,0.0001,4.205532201565802,2704.96875,2705.4140625,2704.96875,2704.96875,2704.96875,2704.96875
660,0.052790242201319594,0.008546065821231297,0.0001,8.106900642625988,2704.96875,2705.4140625,2704.96875,2704.96875,2704.96875,2704.96875
661,0.05279000320140103,0.007694753216441086,0.0001,3.9605497187003493,2704.96875,2705.4140625,2704.96875,2704.96875,2704.96875,2704.96875
662,0.052789881240061794,0.010690284974215092,0.0001,12.272738160565495,2704.96875,2705.4140625,2704.96875,2704.96875,2704.96875,2704.96875
663,0.05278919823777847,0.015068863600211313,0.0001,3.921524988487363,2704.96875,2705.4140625,2704.96875,2704.96875,2704.96875,2704.96875
664,0.05278761639756781,0.019897825407715786,0.0001,16.03461712319404,2704.96875,2705.4140625,2704.96875,2704.96875,2704.96875,2704.96875
665,0.052786901134178915,0.010382673261528308,0.0001,16.170749909244478,2704.96875,2705.4140625,2704.96875,2704.96875,2704.96875,2704.96875
666,0.05278672950182364,0.016844992161112238,0.0001,4.045337305404246,2704.96875,2705.4140625,2704.96875,2704.96875,2704.96875,2704.96875
667,0.05278662871754279,0.00449106374243935,0.0001,8.053767937235534,2704.96875,2705.4140625,2704.96875,2704.96875,2704.96875,2704.96875
668,0.0527865843431291,0.0006162843726863487,0.0001,3.513248283416033,2704.96875,2705.4140625,2704.96875,2704.96875,2704.96875,2704.96875
669,0.05278656252309699,0.0008187626587641272,0.0001,3.026921379379928,2704.96875,2705.4140625,2704.96875,2704.96875,2704.96875,2704.96875
670,0.05278636765752353,0.030534718859708487,0.0001,3.8903462067246437,2704.96875,2705.4140625,2704.96875,2704.96875,2704.96875,2704.96875
671,0.05278572744133896,0.017774469532759407,0.0001,3.880379479378462,2704.96875,2705.4140625,2704.96875,2704.96875,2704.96875,2704.96875
672,0.05278444920454211,0.009978616948531749,0.0001,3.877668478526175,2704.96875,2705.4140625,2704.96875,2704.96875,2704.96875,2704.96875
673,0.05278358285231729,0.0006327527871300946,0.0001,3.902363614179194,2704.96875,2705.4140625,2704.96875,2704.96875,2704.96875,2704.96875
674,0.052782814619006455,0.0006244440021722081,0.0001,3.8760299617424607,2704.96875,2705.4140625,2704.96875,2704.96875,2704.96875,2704.96875
675,0.05278246163805299,0.03101067660352208,0.0001,12.262360721826553,2704.96875,2705.4140625,2704.96875,2704.96875,2704.96875,2704.96875
676,0.052781445669185856,0.007735881096607278,0.0001,4.2086193254217505,2704.96875,2705.4140625,2704.96875,2704.96875,2704.96875,2704.96875
677,0.05278051593491201,0.011843887097428896,0.0001,3.9052335042506456,2704.96875,2705.4140625,2704.96875,2704.96875,2704.96875,2704.96875
678,0.05277673663168148,0.023294019052179538,0.0001,4.07476366776973,2704.96875,2705.4140625,2704.96875,2704.96875,2704.96875,2704.96875
679,0.052774354739295835,0.043677295218246925,0.0001,8.047660834155977,2704.96875,2705.4140625,2704.96875,2704.96875,2704.96875,2704.96875
680,0.052773140217942854,0.02131997288238452,0.0001,8.094762425869703,2704.96875,2705.4140625,2704.96875,2704.96875,2704.96875,2704.96875
681,0.05276482603659144,0.006119623340460456,0.0001,4.23856589011848,2704.96875,2705.4140625,2704.96875,2704.96875,2704.96875,2704.96875
682,0.052761582917897204,0.008723216314024285,0.0001,4.271217266097665,2704.96875,2705.4140625,2704.96875,2704.96875,2704.96875,2704.96875
683,0.05276115284788585,0.011482814432484889,0.0001,8.067580089904368,2704.96875,2705.4140625,2704.96875,2704.96875,2704.96875,2704.96875
684,0.052760741509824946,0.011513719929068689,0.0001,8.1380824027583,2704.96875,2705.4140625,2704.96875,2704.96875,2704.96875,2704.96875
685,0.0527606126455421,0.01741184355103509,0.0001,3.6858876291662455,2704.96875,2705.4140625,2704.96875,2704.96875,2704.96875,2704.96875
686,0.052760465119727644,0.010349118224693976,0.0001,3.208723269402981,2704.96875,2705.4140625,2704.96875,2704.96875,2704.96875,2704.96875
687,0.052759335090687254,0.023639903280491703,0.0001,3.9473491171374917,2704.96875,2705.4140625,2704.96875,2704.96875,2704.96875,2704.96875
688,0.05275814683923204,0.04843004964330366,0.0001,4.063206784427166,2704.96875,2705.4140625,2704.96875,2704.96875,2704.96875,2704.96875
689,0.05275720455808257,0.07984815191732708,0.0001,4.172910867258906,2704.96875,2705.4140625,2704.96875,2704.96875,2704.96875,2704.96875
690,0.05275638931821537,0.008493471495777394,0.0001,3.9097290113568306,2704.96875,2705.4140625,2704.96875,2704.96875,2704.96875,2704.96875
691,0.05275605333301464,0.0018466367748337653,0.0001,4.025796719826758,2704.96875,2705.4140625,2704.96875,2704.96875,2704.96875,2704.96875
692,0.052756023386670486,0.005724349294072284,0.0001,3.150372284464538,2704.96875,2705.4140625,2704.96875,2704.96875,2704.96875,2704.96875
693,0.05275598992709866,0.0015211609580684238,0.0001,3.1509756967425346,2704.96875,2705.4140625,2704.96875,2704.96875,2704.96875,2704.96875
694,0.052755944153783034,0.0006273995713414844,0.0001,3.365065802820027,2704.96875,2705.4140625,2704.96875,2704.96875,2704.96875,2704.96875
695,0.05275592601156366,0.007506372674401129,0.0001,7.254773797467351,2704.96875,2705.4140625,2704.96875,2704.96875,2704.96875,2704.96875
696,0.05275589295566195,0.003924590687149232,0.0001,3.152686803601682,2704.96875,2705.4140625,2704.96875,2704.96875,2704.96875,2704.96875
697,0.05275586126252701,0.0005333250737598933,0.0001,3.249062285758555,2704.96875,2705.4140625,2704.96875,2704.96875,2704.96875,2704.96875
698,0.05275584446251524,0.0005222310528513409,0.0001,3.298627086915076,2704.96875,2705.4140625,2704.96875,2704.96875,2704.96875,2704.96875
699,0.05275581654310857,0.00689473070959945,0.0001,6.428799952380359,2704.96875,2705.4140625,2704.96875,2704.96875,2704.96875,2704.96875
700,0.05275574949391716,0.005352389492438325,0.0001,3.4905433859676123,2704.96875,2705.4140625,2704.96875,2704.96875,2704.96875,2704.96875
701,0.05275503836510215,0.004083346557657075,0.0001,3.9288164861500263,2704.96875,2705.4140625,2704.96875,2704.96875,2704.96875,2704.96875
702,0.052754986492937514,0.010807915347467612,0.0001,11.98101858701557,2704.96875,2705.4140625,2704.96875,2704.96875,2704.96875,2704.96875
703,0.05275418751967524,0.004763390871986961,0.0001,4.0385123789310455,2704.96875,2705.4140625,2704.96875,2704.96875,2704.96875,2704.96875
704,0.05275393826138817,0.01602024676981506,0.0001,3.987291091121733,2704.96875,2705.4140625,2704.96875,2704.96875,2704.96875,2704.96875
705,0.05275315149494725,0.011285232403412726,0.0001,8.108991520479321,2704.96875,2705.4140625,2704.96875,2704.96875,2704.96875,2704.96875
706,0.05275278453144867,0.007251670402377508,0.0001,3.9032568372786045,2704.96875,2705.4140625,2704.96875,2704.96875,2704.96875,2704.96875
707,0.05275274796586832,0.0026030146453290826,0.0001,7.469610814936459,2704.96875,2705.4140625,2704.96875,2704.96875,2704.96875,2704.96875
708,0.05275273067113468,0.0009830007097638375,0.0001,3.0920550702139735,2704.96875,2705.4140625,2704.96875,2704.96875,2704.96875,2704.96875
709,0.05275271585389326,0.0015973693571113001,0.0001,3.046925595961511,2704.96875,2705.4140625,2704.96875,2704.96875,2704.96875,2704.96875
710,0.05275266772881692,0.003937739030743237,0.0001,3.0906620156019926,2704.96875,2705.4140625,2704.96875,2704.96875,2704.96875,2704.96875
711,0.052752553899613114,0.008182773262902732,0.0001,3.811826603487134,2704.96875,2705.4140625,2704.96875,2704.96875,2704.96875,2704.96875
712,0.05275239014322935,0.0008823039186305924,0.0001,3.0906960451975465,2704.96875,2705.4140625,2704.96875,2704.96875,2704.96875,2704.96875
713,0.052752056993196864,0.005527727796824533,0.0001,3.7117952592670918,2704.96875,2705.4140625,2704.96875,2704.96875,2704.96875,2704.96875
714,0.052751623786178224,0.008098865711628767,0.0001,3.904612572863698,2704.96875,2705.4140625,2704.96875,2704.96875,2704.96875,2704.96875
715,0.05275157222952319,0.0038779623323141887,0.0001,8.36397810280323,2704.96875,2705.4140625,2704.96875,2704.96875,2704.96875,2704.96875
716,0.05275130499727472,0.0006103021513991059,0.0001,3.868364873342216,2704.96875,2705.4140625,2704.96875,2704.96875,2704.96875,2704.96875
717,0.052751281639651156,0.007227377470125251,0.0001,8.183544747531414,2704.96875,2705.4140625,2704.96875,2704.96875,2704.96875,2704.96875
718,0.05275121968456513,0.0022589813190032615,0.0001,3.142862865701318,2704.96875,2705.4140625,2704.96875,2704.96875,2704.96875,2704.96875
719,0.05275119969683762,0.002143679549198474,0.0001,3.1071189381182194,2704.96875,2705.4140625,2704.96875,2704.96875,2704.96875,2704.96875
720,0.05275116628504273,0.006477347934820132,0.0001,3.4904205854982138,2704.96875,2705.4140625,2704.96875,2704.96875,2704.96875,2704.96875
721,0.05275109386363627,0.012585264357729997,0.0001,3.217087712138891,2704.96875,2705.4140625,2704.96875,2704.96875,2704.96875,2704.96875
722,0.052750892769657165,0.020201481261649112,0.0001,3.7138503063470125,2704.96875,2705.4140625,2704.96875,2704.96875,2704.96875,2704.96875
723,0.05275057377441707,0.02390452749157368,0.0001,4.047180182300508,2704.96875,2705.4140625,2704.96875,2704.96875,2704.96875,2704.96875
724,0.05275026102781996,0.04705759681774002,0.0001,3.9035878693684936,2704.96875,2705.4140625,2704.96875,2704.96875,2704.96875,2704.96875
725,0.052749804140633516,0.023014169449485422,0.0001,3.999182166531682,2704.96875,2705.4140625,2704.96875,2704.96875,2704.96875,2704.96875
726,0.05274958188498787,0.0049454846398111485,0.0001,3.80064548086375,2704.96875,2705.4140625,2704.96875,2704.96875,2704.96875,2704.96875
727,0.05274954445486105,0.0014542928223680862,0.0001,3.50855465605855,2704.96875,2705.4140625,2704.96875,2704.96875,2704.96875,2704.96875
728,0.05274954135608016,0.0009876109677595668,0.0001,3.2715746220201254,2704.96875,2705.4140625,2704.96875,2704.96875,2704.96875,2704.96875
729,0.052749540264037574,0.001260556112043787,0.0001,6.3753597075119615,2704.96875,2705.4140625,2704.96875,2704.96875,2704.96875,2704.96875
730,0.05274953944628556,0.0013149941576625634,0.0001,3.074327721260488,2704.96875,2705.4140625,2704.96875,2704.96875,2704.96875,2704.96875
731,0.05274952505417917,0.0003950136375510116,0.0001,3.377059099264443,2704.96875,2705.4140625,2704.96875,2704.96875,2704.96875,2704.96875
732,0.05274944930426703,0.004587221139406461,0.0001,3.3999678967520595,2704.96875,2705.4140625,2704.96875,2704.96875,2704.96875,2704.96875
733,0.05274922007364897,0.01076751235705009,0.0001,3.8754063490778208,2704.96875,2705.4140625,2704.96875,2704.96875,2704.96875,2704.96875
734,0.05274868896771376,0.019165746656087945,0.0001,3.9120900025591254,2704.96875,2705.4140625,2704.96875,2704.96875,2704.96875,2704.96875
735,0.052747627838889255,0.025731228752187585,0.0001,4.285392859950662,2704.96875,2705.4140625,2704.96875,2704.96875,2704.96875,2704.96875
736,0.052747233176195264,0.05764171557326292,0.0001,7.962609215639532,2704.96875,2705.4140625,2704.96875,2704.96875,2704.96875,2704.96875
737,0.052745335673682385,0.04593212289739501,0.0001,4.0585154658183455,2704.96875,2705.4140625,2704.96875,2704.96875,2704.96875,2704.96875
738,0.05274403406784182,0.0509331845152492,0.0001,3.9457044415175915,2704.96875,2705.4140625,2704.96875,2704.96875,2704.96875,2704.96875
739,0.05274198814012812,0.029685293036463722,0.0001,7.991175916045904,2704.96875,2705.4140625,2704.96875,2704.96875,2704.96875,2704.96875
740,0.05274110841500254,0.05205937804332439,0.0001,4.091525422409177,2704.96875,2705.4140625,2704.96875,2704.96875,2704.96875,2704.96875
741,0.052740340216174485,0.012074992829773312,0.0001,4.041215257719159,2704.96875,2705.4140625,2704.96875,2704.96875,2704.96875,2704.96875
742,0.05274000295403611,0.021297395856259005,0.0001,4.4163371520116925,2704.96875,2705.4140625,2704.96875,2704.96875,2704.96875,2704.96875
743,0.052739880025864945,0.001463566850030018,0.0001,3.285501753911376,2704.96875,2705.4140625,2704.96875,2704.96875,2704.96875,2704.96875
744,0.05273975541808936,0.017850049955919434,0.0001,3.081417557783425,2704.96875,2705.4140625,2704.96875,2704.96875,2704.96875,2704.96875
745,0.05273962416800451,0.029843855972304545,0.0001,3.0626516360789537,2704.96875,2705.4140625,2704.96875,2704.96875,2704.96875,2704.96875
746,0.05273934388982476,0.04053317685112934,0.0001,3.4280806174501777,2704.96875,2705.4140625,2704.96875,2704.96875,2704.96875,2704.96875
747,0.052739016846762535,0.03478589765128748,0.0001,3.909971244633198,2704.96875,2705.4140625,2704.96875,2704.96875,2704.96875,2704.96875
748,0.05273893442429185,0.02742275711375819,0.0001,9.07727452646941,2704.96875,2705.4140625,2704.96875,2704.96875,2704.96875,2704.96875
749,0.0527387757658009,0.01037908270986232,0.0001,3.9800388999283314,2704.96875,2705.4140625,2704.96875,2704.96875,2704.96875,2704.96875
750,0.052738721490196025,0.006105959727664034,0.0001,3.6188477957621217,2704.96875,2705.4140625,2704.96875,2704.96875,2704.96875,2704.96875
751,0.05273871093709436,0.008811360927009737,0.0001,3.0886854343116283,2704.96875,2705.4140625,2704.96875,2704.96875,2704.96875,2704.96875
752,0.05273867810466417,0.013234018992624996,0.0001,3.4730929005891085,2704.96875,2705.4140625,2704.96875,2704.96875,2704.96875,2704.96875
753,0.052738631403274346,0.013122519456292725,0.0001,3.1392461378127337,2704.96875,2705.4140625,2704.96875,2704.96875,2704.96875,2704.96875
754,0.05273861655761018,0.010848952055989125,0.0001,12.144452770240605,2704.96875,2705.4140625,2704.96875,2704.96875,2704.96875,2704.96875
755,0.0527385027634925,0.018466588472505707,0.0001,3.3589977249503136,2704.96875,2705.4140625,2704.96875,2704.96875,2704.96875,2704.96875
756,0.05273840135523186,0.007348371432126299,0.0001,3.664896779693663,2704.96875,2705.4140625,2704.96875,2704.96875,2704.96875,2704.96875
757,0.05273835884807705,0.0007041975713721893,0.0001,3.1116377832368016,2704.96875,2705.4140625,2704.96875,2704.96875,2704.96875,2704.96875
758,0.05273835271467194,0.001080321274378404,0.0001,3.071235168725252,2704.96875,2705.4140625,2704.96875,2704.96875,2704.96875,2704.96875
759,0.05273833596688784,0.0016348561348824564,0.0001,6.6867466904222965,2704.96875,2705.4140625,2704.96875,2704.96875,2704.96875,2704.96875
760,0.05273827703645676,0.008020937478377288,0.0001,3.1449731793254614,2704.96875,2705.4140625,2704.96875,2704.96875,2704.96875,2704.96875
761,0.05273815380042471,0.006846164410447386,0.0001,4.336755258962512,2704.96875,2705.4140625,2704.96875,2704.96875,2704.96875,2704.96875
762,0.052738144312593896,0.017331160769114673,0.0001,7.957130540162325,2704.96875,2705.4140625,2704.96875,2704.96875,2704.96875,2704.96875
763,0.052738024972140175,0.009385780307474612,0.0001,4.1647944347932935,2704.96875,2705.4140625,2704.96875,2704.96875,2704.96875,2704.96875
764,0.05273795554436808,0.0017565865506234957,0.0001,4.148297571577132,2704.96875,2705.4140625,2704.96875,2704.96875,2704.96875,2704.96875
765,0.05273794422017902,0.00017207138366638023,0.0001,3.1835300968959928,2704.96875,2705.4140625,2704.96875,2704.96875,2704.96875,2704.96875
766,0.05273793700333367,0.0017454690963418784,0.0001,3.2394626401364803,2704.96875,2705.4140625,2704.96875,2704.96875,2704.96875,2704.96875
767,0.052737928795830155,0.0006411851327605689,0.0001,3.2560077821835876,2704.96875,2705.4140625,2704.96875,2704.96875,2704.96875,2704.96875
768,0.052737903157799526,0.002871461385545837,0.0001,3.2504762317985296,2704.96875,2705.4140625,2704.96875,2704.96875,2704.96875,2704.96875
769,0.05273786412726518,0.0026106454318520766,0.0001,3.2389743365347385,2704.96875,2705.4140625,2704.96875,2704.96875,2704.96875,2704.96875
770,0.05273773338432676,0.00403841536537386,0.0001,4.000061967410147,2704.96875,2705.4140625,2704.96875,2704.96875,2704.96875,2704.96875
771,0.052737713851168974,0.0023208151344255024,0.0001,8.14170448295772,2704.96875,2705.4140625,2704.96875,2704.96875,2704.96875,2704.96875
772,0.05273764809287067,0.001803725514360477,0.0001,3.2611267417669296,2704.96875,2705.4140625,2704.96875,2704.96875,2704.96875,2704.96875
773,0.0527376475139817,0.0036247491483734073,0.0001,9.04567174706608,2704.96875,2705.4140625,2704.96875,2704.96875,2704.96875,2704.96875
774,0.052737588975772604,0.0022127810697794015,0.0001,3.293608235195279,2704.96875,2705.4140625,2704.96875,2704.96875,2704.96875,2704.96875
775,0.052737430282033176,0.011222703804457446,0.0001,3.959143321029842,2704.96875,2705.4140625,2704.96875,2704.96875,2704.96875,2704.96875
776,0.0527372387757624,0.011557291099508538,0.0001,4.17364117782563,2704.96875,2705.4140625,2704.96875,2704.96875,2704.96875,2704.96875
777,0.05273723357676935,0.020612206771915886,0.0001,8.095561377704144,2704.96875,2705.4140625,2704.96875,2704.96875,2704.96875,2704.96875
778,0.05273690378933819,0.009788113015388955,0.0001,4.300596321001649,2704.96875,2705.4140625,2704.96875,2704.96875,2704.96875,2704.96875
779,0.05273681012445072,0.0032113072097854634,0.0001,3.5014300383627415,2704.96875,2705.4140625,2704.96875,2704.96875,2704.96875,2704.96875
780,0.05273678685606837,0.00043033606044540207,0.0001,3.3545076977461576,2704.96875,2705.4140625,2704.96875,2704.96875,2704.96875,2704.96875
781,0.05273678292388597,0.0009486940795596643,0.0001,3.1091012731194496,2704.96875,2705.4140625,2704.96875,2704.96875,2704.96875,2704.96875
782,0.05273677133576115,0.0006549133434841092,0.0001,3.0782080749049783,2704.96875,2705.4140625,2704.96875,2704.96875,2704.96875,2704.96875
783,0.05273676469080155,0.003751451035865383,0.0001,8.629300069995224,2704.96875,2705.4140625,2704.96875,2704.96875,2704.96875,2704.96875
784,0.052736742310770315,0.003223149831471872,0.0001,3.1806772965937853,2704.96875,2705.4140625,2704.96875,2704.96875,2704.96875,2704.96875
785,0.05273671585700714,0.0013078262094039506,0.0001,3.178291986696422,2704.96875,2705.4140625,2704.96875,2704.96875,2704.96875,2704.96875
786,0.05273670590051312,0.005006343603752184,0.0001,7.972616978920996,2704.96875,2705.4140625,2704.96875,2704.96875,2704.96875,2704.96875
787,0.052736696235865,0.0009523898185084256,0.0001,3.149159804917872,2704.96875,2705.4140625,2704.96875,2704.96875,2704.96875,2704.96875
788,0.05273669189651022,0.000929423389626316,0.0001,3.0934751238673925,2704.96875,2705.4140625,2704.96875,2704.96875,2704.96875,2704.96875
789,0.05273667963350509,0.004206341335596497,0.0001,3.4035738641396165,2704.96875,2705.4140625,2704.96875,2704.96875,2704.96875,2704.96875
790,0.05273665214372374,0.00841117472256725,0.0001,3.2712575513869524,2704.96875,2705.4140625,2704.96875,2704.96875,2704.96875,2704.96875
791,0.05273659034678893,0.013737043064923737,0.0001,3.1880250237882137,2704.96875,2705.4140625,2704.96875,2704.96875,2704.96875,2704.96875
792,0.05273648401465278,0.014560031828488862,0.0001,3.099360056221485,2704.96875,2705.4140625,2704.96875,2704.96875,2704.96875,2704.96875
793,0.05273648068932013,0.020101506642241862,0.0001,8.634293418377638,2704.96875,2705.4140625,2704.96875,2704.96875,2704.96875,2704.96875
794,0.05273633482066229,0.010956902949671443,0.0001,3.623758604750037,2704.96875,2705.4140625,2704.96875,2704.96875,2704.96875,2704.96875
795,0.05273618836906006,0.0006698080203446725,0.0001,3.8167775478214025,2704.96875,2705.4140625,2704.96875,2704.96875,2704.96875,2704.96875
796,0.05273608871271342,0.008672640226265793,0.0001,3.8514075707644224,2704.96875,2705.4140625,2704.96875,2704.96875,2704.96875,2704.96875
797,0.052735993033344974,0.013040860856728287,0.0001,3.8349874280393124,2704.96875,2705.4140625,2704.96875,2704.96875,2704.96875,2704.96875
798,0.052735950088405,0.0004455046004066565,0.0001,8.239053023979068,2704.96875,2705.4140625,2704.96875,2704.96875,2704.96875,2704.96875
799,0.05273588612484545,0.0032290074320380224,0.0001,3.1707448977977037,2704.96875,2705.4140625,2704.96875,2704.96875,2704.96875,2704.96875
800,0.05273578496185753,0.005558256882690182,0.0001,3.2646312648430467,2704.96875,2705.4140625,2704.96875,2704.96875,2704.96875,2704.96875
801,0.05273559515753116,0.009255393606467877,0.0001,4.067981196567416,2704.96875,2705.4140625,2704.96875,2704.96875,2704.96875,2704.96875
802,0.05273550132989269,0.004417165758201724,0.0001,3.6865490013733506,2704.96875,2705.4140625,2704.96875,2704.96875,2704.96875,2704.96875
803,0.05273543681446129,0.0005219644698222226,0.0001,3.5198424085974693,2704.96875,2705.4140625,2704.96875,2704.96875,2704.96875,2704.96875
804,0.052735371858482996,0.004827055805164515,0.0001,3.5607583532109857,2704.96875,2705.4140625,2704.96875,2704.96875,2704.96875,2704.96875
805,0.05273522899763722,0.0203907436760683,0.0001,3.1240643057972193,2704.96875,2705.4140625,2704.96875,2704.96875,2704.96875,2704.96875
806,0.05273501101246855,0.018747536089263606,0.0001,3.7796348771080375,2704.96875,2705.4140625,2704.96875,2704.96875,2704.96875,2704.96875
807,0.052734997045782536,0.052606204782797095,0.0001,8.879077821969986,2704.96875,2705.4140625,2704.96875,2704.96875,2704.96875,2704.96875
808,0.052734490077872107,0.026889506709776523,0.0001,4.322247823700309,2704.96875,2705.4140625,2704.96875,2704.96875,2704.96875,2704.96875
809,0.05273407991759868,0.0017126569051582052,0.0001,4.196018832735717,2704.96875,2705.4140625,2704.96875,2704.96875,2704.96875,2704.96875
810,0.0527339118752149,0.010217424884723547,0.0001,3.7774932188913226,2704.96875,2705.4140625,2704.96875,2704.96875,2704.96875,2704.96875
811,0.05273385156028089,0.003315110713967062,0.0001,3.4320434434339404,2704.96875,2705.4140625,2704.96875,2704.96875,2704.96875,2704.96875
812,0.052733833538158366,0.00935226269476086,0.0001,3.848935221321881,2704.96875,2705.4140625,2704.96875,2704.96875,2704.96875,2704.96875
813,0.052733781191944704,0.0037629651074946313,0.0001,4.134582938626409,2704.96875,2705.4140625,2704.96875,2704.96875,2704.96875,2704.96875
814,0.052733767714852324,0.0024016392558739996,0.0001,3.176834860816598,2704.96875,2705.4140625,2704.96875,2704.96875,2704.96875,2704.96875
815,0.05273374523414233,0.0004055525631244113,0.0001,3.1541255647316575,2704.96875,2705.4140625,2704.96875,2704.96875,2704.96875,2704.96875
816,0.05273372679267657,0.005656884999570622,0.0001,3.4044821681454778,2704.96875,2705.4140625,2704.96875,2704.96875,2704.96875,2704.96875
817,0.052733714316587604,0.004576974532507272,0.0001,3.1819597901776433,2704.96875,2705.4140625,2704.96875,2704.96875,2704.96875,2704.96875
818,0.05273368855633012,0.0015628511609224738,0.0001,3.624845857731998,2704.96875,2705.4140625,2704.96875,2704.96875,2704.96875,2704.96875
819,0.052733665443059664,0.001529483378543639,0.0001,3.2014988753944635,2704.96875,2705.4140625,2704.96875,2704.96875,2704.96875,2704.96875
820,0.052733646300680725,0.011608473538998187,0.0001,11.938557275570929,2704.96875,2705.4140625,2704.96875,2704.96875,2704.96875,2704.96875
821,0.05273355064721993,0.008753678072021542,0.0001,3.3229164769873023,2704.96875,2705.4140625,2704.96875,2704.96875,2704.96875,2704.96875
822,0.052733339418478055,0.003025369110992382,0.0001,3.9273130102083087,2704.96875,2705.4140625,2704.96875,2704.96875,2704.96875,2704.96875
823,0.05273308223318318,0.004885133064453928,0.0001,3.8155328845605254,2704.96875,2705.4140625,2704.96875,2704.96875,2704.96875,2704.96875
824,0.05273278815872275,0.011635164842642931,0.0001,4.033513473346829,2704.96875,2705.4140625,2704.96875,2704.96875,2704.96875,2704.96875
825,0.05273257682599597,0.00519958933221476,0.0001,4.008674019947648,2704.96875,2705.4140625,2704.96875,2704.96875,2704.96875,2704.96875
826,0.0527324929314943,0.014848795933587677,0.0001,8.148251488804817,2704.96875,2705.4140625,2704.96875,2704.96875,2704.96875,2704.96875
827,0.052732322369548515,0.005085993574441838,0.0001,3.9148997915908694,2704.96875,2705.4140625,2704.96875,2704.96875,2704.96875,2704.96875
828,0.052732235754506473,0.009730398523845274,0.0001,3.24856068380177,2704.96875,2705.4140625,2704.96875,2704.96875,2704.96875,2704.96875
829,0.0527321079254815,0.006520703663037808,0.0001,3.7192406468093395,2704.96875,2705.4140625,2704.96875,2704.96875,2704.96875,2704.96875
830,0.05273210352788418,0.0024887537656538283,0.0001,3.882242859341204,2704.96875,2705.4140625,2704.96875,2704.96875,2704.96875,2704.96875
831,0.052732096096264225,0.009154401248087307,0.0001,4.393400874920189,2704.96875,2705.4140625,2704.96875,2704.96875,2704.96875,2704.96875
832,0.0527320531997372,0.00299956158602277,0.0001,3.2958178045228124,2704.96875,2705.4140625,2704.96875,2704.96875,2704.96875,2704.96875
833,0.052732031626247566,0.00035852961060785346,0.0001,3.383739818818867,2704.96875,2705.4140625,2704.96875,2704.96875,2704.96875,2704.96875
834,0.052731992579884035,0.0012625887678199277,0.0001,3.762685992754996,2704.96875,2705.4140625,2704.96875,2704.96875,2704.96875,2704.96875
835,0.05273197586559603,0.0009957588881150947,0.0001,7.863080540671945,2704.96875,2705.4140625,2704.96875,2704.96875,2704.96875,2704.96875
836,0.05273192603683825,0.0028792443007512603,0.0001,3.410434321500361,2704.96875,2705.4140625,2704.96875,2704.96875,2704.96875,2704.96875
837,0.052731798095666096,0.010676508917448979,0.0001,3.6586232371628284,2704.96875,2705.4140625,2704.96875,2704.96875,2704.96875,2704.96875
838,0.052731538791780205,0.008467631285973054,0.0001,4.4705217787995934,2704.96875,2705.4140625,2704.96875,2704.96875,2704.96875,2704.96875
839,0.05273144594093328,0.03213846776068152,0.0001,12.128031366504729,2704.96875,2705.4140625,2704.96875,2704.96875,2704.96875,2704.96875
840,0.0527309831464074,0.03204584399154187,0.0001,3.4090297166258097,2704.96875,2705.4140625,2704.96875,2704.96875,2704.96875,2704.96875
841,0.05272786318556435,0.004068392608329141,0.0001,4.2234030570834875,2704.96875,2705.4140625,2704.96875,2704.96875,2704.96875,2704.96875
842,0.05272581056799618,0.08354089438489076,0.0001,4.0202786941081285,2704.96875,2705.4140625,2704.96875,2704.96875,2704.96875,2704.96875
843,0.0527214078823268,0.05229912484956856,0.0001,3.991859815083444,2704.96875,2705.4140625,2704.96875,2704.96875,2704.96875,2704.96875
844,0.05271692940509495,0.056052105177716305,0.0001,4.706070446409285,2704.96875,2705.4140625,2704.96875,2704.96875,2704.96875,2704.96875
845,0.05271626739183995,0.07095667779007786,0.0001,8.1286960830912,2704.96875,2705.4140625,2704.96875,2704.96875,2704.96875,2704.96875
846,0.052711304143398544,0.027494925408192206,0.0001,4.291218305937946,2704.96875,2705.4140625,2704.96875,2704.96875,2704.96875,2704.96875
847,0.052710435788375316,0.011898502579561265,0.0001,4.185608504340053,2704.96875,2705.4140625,2704.96875,2704.96875,2704.96875,2704.96875
848,0.05270789105439933,0.0007672468119594988,0.0001,4.077496811747551,2704.96875,2705.4140625,2704.96875,2704.96875,2704.96875,2704.96875
849,0.05270746228004242,0.007618703262523008,0.0001,8.304359612055123,2704.96875,2705.4140625,2704.96875,2704.96875,2704.96875,2704.96875
850,0.052707007133444304,0.03325758173012672,0.0001,8.007532971911132,2704.96875,2705.4140625,2704.96875,2704.96875,2704.96875,2704.96875
851,0.0527062615716372,0.02139460370999069,0.0001,4.029547278769314,2704.96875,2705.4140625,2704.96875,2704.96875,2704.96875,2704.96875
852,0.052705494672027384,0.06088049736598844,0.0001,4.35926391556859,2704.96875,2705.4140625,2704.96875,2704.96875,2704.96875,2704.96875
853,0.052705071075878844,0.059778943871698687,0.0001,4.302197997458279,2704.96875,2705.4140625,2704.96875,2704.96875,2704.96875,2704.96875
854,0.05270412646939947,0.0008442817540480612,0.0001,4.125445984303951,2704.96875,2705.4140625,2704.96875,2704.96875,2704.96875,2704.96875
855,0.05270384325993213,0.0005715817254445015,0.0001,3.9411836732178926,2704.96875,2705.4140625,2704.96875,2704.96875,2704.96875,2704.96875
856,0.05270382686305326,0.0005743464909007658,0.0001,8.064648175612092,2704.96875,2705.4140625,2704.96875,2704.96875,2704.96875,2704.96875
857,0.0527037567221725,0.007921135637624088,0.0001,8.080524211749434,2704.96875,2705.4140625,2704.96875,2704.96875,2704.96875,2704.96875
858,0.05270371329598143,0.0035465734916442226,0.0001,3.206982552073896,2704.96875,2705.4140625,2704.96875,2704.96875,2704.96875,2704.96875
859,0.05270370098873972,0.0005531065436636082,0.0001,3.2787017868831754,2704.96875,2705.4140625,2704.96875,2704.96875,2704.96875,2704.96875
860,0.052703627551364096,0.012732210005237388,0.0001,3.5648026186972857,2704.96875,2705.4140625,2704.96875,2704.96875,2704.96875,2704.96875
861,0.05270356569924532,0.01908699879632625,0.0001,3.470305673778057,2704.96875,2705.4140625,2704.96875,2704.96875,2704.96875,2704.96875
862,0.05270348277096927,0.018064376341277333,0.0001,3.73648389801383,2704.96875,2705.4140625,2704.96875,2704.96875,2704.96875,2704.96875
863,0.052703458918675956,0.014441506135598692,0.0001,8.529475787654519,2704.96875,2705.4140625,2704.96875,2704.96875,2704.96875,2704.96875
864,0.05270333424935872,0.007250691955830169,0.0001,3.688453462906182,2704.96875,2705.4140625,2704.96875,2704.96875,2704.96875,2704.96875
865,0.052703155406141,0.013283530798359089,0.0001,3.5767328329384327,2704.96875,2705.4140625,2704.96875,2704.96875,2704.96875,2704.96875
866,0.05270301662557357,0.024771147921423764,0.0001,3.646231770515442,2704.96875,2705.4140625,2704.96875,2704.96875,2704.96875,2704.96875
867,0.052702813677067646,0.02840354263624234,0.0001,4.18559090513736,2704.96875,2705.4140625,2704.96875,2704.96875,2704.96875,2704.96875
868,0.05270277475983904,0.0003002326224248453,0.0001,4.235662776976824,2704.96875,2705.4140625,2704.96875,2704.96875,2704.96875,2704.96875
869,0.05270268999167317,0.010029665105840135,0.0001,3.397631694562733,2704.96875,2705.4140625,2704.96875,2704.96875,2704.96875,2704.96875
870,0.052702669024715945,0.007035540451370004,0.0001,3.1613044161349535,2704.96875,2705.4140625,2704.96875,2704.96875,2704.96875,2704.96875
871,0.052702659509481685,0.00028545979048998657,0.0001,3.1852725381031632,2704.96875,2705.4140625,2704.96875,2704.96875,2704.96875,2704.96875
872,0.05270265363416904,0.0015798779092996984,0.0001,3.926573868840933,2704.96875,2705.4140625,2704.96875,2704.96875,2704.96875,2704.96875
873,0.05270264995217884,0.00154072019989826,0.0001,3.1318703731521964,2704.96875,2705.4140625,2704.96875,2704.96875,2704.96875,2704.96875
874,0.0527026469609013,0.0004597948150191211,0.0001,8.070839923806489,2704.96875,2705.4140625,2704.96875,2704.96875,2704.96875,2704.96875
875,0.052702640634868375,0.00042968853985492217,0.0001,3.3455666955560446,2704.96875,2705.4140625,2704.96875,2704.96875,2704.96875,2704.96875
876,0.05270263851595494,0.0033453384106050255,0.0001,8.16559248790145,2704.96875,2705.4140625,2704.96875,2704.96875,2704.96875,2704.96875
877,0.05270262453716146,0.003620202717195431,0.0001,3.3423346430063248,2704.96875,2705.4140625,2704.96875,2704.96875,2704.96875,2704.96875
878,0.05270255582272597,0.00946199907226708,0.0001,8.181386408396065,2704.96875,2705.4140625,2704.96875,2704.96875,2704.96875,2704.96875
879,0.05270239937289074,0.005451499540550131,0.0001,3.4769462198019028,2704.96875,2705.4140625,2704.96875,2704.96875,2704.96875,2704.96875
880,0.05270141788833128,0.011563963188241821,0.0001,4.190039332024753,2704.96875,2705.4140625,2704.96875,2704.96875,2704.96875,2704.96875
881,0.05270064521290155,0.017132814592975998,0.0001,3.9509868919849396,2704.96875,2705.4140625,2704.96875,2704.96875,2704.96875,2704.96875
882,0.052700382770747886,0.008414712446340067,0.0001,8.261425707489252,2704.96875,2705.4140625,2704.96875,2704.96875,2704.96875,2704.96875
883,0.05269982107050512,0.005158191974768078,0.0001,4.077481779269874,2704.96875,2705.4140625,2704.96875,2704.96875,2704.96875,2704.96875
884,0.05269960141192777,0.005282243871286729,0.0001,3.368313791230321,2704.96875,2705.4140625,2704.96875,2704.96875,2704.96875,2704.96875
885,0.05269956745278648,0.0011249255490963783,0.0001,8.39168973825872,2704.96875,2705.4140625,2704.96875,2704.96875,2704.96875,2704.96875
886,0.05269908143388574,0.001264209755315271,0.0001,4.344977288506925,2704.96875,2705.4140625,2704.96875,2704.96875,2704.96875,2704.96875
887,0.05269907694303045,0.004965680371129766,0.0001,8.071044335141778,2704.96875,2705.4140625,2704.96875,2704.96875,2704.96875,2704.96875
888,0.05269895565994458,0.0018861328506007968,0.0001,3.941308284178376,2704.96875,2705.4140625,2704.96875,2704.96875,2704.96875,2704.96875
889,0.05269888162032767,0.004064502358333444,0.0001,3.436545515432954,2704.96875,2705.4140625,2704.96875,2704.96875,2704.96875,2704.96875
890,0.052698797339480005,0.002361453975424088,0.0001,4.122756012715399,2704.96875,2705.4140625,2704.96875,2704.96875,2704.96875,2704.96875
891,0.0526987463057068,0.002088645255913235,0.0001,3.66304986551404,2704.96875,2705.4140625,2704.96875,2704.96875,2704.96875,2704.96875
892,0.05269872821513376,0.0009819740571912483,0.0001,3.2907546339556575,2704.96875,2705.4140625,2704.96875,2704.96875,2704.96875,2704.96875
893,0.05269870743275016,0.0010417456376978773,0.0001,3.1017299965023994,2704.96875,2705.4140625,2704.96875,2704.96875,2704.96875,2704.96875
894,0.05269847548189327,0.016129248383953132,0.0001,3.549194478429854,2704.96875,2705.4140625,2704.96875,2704.96875,2704.96875,2704.96875
895,0.05269807879095624,0.0308272652536159,0.0001,4.128312033601105,2704.96875,2705.4140625,2704.96875,2704.96875,2704.96875,2704.96875
896,0.052696829213438816,0.053160085732707474,0.0001,3.9675178062170744,2704.96875,2705.4140625,2704.96875,2704.96875,2704.96875,2704.96875
897,0.05269561145475611,0.0969349695466778,0.0001,4.140013058669865,2704.96875,2705.4140625,2704.96875,2704.96875,2704.96875,2704.96875
898,0.052694939989203396,0.043771155253201965,0.0001,8.196089887060225,2704.96875,2705.4140625,2704.96875,2704.96875,2704.96875,2704.96875
899,0.05269331621164483,0.061342147655671364,0.0001,4.076386214233935,2704.96875,2705.4140625,2704.96875,2704.96875,2704.96875,2704.96875
900,0.0526900448326517,0.02764857208112792,0.0001,4.0347356852144,2704.96875,2705.4140625,2704.96875,2704.96875,2704.96875,2704.96875
901,0.052688759599360147,0.01929003925615791,0.0001,4.053038574755192,2704.96875,2705.4140625,2704.96875,2704.96875,2704.96875,2704.96875
902,0.052687779198515056,0.022081365428432642,0.0001,4.563241177238524,2704.96875,2705.4140625,2704.96875,2704.96875,2704.96875,2704.96875
903,0.05268717560739334,0.04296883677607921,0.0001,8.167859736829996,2704.96875,2705.4140625,2704.96875,2704.96875,2704.96875,2704.96875
904,0.05268528123270671,0.05285114405420732,0.0001,4.099297633394599,2704.96875,2705.4140625,2704.96875,2704.96875,2704.96875,2704.96875
905,0.05268064623118079,0.015502428185093176,0.0001,4.141748785972595,2704.96875,2705.4140625,2704.96875,2704.96875,2704.96875,2704.96875
906,0.052678735040787995,0.0075023535216696136,0.0001,3.9597249859943986,2704.96875,2705.4140625,2704.96875,2704.96875,2704.96875,2704.96875
907,0.0526785501476747,0.009783443995368346,0.0001,4.001899468712509,2704.96875,2705.4140625,2704.96875,2704.96875,2704.96875,2704.96875
908,0.05267804369670483,0.0016151357318968662,0.0001,4.639745741151273,2704.96875,2705.4140625,2704.96875,2704.96875,2704.96875,2704.96875
909,0.05267795374307231,0.005381492542039679,0.0001,3.1304089166224003,2704.96875,2705.4140625,2704.96875,2704.96875,2704.96875,2704.96875
910,0.05267773789687459,0.008523648483918955,0.0001,4.147179297171533,2704.96875,2705.4140625,2704.96875,2704.96875,2704.96875,2704.96875
911,0.05267733302487687,0.008146345212801442,0.0001,3.369499416090548,2704.96875,2705.4140625,2704.96875,2704.96875,2704.96875,2704.96875
912,0.05267618829193551,0.07032500877993897,0.0001,4.0565584087744355,2704.96875,2705.4140625,2704.96875,2704.96875,2704.96875,2704.96875
913,0.052674790314113026,0.06805717268740374,0.0001,4.135564052499831,2704.96875,2705.4140625,2704.96875,2704.96875,2704.96875,2704.96875
914,0.05267425636823166,0.046827727394698204,0.0001,8.02629920374602,2704.96875,2705.4140625,2704.96875,2704.96875,2704.96875,2704.96875
915,0.05267094095081357,0.027572736858584745,0.0001,4.2722711665555835,2704.96875,2705.4140625,2704.96875,2704.96875,2704.96875,2704.96875
916,0.052670737692392125,0.0018241567291623628,0.0001,3.3900561966001987,2704.96875,2705.4140625,2704.96875,2704.96875,2704.96875,2704.96875
917,0.05267058462537386,0.011039221054089388,0.0001,3.9210971472784877,2704.96875,2705.4140625,2704.96875,2704.96875,2704.96875,2704.96875
918,0.05267040714613708,0.017229820316352895,0.0001,3.8587425481528044,2704.96875,2705.4140625,2704.96875,2704.96875,2704.96875,2704.96875
919,0.05267014846960847,0.014695323742243915,0.0001,3.984278390184045,2704.96875,2705.4140625,2704.96875,2704.96875,2704.96875,2704.96875
920,0.052669940794421284,0.006773076249673937,0.0001,4.099240763112903,2704.96875,2705.4140625,2704.96875,2704.96875,2704.96875,2704.96875
921,0.05266982959854235,0.006703211433832457,0.0001,7.976313130930066,2704.96875,2705.4140625,2704.96875,2704.96875,2704.96875,2704.96875
922,0.0526694256253171,0.05165779275097071,0.0001,8.04451905284077,2704.96875,2705.4140625,2704.96875,2704.96875,2704.96875,2704.96875
923,0.05266855619730053,0.04807129781483954,0.0001,4.502624354325235,2704.96875,2705.4140625,2704.96875,2704.96875,2704.96875,2704.96875
924,0.05266752336122177,0.003611033349339099,0.0001,7.917332014068961,2704.96875,2705.4140625,2704.96875,2704.96875,2704.96875,2704.96875
925,0.05266589643604103,0.01401885818653148,0.0001,4.356022600084543,2704.96875,2705.4140625,2704.96875,2704.96875,2704.96875,2704.96875
926,0.05266381221700261,0.004796191581061482,0.0001,4.190887554548681,2704.96875,2705.4140625,2704.96875,2704.96875,2704.96875,2704.96875
927,0.05266309511047246,0.010040484047646903,0.0001,7.971079409122467,2704.96875,2705.4140625,2704.96875,2704.96875,2704.96875,2704.96875
928,0.0526627576539221,0.012440198262046787,0.0001,8.51470779068768,2704.96875,2705.4140625,2704.96875,2704.96875,2704.96875,2704.96875
929,0.05266241602889202,0.016502015379433965,0.0001,4.016369024291635,2704.96875,2705.4140625,2704.96875,2704.96875,2704.96875,2704.96875
930,0.05266218166010552,0.0029954283227686673,0.0001,8.914106116630137,2704.96875,2705.4140625,2704.96875,2704.96875,2704.96875,2704.96875
931,0.052661962946419665,0.003530534279627684,0.0001,3.409650281071663,2704.96875,2705.4140625,2704.96875,2704.96875,2704.96875,2704.96875
932,0.05265966997400191,0.003058570207520317,0.0001,4.445842335000634,2704.96875,2705.4140625,2704.96875,2704.96875,2704.96875,2704.96875
933,0.052659377316540086,0.02860673239878686,0.0001,8.182633395306766,2704.96875,2705.4140625,2704.96875,2704.96875,2704.96875,2704.96875
934,0.05265883130512353,0.0019469511138633377,0.0001,8.216256133280694,2704.96875,2705.4140625,2704.96875,2704.96875,2704.96875,2704.96875
935,0.052658589314218615,0.0023735347231172987,0.0001,4.141780366189778,2704.96875,2705.4140625,2704.96875,2704.96875,2704.96875,2704.96875
936,0.05265820923903744,0.008760146866446439,0.0001,4.266424505971372,2704.96875,2705.4140625,2704.96875,2704.96875,2704.96875,2704.96875
937,0.05265771424710062,0.010782138540059716,0.0001,4.046538909897208,2704.96875,2705.4140625,2704.96875,2704.96875,2704.96875,2704.96875
938,0.05265753111474818,0.013142848323816958,0.0001,8.134432038292289,2704.96875,2705.4140625,2704.96875,2704.96875,2704.96875,2704.96875
939,0.052657487275518805,0.004914256428507402,0.0001,9.459909866563976,2704.96875,2705.4140625,2704.96875,2704.96875,2704.96875,2704.96875
940,0.05265692688154021,0.014901634912445338,0.0001,3.956010600551963,2704.96875,2705.4140625,2704.96875,2704.96875,2704.96875,2704.96875
941,0.05265670181901593,0.010241321576512363,0.0001,8.630282485857606,2704.96875,2705.4140625,2704.96875,2704.96875,2704.96875,2704.96875
942,0.052656455088430754,0.000814901342152563,0.0001,4.08338594250381,2704.96875,2705.4140625,2704.96875,2704.96875,2704.96875,2704.96875
943,0.05265642463943759,0.001549858391892145,0.0001,3.261677482165396,2704.96875,2705.4140625,2704.96875,2704.96875,2704.96875,2704.96875
944,0.05265640637431382,0.004504321634249964,0.0001,8.601387834176421,2704.96875,2705.4140625,2704.96875,2704.96875,2704.96875,2704.96875
945,0.052656371280861196,0.0026264774923067113,0.0001,3.132540295831859,2704.96875,2705.4140625,2704.96875,2704.96875,2704.96875,2704.96875
946,0.052656310254695866,0.008146051730010151,0.0001,3.094111956655979,2704.96875,2705.4140625,2704.96875,2704.96875,2704.96875,2704.96875
947,0.052656072792519604,0.020675476823372563,0.0001,4.368185266852379,2704.96875,2705.4140625,2704.96875,2704.96875,2704.96875,2704.96875
948,0.052655780465010384,0.025566524700232574,0.0001,4.0552695132792,2704.96875,2705.4140625,2704.96875,2704.96875,2704.96875,2704.96875
949,0.05265551796333214,0.015409000330982026,0.0001,3.9284562561661005,2704.96875,2705.4140625,2704.96875,2704.96875,2704.96875,2704.96875
950,0.0526554662934672,0.018083737142561285,0.0001,8.397851801477373,2704.96875,2705.4140625,2704.96875,2704.96875,2704.96875,2704.96875
951,0.052655386644525445,0.0012203103327275144,0.0001,7.941928839311004,2704.96875,2705.4140625,2704.96875,2704.96875,2704.96875,2704.96875
952,0.0526553772170995,0.0007755091283653259,0.0001,3.774099881760776,2704.96875,2705.4140625,2704.96875,2704.96875,2704.96875,2704.96875
953,0.05265537578438377,0.0015308777020623943,0.0001,8.387726212851703,2704.96875,2705.4140625,2704.96875,2704.96875,2704.96875,2704.96875
954,0.05265537210699342,0.001860245550629136,0.0001,3.1502765845507383,2704.96875,2705.4140625,2704.96875,2704.96875,2704.96875,2704.96875
955,0.05265536988137961,0.0003507195636201452,0.0001,8.677587896585464,2704.96875,2705.4140625,2704.96875,2704.96875,2704.96875,2704.96875
956,0.05265536786881103,0.0003505038494223437,0.0001,3.1001463113352656,2704.96875,2705.4140625,2704.96875,2704.96875,2704.96875,2704.96875
957,0.05265532218608364,0.0010058925473566127,0.0001,3.2425819393247366,2704.96875,2705.4140625,2704.96875,2704.96875,2704.96875,2704.96875
958,0.052654833492486945,0.010161209106157143,0.0001,4.2803840190172195,2704.96875,2705.4140625,2704.96875,2704.96875,2704.96875,2704.96875
959,0.05265438251626926,0.010963986509700874,0.0001,4.340794530697167,2704.96875,2705.4140625,2704.96875,2704.96875,2704.96875,2704.96875
960,0.0526537917685185,0.013482467172250878,0.0001,4.085989724844694,2704.96875,2705.4140625,2704.96875,2704.96875,2704.96875,2704.96875
961,0.05265338342172883,0.007428685389008427,0.0001,8.704684065654874,2704.96875,2705.4140625,2704.96875,2704.96875,2704.96875,2704.96875
962,0.052652941143951595,0.0027027053771104814,0.0001,3.9206165513023734,2704.96875,2705.4140625,2704.96875,2704.96875,2704.96875,2704.96875
963,0.052652731849799114,0.01644760969004233,0.0001,8.195047752000391,2704.96875,2705.4140625,2704.96875,2704.96875,2704.96875,2704.96875
964,0.05265240161263288,0.02474298252643603,0.0001,4.309498704969883,2704.96875,2705.4140625,2704.96875,2704.96875,2704.96875,2704.96875
965,0.05265189934089735,0.020801055514528155,0.0001,3.4402218591421843,2704.96875,2705.4140625,2704.96875,2704.96875,2704.96875,2704.96875
966,0.05265042836204567,0.03241509598915582,0.0001,4.1138444086536765,2704.96875,2705.4140625,2704.96875,2704.96875,2704.96875,2704.96875
967,0.05265023926396363,0.026553735427938818,0.0001,12.544643109664321,2704.96875,2705.4140625,2704.96875,2704.96875,2704.96875,2704.96875
968,0.052649862955468384,0.0016011568728120373,0.0001,8.059863336384296,2704.96875,2705.4140625,2704.96875,2704.96875,2704.96875,2704.96875
969,0.052649649241048486,0.005198022542213243,0.0001,4.261118130758405,2704.96875,2705.4140625,2704.96875,2704.96875,2704.96875,2704.96875
970,0.05264960061728807,0.0015658292995957002,0.0001,3.4773339508101344,2704.96875,2705.4140625,2704.96875,2704.96875,2704.96875,2704.96875
971,0.05264953373726203,0.0024137318311616696,0.0001,3.5753527134656906,2704.96875,2705.4140625,2704.96875,2704.96875,2704.96875,2704.96875
972,0.052649519712138604,0.0032050374236116674,0.0001,3.267715842463076,2704.96875,2705.4140625,2704.96875,2704.96875,2704.96875,2704.96875
973,0.05264948420888459,0.0008723288183645206,0.0001,3.928134249523282,2704.96875,2705.4140625,2704.96875,2704.96875,2704.96875,2704.96875
974,0.05264947068156636,0.004566113376520464,0.0001,6.846112998202443,2704.96875,2705.4140625,2704.96875,2704.96875,2704.96875,2704.96875
975,0.05264946136720651,0.007302876683065729,0.0001,3.3865601951256394,2704.96875,2705.4140625,2704.96875,2704.96875,2704.96875,2704.96875
976,0.05264944120043568,0.0031480479244450077,0.0001,3.3828433295711875,2704.96875,2705.4140625,2704.96875,2704.96875,2704.96875,2704.96875
977,0.05264940706750086,0.002739235723955513,0.0001,3.399231373332441,2704.96875,2705.4140625,2704.96875,2704.96875,2704.96875,2704.96875
978,0.0526493974066659,0.0022284445305962297,0.0001,3.168590714223683,2704.96875,2705.4140625,2704.96875,2704.96875,2704.96875,2704.96875
979,0.05264939516399407,0.00045275504200747996,0.0001,7.932245477102697,2704.96875,2705.4140625,2704.96875,2704.96875,2704.96875,2704.96875
980,0.05264938470589582,0.0016366568020831362,0.0001,3.1153601398691535,2704.96875,2705.4140625,2704.96875,2704.96875,2704.96875,2704.96875
981,0.05264938045158531,0.0017038067218528852,0.0001,3.1701348396018147,2704.96875,2705.4140625,2704.96875,2704.96875,2704.96875,2704.96875
982,0.052649373868629085,0.00018710268811394926,0.0001,8.186276387423277,2704.96875,2705.4140625,2704.96875,2704.96875,2704.96875,2704.96875
983,0.05264935915449741,0.0009535465936166831,0.0001,3.5593351842835546,2704.96875,2705.4140625,2704.96875,2704.96875,2704.96875,2704.96875
984,0.052649324325380935,0.002976294633630361,0.0001,3.3437807001173496,2704.96875,2705.4140625,2704.96875,2704.96875,2704.96875,2704.96875
985,0.05264931891400776,0.0027189219126753095,0.0001,3.1994498316198587,2704.96875,2705.4140625,2704.96875,2704.96875,2704.96875,2704.96875
986,0.05264931066985408,0.002018716490661987,0.0001,3.171055242419243,2704.96875,2705.4140625,2704.96875,2704.96875,2704.96875,2704.96875
987,0.05264930696982815,0.0013509668189943813,0.0001,3.2991254022344947,2704.96875,2705.4140625,2704.96875,2704.96875,2704.96875,2704.96875
988,0.052649305240225486,0.0033563359580224272,0.0001,6.526848460547626,2704.96875,2705.4140625,2704.96875,2704.96875,2704.96875,2704.96875
989,0.052649300866959486,0.0012846255862688505,0.0001,3.1982932463288307,2704.96875,2705.4140625,2704.96875,2704.96875,2704.96875,2704.96875
990,0.05264929354204639,0.0014561835203146245,0.0001,3.9912945609539747,2704.96875,2705.4140625,2704.96875,2704.96875,2704.96875,2704.96875
991,0.05264928371422731,0.0033358371372396167,0.0001,3.1459911577403545,2704.96875,2705.4140625,2704.96875,2704.96875,2704.96875,2704.96875
992,0.052649270950322284,0.0037987554617062713,0.0001,3.110605861991644,2704.96875,2705.4140625,2704.96875,2704.96875,2704.96875,2704.96875
993,0.052649261588372596,0.006517205797629044,0.0001,8.634467197582126,2704.96875,2705.4140625,2704.96875,2704.96875,2704.96875,2704.96875
994,0.05264922829093764,0.000296699287502901,0.0001,3.1623160196468234,2704.96875,2705.4140625,2704.96875,2704.96875,2704.96875,2704.96875
995,0.05264919197593461,0.008105615167793845,0.0001,3.067998979240656,2704.96875,2705.4140625,2704.96875,2704.96875,2704.96875,2704.96875
996,0.05264913124555207,0.018968202969422254,0.0001,3.5483178216964006,2704.96875,2705.4140625,2704.96875,2704.96875,2704.96875,2704.96875
997,0.05264902466839047,0.02905230583723384,0.0001,3.3983117006719112,2704.96875,2705.4140625,2704.96875,2704.96875,2704.96875,2704.96875
998,0.05264877243203675,0.03835204715598117,0.0001,3.8399802036583424,2704.96875,2705.4140625,2704.96875,2704.96875,2704.96875,2704.96875
999,0.052648434541369415,0.03919370624157281,0.0001,4.2205357151106,2704.96875,2705.4140625,2704.96875,2704.96875,2704.96875,2704.96875
1000,0.05264843043266465,0.034378710999894424,0.0001,8.686909607611597,2704.96875,2705.4140625,2704.96875,2704.96875,2704.96875,2704.96875
1001,0.05264817895247165,0.025083308541423155,0.0001,3.967920972034335,2704.96875,2705.4140625,2704.96875,2704.96875,2704.96875,2704.96875
1002,0.05264804980556343,0.01422060331944297,0.0001,3.990186085924506,2704.96875,2705.4140625,2704.96875,2704.96875,2704.96875,2704.96875
1003,0.05264800796174274,0.004865110207175838,0.0001,3.37952330801636,2704.96875,2705.4140625,2704.96875,2704.96875,2704.96875,2704.96875
1004,0.05264799251711781,0.0007657421898867867,0.0001,3.1869976548478007,2704.96875,2705.4140625,2704.96875,2704.96875,2704.96875,2704.96875
1005,0.05264798005996639,0.00417792757754909,0.0001,3.080259886570275,2704.96875,2705.4140625,2704.96875,2704.96875,2704.96875,2704.96875
1006,0.05264796058921396,0.007653192626557503,0.0001,3.139292030595243,2704.96875,2705.4140625,2704.96875,2704.96875,2704.96875,2704.96875
1007,0.05264793713057557,0.010580216621785432,0.0001,3.7463468573987484,2704.96875,2705.4140625,2704.96875,2704.96875,2704.96875,2704.96875
1008,0.052647884356559246,0.011693046135560214,0.0001,3.5000014677643776,2704.96875,2705.4140625,2704.96875,2704.96875,2704.96875,2704.96875
1009,0.052647869850159776,0.014365649679863424,0.0001,7.898418180644512,2704.96875,2705.4140625,2704.96875,2704.96875,2704.96875,2704.96875
1010,0.0526478005365495,0.005584815016542066,0.0001,3.7339841593056917,2704.96875,2705.4140625,2704.96875,2704.96875,2704.96875,2704.96875
1011,0.05264775881128265,0.002098346106849114,0.0001,3.3428745083510876,2704.96875,2705.4140625,2704.96875,2704.96875,2704.96875,2704.96875
1012,0.05264771994335564,0.008805022881866686,0.0001,3.2437209598720074,2704.96875,2705.4140625,2704.96875,2704.96875,2704.96875,2704.96875
1013,0.052647696393979454,0.009489737660227648,0.0001,3.1027596527710557,2704.96875,2705.4140625,2704.96875,2704.96875,2704.96875,2704.96875
1014,0.05264769250326912,0.007549193549736266,0.0001,8.87461354304105,2704.96875,2705.4140625,2704.96875,2704.96875,2704.96875,2704.96875
1015,0.05264767202391754,0.002874621432930158,0.0001,3.093521637842059,2704.96875,2705.4140625,2704.96875,2704.96875,2704.96875,2704.96875
1016,0.05264765949769278,0.0020057244966189547,0.0001,3.1526474626734853,2704.96875,2705.4140625,2704.96875,2704.96875,2704.96875,2704.96875
1017,0.05264764432389227,0.00723541847322684,0.0001,3.392379306256771,2704.96875,2705.4140625,2704.96875,2704.96875,2704.96875,2704.96875
1018,0.052647617784099814,0.013033195237736273,0.0001,3.5664844010025263,2704.96875,2705.4140625,2704.96875,2704.96875,2704.96875,2704.96875
1019,0.05264756900721065,0.017919590098019578,0.0001,3.4858273630961776,2704.96875,2705.4140625,2704.96875,2704.96875,2704.96875,2704.96875
1020,0.05264750423755568,0.015595987468779438,0.0001,3.916212495416403,2704.96875,2705.4140625,2704.96875,2704.96875,2704.96875,2704.96875
1021,0.05264747668579182,0.014105563582274439,0.0001,3.6846759216859937,2704.96875,2705.4140625,2704.96875,2704.96875,2704.96875,2704.96875
1022,0.05264744789978772,0.004756465049621239,0.0001,8.292325032874942,2704.96875,2705.4140625,2704.96875,2704.96875,2704.96875,2704.96875
1023,0.05264743699873452,0.0003340959243547381,0.0001,3.1348169147968292,2704.96875,2705.4140625,2704.96875,2704.96875,2704.96875,2704.96875
1024,0.0526474342218675,0.00262165827478289,0.0001,3.17812173999846,2704.96875,2705.4140625,2704.96875,2704.96875,2704.96875,2704.96875
1025,0.052647431659888985,0.0036179801276464696,0.0001,3.1090033864602447,2704.96875,2705.4140625,2704.96875,2704.96875,2704.96875,2704.96875
1026,0.052647423483711764,0.004770667993516775,0.0001,3.6921299304813147,2704.96875,2705.4140625,2704.96875,2704.96875,2704.96875,2704.96875
1027,0.052647410122370696,0.004728726098108149,0.0001,3.2520295409485698,2704.96875,2705.4140625,2704.96875,2704.96875,2704.96875,2704.96875
1028,0.0526474078653002,0.00929990477414211,0.0001,7.94834841042757,2704.96875,2705.4140625,2704.96875,2704.96875,2704.96875,2704.96875
1029,0.052647370508704376,0.00675258832655512,0.0001,3.6756139881908894,2704.96875,2705.4140625,2704.96875,2704.96875,2704.96875,2704.96875
1030,0.052647304894941155,0.007377880445884832,0.0001,3.9099759301170707,2704.96875,2705.4140625,2704.96875,2704.96875,2704.96875,2704.96875
1031,0.052647180030274535,0.005595464980145404,0.0001,3.388202231377363,2704.96875,2705.4140625,2704.96875,2704.96875,2704.96875,2704.96875
1032,0.052647136978792135,0.0019745779744928527,0.0001,8.744888108223677,2704.96875,2705.4140625,2704.96875,2704.96875,2704.96875,2704.96875
1033,0.052647108722659715,0.005285018746885806,0.0001,3.2484149588271976,2704.96875,2705.4140625,2704.96875,2704.96875,2704.96875,2704.96875
1034,0.05264710577765754,0.0013330265898023885,0.0001,8.003854732960463,2704.96875,2705.4140625,2704.96875,2704.96875,2704.96875,2704.96875
1035,0.052647103715930385,0.0014165445742866378,0.0001,3.5965287648141384,2704.96875,2705.4140625,2704.96875,2704.96875,2704.96875,2704.96875
1036,0.052647094058217325,0.0006144009490840485,0.0001,8.2186727123335,2704.96875,2705.4140625,2704.96875,2704.96875,2704.96875,2704.96875
1037,0.052647047545928034,0.000659882429118408,0.0001,3.0889839502051473,2704.96875,2705.4140625,2704.96875,2704.96875,2704.96875,2704.96875
1038,0.052646358186546234,0.010836979442610417,0.0001,4.041583372280002,2704.96875,2705.4140625,2704.96875,2704.96875,2704.96875,2704.96875
1039,0.05264633597609077,0.0016735886853334048,0.0001,8.183197147212923,2704.96875,2705.4140625,2704.96875,2704.96875,2704.96875,2704.96875
1040,0.052646252735627334,0.002275815737346365,0.0001,3.368795456364751,2704.96875,2705.4140625,2704.96875,2704.96875,2704.96875,2704.96875
1041,0.05264580050282398,0.004363094300663173,0.0001,3.8433345975354314,2704.96875,2705.4140625,2704.96875,2704.96875,2704.96875,2704.96875
1042,0.0526450431679575,0.005787671670573591,0.0001,4.391431766562164,2704.96875,2705.4140625,2704.96875,2704.96875,2704.96875,2704.96875
1043,0.05264504188629043,0.0041285527506942366,0.0001,8.163527441211045,2704.96875,2705.4140625,2704.96875,2704.96875,2704.96875,2704.96875
1044,0.05264498815398512,0.0017927012272287435,0.0001,3.4874594705179334,2704.96875,2705.4140625,2704.96875,2704.96875,2704.96875,2704.96875
1045,0.05264498723651465,0.000618681560206058,0.0001,8.826463316567242,2704.96875,2705.4140625,2704.96875,2704.96875,2704.96875,2704.96875
1046,0.0526449792081689,0.0005363030059046814,0.0001,3.137928554788232,2704.96875,2705.4140625,2704.96875,2704.96875,2704.96875,2704.96875
1047,0.052644962535840154,0.0010169228684049347,0.0001,8.615800315514207,2704.96875,2705.4140625,2704.96875,2704.96875,2704.96875,2704.96875
1048,0.05264495028519877,0.000556828291388145,0.0001,3.159517288208008,2704.96875,2705.4140625,2704.96875,2704.96875,2704.96875,2704.96875
1049,0.05264489772132856,0.0008469075697631334,0.0001,3.1886056903749704,2704.96875,2705.4140625,2704.96875,2704.96875,2704.96875,2704.96875
1050,0.052644895275349754,0.0020649185529164615,0.0001,8.539809647016227,2704.96875,2705.4140625,2704.96875,2704.96875,2704.96875,2704.96875
1051,0.05264486627948249,0.0009292212887339613,0.0001,3.16689626686275,2704.96875,2705.4140625,2704.96875,2704.96875,2704.96875,2704.96875
1052,0.05264481645647572,0.00031912938831352004,0.0001,3.139173530973494,2704.96875,2705.4140625,2704.96875,2704.96875,2704.96875,2704.96875
1053,0.0526446942195913,0.0020270014759938837,0.0001,3.424850881099701,2704.96875,2705.4140625,2704.96875,2704.96875,2704.96875,2704.96875
1054,0.052644458813200554,0.01087846614972765,0.0001,4.285658912733197,2704.96875,2705.4140625,2704.96875,2704.96875,2704.96875,2704.96875
1055,0.05264404008485015,0.008820567313974181,0.0001,3.6254330268129706,2704.96875,2705.4140625,2704.96875,2704.96875,2704.96875,2704.96875
1056,0.05264403683314299,0.01933249369224921,0.0001,8.548201479017735,2704.96875,2705.4140625,2704.96875,2704.96875,2704.96875,2704.96875
1057,0.05264356397398162,0.009530298142636728,0.0001,3.6536139622330666,2704.96875,2705.4140625,2704.96875,2704.96875,2704.96875,2704.96875
1058,0.05264286542265031,0.005263453560754305,0.0001,4.039583265781403,2704.96875,2705.4140625,2704.96875,2704.96875,2704.96875,2704.96875
1059,0.05264262586519736,0.007215144979215271,0.0001,4.077128787524998,2704.96875,2705.4140625,2704.96875,2704.96875,2704.96875,2704.96875
1060,0.05264248150167391,0.003209661055615376,0.0001,4.053275017999113,2704.96875,2705.4140625,2704.96875,2704.96875,2704.96875,2704.96875
1061,0.05264242448507746,0.006237885346019656,0.0001,3.2342975242063403,2704.96875,2705.4140625,2704.96875,2704.96875,2704.96875,2704.96875
1062,0.05264234950440264,0.010731068309592695,0.0001,3.1208605505526066,2704.96875,2705.4140625,2704.96875,2704.96875,2704.96875,2704.96875
1063,0.05264221683605636,0.011305283318164605,0.0001,3.8129731211811304,2704.96875,2705.4140625,2704.96875,2704.96875,2704.96875,2704.96875
1064,0.05264220760094276,0.014653145717458127,0.0001,8.353931718505919,2704.96875,2705.4140625,2704.96875,2704.96875,2704.96875,2704.96875
1065,0.05264206252775919,0.010880617962922612,0.0001,3.296763811260462,2704.96875,2705.4140625,2704.96875,2704.96875,2704.96875,2704.96875
1066,0.05264184447682889,0.003974423442820507,0.0001,4.009354290552437,2704.96875,2705.4140625,2704.96875,2704.96875,2704.96875,2704.96875
1067,0.052641705241621206,0.010006602560559408,0.0001,3.7876348439604044,2704.96875,2705.4140625,2704.96875,2704.96875,2704.96875,2704.96875
1068,0.052641639854892355,0.0040326407833812805,0.0001,8.020591836422682,2704.96875,2705.4140625,2704.96875,2704.96875,2704.96875,2704.96875
1069,0.05264152407718748,0.0037118890130591886,0.0001,4.074124637059867,2704.96875,2705.4140625,2704.96875,2704.96875,2704.96875,2704.96875
1070,0.05264147474791669,0.006521580576891228,0.0001,3.6404803432524204,2704.96875,2705.4140625,2704.96875,2704.96875,2704.96875,2704.96875
1071,0.05264143151443798,0.005960670150324754,0.0001,3.118309105746448,2704.96875,2705.4140625,2704.96875,2704.96875,2704.96875,2704.96875
1072,0.05264141975093225,0.0020064617452990596,0.0001,8.338167326524854,2704.96875,2705.4140625,2704.96875,2704.96875,2704.96875,2704.96875
1073,0.052641359749798416,0.0009925251977662697,0.0001,3.411960576660931,2704.96875,2705.4140625,2704.96875,2704.96875,2704.96875,2704.96875
1074,0.05264129742536973,0.0035847605722196807,0.0001,3.367340066470206,2704.96875,2705.4140625,2704.96875,2704.96875,2704.96875,2704.96875
1075,0.05264113313601062,0.0005220182085959868,0.0001,3.8194106267765164,2704.96875,2705.4140625,2704.96875,2704.96875,2704.96875,2704.96875
1076,0.05264107194372163,0.013193755529890216,0.0001,8.277517111971974,2704.96875,2705.4140625,2704.96875,2704.96875,2704.96875,2704.96875
1077,0.05264090228859733,0.00934282838734557,0.0001,4.414469958283007,2704.96875,2705.4140625,2704.96875,2704.96875,2704.96875,2704.96875
1078,0.05264047398753119,0.0007988220570784854,0.0001,4.0573866330087185,2704.96875,2705.4140625,2704.96875,2704.96875,2704.96875,2704.96875
1079,0.05264028235287806,0.004213302329855395,0.0001,3.8088314356282353,2704.96875,2705.4140625,2704.96875,2704.96875,2704.96875,2704.96875
1080,0.05264021069670727,0.007224710183760474,0.0001,8.246856143698096,2704.96875,2705.4140625,2704.96875,2704.96875,2704.96875,2704.96875
1081,0.052640059612934054,0.002148499143845406,0.0001,3.9371683103963733,2704.96875,2705.4140625,2704.96875,2704.96875,2704.96875,2704.96875
1082,0.05264003710300498,0.0003434142238179609,0.0001,3.1829972863197327,2704.96875,2705.4140625,2704.96875,2704.96875,2704.96875,2704.96875
1083,0.052640021870457854,0.0009798365232074335,0.0001,3.9001897173002362,2704.96875,2705.4140625,2704.96875,2704.96875,2704.96875,2704.96875
1084,0.05264001802067972,0.0012114748472532577,0.0001,8.036039462313056,2704.96875,2705.4140625,2704.96875,2704.96875,2704.96875,2704.96875
1085,0.052640013759250516,0.001471392748621736,0.0001,3.2196476366370916,2704.96875,2705.4140625,2704.96875,2704.96875,2704.96875,2704.96875
1086,0.05263998552337636,0.00038539490449984726,0.0001,3.2225048886612058,2704.96875,2705.4140625,2704.96875,2704.96875,2704.96875,2704.96875
1087,0.05263992600678703,0.0009093446009604822,0.0001,3.5327141927555203,2704.96875,2705.4140625,2704.96875,2704.96875,2704.96875,2704.96875
1088,0.05263991850750914,0.005686431095858202,0.0001,8.466762101277709,2704.96875,2705.4140625,2704.96875,2704.96875,2704.96875,2704.96875
1089,0.05263984209167841,0.005453642328837827,0.0001,3.1159074073657393,2704.96875,2705.4140625,2704.96875,2704.96875,2704.96875,2704.96875
1090,0.05263957270309215,0.0012453799731667603,0.0001,4.026906224898994,2704.96875,2705.4140625,2704.96875,2704.96875,2704.96875,2704.96875
1091,0.05263936834869975,0.00046670642171975363,0.0001,4.106135641224682,2704.96875,2705.4140625,2704.96875,2704.96875,2704.96875,2704.96875
1092,0.052639364205829875,0.013114746438524172,0.0001,8.145349212922156,2704.96875,2705.4140625,2704.96875,2704.96875,2704.96875,2704.96875
1093,0.0526392900244443,0.005157084864000461,0.0001,3.2397560253739357,2704.96875,2705.4140625,2704.96875,2704.96875,2704.96875,2704.96875
1094,0.0526392193803895,0.0003179186518840937,0.0001,3.22426622454077,2704.96875,2705.4140625,2704.96875,2704.96875,2704.96875,2704.96875
1095,0.05263907050765294,0.007048614365029904,0.0001,3.5071561839431524,2704.96875,2705.4140625,2704.96875,2704.96875,2704.96875,2704.96875
1096,0.05263873157024778,0.015180805212900994,0.0001,3.971162081696093,2704.96875,2705.4140625,2704.96875,2704.96875,2704.96875,2704.96875
1097,0.05263794405279813,0.019534481742466303,0.0001,4.470867345109582,2704.96875,2705.4140625,2704.96875,2704.96875,2704.96875,2704.96875
1098,0.05263732449839966,0.017226233950343728,0.0001,8.04128520283848,2704.96875,2705.4140625,2704.96875,2704.96875,2704.96875,2704.96875
1099,0.05263701456333928,0.04374996283693022,0.0001,12.650410299189389,2704.96875,2705.4140625,2704.96875,2704.96875,2704.96875,2704.96875
1100,0.052636025572926626,0.04351844966694829,0.0001,4.0174675500020385,2704.96875,2705.4140625,2704.96875,2704.96875,2704.96875,2704.96875
1101,0.052635713861616334,0.030421397529599048,0.0001,8.211959809996188,2704.96875,2705.4140625,2704.96875,2704.96875,2704.96875,2704.96875
1102,0.05263477185431746,0.007048842991959958,0.0001,4.224680436775088,2704.96875,2705.4140625,2704.96875,2704.96875,2704.96875,2704.96875
1103,0.052634350474107305,0.015060851421141552,0.0001,4.048625487834215,2704.96875,2705.4140625,2704.96875,2704.96875,2704.96875,2704.96875
1104,0.05263409118758703,0.006381931743281166,0.0001,3.8960848208516836,2704.96875,2705.4140625,2704.96875,2704.96875,2704.96875,2704.96875
1105,0.05263377668710939,0.0009644428253565707,0.0001,4.3261033380404115,2704.96875,2705.4140625,2704.96875,2704.96875,2704.96875,2704.96875
1106,0.052633492670721496,0.004462642262725858,0.0001,3.612190527841449,2704.96875,2705.4140625,2704.96875,2704.96875,2704.96875,2704.96875
1107,0.0526329761846481,0.0022254796732557036,0.0001,4.371181950904429,2704.96875,2705.4140625,2704.96875,2704.96875,2704.96875,2704.96875
1108,0.052632256166127996,0.029152166227790266,0.0001,3.41976310685277,2704.96875,2705.4140625,2704.96875,2704.96875,2704.96875,2704.96875
1109,0.05263001987291027,0.03928911781905109,0.0001,4.030279249884188,2704.96875,2705.4140625,2704.96875,2704.96875,2704.96875,2704.96875
1110,0.05262748639681751,0.032332172135673964,0.0001,8.086264105513692,2704.96875,2705.4140625,2704.96875,2704.96875,2704.96875,2704.96875
1111,0.052625935305213756,0.07122527863503159,0.0001,7.837536628358066,2704.96875,2705.4140625,2704.96875,2704.96875,2704.96875,2704.96875
1112,0.05262406281747062,0.03384904434766289,0.0001,7.8162009455263615,2704.96875,2705.4140625,2704.96875,2704.96875,2704.96875,2704.96875
1113,0.05262117231377008,0.05748604685363046,0.0001,3.9298711018636823,2704.96875,2705.4140625,2704.96875,2704.96875,2704.96875,2704.96875
1114,0.05262026816724346,0.01824641608483657,0.0001,3.949794888496399,2704.96875,2705.4140625,2704.96875,2704.96875,2704.96875,2704.96875
1115,0.05261943116623546,0.009809860593184005,0.0001,3.960226548835635,2704.96875,2705.4140625,2704.96875,2704.96875,2704.96875,2704.96875
1116,0.05261891943036185,0.0016765688430533388,0.0001,7.915047677233815,2704.96875,2705.4140625,2704.96875,2704.96875,2704.96875,2704.96875
1117,0.05261851002711471,0.0013469772290684023,0.0001,4.118995529599488,2704.96875,2705.4140625,2704.96875,2704.96875,2704.96875,2704.96875
1118,0.05261844068553857,0.006219555762435824,0.0001,8.112940369173884,2704.96875,2705.4140625,2704.96875,2704.96875,2704.96875,2704.96875
1119,0.05261827376001086,0.014746977108058612,0.0001,4.017700159922242,2704.96875,2705.4140625,2704.96875,2704.96875,2704.96875,2704.96875
1120,0.05261818994194373,0.014116463482022112,0.0001,3.5925232926383615,2704.96875,2705.4140625,2704.96875,2704.96875,2704.96875,2704.96875
1121,0.05261688605034219,0.026231402597095443,0.0001,8.579792746342719,2704.96875,2705.4140625,2704.96875,2704.96875,2704.96875,2704.96875
1122,0.05261649098566332,0.00895087740735534,0.0001,4.100220577791333,2704.96875,2705.4140625,2704.96875,2704.96875,2704.96875,2704.96875
1123,0.05261644355356581,0.00036104301945232286,0.0001,3.541568595916033,2704.96875,2705.4140625,2704.96875,2704.96875,2704.96875,2704.96875
1124,0.05261644217270872,0.00037368673087869017,0.0001,3.084650698117912,2704.96875,2705.4140625,2704.96875,2704.96875,2704.96875,2704.96875
1125,0.052616430807304895,0.00932965958909282,0.0001,3.2897420674562454,2704.96875,2705.4140625,2704.96875,2704.96875,2704.96875,2704.96875
1126,0.0526164080052879,0.0062394815417432525,0.0001,3.086918355897069,2704.96875,2705.4140625,2704.96875,2704.96875,2704.96875,2704.96875
1127,0.05261622997146974,0.010377751527453016,0.0001,3.5163146192207932,2704.96875,2705.4140625,2704.96875,2704.96875,2704.96875,2704.96875
1128,0.05261591654939067,0.027800161981540672,0.0001,3.961166842840612,2704.96875,2705.4140625,2704.96875,2704.96875,2704.96875,2704.96875
1129,0.05261505031179203,0.05413084482326225,0.0001,3.957851088605821,2704.96875,2705.4140625,2704.96875,2704.96875,2704.96875,2704.96875
1130,0.05261469372182786,0.0427995715763263,0.0001,8.489310998469591,2704.96875,2705.4140625,2704.96875,2704.96875,2704.96875,2704.96875
1131,0.05261429229788904,0.020872327588787543,0.0001,4.2422293946146965,2704.96875,2705.4140625,2704.96875,2704.96875,2704.96875,2704.96875
1132,0.05261417336866107,0.0049913328479452845,0.0001,3.7441377360373735,2704.96875,2705.4140625,2704.96875,2704.96875,2704.96875,2704.96875
1133,0.052614162996505225,0.001426111907237515,0.0001,3.4235231429338455,2704.96875,2705.4140625,2704.96875,2704.96875,2704.96875,2704.96875
1134,0.05261416034693577,0.0024726928967169215,0.0001,3.1133793080225587,2704.96875,2705.4140625,2704.96875,2704.96875,2704.96875,2704.96875
1135,0.052614156452455,0.003885892253864376,0.0001,3.0955133391544223,2704.96875,2705.4140625,2704.96875,2704.96875,2704.96875,2704.96875
1136,0.052614147640131094,0.0034989970958947403,0.0001,3.2023542299866676,2704.96875,2705.4140625,2704.96875,2704.96875,2704.96875,2704.96875
1137,0.05261414124777944,0.002631072832933512,0.0001,6.39105542935431,2704.96875,2705.4140625,2704.96875,2704.96875,2704.96875,2704.96875
1138,0.05261412532184303,0.0027010624373569048,0.0001,3.4443878922611475,2704.96875,2705.4140625,2704.96875,2704.96875,2704.96875,2704.96875
1139,0.05261411355077426,0.003098180749147472,0.0001,8.196751651354134,2704.96875,2705.4140625,2704.96875,2704.96875,2704.96875,2704.96875
1140,0.052614031878242686,0.000475031115964919,0.0001,3.5171348731964827,2704.96875,2705.4140625,2704.96875,2704.96875,2704.96875,2704.96875
1141,0.05261393696398621,0.0014428403598971684,0.0001,3.4770456477999687,2704.96875,2705.4140625,2704.96875,2704.96875,2704.96875,2704.96875
1142,0.052613907412273085,0.005972965155913723,0.0001,8.186456861905754,2704.96875,2705.4140625,2704.96875,2704.96875,2704.96875,2704.96875
1143,0.05261383379438361,0.003956190086441325,0.0001,3.6098579289391637,2704.96875,2705.4140625,2704.96875,2704.96875,2704.96875,2704.96875
1144,0.05261382277574227,0.0015706423905875733,0.0001,8.350530033931136,2704.96875,2705.4140625,2704.96875,2704.96875,2704.96875,2704.96875
1145,0.05261379716540237,0.00030611505279665163,0.0001,3.1986572965979576,2704.96875,2705.4140625,2704.96875,2704.96875,2704.96875,2704.96875
1146,0.05261378833411555,0.0005829927634399823,0.0001,3.113253727555275,2704.96875,2705.4140625,2704.96875,2704.96875,2704.96875,2704.96875
1147,0.05261378007115721,0.003175355607718755,0.0001,4.000712674111128,2704.96875,2705.4140625,2704.96875,2704.96875,2704.96875,2704.96875
1148,0.05261373672097173,0.007044240452911854,0.0001,3.284388367086649,2704.96875,2705.4140625,2704.96875,2704.96875,2704.96875,2704.96875
1149,0.05261368087421032,0.0002672068501192726,0.0001,3.5125976046547294,2704.96875,2705.4140625,2704.96875,2704.96875,2704.96875,2704.96875
1150,0.052613600943360934,0.0001381057977453303,0.0001,3.1947997016832232,2704.96875,2705.4140625,2704.96875,2704.96875,2704.96875,2704.96875
1151,0.052613562090281,0.014177374245567753,0.0001,7.9243911523371935,2704.96875,2705.4140625,2704.96875,2704.96875,2704.96875,2704.96875
1152,0.052613455190627836,0.008654863933225565,0.0001,3.367409786209464,2704.96875,2705.4140625,2704.96875,2704.96875,2704.96875,2704.96875
1153,0.05261342030454492,0.0008760873625897059,0.0001,3.0495782531797886,2704.96875,2705.4140625,2704.96875,2704.96875,2704.96875,2704.96875
1154,0.05261338227816882,0.00023120420286251115,0.0001,3.0471959430724382,2704.96875,2705.4140625,2704.96875,2704.96875,2704.96875,2704.96875
1155,0.052613373400308014,0.00519255093238602,0.0001,7.86472986266017,2704.96875,2705.4140625,2704.96875,2704.96875,2704.96875,2704.96875
1156,0.05261332210775938,0.0013848555420368225,0.0001,3.320632685907185,2704.96875,2705.4140625,2704.96875,2704.96875,2704.96875,2704.96875
1157,0.052613299437634514,0.00031766115165560567,0.0001,3.0523756435140967,2704.96875,2705.4140625,2704.96875,2704.96875,2704.96875,2704.96875
1158,0.052613244192145664,0.0014228463076231268,0.0001,3.9586359430104494,2704.96875,2705.4140625,2704.96875,2704.96875,2704.96875,2704.96875
1159,0.052613196066220905,0.003762588683446366,0.0001,3.574679823592305,2704.96875,2705.4140625,2704.96875,2704.96875,2704.96875,2704.96875
1160,0.052613081016262206,0.0061920963718028466,0.0001,3.6510669384151697,2704.96875,2705.4140625,2704.96875,2704.96875,2704.96875,2704.96875
1161,0.05261278271241478,0.009985489205532883,0.0001,4.110532578080893,2704.96875,2705.4140625,2704.96875,2704.96875,2704.96875,2704.96875
1162,0.05261268091281284,0.009616184533167482,0.0001,8.33430464938283,2704.96875,2705.4140625,2704.96875,2704.96875,2704.96875,2704.96875
1163,0.05261233139537833,0.000605298740952831,0.0001,3.926449448801577,2704.96875,2705.4140625,2704.96875,2704.96875,2704.96875,2704.96875
1164,0.05261207902376083,0.004068761659758113,0.0001,3.949162906035781,2704.96875,2705.4140625,2704.96875,2704.96875,2704.96875,2704.96875
1165,0.05261203265158255,0.006556238309045281,0.0001,8.120836408808827,2704.96875,2705.4140625,2704.96875,2704.96875,2704.96875,2704.96875
1166,0.05261194919820273,0.000615578037973559,0.0001,3.5217809695750475,2704.96875,2705.4140625,2704.96875,2704.96875,2704.96875,2704.96875
1167,0.05261191556275075,0.0037886487960716586,0.0001,3.4841795759275556,2704.96875,2705.4140625,2704.96875,2704.96875,2704.96875,2704.96875
1168,0.05261189268254043,0.0055626229509155856,0.0001,7.6378226187080145,2704.96875,2705.4140625,2704.96875,2704.96875,2704.96875,2704.96875
1169,0.052611789556027105,0.007860797345772053,0.0001,6.659710823558271,2704.96875,2705.4140625,2704.96875,2704.96875,2704.96875,2704.96875
1170,0.052611623590263536,0.0025331006792002064,0.0001,3.973564409650862,2704.96875,2705.4140625,2704.96875,2704.96875,2704.96875,2704.96875
1171,0.05261153510731841,0.003238997326290294,0.0001,3.5392090678215027,2704.96875,2705.4140625,2704.96875,2704.96875,2704.96875,2704.96875
1172,0.05261137443026869,0.012357464098267656,0.0001,3.856320588849485,2704.96875,2705.4140625,2704.96875,2704.96875,2704.96875,2704.96875
1173,0.05261106718555504,0.016027349366144583,0.0001,3.9036165913566947,2704.96875,2705.4140625,2704.96875,2704.96875,2704.96875,2704.96875
1174,0.0526109842911516,0.03154451140916559,0.0001,8.421673007309437,2704.96875,2705.4140625,2704.96875,2704.96875,2704.96875,2704.96875
1175,0.052610402612440516,0.027879145266770933,0.0001,4.183363677933812,2704.96875,2705.4140625,2704.96875,2704.96875,2704.96875,2704.96875
1176,0.052610062269813546,0.0008017411691503785,0.0001,8.243536461144686,2704.96875,2705.4140625,2704.96875,2704.96875,2704.96875,2704.96875
1177,0.05260925949314891,0.002506577519343578,0.0001,4.0133040035143495,2704.96875,2705.4140625,2704.96875,2704.96875,2704.96875,2704.96875
1178,0.05260922431275308,0.006248200117357716,0.0001,8.53498312458396,2704.96875,2705.4140625,2704.96875,2704.96875,2704.96875,2704.96875
1179,0.05260913946505628,0.012475164387048432,0.0001,8.218950517475605,2704.96875,2705.4140625,2704.96875,2704.96875,2704.96875,2704.96875
1180,0.05260885235249421,0.004382633137254732,0.0001,4.138467356562614,2704.96875,2705.4140625,2704.96875,2704.96875,2704.96875,2704.96875
1181,0.05260880113740942,0.0035035083466834482,0.0001,3.7892616344615817,2704.96875,2705.4140625,2704.96875,2704.96875,2704.96875,2704.96875
1182,0.05260854332341296,0.009441193314263185,0.0001,3.332310875877738,2704.96875,2705.4140625,2704.96875,2704.96875,2704.96875,2704.96875
1183,0.05260817568709023,0.0096015273521588,0.0001,4.3890095660462976,2704.96875,2705.4140625,2704.96875,2704.96875,2704.96875,2704.96875
1184,0.05260698872714077,0.016966228123487803,0.0001,8.222778882831335,2704.96875,2705.4140625,2704.96875,2704.96875,2704.96875,2704.96875
1185,0.052606927620260785,0.003918928407568578,0.0001,8.16848141234368,2704.96875,2705.4140625,2704.96875,2704.96875,2704.96875,2704.96875
1186,0.052604670552011096,0.009599299825750807,0.0001,3.9943217178806663,2704.96875,2705.4140625,2704.96875,2704.96875,2704.96875,2704.96875
1187,0.052603948980692115,0.023989688740860493,0.0001,7.96451021451503,2704.96875,2705.4140625,2704.96875,2704.96875,2704.96875,2704.96875
1188,0.05260281706253626,0.004079024164104439,0.0001,3.979285979643464,2704.96875,2705.4140625,2704.96875,2704.96875,2704.96875,2704.96875
1189,0.05260276115054311,0.00037257187428829663,0.0001,3.381435915827751,2704.96875,2705.4140625,2704.96875,2704.96875,2704.96875,2704.96875
1190,0.052602759282976294,0.0017866511564355037,0.0001,6.150965475477278,2704.96875,2705.4140625,2704.96875,2704.96875,2704.96875,2704.96875
1191,0.05260275701581216,0.0003203426565367984,0.0001,3.13882087636739,2704.96875,2705.4140625,2704.96875,2704.96875,2704.96875,2704.96875
1192,0.05260275493098612,0.00025266500172669426,0.0001,3.093438352458179,2704.96875,2705.4140625,2704.96875,2704.96875,2704.96875,2704.96875
1193,0.052602730363088365,0.0025644391347442452,0.0001,3.141632268205285,2704.96875,2705.4140625,2704.96875,2704.96875,2704.96875,2704.96875
1194,0.05260268447441551,0.005439622455759019,0.0001,3.4871645057573915,2704.96875,2705.4140625,2704.96875,2704.96875,2704.96875,2704.96875
1195,0.05260256240922877,0.009449011620794479,0.0001,3.503401268273592,2704.96875,2705.4140625,2704.96875,2704.96875,2704.96875,2704.96875
1196,0.05260232076707475,0.015964212713442505,0.0001,3.8044783137738705,2704.96875,2705.4140625,2704.96875,2704.96875,2704.96875,2704.96875
1197,0.05260215892991182,0.020191923974991033,0.0001,4.262421325780451,2704.96875,2705.4140625,2704.96875,2704.96875,2704.96875,2704.96875
1198,0.05260176556924558,0.009582170020264624,0.0001,4.0324138747528195,2704.96875,2705.4140625,2704.96875,2704.96875,2704.96875,2704.96875
1199,0.052601601574490085,0.01422915198732888,0.0001,3.9566925829276443,2704.96875,2705.4140625,2704.96875,2704.96875,2704.96875,2704.96875
1200,0.05260156281097793,0.002233053070484603,0.0001,3.9653898663818836,2704.96875,2705.4140625,2704.96875,2704.96875,2704.96875,2704.96875
