$MeshFormat
4.1 0 8
$EndMeshFormat
$PhysicalNames
5
1 2 "Inflow"
1 3 "Outflow"
1 4 "Walls"
1 5 "Obstacle"
2 1 "Volume"
$EndPhysicalNames
$Entities
10 8 1 0
1 0 0 0 0 
2 2 0 0 0 
3 2 1 0 0 
4 0 1 0 0 
5 0.4 0.6 0 0 
6 0.4 0.5 0 0 
7 0.4 0.4 0 0 
8 0.6 0.6 0 0 
9 0.6 0.5 0 0 
10 0.6 0.4 0 0 
1 0 0 0 0 1 0 1 2 2 4 -1 
2 0 0 0 2 0 0 1 4 2 1 -2 
3 2 0 0 2 1 0 1 3 2 2 -3 
4 0 1 0 2 1 0 1 4 2 3 -4 
5 0.3015192246987792 0.4 0 0.4 0.6 0 1 5 2 5 -7 
6 0.4 0.4 0 0.6 0.4 0 1 5 2 7 -10 
7 0.6 0.4 0 0.6 0.6 0 1 5 2 10 -8 
8 0.4 0.6 0 0.6 0.6 0 1 5 2 8 -5 
1 0 0 0 2 1 0 1 1 8 1 2 3 4 -8 -7 -6 -5 
$EndEntities
$Nodes
17 4807 1 4807
0 1 0 1
1
0 0 0
0 2 0 1
2
2 0 0
0 3 0 1
3
2 1 0
0 4 0 1
4
0 1 0
0 5 0 1
5
0.4 0.6 0
0 7 0 1
6
0.4 0.4 0
0 8 0 1
7
0.6 0.6 0
0 10 0 1
8
0.6 0.4 0
1 1 0 49
9
10
11
12
13
14
15
16
17
18
19
20
21
22
23
24
25
26
27
28
29
30
31
32
33
34
35
36
37
38
39
40
41
42
43
44
45
46
47
48
49
50
51
52
53
54
55
56
57
0 0.9799999999999167 0
0 0.9599999999998334 0
0 0.9399999999997501 0
0 0.9199999999996669 0
0 0.8999999999995835 0
0 0.879999999999508 0
0 0.8599999999995834 0
0 0.8399999999997222 0
0 0.819999999999861 0
0 0.7999999999999997 0
0 0.7800000000001385 0
0 0.7600000000002772 0
0 0.7400000000004161 0
0 0.7200000000005549 0
0 0.7000000000006936 0
0 0.6800000000008324 0
0 0.660000000000971 0
0 0.6400000000011098 0
0 0.6200000000012484 0
0 0.6000000000013872 0
0 0.5800000000015259 0
0 0.5600000000016645 0
0 0.5400000000018033 0
0 0.5200000000019419 0
0 0.500000000002059 0
0 0.4800000000019974 0
0 0.4600000000019141 0
0 0.4400000000018309 0
0 0.4200000000017478 0
0 0.4000000000016645 0
0 0.3800000000015813 0
0 0.360000000001498 0
0 0.3400000000014148 0
0 0.3200000000013316 0
0 0.3000000000012484 0
0 0.2800000000011651 0
0 0.2600000000010819 0
0 0.2400000000009987 0
0 0.2200000000009155 0
0 0.2000000000008322 0
0 0.180000000000749 0
0 0.1600000000006658 0
0 0.1400000000005825 0
0 0.1200000000004994 0
0 0.1000000000004161 0
0 0.08000000000033292 0
0 0.06000000000024963 0
0 0.04000000000016646 0
0 0.02000000000008328 0
1 2 0 69
58
59
60
61
62
63
64
65
66
67
68
69
70
71
72
73
74
75
76
77
78
79
80
81
82
83
84
85
86
87
88
89
90
91
92
93
94
95
96
97
98
99
100
101
102
103
104
105
106
107
108
109
110
111
112
113
114
115
116
117
118
119
120
121
122
123
124
125
126
0.01990258495281128 0 0
0.04000322074297346 0 0
0.06030388391121922 0 0
0.08080656682133452 0 0
0.1015132797783895 0 0
0.1224260503834684 0 0
0.143546925777511 0 0
0.1648779868911416 0 0
0.1864213171324129 0 0
0.2081790305968569 0 0
0.2301532618237352 0 0
0.252346165460842 0 0
0.2747599243773196 0 0
0.2973967137672109 0 0
0.3202587777450858 0 0
0.3433483494213 0 0
0.3666676853417079 0 0
0.390219087127643 0 0
0.4140048499195927 0 0
0.4380273120745429 0 0
0.4622888353399184 0 0
0.4867917806404091 0 0
0.5115385770351986 0 0
0.5365316231345111 0 0
0.5617733909520802 0 0
0.5872663399336602 0 0
0.6130129810870683 0 0
0.6390158306090782 0 0
0.6652774457225934 0 0
0.6918003917326835 0 0
0.7185872824654612 0 0
0.745640727621013 0 0
0.7729633946802997 0 0
0.8005579686084403 0 0
0.8284271340968984 0 0
0.856573632522723 0 0
0.8850002290431008 0 0
0.9137097025248929 0 0
0.9427048753509977 0 0
0.9719885868941082 0 0
1.0015637060254 0 0
1.03143314150806 0 0
1.061599809514081 0 0
1.092066683318196 0 0
1.122836737228351 0 0
1.153912990059754 0 0
1.185298497752538 0 0
1.216996328326012 0 0
1.249009585687865 0 0
1.281341428818001 0 0
1.313995007512164 0 0
1.346973541388741 0 0
1.380280244533745 0 0
1.413918397512948 0 0
1.447891291314967 0 0
1.482202261016756 0 0
1.516854667646289 0 0
1.551851907215201 0 0
1.587197420635081 0 0
1.622894663598678 0 0
1.658947142314526 0 0
1.695358383268442 0 0
1.732131973457737 0 0
1.769271503494613 0 0
1.806780618149128 0 0
1.84466299549951 0 0
1.882922356161846 0 0
1.921562446633321 0 0
1.960587053306191 0 0
1 3 0 24
127
128
129
130
131
132
133
134
135
136
137
138
139
140
141
142
143
144
145
146
147
148
149
150
2 0.03999999999992186 0
2 0.07999999999984518 0
2 0.1199999999997832 0
2 0.1599999999996745 0
2 0.1999999999995579 0
2 0.2399999999994413 0
2 0.2799999999993247 0
2 0.3199999999992081 0
2 0.3599999999990915 0
2 0.3999999999989749 0
2 0.4399999999988584 0
2 0.4799999999987418 0
2 0.5199999999987361 0
2 0.5599999999988415 0
2 0.5999999999989468 0
2 0.6399999999990521 0
2 0.6799999999991574 0
2 0.7199999999992628 0
2 0.7599999999993681 0
2 0.7999999999994734 0
2 0.8399999999995788 0
2 0.8799999999996841 0
2 0.9199999999997894 0
2 0.9599999999998947 0
1 4 0 69
151
152
153
154
155
156
157
158
159
160
161
162
163
164
165
166
167
168
169
170
171
172
173
174
175
176
177
178
179
180
181
182
183
184
185
186
187
188
189
190
191
192
193
194
195
196
197
198
199
200
201
202
203
204
205
206
207
208
209
210
211
212
213
214
215
216
217
218
219
1.960587053306173 1 0
1.921562446633285 1 0
1.88292235616179 1 0
1.844662995499432 1 0
1.806780618149029 1 0
1.769271503494496 1 0
1.7321319734578 1 0
1.695358383268892 1 0
1.658947142315356 1 0
1.62289466359988 1 0
1.587197420636649 1 0
1.551851907217126 1 0
1.516854667648563 1 0
1.482202261019373 1 0
1.447891291317919 1 0
1.413918397516229 1 0
1.380280244537348 1 0
1.346973541392659 1 0
1.313995007516391 1 0
1.281341428822529 1 0
1.249009585692689 1 0
1.216996328331126 1 0
1.185298497757934 1 0
1.153912990065428 1 0
1.122836737234296 1 0
1.092066683324407 1 0
1.061599809520553 1 0
1.031433141514785 1 0
1.001563706032374 1 0
0.9719885869008593 1 0
0.9427048753575045 1 0
0.9137097025311618 1 0
0.8850002290491346 1 0
0.8565736325285258 1 0
0.8284271341024743 1 0
0.8005579686137929 1 0
0.7729633946854317 1 0
0.7456407276259296 1 0
0.7185872824701656 1 0
0.6918003917371789 1 0
0.6652774457268846 1 0
0.6390158306131688 1 0
0.6130129810909613 1 0
0.5872663399373588 1 0
0.5617733909555893 1 0
0.5365316231378328 1 0
0.5115385770383369 1 0
0.486791780643367 1 0
0.4622888353426995 1 0
0.4380273120771503 1 0
0.4140048499220295 1 0
0.3902190871299125 1 0
0.3666676853438122 1 0
0.343348349423243 1 0
0.3202587777468693 1 0
0.2973967137688385 1 0
0.2747599243787937 1 0
0.2523461654621666 1 0
0.2301532618249398 1 0
0.2081790305979474 1 0
0.1864213171333913 1 0
0.1648779868920098 1 0
0.1435469257782713 1 0
0.1224260503841208 1 0
0.1015132797789231 1 0
0.08080656682175258 1 0
0.06030388391152308 1 0
0.04000322074317442 1 0
0.01990258495291108 1 0
1 5 0 31
220
221
222
223
224
225
226
227
228
229
230
231
232
233
234
235
236
237
238
239
240
241
242
243
244
245
246
247
248
249
250
0.3901982859403736 0.5995184726645929 0
0.3804909677639764 0.5980785280334783 0
0.3709715322189529 0.5956940335563545 0
0.3617316566846916 0.5923879532184888 0
0.3528603262325974 0.5881921263895074 0
0.3444429765714452 0.5831469611456667 0
0.3365606714398703 0.5773010452182886 0
0.3292893217315395 0.5707106779688489 0
0.322698954522008 0.5634393282436803 0
0.3168530386271701 0.555557023088581 0
0.3118078734446344 0.5471396734571038 0
0.3076120466411666 0.5382683429764868 0
0.3043059663427938 0.5290284674485837 0
0.3019214719008173 0.5195090319057051 0
0.3004815273009513 0.5098017137097903 0
0.3 0.4999999996042044 0
0.3004815273708651 0.490198285580363 0
0.3019214720306149 0.4804909674417581 0
0.3043059665232925 0.4709715319563919 0
0.3076120468691346 0.46173165647315 0
0.3118078737112085 0.4528603260441711 0
0.3168530389279959 0.4444429764612014 0
0.3226989548350631 0.4365606713748611 0
0.3292893220412827 0.4292893217214078 0
0.3365606717227064 0.4226989545495937 0
0.3444429768317112 0.4168530386804291 0
0.3528603264180712 0.4118078735113547 0
0.3617316568613853 0.4076120467083222 0
0.3709715323608782 0.4043059664005929 0
0.3804909678617798 0.4019214719470674 0
0.3901982860119944 0.4004815273283531 0
1 6 0 19
251
252
253
254
255
256
257
258
259
260
261
262
263
264
265
266
267
268
269
0.4099999999999686 0.4 0
0.4199999999999589 0.4 0
0.4299999999999491 0.4 0
0.4399999999999176 0.4 0
0.4499999999998862 0.4 0
0.4599999999998547 0.4 0
0.4699999999998233 0.4 0
0.4799999999997919 0.4 0
0.4899999999997605 0.4 0
0.4999999999997615 0.4 0
0.5099999999997843 0.4 0
0.5199999999997962 0.4 0
0.5299999999998342 0.4 0
0.5399999999998635 0.4 0
0.5499999999998755 0.4 0
0.559999999999896 0.4 0
0.5699999999999383 0.4 0
0.5799999999999546 0.4 0
0.5899999999999663 0.4 0
1 7 0 19
270
271
272
273
274
275
276
277
278
279
280
281
282
283
284
285
286
287
288
0.6 0.4099999999999686 0
0.6 0.4199999999999589 0
0.6 0.4299999999999491 0
0.6 0.4399999999999176 0
0.6 0.4499999999998862 0
0.6 0.4599999999998547 0
0.6 0.4699999999998233 0
0.6 0.4799999999997919 0
0.6 0.4899999999997605 0
0.6 0.4999999999997615 0
0.6 0.5099999999997843 0
0.6 0.5199999999997962 0
0.6 0.5299999999998342 0
0.6 0.5399999999998635 0
0.6 0.5499999999998755 0
0.6 0.559999999999896 0
0.6 0.5699999999999383 0
0.6 0.5799999999999546 0
0.6 0.5899999999999663 0
1 8 0 19
289
290
291
292
293
294
295
296
297
298
299
300
301
302
303
304
305
306
307
0.5899999999999609 0.6 0
0.5799999999999436 0.6 0
0.5699999999999695 0.6 0
0.5599999999999956 0.6 0
0.5500000000000216 0.6 0
0.5400000000000477 0.6 0
0.5300000000000736 0.6 0
0.520000000000143 0.6 0
0.5100000000002124 0.6 0
0.5000000000002927 0.6 0
0.4900000000002709 0.6 0
0.4800000000002471 0.6 0
0.4700000000002146 0.6 0
0.4600000000001734 0.6 0
0.4500000000001517 0.6 0
0.4400000000001301 0.6 0
0.4300000000000889 0.6 0
0.4200000000000563 0.6 0
0.4100000000000326 0.6 0
2 1 0 4500
308
309
310
311
312
313
314
315
316
317
318
319
320
321
322
323
324
325
326
327
328
329
330
331
332
333
334
335
336
337
338
339
340
341
342
343
344
345
346
347
348
349
350
351
352
353
354
355
356
357
358
359
360
361
362
363
364
365
366
367
368
369
370
371
372
373
374
375
376
377
378
379
380
381
382
383
384
385
386
387
388
389
390
391
392
393
394
395
396
397
398
399
400
401
402
403
404
405
406
407
408
409
410
411
412
413
414
415
416
417
418
419
420
421
422
423
424
425
426
427
428
429
430
431
432
433
434
435
436
437
438
439
440
441
442
443
444
445
446
447
448
449
450
451
452
453
454
455
456
457
458
459
460
461
462
463
464
465
466
467
468
469
470
471
472
473
474
475
476
477
478
479
480
481
482
483
484
485
486
487
488
489
490
491
492
493
494
495
496
497
498
499
500
501
502
503
504
505
506
507
508
509
510
511
512
513
514
515
516
517
518
519
520
521
522
523
524
525
526
527
528
529
530
531
532
533
534
535
536
537
538
539
540
541
542
543
544
545
546
547
548
549
550
551
552
553
554
555
556
557
558
559
560
561
562
563
564
565
566
567
568
569
570
571
572
573
574
575
576
577
578
579
580
581
582
583
584
585
586
587
588
589
590
591
592
593
594
595
596
597
598
599
600
601
602
603
604
605
606
607
608
609
610
611
612
613
614
615
616
617
618
619
620
621
622
623
624
625
626
627
628
629
630
631
632
633
634
635
636
637
638
639
640
641
642
643
644
645
646
647
648
649
650
651
652
653
654
655
656
657
658
659
660
661
662
663
664
665
666
667
668
669
670
671
672
673
674
675
676
677
678
679
680
681
682
683
684
685
686
687
688
689
690
691
692
693
694
695
696
697
698
699
700
701
702
703
704
705
706
707
708
709
710
711
712
713
714
715
716
717
718
719
720
721
722
723
724
725
726
727
728
729
730
731
732
733
734
735
736
737
738
739
740
741
742
743
744
745
746
747
748
749
750
751
752
753
754
755
756
757
758
759
760
761
762
763
764
765
766
767
768
769
770
771
772
773
774
775
776
777
778
779
780
781
782
783
784
785
786
787
788
789
790
791
792
793
794
795
796
797
798
799
800
801
802
803
804
805
806
807
808
809
810
811
812
813
814
815
816
817
818
819
820
821
822
823
824
825
826
827
828
829
830
831
832
833
834
835
836
837
838
839
840
841
842
843
844
845
846
847
848
849
850
851
852
853
854
855
856
857
858
859
860
861
862
863
864
865
866
867
868
869
870
871
872
873
874
875
876
877
878
879
880
881
882
883
884
885
886
887
888
889
890
891
892
893
894
895
896
897
898
899
900
901
902
903
904
905
906
907
908
909
910
911
912
913
914
915
916
917
918
919
920
921
922
923
924
925
926
927
928
929
930
931
932
933
934
935
936
937
938
939
940
941
942
943
944
945
946
947
948
949
950
951
952
953
954
955
956
957
958
959
960
961
962
963
964
965
966
967
968
969
970
971
972
973
974
975
976
977
978
979
980
981
982
983
984
985
986
987
988
989
990
991
992
993
994
995
996
997
998
999
1000
1001
1002
1003
1004
1005
1006
1007
1008
1009
1010
1011
1012
1013
1014
1015
1016
1017
1018
1019
1020
1021
1022
1023
1024
1025
1026
1027
1028
1029
1030
1031
1032
1033
1034
1035
1036
1037
1038
1039
1040
1041
1042
1043
1044
1045
1046
1047
1048
1049
1050
1051
1052
1053
1054
1055
1056
1057
1058
1059
1060
1061
1062
1063
1064
1065
1066
1067
1068
1069
1070
1071
1072
1073
1074
1075
1076
1077
1078
1079
1080
1081
1082
1083
1084
1085
1086
1087
1088
1089
1090
1091
1092
1093
1094
1095
1096
1097
1098
1099
1100
1101
1102
1103
1104
1105
1106
1107
1108
1109
1110
1111
1112
1113
1114
1115
1116
1117
1118
1119
1120
1121
1122
1123
1124
1125
1126
1127
1128
1129
1130
1131
1132
1133
1134
1135
1136
1137
1138
1139
1140
1141
1142
1143
1144
1145
1146
1147
1148
1149
1150
1151
1152
1153
1154
1155
1156
1157
1158
1159
1160
1161
1162
1163
1164
1165
1166
1167
1168
1169
1170
1171
1172
1173
1174
1175
1176
1177
1178
1179
1180
1181
1182
1183
1184
1185
1186
1187
1188
1189
1190
1191
1192
1193
1194
1195
1196
1197
1198
1199
1200
1201
1202
1203
1204
1205
1206
1207
1208
1209
1210
1211
1212
1213
1214
1215
1216
1217
1218
1219
1220
1221
1222
1223
1224
1225
1226
1227
1228
1229
1230
1231
1232
1233
1234
1235
1236
1237
1238
1239
1240
1241
1242
1243
1244
1245
1246
1247
1248
1249
1250
1251
1252
1253
1254
1255
1256
1257
1258
1259
1260
1261
1262
1263
1264
1265
1266
1267
1268
1269
1270
1271
1272
1273
1274
1275
1276
1277
1278
1279
1280
1281
1282
1283
1284
1285
1286
1287
1288
1289
1290
1291
1292
1293
1294
1295
1296
1297
1298
1299
1300
1301
1302
1303
1304
1305
1306
1307
1308
1309
1310
1311
1312
1313
1314
1315
1316
1317
1318
1319
1320
1321
1322
1323
1324
1325
1326
1327
1328
1329
1330
1331
1332
1333
1334
1335
1336
1337
1338
1339
1340
1341
1342
1343
1344
1345
1346
1347
1348
1349
1350
1351
1352
1353
1354
1355
1356
1357
1358
1359
1360
1361
1362
1363
1364
1365
1366
1367
1368
1369
1370
1371
1372
1373
1374
1375
1376
1377
1378
1379
1380
1381
1382
1383
1384
1385
1386
1387
1388
1389
1390
1391
1392
1393
1394
1395
1396
1397
1398
1399
1400
1401
1402
1403
1404
1405
1406
1407
1408
1409
1410
1411
1412
1413
1414
1415
1416
1417
1418
1419
1420
1421
1422
1423
1424
1425
1426
1427
1428
1429
1430
1431
1432
1433
1434
1435
1436
1437
1438
1439
1440
1441
1442
1443
1444
1445
1446
1447
1448
1449
1450
1451
1452
1453
1454
1455
1456
1457
1458
1459
1460
1461
1462
1463
1464
1465
1466
1467
1468
1469
1470
1471
1472
1473
1474
1475
1476
1477
1478
1479
1480
1481
1482
1483
1484
1485
1486
1487
1488
1489
1490
1491
1492
1493
1494
1495
1496
1497
1498
1499
1500
1501
1502
1503
1504
1505
1506
1507
1508
1509
1510
1511
1512
1513
1514
1515
1516
1517
1518
1519
1520
1521
1522
1523
1524
1525
1526
1527
1528
1529
1530
1531
1532
1533
1534
1535
1536
1537
1538
1539
1540
1541
1542
1543
1544
1545
1546
1547
1548
1549
1550
1551
1552
1553
1554
1555
1556
1557
1558
1559
1560
1561
1562
1563
1564
1565
1566
1567
1568
1569
1570
1571
1572
1573
1574
1575
1576
1577
1578
1579
1580
1581
1582
1583
1584
1585
1586
1587
1588
1589
1590
1591
1592
1593
1594
1595
1596
1597
1598
1599
1600
1601
1602
1603
1604
1605
1606
1607
1608
1609
1610
1611
1612
1613
1614
1615
1616
1617
1618
1619
1620
1621
1622
1623
1624
1625
1626
1627
1628
1629
1630
1631
1632
1633
1634
1635
1636
1637
1638
1639
1640
1641
1642
1643
1644
1645
1646
1647
1648
1649
1650
1651
1652
1653
1654
1655
1656
1657
1658
1659
1660
1661
1662
1663
1664
1665
1666
1667
1668
1669
1670
1671
1672
1673
1674
1675
1676
1677
1678
1679
1680
1681
1682
1683
1684
1685
1686
1687
1688
1689
1690
1691
1692
1693
1694
1695
1696
1697
1698
1699
1700
1701
1702
1703
1704
1705
1706
1707
1708
1709
1710
1711
1712
1713
1714
1715
1716
1717
1718
1719
1720
1721
1722
1723
1724
1725
1726
1727
1728
1729
1730
1731
1732
1733
1734
1735
1736
1737
1738
1739
1740
1741
1742
1743
1744
1745
1746
1747
1748
1749
1750
1751
1752
1753
1754
1755
1756
1757
1758
1759
1760
1761
1762
1763
1764
1765
1766
1767
1768
1769
1770
1771
1772
1773
1774
1775
1776
1777
1778
1779
1780
1781
1782
1783
1784
1785
1786
1787
1788
1789
1790
1791
1792
1793
1794
1795
1796
1797
1798
1799
1800
1801
1802
1803
1804
1805
1806
1807
1808
1809
1810
1811
1812
1813
1814
1815
1816
1817
1818
1819
1820
1821
1822
1823
1824
1825
1826
1827
1828
1829
1830
1831
1832
1833
1834
1835
1836
1837
1838
1839
1840
1841
1842
1843
1844
1845
1846
1847
1848
1849
1850
1851
1852
1853
1854
1855
1856
1857
1858
1859
1860
1861
1862
1863
1864
1865
1866
1867
1868
1869
1870
1871
1872
1873
1874
1875
1876
1877
1878
1879
1880
1881
1882
1883
1884
1885
1886
1887
1888
1889
1890
1891
1892
1893
1894
1895
1896
1897
1898
1899
1900
1901
1902
1903
1904
1905
1906
1907
1908
1909
1910
1911
1912
1913
1914
1915
1916
1917
1918
1919
1920
1921
1922
1923
1924
1925
1926
1927
1928
1929
1930
1931
1932
1933
1934
1935
1936
1937
1938
1939
1940
1941
1942
1943
1944
1945
1946
1947
1948
1949
1950
1951
1952
1953
1954
1955
1956
1957
1958
1959
1960
1961
1962
1963
1964
1965
1966
1967
1968
1969
1970
1971
1972
1973
1974
1975
1976
1977
1978
1979
1980
1981
1982
1983
1984
1985
1986
1987
1988
1989
1990
1991
1992
1993
1994
1995
1996
1997
1998
1999
2000
2001
2002
2003
2004
2005
2006
2007
2008
2009
2010
2011
2012
2013
2014
2015
2016
2017
2018
2019
2020
2021
2022
2023
2024
2025
2026
2027
2028
2029
2030
2031
2032
2033
2034
2035
2036
2037
2038
2039
2040
2041
2042
2043
2044
2045
2046
2047
2048
2049
2050
2051
2052
2053
2054
2055
2056
2057
2058
2059
2060
2061
2062
2063
2064
2065
2066
2067
2068
2069
2070
2071
2072
2073
2074
2075
2076
2077
2078
2079
2080
2081
2082
2083
2084
2085
2086
2087
2088
2089
2090
2091
2092
2093
2094
2095
2096
2097
2098
2099
2100
2101
2102
2103
2104
2105
2106
2107
2108
2109
2110
2111
2112
2113
2114
2115
2116
2117
2118
2119
2120
2121
2122
2123
2124
2125
2126
2127
2128
2129
2130
2131
2132
2133
2134
2135
2136
2137
2138
2139
2140
2141
2142
2143
2144
2145
2146
2147
2148
2149
2150
2151
2152
2153
2154
2155
2156
2157
2158
2159
2160
2161
2162
2163
2164
2165
2166
2167
2168
2169
2170
2171
2172
2173
2174
2175
2176
2177
2178
2179
2180
2181
2182
2183
2184
2185
2186
2187
2188
2189
2190
2191
2192
2193
2194
2195
2196
2197
2198
2199
2200
2201
2202
2203
2204
2205
2206
2207
2208
2209
2210
2211
2212
2213
2214
2215
2216
2217
2218
2219
2220
2221
2222
2223
2224
2225
2226
2227
2228
2229
2230
2231
2232
2233
2234
2235
2236
2237
2238
2239
2240
2241
2242
2243
2244
2245
2246
2247
2248
2249
2250
2251
2252
2253
2254
2255
2256
2257
2258
2259
2260
2261
2262
2263
2264
2265
2266
2267
2268
2269
2270
2271
2272
2273
2274
2275
2276
2277
2278
2279
2280
2281
2282
2283
2284
2285
2286
2287
2288
2289
2290
2291
2292
2293
2294
2295
2296
2297
2298
2299
2300
2301
2302
2303
2304
2305
2306
2307
2308
2309
2310
2311
2312
2313
2314
2315
2316
2317
2318
2319
2320
2321
2322
2323
2324
2325
2326
2327
2328
2329
2330
2331
2332
2333
2334
2335
2336
2337
2338
2339
2340
2341
2342
2343
2344
2345
2346
2347
2348
2349
2350
2351
2352
2353
2354
2355
2356
2357
2358
2359
2360
2361
2362
2363
2364
2365
2366
2367
2368
2369
2370
2371
2372
2373
2374
2375
2376
2377
2378
2379
2380
2381
2382
2383
2384
2385
2386
2387
2388
2389
2390
2391
2392
2393
2394
2395
2396
2397
2398
2399
2400
2401
2402
2403
2404
2405
2406
2407
2408
2409
2410
2411
2412
2413
2414
2415
2416
2417
2418
2419
2420
2421
2422
2423
2424
2425
2426
2427
2428
2429
2430
2431
2432
2433
2434
2435
2436
2437
2438
2439
2440
2441
2442
2443
2444
2445
2446
2447
2448
2449
2450
2451
2452
2453
2454
2455
2456
2457
2458
2459
2460
2461
2462
2463
2464
2465
2466
2467
2468
2469
2470
2471
2472
2473
2474
2475
2476
2477
2478
2479
2480
2481
2482
2483
2484
2485
2486
2487
2488
2489
2490
2491
2492
2493
2494
2495
2496
2497
2498
2499
2500
2501
2502
2503
2504
2505
2506
2507
2508
2509
2510
2511
2512
2513
2514
2515
2516
2517
2518
2519
2520
2521
2522
2523
2524
2525
2526
2527
2528
2529
2530
2531
2532
2533
2534
2535
2536
2537
2538
2539
2540
2541
2542
2543
2544
2545
2546
2547
2548
2549
2550
2551
2552
2553
2554
2555
2556
2557
2558
2559
2560
2561
2562
2563
2564
2565
2566
2567
2568
2569
2570
2571
2572
2573
2574
2575
2576
2577
2578
2579
2580
2581
2582
2583
2584
2585
2586
2587
2588
2589
2590
2591
2592
2593
2594
2595
2596
2597
2598
2599
2600
2601
2602
2603
2604
2605
2606
2607
2608
2609
2610
2611
2612
2613
2614
2615
2616
2617
2618
2619
2620
2621
2622
2623
2624
2625
2626
2627
2628
2629
2630
2631
2632
2633
2634
2635
2636
2637
2638
2639
2640
2641
2642
2643
2644
2645
2646
2647
2648
2649
2650
2651
2652
2653
2654
2655
2656
2657
2658
2659
2660
2661
2662
2663
2664
2665
2666
2667
2668
2669
2670
2671
2672
2673
2674
2675
2676
2677
2678
2679
2680
2681
2682
2683
2684
2685
2686
2687
2688
2689
2690
2691
2692
2693
2694
2695
2696
2697
2698
2699
2700
2701
2702
2703
2704
2705
2706
2707
2708
2709
2710
2711
2712
2713
2714
2715
2716
2717
2718
2719
2720
2721
2722
2723
2724
2725
2726
2727
2728
2729
2730
2731
2732
2733
2734
2735
2736
2737
2738
2739
2740
2741
2742
2743
2744
2745
2746
2747
2748
2749
2750
2751
2752
2753
2754
2755
2756
2757
2758
2759
2760
2761
2762
2763
2764
2765
2766
2767
2768
2769
2770
2771
2772
2773
2774
2775
2776
2777
2778
2779
2780
2781
2782
2783
2784
2785
2786
2787
2788
2789
2790
2791
2792
2793
2794
2795
2796
2797
2798
2799
2800
2801
2802
2803
2804
2805
2806
2807
2808
2809
2810
2811
2812
2813
2814
2815
2816
2817
2818
2819
2820
2821
2822
2823
2824
2825
2826
2827
2828
2829
2830
2831
2832
2833
2834
2835
2836
2837
2838
2839
2840
2841
2842
2843
2844
2845
2846
2847
2848
2849
2850
2851
2852
2853
2854
2855
2856
2857
2858
2859
2860
2861
2862
2863
2864
2865
2866
2867
2868
2869
2870
2871
2872
2873
2874
2875
2876
2877
2878
2879
2880
2881
2882
2883
2884
2885
2886
2887
2888
2889
2890
2891
2892
2893
2894
2895
2896
2897
2898
2899
2900
2901
2902
2903
2904
2905
2906
2907
2908
2909
2910
2911
2912
2913
2914
2915
2916
2917
2918
2919
2920
2921
2922
2923
2924
2925
2926
2927
2928
2929
2930
2931
2932
2933
2934
2935
2936
2937
2938
2939
2940
2941
2942
2943
2944
2945
2946
2947
2948
2949
2950
2951
2952
2953
2954
2955
2956
2957
2958
2959
2960
2961
2962
2963
2964
2965
2966
2967
2968
2969
2970
2971
2972
2973
2974
2975
2976
2977
2978
2979
2980
2981
2982
2983
2984
2985
2986
2987
2988
2989
2990
2991
2992
2993
2994
2995
2996
2997
2998
2999
3000
3001
3002
3003
3004
3005
3006
3007
3008
3009
3010
3011
3012
3013
3014
3015
3016
3017
3018
3019
3020
3021
3022
3023
3024
3025
3026
3027
3028
3029
3030
3031
3032
3033
3034
3035
3036
3037
3038
3039
3040
3041
3042
3043
3044
3045
3046
3047
3048
3049
3050
3051
3052
3053
3054
3055
3056
3057
3058
3059
3060
3061
3062
3063
3064
3065
3066
3067
3068
3069
3070
3071
3072
3073
3074
3075
3076
3077
3078
3079
3080
3081
3082
3083
3084
3085
3086
3087
3088
3089
3090
3091
3092
3093
3094
3095
3096
3097
3098
3099
3100
3101
3102
3103
3104
3105
3106
3107
3108
3109
3110
3111
3112
3113
3114
3115
3116
3117
3118
3119
3120
3121
3122
3123
3124
3125
3126
3127
3128
3129
3130
3131
3132
3133
3134
3135
3136
3137
3138
3139
3140
3141
3142
3143
3144
3145
3146
3147
3148
3149
3150
3151
3152
3153
3154
3155
3156
3157
3158
3159
3160
3161
3162
3163
3164
3165
3166
3167
3168
3169
3170
3171
3172
3173
3174
3175
3176
3177
3178
3179
3180
3181
3182
3183
3184
3185
3186
3187
3188
3189
3190
3191
3192
3193
3194
3195
3196
3197
3198
3199
3200
3201
3202
3203
3204
3205
3206
3207
3208
3209
3210
3211
3212
3213
3214
3215
3216
3217
3218
3219
3220
3221
3222
3223
3224
3225
3226
3227
3228
3229
3230
3231
3232
3233
3234
3235
3236
3237
3238
3239
3240
3241
3242
3243
3244
3245
3246
3247
3248
3249
3250
3251
3252
3253
3254
3255
3256
3257
3258
3259
3260
3261
3262
3263
3264
3265
3266
3267
3268
3269
3270
3271
3272
3273
3274
3275
3276
3277
3278
3279
3280
3281
3282
3283
3284
3285
3286
3287
3288
3289
3290
3291
3292
3293
3294
3295
3296
3297
3298
3299
3300
3301
3302
3303
3304
3305
3306
3307
3308
3309
3310
3311
3312
3313
3314
3315
3316
3317
3318
3319
3320
3321
3322
3323
3324
3325
3326
3327
3328
3329
3330
3331
3332
3333
3334
3335
3336
3337
3338
3339
3340
3341
3342
3343
3344
3345
3346
3347
3348
3349
3350
3351
3352
3353
3354
3355
3356
3357
3358
3359
3360
3361
3362
3363
3364
3365
3366
3367
3368
3369
3370
3371
3372
3373
3374
3375
3376
3377
3378
3379
3380
3381
3382
3383
3384
3385
3386
3387
3388
3389
3390
3391
3392
3393
3394
3395
3396
3397
3398
3399
3400
3401
3402
3403
3404
3405
3406
3407
3408
3409
3410
3411
3412
3413
3414
3415
3416
3417
3418
3419
3420
3421
3422
3423
3424
3425
3426
3427
3428
3429
3430
3431
3432
3433
3434
3435
3436
3437
3438
3439
3440
3441
3442
3443
3444
3445
3446
3447
3448
3449
3450
3451
3452
3453
3454
3455
3456
3457
3458
3459
3460
3461
3462
3463
3464
3465
3466
3467
3468
3469
3470
3471
3472
3473
3474
3475
3476
3477
3478
3479
3480
3481
3482
3483
3484
3485
3486
3487
3488
3489
3490
3491
3492
3493
3494
3495
3496
3497
3498
3499
3500
3501
3502
3503
3504
3505
3506
3507
3508
3509
3510
3511
3512
3513
3514
3515
3516
3517
3518
3519
3520
3521
3522
3523
3524
3525
3526
3527
3528
3529
3530
3531
3532
3533
3534
3535
3536
3537
3538
3539
3540
3541
3542
3543
3544
3545
3546
3547
3548
3549
3550
3551
3552
3553
3554
3555
3556
3557
3558
3559
3560
3561
3562
3563
3564
3565
3566
3567
3568
3569
3570
3571
3572
3573
3574
3575
3576
3577
3578
3579
3580
3581
3582
3583
3584
3585
3586
3587
3588
3589
3590
3591
3592
3593
3594
3595
3596
3597
3598
3599
3600
3601
3602
3603
3604
3605
3606
3607
3608
3609
3610
3611
3612
3613
3614
3615
3616
3617
3618
3619
3620
3621
3622
3623
3624
3625
3626
3627
3628
3629
3630
3631
3632
3633
3634
3635
3636
3637
3638
3639
3640
3641
3642
3643
3644
3645
3646
3647
3648
3649
3650
3651
3652
3653
3654
3655
3656
3657
3658
3659
3660
3661
3662
3663
3664
3665
3666
3667
3668
3669
3670
3671
3672
3673
3674
3675
3676
3677
3678
3679
3680
3681
3682
3683
3684
3685
3686
3687
3688
3689
3690
3691
3692
3693
3694
3695
3696
3697
3698
3699
3700
3701
3702
3703
3704
3705
3706
3707
3708
3709
3710
3711
3712
3713
3714
3715
3716
3717
3718
3719
3720
3721
3722
3723
3724
3725
3726
3727
3728
3729
3730
3731
3732
3733
3734
3735
3736
3737
3738
3739
3740
3741
3742
3743
3744
3745
3746
3747
3748
3749
3750
3751
3752
3753
3754
3755
3756
3757
3758
3759
3760
3761
3762
3763
3764
3765
3766
3767
3768
3769
3770
3771
3772
3773
3774
3775
3776
3777
3778
3779
3780
3781
3782
3783
3784
3785
3786
3787
3788
3789
3790
3791
3792
3793
3794
3795
3796
3797
3798
3799
3800
3801
3802
3803
3804
3805
3806
3807
3808
3809
3810
3811
3812
3813
3814
3815
3816
3817
3818
3819
3820
3821
3822
3823
3824
3825
3826
3827
3828
3829
3830
3831
3832
3833
3834
3835
3836
3837
3838
3839
3840
3841
3842
3843
3844
3845
3846
3847
3848
3849
3850
3851
3852
3853
3854
3855
3856
3857
3858
3859
3860
3861
3862
3863
3864
3865
3866
3867
3868
3869
3870
3871
3872
3873
3874
3875
3876
3877
3878
3879
3880
3881
3882
3883
3884
3885
3886
3887
3888
3889
3890
3891
3892
3893
3894
3895
3896
3897
3898
3899
3900
3901
3902
3903
3904
3905
3906
3907
3908
3909
3910
3911
3912
3913
3914
3915
3916
3917
3918
3919
3920
3921
3922
3923
3924
3925
3926
3927
3928
3929
3930
3931
3932
3933
3934
3935
3936
3937
3938
3939
3940
3941
3942
3943
3944
3945
3946
3947
3948
3949
3950
3951
3952
3953
3954
3955
3956
3957
3958
3959
3960
3961
3962
3963
3964
3965
3966
3967
3968
3969
3970
3971
3972
3973
3974
3975
3976
3977
3978
3979
3980
3981
3982
3983
3984
3985
3986
3987
3988
3989
3990
3991
3992
3993
3994
3995
3996
3997
3998
3999
4000
4001
4002
4003
4004
4005
4006
4007
4008
4009
4010
4011
4012
4013
4014
4015
4016
4017
4018
4019
4020
4021
4022
4023
4024
4025
4026
4027
4028
4029
4030
4031
4032
4033
4034
4035
4036
4037
4038
4039
4040
4041
4042
4043
4044
4045
4046
4047
4048
4049
4050
4051
4052
4053
4054
4055
4056
4057
4058
4059
4060
4061
4062
4063
4064
4065
4066
4067
4068
4069
4070
4071
4072
4073
4074
4075
4076
4077
4078
4079
4080
4081
4082
4083
4084
4085
4086
4087
4088
4089
4090
4091
4092
4093
4094
4095
4096
4097
4098
4099
4100
4101
4102
4103
4104
4105
4106
4107
4108
4109
4110
4111
4112
4113
4114
4115
4116
4117
4118
4119
4120
4121
4122
4123
4124
4125
4126
4127
4128
4129
4130
4131
4132
4133
4134
4135
4136
4137
4138
4139
4140
4141
4142
4143
4144
4145
4146
4147
4148
4149
4150
4151
4152
4153
4154
4155
4156
4157
4158
4159
4160
4161
4162
4163
4164
4165
4166
4167
4168
4169
4170
4171
4172
4173
4174
4175
4176
4177
4178
4179
4180
4181
4182
4183
4184
4185
4186
4187
4188
4189
4190
4191
4192
4193
4194
4195
4196
4197
4198
4199
4200
4201
4202
4203
4204
4205
4206
4207
4208
4209
4210
4211
4212
4213
4214
4215
4216
4217
4218
4219
4220
4221
4222
4223
4224
4225
4226
4227
4228
4229
4230
4231
4232
4233
4234
4235
4236
4237
4238
4239
4240
4241
4242
4243
4244
4245
4246
4247
4248
4249
4250
4251
4252
4253
4254
4255
4256
4257
4258
4259
4260
4261
4262
4263
4264
4265
4266
4267
4268
4269
4270
4271
4272
4273
4274
4275
4276
4277
4278
4279
4280
4281
4282
4283
4284
4285
4286
4287
4288
4289
4290
4291
4292
4293
4294
4295
4296
4297
4298
4299
4300
4301
4302
4303
4304
4305
4306
4307
4308
4309
4310
4311
4312
4313
4314
4315
4316
4317
4318
4319
4320
4321
4322
4323
4324
4325
4326
4327
4328
4329
4330
4331
4332
4333
4334
4335
4336
4337
4338
4339
4340
4341
4342
4343
4344
4345
4346
4347
4348
4349
4350
4351
4352
4353
4354
4355
4356
4357
4358
4359
4360
4361
4362
4363
4364
4365
4366
4367
4368
4369
4370
4371
4372
4373
4374
4375
4376
4377
4378
4379
4380
4381
4382
4383
4384
4385
4386
4387
4388
4389
4390
4391
4392
4393
4394
4395
4396
4397
4398
4399
4400
4401
4402
4403
4404
4405
4406
4407
4408
4409
4410
4411
4412
4413
4414
4415
4416
4417
4418
4419
4420
4421
4422
4423
4424
4425
4426
4427
4428
4429
4430
4431
4432
4433
4434
4435
4436
4437
4438
4439
4440
4441
4442
4443
4444
4445
4446
4447
4448
4449
4450
4451
4452
4453
4454
4455
4456
4457
4458
4459
4460
4461
4462
4463
4464
4465
4466
4467
4468
4469
4470
4471
4472
4473
4474
4475
4476
4477
4478
4479
4480
4481
4482
4483
4484
4485
4486
4487
4488
4489
4490
4491
4492
4493
4494
4495
4496
4497
4498
4499
4500
4501
4502
4503
4504
4505
4506
4507
4508
4509
4510
4511
4512
4513
4514
4515
4516
4517
4518
4519
4520
4521
4522
4523
4524
4525
4526
4527
4528
4529
4530
4531
4532
4533
4534
4535
4536
4537
4538
4539
4540
4541
4542
4543
4544
4545
4546
4547
4548
4549
4550
4551
4552
4553
4554
4555
4556
4557
4558
4559
4560
4561
4562
4563
4564
4565
4566
4567
4568
4569
4570
4571
4572
4573
4574
4575
4576
4577
4578
4579
4580
4581
4582
4583
4584
4585
4586
4587
4588
4589
4590
4591
4592
4593
4594
4595
4596
4597
4598
4599
4600
4601
4602
4603
4604
4605
4606
4607
4608
4609
4610
4611
4612
4613
4614
4615
4616
4617
4618
4619
4620
4621
4622
4623
4624
4625
4626
4627
4628
4629
4630
4631
4632
4633
4634
4635
4636
4637
4638
4639
4640
4641
4642
4643
4644
4645
4646
4647
4648
4649
4650
4651
4652
4653
4654
4655
4656
4657
4658
4659
4660
4661
4662
4663
4664
4665
4666
4667
4668
4669
4670
4671
4672
4673
4674
4675
4676
4677
4678
4679
4680
4681
4682
4683
4684
4685
4686
4687
4688
4689
4690
4691
4692
4693
4694
4695
4696
4697
4698
4699
4700
4701
4702
4703
4704
4705
4706
4707
4708
4709
4710
4711
4712
4713
4714
4715
4716
4717
4718
4719
4720
4721
4722
4723
4724
4725
4726
4727
4728
4729
4730
4731
4732
4733
4734
4735
4736
4737
4738
4739
4740
4741
4742
4743
4744
4745
4746
4747
4748
4749
4750
4751
4752
4753
4754
4755
4756
4757
4758
4759
4760
4761
4762
4763
4764
4765
4766
4767
4768
4769
4770
4771
4772
4773
4774
4775
4776
4777
4778
4779
4780
4781
4782
4783
4784
4785
4786
4787
4788
4789
4790
4791
4792
4793
4794
4795
4796
4797
4798
4799
4800
4801
4802
4803
4804
4805
4806
4807
0.6083091563056179 0.5049999999997706 0
0.6094196193802874 0.5849330411120239 0
0.6084799263365728 0.4252760742227668 0
1.107475982515673 0.02544855970714675 0
1.076698115978054 0.9739710706285477 0
1.265219471510846 0.9721875735764464 0
0.9550666371663126 0.02415305836469003 0
1.265896469912744 0.02691110328053461 0
1.430436994754036 0.03062132024622855 0
0.9279815518680353 0.9753824584189572 0
1.426816631729126 0.9713500288320245 0
0.4047607215043492 0.391228789245876 0
0.4533738430291203 0.3927112046438317 0
0.5054052544391807 0.3915342348803597 0
0.55475628127312 0.3919378645738315 0
0.4045322392816298 0.6078255108799906 0
0.4552314562645076 0.6086513578377347 0
0.5046439478375093 0.6087709803571222 0
0.555553529342415 0.608739077402715 0
0.01615103467650159 0.2303064900907308 0
0.01614842676910787 0.7703176624038562 0
1.965358983848675 0.499999999998739 0
0.2412497136422886 0.01912493040229223 0
0.2412497136435532 0.9808750695976064 0
0.8156239660883104 0.9754134600935017 0
0.8141932045106315 0.02379450755988425 0
0.0173205080757608 0.31000000000129 0
0.0184315595747068 0.6904689272361562 0
0.332354027846824 0.01879146361159274 0
0.3318411032845408 0.9779426028078553 0
1.60505238197812 0.9699674293682993 0
1.605376024976737 0.02960939049927862 0
0.4234081147465059 0.01924781619902992 0
0.4260160809995899 0.9792984313429256 0
0.7066260621806175 0.02253912300412993 0
0.7038481763649407 0.9771360446688309 0
0.52471400783427 0.02102665570528067 0
0.5240351000880847 0.9784620164097779 0
0.01525645946546522 0.3899155801073924 0
0.0168618853130606 0.6092886840265284 0
0.5949417883990482 0.3912210744224355 0
0.6064806358051414 0.3931702037366752 0
0.6002947126870901 0.3825884637617272 0
0.6108148864219745 0.3825513917079644 0
0.605360971472016 0.3730276939730773 0
0.6160664346956829 0.3728849244150194 0
0.610550812105878 0.3632548902269463 0
0.6218606185370378 0.3631717338939496 0
0.6161318649082073 0.3531691717210838 0
0.6279385691450503 0.3530268654330074 0
0.6217610277699688 0.3425551665861095 0
0.6341518042614511 0.342522813466313 0
0.6402308841496817 0.3533134138768828 0
0.6467984753733471 0.3424625445148115 0
0.6531453170633175 0.3538666536137672 0
0.6599973925258635 0.3424505739084143 0
0.6666813300412902 0.3537544410703271 0
0.6738690518392259 0.3422656427177804 0
0.6808052270174759 0.3549757145739723 0
0.6884374681016285 0.3422755303806953 0
0.6956965012047831 0.3562934329526145 0
0.7037278948771015 0.3423580808400715 0
0.711270124346825 0.355867455456214 0
0.7195717298404778 0.3421956437238237 0
0.727665719316579 0.3564829664924312 0
0.7364005582724131 0.3421142543924617 0
0.7448478447309146 0.3573831052698627 0
0.7537480741096372 0.3421936137908999 0
0.7626430613723139 0.3580600469616281 0
0.7715742236654213 0.3414010170287242 0
0.7810403409543452 0.3572122053119097 0
0.6279581403902634 0.3316809385541579 0
0.7711529238779913 0.3742122685369514 0
0.7902584211139043 0.3745054709038063 0
0.7800855149367401 0.3908438081699359 0
0.799365587673851 0.3916857126283543 0
0.8098261658134552 0.374872210339574 0
0.8192562804951234 0.3924836904375247 0
0.8084845252756357 0.4094943362826753 0
0.8286719201840678 0.4103548863833394 0
0.81788163064087 0.4277075273867627 0
0.8384543561322406 0.4284998927643973 0
0.8274118151830099 0.4461262743435908 0
0.8483163485801072 0.4469262301078777 0
0.8371011036790179 0.4645243692499992 0
0.8584295055078331 0.4658683984258377 0
0.8698416812164056 0.4474497509184391 0
0.8802639886023227 0.4669912499186975 0
0.8920858912280776 0.4478323386709582 0
0.9027016287542053 0.467953195828706 0
0.9147499846658738 0.4484937931307247 0
0.9257581310443213 0.4701097608919012 0
0.9382667251479404 0.4496465617971118 0
0.9494778225536564 0.4715069162982416 0
0.9623509742123942 0.4502940170784358 0
0.9738086931466828 0.4726476017602641 0
0.8467389704829491 0.4832529013761047 0
0.9869869859876635 0.451365928989691 0
0.998733168073307 0.4738969870480266 0
1.012235211247254 0.4521112251254237 0
1.024148154605261 0.4735641044023077 0
1.037970483487206 0.4516948585337471 0
1.050411029918957 0.4743529404444264 0
1.064548383944853 0.4523060797728453 0
1.077026900814508 0.4760213820813606 0
1.091513466398754 0.4531324944199741 0
1.104383093081035 0.4773086196550654 0
1.119166035229991 0.4539053111217701 0
1.132296522993097 0.4781063040741578 0
1.147348321244135 0.4542007649863055 0
1.16067030651798 0.4792107468335834 0
0.9597817435106746 0.4951856519413446 0
1.175987587607018 0.454916101595875 0
1.189573957726634 0.4797074315053159 0
1.205079713170692 0.4561834602592103 0
1.218948473948103 0.4809434863968334 0
1.23471521131327 0.4571156744232166 0
1.248770131231078 0.4834440445420186 0
1.264844622983915 0.4580796088833566 0
1.279119496802905 0.4849708515405478 0
0.5949128893329033 0.6088302163237661 0
0.6053879831732459 0.6092916518062383 0
0.5999946785086848 0.6180732951709653 0
0.6108470180016834 0.6179619685500926 0
0.6053679428005847 0.6276500079464787 0
0.6166558173157505 0.6277643266212006 0
0.6109733468075176 0.6377401023549372 0
0.6229537598931688 0.6377722965812183 0
0.616668482107585 0.6483983415547585 0
0.6290943859295348 0.6483610454086375 0
0.6353641214497945 0.6373854360660616 0
0.6414659073419389 0.6491188363237672 0
0.6227609938452836 0.6592264068035676 0
1.295448929992291 0.4590490024611674 0
1.309901845345378 0.4877087744142983 0
0.6094022228521132 0.4650739484732869 0
0.6086602540378547 0.5449999999998697 0
1.326495377747068 0.4605552315621327 0
1.341166971373539 0.4893823721909867 0
0.6807515501642435 0.3307287673163734 0
0.6151753590400753 0.3318072807110731 0
0.6215080289763033 0.3205599552483969 0
0.60833537878989 0.3207159881083382 0
0.614866179733464 0.3090822793200748 0
0.6013173827998618 0.3092709743412979 0
1.357911716016461 0.4609989794432415 0
1.372949837517821 0.48941737116454 0
1.389967811785976 0.462407601237195 0
1.405157145579853 0.4906442165814501 0
1.422312516440247 0.4631130867618426 0
0.0153156837512133 0.4696068736949411 0
1.437741448269182 0.4918964095227616 0
1.062203933249388 0.495928086767519 0
0.608017868937794 0.2972466792560092 0
0.5941419856212107 0.2974980967388672 0
1.173390751369001 0.5055501337400928 0
1.454854369649443 0.463810709610037 0
0.6009628354572755 0.2850548398363872 0
0.5868311580295958 0.2851473296446967 0
1.470704288850545 0.493198012854309 0
0.6482228496901705 0.6370445036518918 0
0.6547297875538787 0.6494255703935046 0
0.9720201560991347 0.4301340933193143 0
1.488169395118625 0.4646583580008332 0
0.7448556511915326 0.3278203390061801 0
0.5937391661332865 0.2725024799278449 0
0.579297651616606 0.2724207728927846 0
1.504145319983217 0.4947125080242215 0
0.6618108123511627 0.6370043183273473 0
0.6690661128785451 0.6495268691262973 0
1.29171042891566 0.5160192022562734 0
1.076345291321458 0.4307707777362269 0
1.967372124915708 0.6998476264564225 0
1.52212341001517 0.4660326040745102 0
0.6101086933569855 0.6591567819873523 0
0.6163472540378689 0.6704382738526835 0
0.6032512032289127 0.6703112728339727 0
0.6097547517721511 0.6819689830587412 0
0.5961359029947517 0.6818199816698556 0
0.6030164634415938 0.6938013597380992 0
0.5890739769540807 0.6935668870204865 0
0.5960899283560124 0.7059955283231916 0
0.5814751547512568 0.7057712636690311 0
0.588653838384106 0.718513075873032 0
0.5739846023690317 0.7182292911225254 0
0.6035877778828468 0.7186636479729437 0
0.5959233014020304 0.7317158707998331 0
0.6113499156166127 0.7318417638122405 0
0.1543306518649599 0.981499334662098 0
0.1542124563343263 0.01838222772774451 0
0.5862649207893496 0.2594626478248957 0
0.5711448676397027 0.2597585092183879 0
0.6011613910026484 0.2591068415696214 0
0.6759763923177061 0.6361121345535687 0
0.6837139920349964 0.6495223934411293 0
1.420186819610807 0.5199171915885573 0
1.192049230094588 0.4302754373016467 0
1.538082476442067 0.4960437236013447 0
1.965462353998455 0.3020330616397536 0
0.6034209912598737 0.7454144979913014 0
0.6194720361080016 0.7455797993169826 0
0.5936120951495414 0.2457037750799095 0
0.6094043886288031 0.245402623860447 0
1.313148822806977 0.4332063677527718 0
0.6910445544908692 0.6361523375669057 0
0.6988616081237871 0.6487576734870031 0
0.8162050305768958 0.4642111639710517 0
1.505928041180622 0.4359064730832943 0
1.540174170934743 0.4372207381418234 0
0.7029805463844061 0.3697925729002748 0
0.6112549995638137 0.7597132549231915 0
0.6278951219261528 0.7598590604992445 0
0.0173173334924482 0.1500418031461931 0
0.0172723607522532 0.8498632975885926 0
0.7066242730270851 0.6346862167508435 0
0.7145166037658299 0.6489155970638776 0
0.601376087214311 0.2313369572999195 0
0.6181962663637485 0.2312630218838799 0
0.6983486479935285 0.6217270713377813 0
1.524109760590045 0.4072047623328487 0
1.558375364292489 0.4082527415913253 0
0.5640758694448906 0.2726188742822211 0
0.555907888967849 0.2602075466172721 0
0.548540240644509 0.2732056335946774 0
0.5408496703654689 0.2605648766282469 0
0.5337146443126708 0.2736306334609211 0
0.5257429695862386 0.2609189830933685 0
0.5330321652190699 0.2475541468521436 0
0.5177152551024418 0.248022443685596 0
0.5106219191753469 0.261585486269218 0
0.5024234276825155 0.2487416228785354 0
0.4954802604855966 0.2622128032410291 0
0.4872790061240425 0.2493920137137496 0
0.4804044333356273 0.2627926689521121 0
0.4721575993976703 0.250068688568044 0
0.4791612072966591 0.2364005385749171 0
0.4637431397723498 0.2371181934363853 0
0.4570637123998463 0.2508348517970374 0
0.4483778566886811 0.2380112832575582 0
0.4417111072618113 0.2516457042707355 0
0.4331090946765206 0.2389088498217635 0
0.4268721260891472 0.252897585283398 0
0.4179667930382474 0.2399168132206574 0
0.4111252449259726 0.256248592510419 0
0.4027281013023543 0.2413172421013995 0
0.3952202764831537 0.2552998976080696 0
0.3874576981029317 0.2418939634288556 0
0.380673527568519 0.2552717391637525 0
0.3724139117462642 0.2425088966146104 0
0.3656593032316953 0.2557881769787134 0
0.35732708097035 0.2433074453070201 0
0.3505023455857222 0.2566127568426655 0
0.34218001937188 0.2441063669414646 0
0.3353516066069148 0.2576466393249392 0
0.3270034384807559 0.2449802234082592 0
0.3202332191460556 0.2585344112516969 0
0.3117953268196132 0.2458894020382984 0
0.3049765761975105 0.2594991699816465 0
0.2964315353777301 0.2467138509125503 0
0.2894611144286506 0.260554850194982 0
0.2808778585713667 0.2477382929785889 0
0.2738113501842429 0.2616254055061308 0
0.2651151533310562 0.2486288381234102 0
0.2579556546657998 0.262687911863565 0
0.2491608830035882 0.2492760522744408 0
0.3347902047131407 0.4132237800943923 0
0.2418841351208386 0.2637228894458866 0
0.2329274293588666 0.2501470132131289 0
0.2256539014059599 0.2647406773838177 0
0.2341890524621974 0.2780397368426772 0
0.218495888830041 0.2793641408011914 0
0.226880085244063 0.2924569099973572 0
0.211360464054993 0.2936934005125321 0
0.2206223133399939 0.3071773520711188 0
0.3129497204500437 0.4354391122442576 0
0.2867316724904548 0.2337253814303988 0
0.3635432877183175 0.3975205279003429 0
0.3797352398421063 0.2286539554846279 0
0.2169389331311816 0.2507235105592109 0
0.2044405305384545 0.3080250624655624 0
0.2136976995899327 0.3214209333265698 0
0.2244030277670169 0.236145675275596 0
0.2077523234914804 0.2367337643209663 0
0.1966466313147715 0.3218835284585977 0
0.2060812788865527 0.3351418562607862 0
0.4707990938345346 0.2230778389562869 0
0.7228030387580444 0.6338327825306377 0
0.731179903630095 0.6490914809163585 0
0.618937118044685 0.7742201282707599 0
0.6022923733076671 0.7741701161085387 0
0.6351766615145368 0.7737274882368795 0
0.2154264338634095 0.2217885882207806 0
1.748360013965682 0.03503591795119879 0
1.750394422014839 0.9689740440111214 0
0.1895095825835064 0.3358488473874105 0
0.1989668335029084 0.349046150604454 0
0.1865560316015901 0.307050708657265 0
0.2983309279838081 0.2728896731358429 0
0.1985116340439433 0.2223181886362916 0
0.6097138158358826 0.2163604004496732 0
0.6272327840274566 0.2167490150922882 0
0.1834205454044535 0.3500827561661564 0
0.192135428395937 0.3629836751530664 0
0.2977342189923649 0.4653403184528742 0
0.7397995825815464 0.6335450362517459 0
0.7488786089355921 0.648801453806191 0
0.739809809283382 0.6645351803202393 0
0.7581404405736586 0.6643546837907884 0
0.7486615641260785 0.6804361169173461 0
0.7677067634728292 0.6803022451904323 0
0.7578696165363059 0.6968669756626313 0
0.7773713508455297 0.6967973555989513 0
0.7870864197514142 0.6798780868921185 0
0.7971563196796874 0.6968832554838176 0
0.7676624678618968 0.7135210331155939 0
0.8071716085147297 0.6790827366545278 0
0.8175746258821729 0.6969460617915223 0
0.8279319933008662 0.6785298810678004 0
0.8386894898975457 0.6970426655254137 0
0.8492495971876561 0.6783812821209995 0
0.8604734923773225 0.6971907374954768 0
0.849439757727499 0.7162361419128702 0
0.8717518736977984 0.7164778080748 0
0.8829258176357254 0.6968394033052627 0
0.8947318639023725 0.716630274223773 0
0.9062970239470094 0.6965203407982138 0
0.918177442991485 0.7166632036329075 0
0.2057978991033163 0.207154374226357 0
1.168824982013867 0.9730693415035709 0
0.1771832075089808 0.363696882680505 0
0.1853576671734036 0.3767857864435731 0
0.223341579158111 0.3344135195974619 0
0.6094930979558003 0.789502263862525 0
0.5928761622215465 0.7892409622258658 0
0.9302072129514931 0.6973152904594551 0
0.9419606683356117 0.7179808486263732 0
0.8603506445670858 0.7360430991550887 0
0.01694366318850219 0.5321602421636538 0
1.542163119102475 0.3779328608052289 0
1.576675794205244 0.3790297877469345 0
0.168071179606883 0.376771198867951 0
0.17809457989781 0.3905571075619608 0
1.519893670055008 0.5248911524220299 0
1.553673538303577 0.5264565953896022 0
1.535613359813904 0.5553647342589463 0
1.569639333320156 0.556905251572124 0
1.551509692140713 0.5859840996630008 0
1.586135402976589 0.5873189422849057 0
1.604145394892498 0.5585405794597071 0
1.567586804333066 0.6167387903940258 0
1.602449973913142 0.6180759810599215 0
0.9565223597375073 0.6936888982095916 0
0.9671850675483462 0.7173951702207106 0
0.1631021270407041 0.3917230906087319 0
0.1715060303075462 0.404567792662042 0
0.1888212076083476 0.2077082058191554 0
0.9815217638595609 0.6954046824453997 0
0.9931085613641364 0.7171387439996511 0
1.006039290659179 0.6945456789853123 0
1.018831755618196 0.7178319712658645 0
0.3433085194820854 0.2698340537230173 0
0.4241848630624612 0.2259882721074741 0
0.1675282227450361 0.3482338813662051 0
0.8299773166039254 0.3752551806310032 0
0.6183151651416868 0.2008466380064124 0
0.6366818840260607 0.2012227180042568 0
0.3338951159448336 0.2310536454310812 0
0.4368677220435269 0.2656779047127471 0
0.1936683833380461 0.38973003388969 0
0.1962225025949592 0.1922563510147119 0
0.5668793576884865 0.7054721608620469 0
0.5593866763575217 0.7174315865161939 0
0.386879803534048 0.2650924953362168 0
0.6008844348262614 0.8052514902639774 0
0.5835779922955414 0.8044643944635225 0
0.5524634846881051 0.7050685991667367 0
0.5449142812325936 0.716945780477612 0
0.5380720559084241 0.7047443315212548 0
0.5305414598189088 0.7166454138398476 0
0.5238399688524855 0.7043431035339509 0
0.5162711414056262 0.7161745114939123 0
0.5094263228338408 0.7041365625122639 0
0.5020805532452569 0.715945709980245 0
0.4954940407760859 0.7037494084562108 0
0.4879783961247144 0.715849354997604 0
0.495204536737624 0.7279425875690096 0
0.480284833507047 0.7280107043954277 0
0.4873939550251583 0.7407854361103117 0
0.4722644558477828 0.7405024214219683 0
0.4798037541264913 0.7537019851019636 0
0.464358041165046 0.7532668369999376 0
0.4571925052754293 0.7399825768550969 0
0.4492222514448102 0.7525875699316056 0
0.4422708541133027 0.7394025839655041 0
0.4342188965523205 0.7519954519152947 0
0.4273144384002082 0.7388334719085808 0
0.4192771242162142 0.7513531341600697 0
0.4124783887955018 0.738150686762546 0
0.404371195776374 0.7507269638184551 0
0.3976137434273362 0.7375405763085476 0
0.3895292069898542 0.7501098612874159 0
0.3825771102283098 0.7370337624549197 0
0.3746407170724951 0.7495901594892185 0
0.36767805784822 0.7364452922848126 0
0.3597508336697864 0.7489827772971186 0
0.3528141034739459 0.7359748891073652 0
0.3448312639348996 0.7484430610144434 0
0.3378783610081997 0.7353731935010958 0
0.3298769669763947 0.7477926260446423 0
0.3229130725167895 0.7345032809050234 0
0.3148424377901347 0.7470745740403407 0
0.3077997743494168 0.7337842140462391 0
0.2996481024038689 0.7465132458018962 0
0.292514947622716 0.7336648356134066 0
0.2842681400973508 0.7458818366321719 0
0.2771309179339854 0.7323599398530559 0
0.2686876892920336 0.7451992421243335 0
0.2612947667181089 0.7320481056278935 0
0.252886642299926 0.7449236248496882 0
0.327058746692576 0.5801906309164986 0
0.2453863499661448 0.7307200284016926 0
0.2367940014601228 0.7443150595131305 0
0.2293888430062077 0.7299589326129087 0
0.2379572125913517 0.7163557582650776 0
0.2220582443931911 0.7156451578755989 0
0.2979256133839898 0.5363172247458299 0
0.2306162570502779 0.7031103590765474 0
0.3819547007423286 0.7629981284977525 0
0.2148279520623581 0.7016476808513664 0
0.2259794010188748 0.6881794838772478 0
0.2899463667663114 0.7593730083392162 0
0.2208899266681179 0.7438896823308282 0
0.2281810840131687 0.758200583368141 0
0.3536622988348663 0.5979728373408782 0
0.2078787235914529 0.6874856550884469 0
0.2164944247953379 0.674092057170384 0
0.4713118720838925 0.7668326650932895 0
0.211912910639213 0.7578954769732322 0
0.2008094291484012 0.6734405417269748 0
0.2089745342767413 0.6604613724689898 0
0.2196075934892352 0.7726322138236965 0
0.1935724676245048 0.6596498230404821 0
0.2017904830598375 0.6467703926444466 0
0.1932078433938491 0.6869557538976556 0
0.2024448412021657 0.7718972779401824 0
0.1865204087408906 0.6459009505593827 0
0.1946643142284608 0.6329936017760194 0
0.2104230171918175 0.787112418877427 0
0.179353615931363 0.6322387771030157 0
0.1875683657342901 0.6195059301493764 0
0.301323010642113 0.721402879285115 0
0.1723312703540122 0.6185627307095188 0
0.1805391628208901 0.6058236636295751 0
0.2923761603498997 0.5051679345307398 0
0.1930444817484896 0.7865347466610828 0
0.2012167802913464 0.8020770146780132 0
0.2242081279581382 0.6610230243439622 0
0.1651222693853167 0.6048947677210794 0
0.1734670573870961 0.5918496636893611 0
0.4256274673356947 0.7648617546128492 0
0.1713719453183332 0.6462379767767596 0
0.2028073276359394 0.6201014815506246 0
0.359721043646625 0.7213018235910347 0
0.3365499118445084 0.761238013328742 0
0.1843061401650864 0.801555190046365 0
0.175104808464775 0.7849026193277796 0
0.9787011860232832 0.7430593575523329 0
1.560312839669703 0.3485807156176326 0
1.595034771244519 0.3495711796636518 0
1.525770788344753 0.3475277492650066 0
1.583756872517507 0.6481933314363457 0
1.54897391044254 0.646221902340543 0
1.618819299145852 0.6498668760923928 0
1.032137410744334 0.6941377953047518 0
1.045396013936893 0.7180940728447243 0
0.4206741473250551 0.7257259671952514 0
0.1561467291125951 0.4055390029103799 0
0.1647021793581542 0.4184119298060154 0
0.1578929839098326 0.5910641167823467 0
0.1664012444679964 0.5779852992525867 0
0.1817937295804374 0.5780710884167437 0
0.1748651215885586 0.5648798013880801 0
0.1594133100088595 0.5640676763005781 0
0.179121337174308 0.1927208866778725 0
0.1706858359140948 0.2092476010742938 0
0.1918717457374416 0.8172879095633934 0
0.2098053868266939 0.8178442856738435 0
0.4884324094472317 0.2753426366437892 0
0.1712046235331482 0.8159682743134888 0
1.05901620870679 0.6937357900509791 0
1.072712862981544 0.7171115272871128 0
0.6271988817815114 0.184746280457604 0
0.6086008423750124 0.1849286714994656 0
0.6460904699522351 0.1849320271629178 0
0.6555957133821219 0.2015850867829131 0
0.6653410412178065 0.184872717112183 0
0.1680243461115966 0.5511903542197831 0
0.1831976118074094 0.5521156223629849 0
0.1524366324029653 0.5500708484017913 0
0.5922823766363414 0.8206693704671766 0
0.573424825603964 0.8201765874893019 0
0.6103311413667535 0.8205042658638925 0
1.086359858561332 0.6932249316409415 0
1.100832736661039 0.7178779705609771 0
1.114596708135216 0.6928007680362358 0
1.129104650160544 0.7177383729382225 0
1.543909656776958 0.3182283605775491 0
1.509577066473082 0.317129594043704 0
1.564745897880121 0.6777629560620451 0
1.530821028497459 0.6758005744181973 0
0.1865093385091887 0.1772220780461146 0
0.2044528909525052 0.1763182743863869 0
0.1491873748213945 0.419466167031439 0
0.6748537918993788 0.2013927559477542 0
0.6849845918003022 0.1851543021837622 0
0.1681897466051514 0.1782697725239323 0
0.1495564893100011 0.6044724497561572 0
0.694716173708135 0.2017714540107963 0
0.7051028822125558 0.1851842375275271 0
0.7152171019918941 0.2023290259677218 0
0.7255973958909775 0.1844329161161512 0
0.7360671345612293 0.2026568506602316 0
0.7468206857430784 0.184353928177506 0
0.7574095103963843 0.2040920400298896 0
0.7684978428309373 0.184471122119459 0
0.779337898560746 0.2047279504350519 0
0.7907098006589416 0.1845042248627539 0
0.8018975481607408 0.2042323651669356 0
0.813065130466768 0.184578181305303 0
0.8248847760165626 0.2048271763788378 0
0.8352205526430071 0.1839653147992563 0
0.8481966905568872 0.2051894799651438 0
1.143195931493686 0.6923409479009167 0
1.15782480381643 0.7165286785072117 0
0.1481739660467576 0.3930188393055771 0
1.05901236801602 0.7425152479253507 0
0.5853131128573432 0.3098936922888711 0
0.2003081843193293 0.8335208314149037 0
0.2187259594535818 0.8338781749480986 0
1.611497627528055 0.3804086395267567 0
1.630180881654963 0.3504559519915867 0
1.646837829998021 0.3819528792187883 0
1.665711582413698 0.3516697583554266 0
1.648842222577934 0.3201438465962787 0
1.682595590190021 0.3832519129684151 0
0.8381112751463758 0.6597697017911102 0
1.684686260427261 0.3212415455145012 0
0.8592663722467784 0.1835117882195318 0
0.8723571657626096 0.2056046699165041 0
0.09166806608651476 0.9815312484528237 0
0.09114609121892511 0.01788927257509772 0
0.1765943706733797 0.5386213270163726 0
0.191471792452103 0.5395248305419783 0
1.527582145412479 0.2880060257154238 0
1.493399103469732 0.2869764401082974 0
0.8848119007652426 0.1841722298266036 0
0.8972226851352834 0.2064495007257039 0
0.9100204566887117 0.1843591339845463 0
0.9225253510182486 0.2066269146686842 0
0.9356003069135419 0.1843657848713857 0
0.948270605629939 0.2068545243361466 0
0.9349432944353788 0.2290827274418643 0
0.9608644875173363 0.2295025494890884 0
0.9744827910572875 0.2070408533888976 0
0.9873489114521077 0.2302056803813129 0
1.001159238201965 0.2073046835213983 0
1.014319620275293 0.2309667265229669 0
1.028388721922366 0.20884333456016 0
1.041785148113429 0.2318977944534943 0
1.058066971779276 0.2049158517399949 0
1.070019156357961 0.2319423572941011 0
1.084563249569684 0.2082499080543114 0
1.098153307722705 0.2330503876972688 0
1.112588845662777 0.2086996803200126 0
1.126688717312581 0.233742509341013 0
1.546100363394216 0.706338020673682 0
1.512408062711992 0.7049128019103753 0
1.140653778306328 0.2080518084285063 0
1.155883659115402 0.2344253095046153 0
1.172268445524019 0.6916988158065922 0
1.187006052666497 0.7171745322615526 0
0.5829278612776336 0.8366792601706863 0
0.5635872884598743 0.8364628070124311 0
1.144825093667601 0.7403419025967806 0
0.194393995369832 0.16115818556166 0
0.2136045253768739 0.16046039090206 0
0.6176640097003437 0.1682357633844094 0
0.5982883746472778 0.1685086099366914 0
0.9190100149871756 0.6751776120465798 0
1.965358983848724 0.1799999999996162 0
1.965358983848531 0.8199999999995261 0
0.5249634221866623 0.2341813400704259 0
1.170273025799858 0.2079798571309484 0
1.185668166331436 0.2352196875791262 0
1.201094395271498 0.2093447342634016 0
1.215936793503007 0.2360131529481379 0
1.231656294244786 0.2098929782630897 0
1.246551708782549 0.2367754984430885 0
1.26251152923761 0.2103068696591238 0
1.667633776181376 0.2894332398100606 0
1.703693336746445 0.2906462291279751 0
0.635705002684794 0.7454714900028178 0
1.201827539129313 0.6913454377232957 0
1.216946707600126 0.7161912885348551 0
1.231826811868045 0.6908226692390801 0
1.247228177463828 0.7169414067871025 0
1.26222769978044 0.6903628965256703 0
1.277903472003618 0.7170115287120538 0
1.511308667965197 0.2579268375724862 0
1.232053562140953 0.7415871196587213 0
0.1849985462389438 0.5262490754380336 0
1.527740529029495 0.7350110899313306 0
1.561057935162557 0.7378628617964661 0
0.1995330118174728 0.5272822789582184 0
0.2058391920213365 0.5401391057985458 0
0.6616410806886379 0.3645973931086564 0
1.493627879481068 0.7335116912368165 0
0.9922532886416641 0.6722844705609269 0
0.6228076499780204 0.2968977693455692 0
1.277551819841819 0.2375702959045845 0
1.293746686329101 0.2107213516655549 0
1.293125383011188 0.6899125308040893 0
0.6918502765216228 0.6623169553379218 0
0.2089876599559891 0.8497812268581471 0
0.2278289709872336 0.8502211562282126 0
0.1931724138667652 0.5143512813409759 0
0.1783894431917779 0.5128507159758378 0
0.5313903168966829 0.6923694654892126 0
0.9473679874944231 0.2517112229271237 0
0.2028816953790488 0.144615878438104 0
0.2224350565136986 0.1440059041195186 0
1.026941147334767 0.2547776484356725 0
0.2073487077899374 0.5155605595239197 0
0.6077821183915195 0.1513966296527975 0
0.5879395633593004 0.1517174406458271 0
0.2011502678821682 0.5027231833828693 0
0.7567883581925937 0.1667549647099664 0
1.509210853862446 0.7637559150939716 0
1.475265077912202 0.7622805003767053 0
0.6780920073032465 0.1691719478762468 0
0.2149749210075933 0.5038286802263343 0
0.2089279748873131 0.4913197996310588 0
0.8599243832088429 0.2260732057638076 0
0.5734058596012385 0.8534774486965471 0
0.5534083704109615 0.8531369674997379 0
1.68657242334398 0.2585869573395714 0
1.722880718185404 0.2598124720261023 0
1.740176168817033 0.2919620572000154 0
0.2220758847726051 0.4919419456719561 0
0.2165368298793618 0.4800353521612158 0
0.3739757643328339 0.6048130072578106 0
0.3131200467038538 0.5647564709325615 0
0.2933412244583247 0.4843764662005065 0
0.01693622936194674 0.09080117068149088 0
0.01628916748750238 0.9085429891791623 0
0.7479746945308717 0.7135123639342904 0
0.7577764468546073 0.7304393515194454 0
1.015410769148924 0.1832116675386077 0
1.100195842822702 0.66951968700797 0
0.481402187266479 0.7034900901935371 0
0.4885548285683809 0.691734579332605 0
0.4751022900822182 0.6914637618038709 0
0.4820323370013057 0.6801833395279916 0
0.4689767428152818 0.6798251403881186 0
0.588533411403888 0.6678519657438201 0
1.138296231805442 0.2583457266602656 0
0.5372232379516203 0.7301030147726715 0
0.8700549120016091 0.1610904431578746 0
0.6564595202403316 0.6252583323741105 0
0.7049705922761249 0.2215613407902687 0
1.478285821689218 0.7054588110002579 0
0.5976822300456907 0.1341349304235258 0
0.5772808896748122 0.1344332327565125 0
0.6264497556196422 0.9829460506026472 0
1.309036000978718 0.2384308689564663 0
1.325375331169264 0.2111636698907161 0
0.4874686849646386 0.7672596851965903 0
0.4786473386811162 0.7809574884104669 0
0.2178081058893414 0.8663329440982214 0
0.1988315879101724 0.8657355655820471 0
0.236788674551279 0.8668551221713974 0
0.246816152521866 0.850654214720888 0
0.255860080679989 0.86723605967937 0
0.2659114806018293 0.8510779218248447 0
0.2748817479835655 0.8676444126504643 0
0.2849763581252956 0.8515581567635031 0
0.2938463623905509 0.8679924950703641 0
0.3037686810279013 0.852053999584482 0
0.3127241570455759 0.868427818091263 0
0.322471949920082 0.8525172172615376 0
0.3315684749682319 0.8688368200141088 0
0.3413206468981265 0.8529644359445923 0
0.3504512055566413 0.8693724939304885 0
0.3603069587968971 0.8533972408011203 0
0.3693909081890564 0.8697910560200881 0
0.3793795549501489 0.8538661695719982 0
0.3883905422329542 0.8703807871016422 0
0.3984168504843391 0.8543243469774594 0
0.4074466083505637 0.8709084816397041 0
1.184457644600147 0.1804762966414719 0
0.5992799185622517 0.363358705159148 0
0.384142961732543 0.3917804603713275 0
0.6176821766315157 0.3921374515627265 0
0.2115894615312905 0.1277738774603163 0
0.1922860691805568 0.128775266361866 0
0.230644925206032 0.1268847156816295 0
0.2415173302099023 0.1435652069760185 0
0.2496026764181927 0.1260457342580358 0
0.260296519132309 0.1427626494026868 0
0.2687632767531015 0.1254923122601547 0
0.278910915243582 0.141443122207161 0
0.2877511601439872 0.1247460491007807 0
0.297857719809276 0.1405592314298007 0
0.3067458882891443 0.1239459312088501 0
0.3167808666480142 0.1397028703420346 0
0.3257489862851555 0.123175674901017 0
0.3358052909886062 0.1389156577949217 0
0.3448128852023398 0.1222477159543429 0
0.3549705251843239 0.1381543219776912 0
0.3639461880100212 0.1214994613009832 0
0.374141806751461 0.1371656306589039 0
0.383140344162837 0.1204128409290658 0
0.3934651248798398 0.1363236770725108 0
0.4024358430296183 0.119447694020388 0
0.4128967988934705 0.135757289063075 0
0.4218311275720196 0.1186270494349922 0
0.4323722963302997 0.1350302617164072 0
0.4413681740538704 0.1177609002433253 0
0.4521015811122859 0.1345097296585598 0
1.759511345926144 0.2606033215867838 0
0.757326127426699 0.6330726109707711 0
0.7481344404570589 0.6178569818795675 0
0.766052510383204 0.6172231781046252 0
0.7564706094335799 0.6014830710909116 0
0.7749987511283676 0.6011561574168156 0
0.765106292621468 0.5850775191079092 0
0.7839707126504361 0.5847814620353924 0
0.7740761192326526 0.5688765746429025 0
0.7554142155325941 0.5691553298869829 0
0.763341104641539 0.5538930839873615 0
0.7460033785296938 0.5540104472502803 0
0.7534258251213635 0.5390928533650012 0
0.7367339630809989 0.5392002395941778 0
0.744341445203297 0.5243577838786837 0
0.7279072466454517 0.5247964848708605 0
0.7352666179677627 0.5102099869430119 0
0.7191700599241804 0.5105141424001189 0
0.7267412148040233 0.4961737124409297 0
0.7116901536441809 0.5251247419800003 0
0.710851650306847 0.49681566049161 0
0.7181609470555373 0.4827025774005505 0
0.7026059884360039 0.4833678208117358 0
0.7097754765429289 0.4694438379771272 0
0.6944791878556119 0.4703198465827435 0
0.6875421846004712 0.483602672962608 0
0.7254622583763807 0.4685823290403087 0
0.2269969333969417 0.5044914703843986 0
1.261321788496955 0.2640825499191741 0
0.903807103205574 0.4291556193694993 0
0.7381366149347052 0.7302253666115186 0
0.7478633303646058 0.7474559138822585 0
0.6797947596027007 0.4710347194109854 0
0.6864008524589222 0.4581120379299284 0
0.6233992059257841 0.6812788157447978 0
0.7899151182037748 0.2247175702032895 0
0.2293263123454415 0.4806700715477983 0
0.2239661290328321 0.4691101963344166 0
0.4609886172735019 0.116896781079509 0
0.4718765308028 0.133793679712251 0
1.490914260568862 0.7924768598273406 0
1.457027446067741 0.7910309264591371 0
1.216343401910276 0.6650819683032082 0
1.4767244428605 0.3167270751973366 0
0.6721790475078939 0.4589085344454279 0
0.6784815011873093 0.4463874612346994 0
0.4172000568509473 0.8548347263244558 0
0.4265334459457055 0.8715148745013608 0
0.4757412848853461 0.6689290774807324 0
0.462997731337217 0.6686055932485294 0
0.5632020992208807 0.870616518983206 0
0.5431820331560165 0.8701487082232177 0
0.5835568861319673 0.8708856892792501 0
0.284774410616574 0.8844636908404786 0
1.70558970186242 0.2277745574647188 0
1.669357687235207 0.2266316642179253 0
0.5411584683470815 0.2861057952482707 0
0.4883600193339712 0.6690150995254071 0
0.5692976559775749 0.1512514343458047 0
1.777098951629643 0.2934681879039487 0
0.1578290372018905 0.4324544956163406 0
0.1420907257313633 0.4335130260786028 0
0.3773624911816503 0.8867407060622446 0
0.4808703038359073 0.1159668623528288 0
0.6729963132980704 0.483635922956458 0
0.2077452171702187 0.8826119363860668 0
0.1883939068384015 0.8819096226585943 0
0.2011812549445877 0.1115940977686617 0
0.1817932896633395 0.1126202556813935 0
0.7930014994785108 0.5682334190862173 0
0.2370121802058102 0.4699952161571427 0
0.2312465854751288 0.4584183611788124 0
1.097749354645058 0.1814990522456563 0
1.863792675830679 0.03297033970365684 0
1.863579240504222 0.9682827467206143 0
0.4363420234790764 0.8552880218450196 0
0.4457863235511161 0.872012502753448 0
0.4558693959428639 0.8560512303237782 0
1.309869364550375 0.1833580780182162 0
1.341847876733778 0.1837621920696998 0
0.5873143388746379 0.1164163347073949 0
0.6076706599566963 0.1165085413991966 0
1.308584300770946 0.7167250311012623 0
1.324403377363897 0.6896878864987405 0
0.7281191078442197 0.7472439701249096 0
0.7387392608040619 0.7642729163528329 0
0.7582830564564219 0.7648867976060323 0
0.7486116210854346 0.7823188518516062 0
0.7691068685912757 0.7830003916574159 0
0.757871915999806 0.8016314292212492 0
0.7799547579205923 0.8018801635079856 0
0.7685887207514442 0.8209562298161006 0
0.7911196150936958 0.8212704840529272 0
0.7460956900414069 0.8206441250926134 0
0.7569698509573305 0.8400695391479321 0
0.7344232760593556 0.8397023542937346 0
0.7450262723330839 0.8594026222283039 0
0.7225948391177817 0.8589193983625655 0
0.4951284642696259 0.7813687200308537 0
0.2439472288770957 0.4590590966881587 0
0.2387789531362932 0.4481997489404904 0
0.2514818706703662 0.4488452311865054 0
0.2459803568780166 0.4379851847199997 0
0.2584805974901103 0.4384969119958393 0
0.2527257638208999 0.4276282095660021 0
0.5730478461480324 0.8886272403793846 0
1.688318139119605 0.1958167426698115 0
1.652212615445551 0.1948220937956293 0
0.5940760545145233 0.8888243275448749 0
0.5943846415224648 0.6274147472009368 0
0.2788694159755479 0.1084508091288742 0
0.1975129281741383 0.899126016139714 0
0.1780101178092169 0.8983830138936671 0
0.1689275546056503 0.8810910800499336 0
0.1585079764682619 0.8970874365635564 0
0.1494215936131292 0.8801495896616514 0
0.1389456329997269 0.8961816265825886 0
0.1298330494113969 0.8792428279261906 0
0.119529488733761 0.8956789935549847 0
0.1101916199713976 0.878479756100406 0
0.4821867125189346 0.6580582714766523 0
0.4944853810924857 0.6582990065395176 0
1.796663852243428 0.2614904853582545 0
0.2264596771011755 0.4471744730276622 0
0.6266453973020772 0.2461816075633608 0
0.2645552446780389 0.4281738138087497 0
0.2590874391288859 0.4172210218756373 0
0.2711789684361014 0.418038111500726 0
0.2658299417375287 0.4071040329246278 0
0.2775527733614718 0.4076942954471082 0
0.2725157505691374 0.3969579438950682 0
0.2842827352002127 0.3975017618728779 0
0.2792478496749037 0.3867933830819368 0
0.2914648103874727 0.3875518434869998 0
0.2860914441655513 0.3766127644569485 0
0.2984148433761765 0.3773814797942892 0
0.2929597065431717 0.3663286896358261 0
0.3053809026229803 0.3671111587315941 0
0.299858791581366 0.3559702797272311 0
0.312393083587007 0.3567613962834692 0
0.2605425438817684 0.3955385804794891 0
0.3068149869479899 0.3453439275088406 0
0.3194635165235673 0.3462752032472143 0
0.2939640227861119 0.3444967712277814 0
0.3252824716228158 0.3575101505984756 0
0.3321243976834958 0.3471829847695356 0
0.326584290801492 0.3357393531226713 0
0.339273734759803 0.3368400167693096 0
0.3446277209967225 0.3481600767507143 0
0.3517850184354107 0.3379724225879343 0
0.7117900769575112 0.8391044515488183 0
0.7002127256324435 0.8581779880156402 0
1.308395330870165 0.6625414723066702 0
1.339952244314739 0.6623001599866749 0
0.664675740479543 0.4471339291214251 0
0.6708617340794085 0.4347455978592128 0
0.6846674708170929 0.4338920406860886 0
0.150876651070294 0.4466432548954763 0
0.134956424535424 0.4478335086873784 0
0.1260032531230507 0.4343596742686031 0
0.1187266937757165 0.4489552853938054 0
0.1095282772421255 0.4352036706359559 0
0.1278515681854521 0.4625518889731591 0
0.1113945460300461 0.4637594228185387 0
0.1207232963321087 0.4775987405915801 0
0.1040891612218768 0.4787483704175007 0
0.3716702393946001 0.1048346872558114 0
0.236000694429981 0.3060156938512827 0
1.340743488487075 0.2389848998133439 0
0.7292502902534559 0.5528371958587319 0
1.326129350257162 0.1556209567865358 0
1.358463743308262 0.1561055745210493 0
0.4561801482452691 0.6793299855276318 0
0.4502510124132202 0.6682560044758492 0
0.8033166423548668 0.5846087961036679 0
0.8127914161995738 0.5673576314176599 0
0.8233629929373915 0.5844388532987469 0
0.8333037216206933 0.5663083059621095 0
0.8440937200978367 0.584033109003518 0
0.854376307020391 0.5653877219632846 0
0.8655563659786567 0.583691173786121 0
0.8760894914770703 0.564543411505668 0
0.8877464806711368 0.5834348799709758 0
0.3568757974893663 0.3492396184163049 0
0.3640607090036929 0.3391673607320861 0
0.242680055020516 0.4815158760938967 0
1.472636295637909 0.8211831310898385 0
1.43997173643158 0.8173090577042783 0
1.506649218255215 0.8226999441384474 0
0.3589977704512133 0.3277882300885267 0
0.3714477669759662 0.3289835357213748 0
0.3763072721615088 0.3404419745411529 0
0.3838312928187161 0.3302689876283258 0
0.3886302054013744 0.3416278118967236 0
0.3961218693920763 0.3315563708754583 0
0.4010076634413432 0.3426528386621948 0
0.4083441144153664 0.3328005232891049 0
0.4132012354080518 0.3438248784089624 0
0.420464627947782 0.3342381117729168 0
0.4254164365195043 0.3451283504961814 0
0.4325585487427884 0.3355651057750169 0
0.4375001479201757 0.3463639466044179 0
0.4446254054400132 0.3366034868532246 0
0.4495104692193584 0.3475237682301273 0
0.456650352590868 0.3378219422674419 0
0.4614954715051957 0.3487146543819927 0
0.4685328239116351 0.3396008579718058 0
0.4516668097246475 0.32479527126904 0
0.4735283594119849 0.3500057347140204 0
0.4804665920241272 0.3409081886915878 0
0.4168499246855186 0.3234164633106165 0
0.7196368681735801 0.7305850490639593 0
0.3066034339643909 0.157041485517257 0
0.759252705543243 0.9781040221351363 0
0.1134861333685909 0.4927084917085275 0
0.09657476187689187 0.4936852448458856 0
0.3127624740943148 0.835522686197089 0
0.2447260499696893 0.7048114933754649 0
0.1060822595944801 0.5080548742507174 0
0.1203939389927776 0.8621124063414343 0
0.1011945605136569 0.8610502985793173 0
0.1112641779818523 0.8448549219703021 0
1.663476747055403 0.4136823566022561 0
1.698281386844204 0.4142955433714391 0
0.6523968622692526 0.02111913590662429 0
0.443511719677515 0.678776232424023 0
0.4376436566501636 0.6678178013223334 0
0.4309703682241659 0.6783050539249293 0
0.42503194108716 0.667308925463722 0
0.4184435396069458 0.6778521840081078 0
0.4125135573497836 0.6668489693835182 0
0.4059507663313318 0.6773732959697101 0
0.4001578194544534 0.6663777886136637 0
0.4318332682861298 0.6560922765221296 0
0.3934861283288263 0.6769206749161947 0
0.3877013582532872 0.6659090711043558 0
0.3810051039943685 0.6764605477219676 0
0.3752067579181353 0.6654369611205628 0
0.3684906788821288 0.6759772829672929 0
0.3626381746004759 0.6649270365314486 0
0.3559270234916974 0.6755174763171022 0
0.3499639822513806 0.6643855435581291 0
0.3432356542242729 0.6751144974392588 0
0.337362852059096 0.6638612110631166 0
0.3440348749621003 0.6532805123104698 0
0.3316569729449553 0.6527701717788184 0
0.3247267866747516 0.6632631689064294 0
0.3190573266794148 0.6520625766305141 0
0.3119722378200174 0.6626309370540482 0
0.3062067861637494 0.6512025136820314 0
0.313550494660412 0.6407303194703917 0
0.3004936292823323 0.6396542473655541 0
0.2933542654354354 0.65038035574561 0
0.2876697319904962 0.6387778879389956 0
0.2947877383068781 0.6281312586726743 0
0.282185643796978 0.6272238114275422 0
0.2893017909294915 0.6168431499208216 0
0.2767927603193197 0.6158556841672453 0
0.2838344283198203 0.6056054067057901 0
0.2715195372683636 0.6045727265143742 0
0.278389485002759 0.5947207015379096 0
0.2663266718614057 0.593346675139398 0
0.274836066041626 0.5823141128957657 0
0.2612544272874058 0.5820180604557883 0
0.264826419066685 0.6145456843599214 0
0.2676760709820648 0.5720483325213992 0
0.4701007166556563 0.09878298251110387 0
0.286326183750879 0.9825882406723264 0
0.7219846416745135 0.7656404723774776 0
0.5664238620186675 0.1167542532069401 0
0.7598048312245236 0.02355317519186995 0
0.8722636571188664 0.9757265182895627 0
0.8704216115675081 0.02430223343169741 0
0.9867761464666169 0.9745133786992579 0
0.7980568828236648 0.4253539325375395 0
1.016351210060109 0.02560378041926623 0
0.4747124479574248 0.9799468892912705 0
0.3506990548861282 0.8358650946774528 0
1.671056478526563 0.1641158070996614 0
1.634707125425245 0.1642854020873672 0
1.707190539213041 0.1645598246594422 0
0.2556669969651171 0.570984968250519 0
0.2623205062015306 0.5609880322920671 0
0.24870992887636 0.5799394749396843 0
1.409414805971893 0.435389782802761 0
0.1974287976041072 0.01716997799313441 0
0.3814446759569891 0.6529112635021556 0
1.514390517686232 0.6446529898419671 0
1.169535394546741 0.02694878412934218 0
0.3461815555908975 0.1549224353719873 0
0.2703397365718121 0.1591064913292084 0
1.329266466580435 0.9733525698305263 0
1.500607365358551 0.03140667113432193 0
0.2566468690620887 0.83450828455382 0
1.677062986750093 0.9687665632356965 0
0.2085175699112325 0.3623698151274343 0
0.5335001270638682 0.8526828914572286 0
0.01588913783427783 0.4276191100383334 0
0.0172732586562913 0.3503407490940514 0
0.01566548186519643 0.6505817483605938 0
0.0193751606693894 0.5716929634196725 0
0.5750076714301956 0.7886034084448863 0
0.01922782894128365 0.7283872424860465 0
0.0164608731177428 0.2719521151538397 0
0.01723186555444518 0.8098399003444954 0
0.7619321122626548 0.5230059804383096 0
0.7462071482339371 0.2213269030146393 0
0.465254703553945 0.8727368317594908 0
1.965358983848724 0.3799999999990332 0
1.965388649642072 0.6202554418136773 0
0.7624416828167759 0.389761112511672 0
1.535963979862087 0.9706472790831455 0
0.4426020998348724 0.1511342160531974 0
1.477558539223429 0.2607081693522412 0
1.490137640734347 0.2279637671904271 0
1.081311844794139 0.256560830893673 0
0.4257086823052494 0.3920897940621044 0
0.4244782125574251 0.6081036871142207 0
0.4550147701281631 0.8895552531773574 0
0.4750812628353529 0.8901284255984617 0
0.01650997982034962 0.1891660172913439 0
0.5897314359968158 0.1852769968212854 0
0.4081892245861733 0.8381503165413839 0
1.197320824156341 0.2601452506129104 0
1.324286191210149 0.2663999040574463 0
1.15738744389464 0.6680572060974762 0
0.6585458006620498 0.4591708845963358 0
0.4048284304602221 0.1521708625681819 0
1.045220727457498 0.671002770878282 0
1.121370954616665 0.5020285595692799 0
1.355720338796727 0.5188760430295672 0
1.227549063560282 0.5047585232353653 0
0.5766916829656283 0.09823120657168161 0
0.5553409736056988 0.09863036969789157 0
1.253440480837795 0.4320153000521042 0
1.295306694033572 0.7466597726589846 0
1.1338583720781 0.4250897798323401 0
1.247334144140646 0.1832633400004083 0
0.1419694341351355 0.5902698691839571 0
0.1332424387208579 0.6037299612566787 0
0.1256100293388248 0.5892910302640271 0
0.1166666155780332 0.6031542997838059 0
0.1089657480556743 0.5882902800095852 0
0.1245963210196827 0.6181072652634367 0
0.1075841266546163 0.6173665110008628 0
0.1155243568063775 0.6323452268800694 0
0.09836376233822458 0.6317677231668413 0
0.1065357428630835 0.6472211500539602 0
0.1005504354170242 0.8949215048379981 0
0.4752885062760415 0.6087201089782073 0
0.4848963359209592 0.39102685759731 0
0.5250543744143195 0.3915913528122417 0
0.5250000000001078 0.6086602540377842 0
0.1911772356022351 0.238397686666174 0
0.6768922175644191 0.4222684785549028 0
0.6632512799407663 0.4231829910780974 0
0.6911404511559406 0.4211963376109482 0
1.012043205301824 0.4958382182206106 0
0.6084133462009951 0.5249308654897553 0
1.814465289530415 0.2946764174925348 0
0.6082028238001354 0.484999999999779 0
0.6091436865432869 0.4449325720056063 0
0.1964355475399219 0.7564179746603972 0
1.023080697988874 0.4312658116118207 0
1.637668601893147 0.6194079937006819 0
1.654266003697162 0.6512362600966332 0
1.673242603380515 0.6204705159854202 0
1.690098126076035 0.6527755536629296 0
1.70944351724627 0.6215728720380598 0
1.726274337231519 0.6538664181516725 0
1.706720815960803 0.6847663087434155 0
1.74304218919406 0.6863707165929214 0
1.723414769883229 0.7176968655239238 0
1.745840971913345 0.6231825498509309 0
1.760153726790255 0.7189680848785007 0
1.740467380816932 0.7501931546985957 0
1.77748327977386 0.7516090152311097 0
1.757538512275135 0.7827878626289887 0
1.720671339732444 0.7812715788818579 0
1.728787437124067 0.5904458341541168 0
1.765420851344125 0.5918125461396873 0
1.794538678819788 0.7843533320842911 0
1.796821221273238 0.7206596391143745 0
1.748187874829496 0.5592225970837462 0
1.785244699999815 0.5603831305104245 0
1.802747674712452 0.5935785436533811 0
0.6093416340037768 0.5649371239991186 0
0.3010797637374623 0.3336632611707205 0
0.2568085414380803 0.2344206800526855 0
0.2107425737319561 0.468149855660319 0
0.304085425823648 0.6173510788069481 0
1.794590968836036 0.3265650898162594 0
0.1955049288802541 0.4903875153436708 0
0.9227377297759298 0.1619363622746492 0
0.2628286584902024 0.7584889713689067 0
0.9052052932226091 0.7375584536588203 0
0.4857255783746762 0.3513558819410901 0
0.4926980217258947 0.3416381790175921 0
0.2170845906349188 0.8996985052464623 0
1.33879157061993 0.7179609891693208 0
0.09039701853040467 0.6163999988447696 0
0.08886279041399887 0.5090350156139584 0
0.09520320015176531 0.4647830547055182 0
0.7425818973671096 0.496649505446964 0
0.24000349998309 0.110059447473566 0
0.4568993069591658 0.6575450893480972 0
0.7115403093083039 0.32808649644371 0
0.7667303559998342 0.8603268539156341 0
0.8201419949914883 0.3573419614360479 0
0.8407940268894191 0.3575663205208031 0
0.8302554862336928 0.3389605077098783 0
0.8518233818109886 0.3393912461938303 0
0.8409866457012429 0.3202858163527318 0
0.8632196665846017 0.3207446313434721 0
0.8739244798261853 0.3401663251358976 0
0.3793103514206199 0.9791197758992121 0
0.09220193962503426 0.8438332765223967 0
0.1026446174504891 0.827570576535004 0
0.2802480022011248 0.6495909368832772 0
0.2859795662024471 0.6614587845133578 0
0.8009899639504128 0.1645858432620079 0
0.3662905197312271 0.3173405892741555 0
0.3337593421246863 0.3252339687553647 0
0.5632199905343038 0.2478151841381411 0
0.5749999999999469 0.3913397459621435 0
0.3231688941765731 0.8852898719826543 0
0.3177567504718781 0.1069094385671764 0
0.4850396093152556 0.3318274668386224 0
0.4975919450868453 0.3295193658476752 0
0.504670777396154 0.3429468956696702 0
0.5116320488279718 0.3326828566481422 0
0.5167722788501261 0.3442072670091286 0
0.5241149618608141 0.3343644504385477 0
0.5289884528332465 0.3456182108381389 0
0.536365637328133 0.3358833084239166 0
0.5411703772224147 0.3470244500987916 0
0.7335595164356501 0.8792459558540435 0
0.3382757859920242 0.6422344147391341 0
1.737599828133393 0.8138395751239955 0
1.700917004766097 0.8121812278899513 0
0.7126498258500495 0.1685240096828398 0
0.2878902366534725 0.01884767399791503 0
0.4113764896819979 0.102349652188004 0
0.2473625790420327 0.4171969298461487 0
0.4158717476197132 0.8879018542501519 0
0.08896886345126145 0.6464959804267258 0
0.09719935022338921 0.6620000871850407 0
0.114734752506332 0.6625528607556468 0
0.1054613026232324 0.6774743394322044 0
0.1230612229692142 0.6780449790264745 0
0.1139086882757369 0.6930870393028203 0
0.0960655999385579 0.6924374159898861 0
0.1044772746684424 0.708202271842674 0
0.1224387538708981 0.7087375557614415 0
0.1130553874767411 0.7239395097147986 0
0.0949617873725835 0.7235708157197904 0
0.1036686783038529 0.7395199655052391 0
0.01791014085410871 0.04844229790139172 0
0.0173205080757609 0.9499999999997918 0
0.898512452637608 0.5636941764426694 0
0.9105609126193362 0.5830711021911171 0
0.2739231913851521 0.3756512962779361 0
0.2879090889472767 0.3327667054025619 0
0.4063949930028085 0.6557358365046398 0
0.6350588695175429 0.3208175406037862 0
0.776624635721415 0.7317586239356111 0
0.6616464492598118 0.6633035447680503 0
0.486628967795309 0.7955580739046071 0
0.4696617991733629 0.7949962082124047 0
0.5070410034686631 0.3202144471610707 0
0.1308886374661296 0.7246687133596057 0
1.822667858923476 0.5616733428313629 0
1.805017398717921 0.5284963311437504 0
1.834349443195931 0.2627208828100834 0
1.816330523712735 0.2293412088019376 0
1.679884307703079 0.4442668630265986 0
0.491528412457022 0.1328152983726038 0
0.482640970073509 0.150412713654756 0
0.885798788004923 0.3209924876912984 0
0.8968663523340739 0.3414053427952446 0
0.5832243189137303 0.9072112055343766 0
0.5617190453681014 0.9070658465493466 0
0.6894213247242394 0.8390300833801613 0
0.6782391165309289 0.8574636952803472 0
0.6884712766601119 0.8770374229549017 0
0.08561595897173437 0.7390180020345942 0
1.323826853333913 0.6351302877228735 0
1.355604775106068 0.6346029280861405 0
1.356193011814429 0.2670797032901336 0
1.339553843923983 0.2944843316879355 0
0.3912013291954154 0.3201295970445804 0
0.1972995468175873 0.9813502475725998 0
0.553555335465966 0.819714661691364 0
0.8025310948159912 0.801693083340997 0
0.8140253376044971 0.8214704498383353 0
1.342612161387547 0.1278916253499238 0
1.488243413101649 0.8514886723530981 0
1.522460663855408 0.8530779569958976 0
0.09425305555706188 0.7552702172814116 0
0.312987542894252 0.37900794851324 0
0.2255802439951411 0.2044519209626506 0
0.2579931006806354 0.4594094507865575 0
0.1125892226983002 0.7558207949454069 0
0.1907347849710025 0.09520151509991183 0
0.1711018562766195 0.09627143819412839 0
0.1623148163745329 0.1137911814722581 0
0.1515282809144069 0.09746193376865682 0
0.1427014708938253 0.1150378210375777 0
0.1319148425076827 0.09862311132063541 0
0.1230644208276511 0.1162719083483489 0
0.1129537984679973 0.1001787324163656 0
0.1038760581057154 0.1176572263135978 0
0.1143208418494632 0.1339099326332586 0
0.09511615046398325 0.1352378909691702 0
0.1057415305122899 0.1513792366146455 0
0.08652495680354466 0.1527348787871229 0
0.09683267029292376 0.1687607505394607 0
0.09581307329532258 0.1017300054161811 0
1.37421498730289 0.1844331229166507 0
1.391069874598479 0.1565017175871609 0
0.3772981971506518 0.01908747785790523 0
0.09964360837181126 0.5259697207539098 0
0.08132825936814546 0.524878496291876 0
0.3499854692632757 0.359154257199633 0
1.310283469644885 0.1274460402694953 0
0.6163346760341346 0.6098452821713198 0
0.6048806238890052 0.907459022331032 0
0.1799947395164512 0.4182112907782767 0
0.4887497580780943 0.6477163289852268 0
0.5006795201016088 0.6479295253838632 0
0.5485063001993848 0.3372433974943712 0
0.5533158686176989 0.3484025807010048 0
0.1305162084940472 0.9121245518630402 0
1.832152525933404 0.3278712280922764 0
1.81219295592309 0.3599022245841588 0
0.2502555183501506 0.5598817669282882 0
0.256966138196019 0.5498486966939973 0
0.6515002868074037 0.4480287831070815 0
0.08212868131325279 0.8604167932913185 0
0.2965130656866302 0.397453398746168 0
0.07132203331707121 0.5100468772266497 0
0.0794419957518322 0.6614361905434094 0
0.3931007989280291 0.352682157644182 0
0.5655529032645162 0.7292568248800001 0
0.3866073348041005 0.687768928389225 0
1.676345305751539 0.03503171001166361 0
0.3177355957038011 0.6741560998214013 0
0.1211026761196485 0.08207770368751763 0
0.9217859022681567 0.5624168180176373 0
0.9341080994366004 0.5829084313421027 0
0.4493786609533081 0.6900829149363298 0
1.684071319048527 0.7797245015876036 0
1.665490278903461 0.8099194667732987 0
0.2726221254487196 0.6607269191585741 0
0.2786019919689119 0.6729819972921018 0
0.08253660822633171 0.8265969854538427 0
0.07707861260532549 0.7233346850350132 0
0.5017571341924744 0.1494639464499346 0
1.52846637884262 0.2288391532766789 0
1.512915186107596 0.1987047620390057 0
0.1370439908969728 0.4759304350896914 0
0.9091142503030075 0.3202301341185985 0
0.9204836046177213 0.3421571012996899 0
0.9330918997382132 0.3203025793800037 0
0.944838551916487 0.3428506326690922 0
0.9577374121153103 0.321033343734469 0
0.9697867682381507 0.3437443855777521 0
1.717714080218547 0.844830324456096 0
1.754428626247025 0.8465048306001267 0
0.9454916151645725 0.5617627262102194 0
0.9582715022884735 0.5823285250219431 0
0.4929642613857559 0.1663825223028707 0
0.6804042825156444 0.4960000162812174 0
0.6665394098490116 0.4958772999773751 0
0.673447915760812 0.5076173641814924 0
0.6600987485298917 0.507723022670432 0
0.666861428493124 0.5191559801690712 0
0.6538035297672107 0.5193207902926082 0
0.6604067179981854 0.5305265597342546 0
0.6535799868235542 0.4969756828384707 0
0.6475879105692864 0.5307655623920764 0
0.6540968625732156 0.5418561354004766 0
0.6667938862426152 0.5418823887263464 0
0.6605490252842028 0.5531811933191598 0
0.6736295180438742 0.5532657573352724 0
0.6671035603227315 0.5650533597230571 0
0.6517748352976311 0.5654069130579341 0
0.6809150686983481 0.5648681486872953 0
0.6739775835077674 0.5771543281833561 0
0.6882536246548396 0.5769388442780615 0
0.2906295868963409 0.596280995000519 0
0.5065361090530673 0.6583775271569429 0
0.5126474453398029 0.6480117030302482 0
0.5115547896284329 0.1656580891347442 0
0.3299932847259916 0.7220668487696226 0
1.371346683661776 0.6617344604400193 0
1.387628131367388 0.6341566210034865 0
0.8255698755326014 0.8005495326234439 0
0.8374424986408897 0.8214659116849182 0
0.8254432171676771 0.8420959314516385 0
0.8495160973391394 0.8422625954072569 0
0.8371075195676343 0.8633338374900151 0
0.8618477026862854 0.8634553740031266 0
0.8741510594775309 0.8420508584810373 0
0.8868539002154794 0.8635887113787934 0
0.89945488063172 0.8404131664676504 0
0.9123370428231372 0.8634719116709086 0
0.925182801906666 0.8398346462982961 0
0.9383090970484613 0.8635049021257859 0
0.9514270533002727 0.8405193379256698 0
0.9642868531818523 0.8632961703925432 0
0.9780322230276404 0.8404026347650277 0
0.9920030905154135 0.8680952867916506 0
1.00531603893198 0.8409154352564416 0
1.019032877249604 0.8640420889444893 0
1.032868816851078 0.8401700135666619 0
1.047007982980495 0.8656590082680562 0
1.060994944008904 0.84012339162853 0
1.075339655204641 0.8661210195894712 0
1.089638130554702 0.8398138555243586 0
1.104177078869513 0.8648706199377054 0
1.11866500162383 0.8390804674433602 0
1.133404083459737 0.8643515900637023 0
1.148213656309981 0.8385543402994997 0
1.16371925268186 0.8649119990968999 0
1.178031516975652 0.8384496090937309 0
1.193630658869689 0.8645585791202872 0
1.208397206331502 0.8381256639225748 0
1.223987687767431 0.8641613518040578 0
1.239260763070277 0.8377421805162621 0
1.254857034528231 0.8645487259777447 0
1.270471925475001 0.8372107493009093 0
1.28632574071936 0.8640661014815727 0
1.302051623804741 0.836691533131405 0
1.318117810371894 0.8644614908671338 0
0.8493600668852044 0.8849136506565005 0
0.8995394442961242 0.8854578170403784 0
1.031604802504329 0.8919747728746984 0
0.9371917160411738 0.8145318270817926 0
0.8489826942245471 0.8001856673414691 0
0.8745370934023413 0.6025765441008479 0
0.8235451736354662 0.5493785598451155 0
0.2768910097337643 0.4271702651601015 0
0.3503317324960579 0.642829527048384 0
0.8858234185365588 0.5447487113293578 0
0.07255514627541711 0.137048537845831 0
1.840344436275404 0.5949809525107423 0
0.7843436565903796 0.6166906505652157 0
0.1225927745953934 0.5065509202065372 0
0.8503944650560438 0.3766132591758496 0
0.5653168684386847 0.07920416755564298 0
0.5876681853042993 0.0792164048260412 0
0.4423524793727008 0.3571542616274144 0
1.972479397558704 0.1007743978452004 0
1.965332616580377 0.9002084003392891 0
0.5604150777149919 0.6929074075780154 0
0.4772980855721393 0.0237361875823845 0
0.897462664327922 0.3007211626410269 0
0.3618345506721219 0.3601827094907352 0
1.571538395895155 0.4986012968308686 0
0.2952764364667861 0.3215016806154253 0
0.2816686528185716 0.3205513470878115 0
0.2755900418060301 0.333277235791181 0
0.9514302345779702 0.884757801832226 0
0.4738040944395322 0.2759387147953487 0
0.4906459786877735 0.09785309535588955 0
1.334009399577424 0.8366024647618656 0
1.350289963778247 0.8645813565357249 0
1.425141407683749 0.7876389629504691 0
1.018680443700199 0.81648338830498 0
0.6690703155802524 0.4108830009989091 0
0.6555922603910995 0.4118165876782623 0
0.1693335957012857 0.9139670257960631 0
0.4179019320848701 0.3545080195223805 0
1.119818245206989 0.8927528254466638 0
0.5037102065022533 0.1815521183986041 0
0.5212768902017553 0.1814462780248044 0
0.166456189308073 0.4455001442956662 0
1.371709793617587 0.2952276010749985 0
1.3549600376446 0.3228854175995731 0
1.323837859237956 0.3238038564424993 0
1.842706880313645 0.5296851483019828 0
1.824808125285555 0.4963673556576825 0
0.4644199262661476 0.9076005961368534 0
0.4853250978921989 0.9080967878239107 0
0.9465217502561583 0.6038095387911349 0
0.9711701222929057 0.6033238141445108 0
0.9830935124696918 0.5814845825460461 0
0.9963204199533112 0.6029524353933752 0
1.008598288136031 0.5812021030555365 0
0.509670279362369 0.3539299487223501 0
0.6455958919513134 0.4592764090154613 0
0.07895958832696916 0.1706554544472376 0
0.0884744206356973 0.1861139302923196 0
0.1073664715314916 0.184852484413511 0
0.09874418402807329 0.2019911103086247 0
0.07978346359194523 0.2031643093871465 0
0.09033390042956797 0.2189307600023382 0
0.1091053351216099 0.2177938478198109 0
0.1008290341239561 0.2345068038330158 0
0.1193624460441167 0.2333011865620087 0
0.1111482856695757 0.2498300342952671 0
0.09281271690805459 0.2511782599620903 0
0.1031143778964384 0.2662829606195093 0
0.1211747821601126 0.2649836717727464 0
0.1132015748117784 0.2812436408381362 0
0.09527211878134913 0.2825206553889883 0
0.1053398506805964 0.2974626340718136 0
0.08706749936302355 0.2987680476080996 0
0.0974763072914264 0.313667005031934 0
0.1232224412154323 0.2960423709894212 0
0.07975698898681831 0.3149578861906903 0
0.08989139682254263 0.329723827320856 0
0.1075602126631478 0.3284281812313611 0
0.09995302098358587 0.3442952485678091 0
0.08226267254758871 0.3457786805167234 0
0.09239988349080326 0.3603270039355462 0
0.07468018375237107 0.3619065928687274 0
0.08547889284151036 0.3766675103014743 0
0.077300584704834 0.2838789944123404 0
0.8523781447664134 0.3014670283280877 0
0.830038171170923 0.3011393443355295 0
0.1401968848207204 0.7091741375403466 0
0.7385652657472364 0.6026254368909926 0
0.503652205009528 0.767402943226537 0
0.5114906707798995 0.7815599401145559 0
0.2276950310758955 0.7876480951927634 0
0.518542185874558 0.658346789244023 0
0.5246587286883495 0.6480319381968074 0
0.5305876291116288 0.6583660100037316 0
0.5367125014858419 0.6480477188714807 0
0.5426512477269676 0.6584880854333455 0
0.5487045587755555 0.6480894647955442 0
0.0711134316410878 0.6455859772132549 0
0.9829991747628015 0.321436537487654 0
0.995289201073142 0.3445226945707261 0
1.292342650418207 0.6354988460314144 0
1.715573664784718 0.439537993578682 0
0.07601461028471587 0.7529484995694641 0
1.50138670745888 0.5524275433232837 0
0.5606494380798769 0.3386837801498165 0
0.5558059244797644 0.3272043552691514 0
1.489816481374621 0.405628062021944 0
0.1485444345016438 0.7250278615089726 0
0.3449516619600586 0.6322923184324056 0
0.6639844550165063 0.219003447538257 0
0.5721223162877025 0.9260690497714119 0
0.2066954672892218 0.9165736311723058 0
0.2265572833525206 0.917267706955494 0
1.561841427116375 0.28873817946188 0
1.71153919597202 0.5579415152248413 0
1.634885725004174 0.6824291119412006 0
0.2730134533790862 0.5619400857934213 0
0.2022505674544862 0.2798338501650199 0
0.2063808214496864 0.7147132043434408 0
0.5335733132866717 0.3568282020055227 0
0.6153244428153094 0.8887225001514349 0
0.6264774326868726 0.9078697721692683 0
0.3564855052018915 0.6327296288077651 0
0.2672528151680449 0.2746142678109922 0
1.540986268533295 0.824104474512418 0
1.556967109187809 0.8547714120357064 0
1.854289523627631 0.2305314914811285 0
1.836184566053531 0.1971791537730821 0
1.849980091882589 0.3612823105630613 0
0.4819843288038721 0.2882908768422319 0
0.4671685882065883 0.2886770604657402 0
1.021912875492842 0.6025290072337717 0
1.034617945468687 0.580412485788909 0
1.048375051596574 0.6020577159936209 0
1.061097443321245 0.5788162433056454 0
0.1799418007276396 0.07861629194095078 0
0.1999208780906475 0.07758761083650462 0
0.118204645347692 0.5746514604916778 0
0.1019663678023652 0.5728812660582698 0
0.2449652873232334 0.5486688167342262 0
0.2382725548177368 0.5574132782454841 0
0.251731617417651 0.5386846559864766 0
0.9487175961298226 0.1618076131817658 0
0.9356460120102472 0.1389415122651808 0
0.9622847609521138 0.1389658568576141 0
0.9490638603367065 0.1157622160161558 0
0.9221437679530187 0.1158224417464441 0
0.9759308920348144 0.1168371051280132 0
0.4753741110035026 0.8559517934278582 0
0.6023925618360964 0.3320862270627151 0
1.008640297603172 0.3224726919814295 0
1.021259915946932 0.3453783361154293 0
1.035168657495775 0.3230035210185161 0
1.048023320232281 0.3463476489198617 0
0.8243054793798646 0.8846596085897471 0
0.2637346364003752 0.5397194875421303 0
0.2586362910341949 0.5288261219684606 0
1.363538458764055 0.02801259510103277 0
0.5434082140733789 0.0793310610273316 0
0.5653629637640671 0.3498546198982396 0
0.5268710589605144 0.2864985665778491 0
1.307680363661204 0.6078434426007386 0
1.276251945725931 0.6086899203817768 0
0.2679708285133976 0.6483525848408548 0
0.1174373640259645 0.3428607375480823 0
0.6273342903554231 0.3726958441092239 0
0.8138202749981414 0.7812983285351646 0
1.210725122858081 0.8908627407767971 0
0.730331796437254 0.6801185154110835 0
0.6411729832426567 0.5196855750992765 0
0.4651616931440938 0.3591814990197923 0
0.8599041920516949 0.6593714437787073 0
0.1170296318765257 0.4204061973811036 0
0.09998856615709237 0.4211996549315889 0
0.9317558847423459 0.3640675420843226 0
0.7169385180259451 0.4556622019394574 0
0.732861362595435 0.4543671237265082 0
0.7239088830445961 0.4419170507989189 0
0.7401030967541168 0.4390465765976125 0
0.7496022414455805 0.4537142422084183 0
0.7314935746130156 0.4258318352239672 0
0.6181915909027422 0.7186738083197259 0
1.103758414556726 0.8143157384722217 0
0.574551186243428 0.6087194196577754 0
0.6275904710888971 0.1512358875360688 0
1.387269666000099 0.3235367085315166 0
0.07134865797851739 0.220202071185347 0
0.103126622472674 0.7714990610326584 0
0.1216118765159687 0.7720744274811407 0
0.6415391659481319 0.5410784345920259 0
0.5548368259643202 0.6586260091138816 0
0.5606767829308793 0.6479971562163225 0
1.075281787661341 0.6011414651475723 0
1.088393725526309 0.5777738770143803 0
1.102770985177394 0.6006095112167413 0
1.116187666828015 0.5767738223859862 0
0.66794423090013 0.8384316847523841 0
0.678817554024328 0.8205673000203217 0
0.3492082760580626 0.6865530423099442 0
1.407010244163426 0.1852286047007607 0
1.425055158986383 0.1575021521197761 0
1.408063791569588 0.1281491910387774 0
1.442371012268568 0.129084257507572 0
1.370439457147499 0.351324681444843 0
1.402188858164792 0.3523552227347875 0
0.5426367879329593 0.637849273972998 0
0.5318095191845758 0.3233822070706876 0
1.653804069242042 0.1327285223288183 0
1.61782573273798 0.1346127914706694 0
1.0620731123122 0.3232261139607787 0
1.07525573152288 0.3472129428748928 0
1.089694562551227 0.3236191184069925 0
1.103041356656452 0.3480838230391311 0
0.4117966616956488 0.6885518221610823 0
0.4449885611202514 0.8397153177629877 0
0.8366321291522218 0.9064492115592467 0
0.8113979443652767 0.9061812441779176 0
0.1223584136237613 0.8311730401175917 0
0.5200021280099432 0.767464807588951 0
1.371200575501211 0.6064907752721429 0
1.403511015679173 0.6059122135175912 0
0.2699634539937437 0.5295976298093766 0
0.2652924762461003 0.5189810497206422 0
0.4864228098730321 0.2224694710660264 0
0.5582026521026051 0.3593483512290884 0
0.06711238468889746 0.3781214115563187 0
0.2407544467186081 0.5377444211952568 0
0.1025849197841193 0.375003032938536 0
0.4948443994975938 0.6377064833253543 0
0.4833146728089052 0.6374128092923242 0
1.862794354113142 0.4977034876161675 0
1.880755564169538 0.5311703598669909 0
0.5498165020117594 0.9258586317020656 0
1.420242648346922 0.6338750055844844 0
1.388282279480884 0.2679697459329223 0
1.503905437681225 0.8818923494267985 0
1.470496447977074 0.8807201770876794 0
1.130789750635135 0.5997794811409608 0
1.14446451077134 0.5757893838589753 0
1.159330623417379 0.5992426511459235 0
1.173248300936489 0.5748541933744536 0
0.9131309754787125 0.4885723865239499 0
0.5276160845105022 0.7815952786469449 0
0.5193063478044121 0.7953514202160756 0
0.5364774283635513 0.7675222409400273 0
1.192930363149841 0.8120289669790953 0
0.06125216748432267 0.6608079973867013 0
0.3552130576233905 0.3697977784998585 0
0.484441320154904 0.1829084542926037 0
1.633451920684582 0.225556374525086 0
0.125078888810129 0.1501626775196827 0
0.5110940628432445 0.1322930062464091 0
1.546724945421691 0.1992810943205943 0
1.530868399949943 0.1692503016774304 0
0.5699089629692792 0.3607433853055909 0
1.829872274225823 0.3934102007380693 0
1.869342805549313 0.3942056048737894 0
1.11772646491569 0.324051243619603 0
1.131322891839772 0.348910309900479 0
1.146305729392636 0.324488775731995 0
1.160147197902069 0.3498256847212373 0
0.6387495025320651 0.4488591936463622 0
0.5191164477426046 0.6377474327515784 0
0.8339581794143778 0.6025254712567538 0
0.06445189614852921 0.3472216900028801 0
1.648080383921585 0.7780235184934081 0
0.3905309101109518 0.7245982074315097 0
1.304907765330265 0.8911143636620076 0
0.4794772961600556 0.08018198472792262 0
0.4590764355929003 0.08176551546122157 0
0.2647868916025511 0.6721933016134526 0
0.06352623555148504 0.5262440469075886 0
0.05339831017185015 0.5113013837686392 0
0.06152805656013217 0.495024527219633 0
1.188373445442342 0.5984147323590313 0
0.05052676063662173 0.9815980171474089 0
0.05010995932235763 0.01748447926220914 0
0.1613758262239546 0.8642624036864458 0
0.8414106245577642 0.2826738942237416 0
0.8192904325433266 0.2823778616741414 0
0.8081945007737739 0.300871089913047 0
0.7976190023808863 0.2824595862693395 0
0.9355492727809797 0.09249904192910478 0
0.9085741934416075 0.09259418588141921 0
0.3667159687141064 0.3706919269294434 0
0.07337248334050439 0.5409550470218415 0
1.202535320637225 0.5738801942952331 0
0.45028720204626 0.7269341499014985 0
1.79829185002363 0.1959671273441589 0
1.818017001791514 0.1638245302171085 0
1.855984769505787 0.1648411860443341 0
1.837662579057136 0.131580470445281 0
1.799886776551243 0.1306879460142193 0
1.718724308824868 0.3844031350543679 0
0.5129731525002791 0.6689913563727561 0
0.523437574524767 0.869506263970546 0
1.872403688929345 0.2640499018300608 0
0.9970980427640523 0.557419748046571 0
1.326747356197791 0.09968061132137369 0
1.29578907552624 0.1001318271619406 0
0.5771004857292112 0.3514572102319549 0
0.5759373601760374 0.05947417039612186 0
0.59850560331894 0.05938496181048468 0
0.6810890672876577 0.5893033388924087 0
0.666906409450951 0.5894019575717719 0
0.6956941436599419 0.5893122631280195 0
1.820218563548451 0.6270694655584301 0
1.85794021336522 0.6284567742521557 0
1.175330523247605 0.3249657951397223 0
1.189425619605699 0.3507785619786735 0
1.204884787086757 0.3254558360126398 0
1.219184423579807 0.3516903765420548 0
0.1321499621370737 0.6633336619820983 0
0.2893923505208854 0.3089952876112852 0
0.3033716378819281 0.310029802615596 0
0.2752529630005557 0.3079935401598147 0
0.4773209113765718 0.8094963150063148 0
0.6583341543515837 0.8201156920719312 0
0.6689093771947154 0.8027548120197256 0
1.644381805664632 0.4439713773022272 0
1.661679957655846 0.4727352249151857 0
0.6864046675498952 0.5527380492796214 0
0.4747283521617879 0.3004766137392606 0
1.485504965288094 0.910218201514015 0
0.05557467710805826 0.5424878986378647 0
0.06513386442615789 0.5571806664828922 0
1.734502564407706 0.877441953027553 0
1.771419016717945 0.8793613498781926 0
1.697862331942237 0.875692116737032 0
0.2170636680082196 0.9337971570383822 0
0.2364368068764135 0.9349143726316014 0
0.2468415569096845 0.9177436342407747 0
0.2566435801352515 0.9355600863559187 0
0.6614013123504465 0.3996860408016102 0
0.674909237493125 0.3984781234787658 0
0.6482363402162885 0.400923610688568 0
0.6426695823433355 0.4124360469543039 0
1.436273025045784 0.6052686253649016 0
0.6890565982182314 0.8030028881856929 0
0.6792098080640688 0.7856242402371044 0
1.007403054355559 0.3676254732127471 0
0.2710659425682241 0.6848121276251362 0
0.2848046624879738 0.6852309554625757 0
1.875774738271869 0.1323017575581733 0
0.9591286086722054 0.6249107167783183 0
0.1276048939262208 0.2167905519326694 0
0.137716432704951 0.2321274505535634 0
1.575612241753753 0.8254886295251189 0
1.591079014152846 0.8568553252411795 0
1.572800157019034 0.8849261201320222 0
1.606921982573342 0.8880699944441515 0
0.1576444625823357 0.709808062779096 0
0.16603406318491 0.725149091380032 0
0.1576303719212032 0.7411909749816786 0
0.837915884825033 0.7356697801459995 0
1.234359135846341 0.3241665989773096 0
1.249344276568707 0.3522089590426145 0
0.9328726536651233 0.5412416173668442 0
0.7872282945993474 0.3007851279761358 0
0.7767876422856714 0.2827261853368432 0
0.6738645263028993 0.6015259083280686 0
0.6568398151143646 0.8566890104516307 0
0.9344712984317689 0.6248834995695118 0
0.921828266683352 0.2512332845888809 0
0.4892440081697212 0.6277658444559709 0
0.7963284899667664 0.6619124583805619 0
0.06069932103684382 0.2043609407243069 0
0.4743330449817953 0.9254796027176104 0
0.4535689004224864 0.9247945764849265 0
0.4967210864097112 0.9281986295006714 0
0.2536303891204377 0.5180610015945456 0
0.2604438750026309 0.5082792879190488 0
0.4976602037918492 0.2879277720448528 0
0.275479661916691 0.5402049191964988 0
1.254320066761254 0.8104141861327403 0
0.2775011991250506 0.6975938770143981 0
0.755901267961367 0.4376573199142257 0
0.7667245834972005 0.453352029414729 0
0.5144790628674172 0.1957110762920722 0
0.5313459590967836 0.1952843743507349 0
0.5614850941008149 0.9448674740668483 0
1.787301974294161 0.4955721717464637 0
1.8925672228922 0.2316047538442479 0
0.3509002660274803 0.6221319600726325 0
0.3397811749991451 0.6220275419147079 0
1.060694952371266 0.3703203197522351 0
0.6333224366841186 0.4597122033170474 0
0.639699522534087 0.4699111082835861 0
1.36633644367016 0.8365094881739785 0
1.349908186336491 0.8084836055055453 0
1.38284831312293 0.8646386166586902 0
1.366552107572434 0.8929469953850255 0
1.397833440709133 0.8939595275595937 0
1.382670979358025 0.9206162257419775 0
1.886994036957509 0.3631168481511375 0
0.4608807077143396 0.3009409200714821 0
0.4534971264730676 0.2894043109242723 0
0.447228607612844 0.3015857516035608 0
1.636759954271916 0.1010418045700509 0
1.600093290522006 0.1050602494655596 0
1.672217031195633 0.1016866707621755 0
0.3435395705303786 0.3689404115574191 0
0.3487273919644609 0.3792378588829147 0
0.3374403059868829 0.3784643096177121 0
0.342370578582465 0.3884727091554255 0
0.3317825319887258 0.387467158176297 0
0.8319236831535189 0.2643166679876584 0
0.6820098650216107 0.5192712958617512 0
1.047744016713597 0.5565581570895293 0
0.9219161116480952 0.06892013257442343 0
0.1105200667953435 0.5589159382055626 0
1.819375448156225 0.09846909235244189 0
0.5833864873703344 0.9456497986075316 0
0.07855080679477794 0.3928662450758354 0
0.05950172492656453 0.3944107896900611 0
0.07018801998401766 0.4090687451289622 0
1.290856741668699 0.5779351982574625 0
1.312380744652903 0.07237766099197371 0
0.1249085405587088 0.327283122494932 0
0.1491229874860951 0.6942428938222724 0
0.1129331296683426 0.7867670268969783 0
0.1313089390914575 0.7875020091493862 0
0.09437569588994529 0.786202399841549 0
0.9970850005089843 0.2993983580827222 0
1.386816656959823 0.5781569586889046 0
0.539365589550892 0.1806321602254959 0
0.5488981332172935 0.1953795324589105 0
1.667277553749401 0.7477252434218604 0
0.505860940128083 0.9074098900547654 0
0.1401083051145828 0.7722907444381257 0
0.1327842246086169 0.6333039130436356 0
0.1535337944036704 0.1312792326285885 0
0.7031146750699511 0.5764136486464454 0
1.278386549314472 0.1271579448384628 0
1.263933098959871 0.0947305819041909 0
1.246624139704544 0.1258205324314615 0
1.230725405306788 0.09899150888551529 0
1.214891906076494 0.1258512054340164 0
1.199550373131397 0.09999112160914454 0
1.183695644535572 0.1255862520078045 0
1.168629247032894 0.0993113043126458 0
1.153164859737315 0.1251213091684138 0
1.138268055221966 0.09977118786379927 0
1.122842937325002 0.1245564207002082 0
1.108253760098241 0.09947834977371002 0
1.093043786972362 0.1240577570018842 0
1.078643940924458 0.09929070443740054 0
1.063624723471175 0.123568532250735 0
1.050256537724522 0.09873198006899889 0
1.067775706866115 0.07448890551012301 0
1.21461486892366 0.07168562191560368 0
1.034242975808324 0.1221279529550148 0
0.1596802167435848 0.4595001945292479 0
0.1749734797789433 0.4583954680191136 0
0.1683563804565798 0.4720796877054287 0
0.1816329567228602 0.4447138176403653 0
1.116289737369056 0.3729912147505663 0
0.7366465146385757 0.3738976390439436 0
0.5139646516620087 0.8521078712615424 0
0.5239812438333541 0.8356153731823112 0
0.8953116963447433 0.1158235325154 0
0.8818244353128942 0.09292988105962226 0
0.8686410875154412 0.1160675837982354 0
0.8554139377321699 0.09332886734959919 0
0.8424900000601125 0.1157949471340393 0
0.8296032382628812 0.09372013708222378 0
0.8170233014050302 0.1158719530541691 0
0.8042201663289819 0.09407169325605062 0
0.7919224590687071 0.1158083263241275 0
0.7781871401532131 0.09363092203699849 0
0.7670179155742136 0.1156295246904041 0
0.7530181838446628 0.09411303849819097 0
0.7425593538122582 0.1155778814966016 0
0.730569071241708 0.09499226361942657 0
0.718824304416539 0.1155481345656223 0
0.7069571926604077 0.09530015920447789 0
0.6954696820557511 0.1155472353894016 0
0.6836740632559341 0.09558254610652989 0
0.6723904057482565 0.1155073740472846 0
0.6606732405388774 0.09575046835446613 0
0.6720034265472181 0.07551413047404262 0
0.6493694437391992 0.07531064186768258 0
0.8421673425303811 0.07077068149514702 0
0.7184436230208956 0.07674171418755091 0
0.7887526313990364 0.07037400637078114 0
0.5007368283758451 0.07917004226470122 0
0.5695790528338911 0.3276807037979834 0
0.5633079964428576 0.3169880715699778 0
0.4398515395653269 0.2902162998703136 0
1.792555310352672 0.3930600738327181 0
1.730839359010584 0.5268104694996362 0
0.1348535600289841 0.341282725198492 0
0.1428857085800775 0.3248774650578291 0
0.1272415781427121 0.3568025578359325 0
0.4336899973250469 0.3023542621674212 0
0.4262803717483998 0.2909583140667393 0
0.5630275328999061 0.3700227649032429 0
0.5513744101597624 0.3684676376468768 0
0.5742961102581957 0.3712785349030781 0
0.0528227522241682 0.6445676457150278 0
0.2227864888622877 0.175652030379504 0
1.35470688641517 0.5787605722441331 0
0.1889759714598783 0.06072453665951733 0
0.1688095491283235 0.06181594963669616 0
0.2091955161265975 0.05970616900703873 0
1.425102529767981 0.09804251756862177 0
1.458688440929737 0.09811691902967502 0
0.05158838480142161 0.4108030517908312 0
0.06252049696786541 0.4243976885835519 0
1.631867044048611 0.2885452865461739 0
0.2285474176991221 0.8178447639368774 0
0.3617453482598676 0.6222417188548014 0
0.3675701391756541 0.6328393519461397 0
0.5122518124218385 0.7534773162559161 0
0.5481021595888698 0.6693913846664141 0
0.5611778268007183 0.6693216137373172 0
0.8854215928045376 0.8181192122882421 0
0.3730447602592786 0.6230642500754859 0
0.3782322373012856 0.6328155080613316 0
0.3845675438968962 0.6237136016124925 0
0.3876167752830813 0.634074395459882 0
1.781785601447594 0.09797698843946698 0
1.391867892168024 0.09796541798365722 0
1.791529740801261 0.8482353836578759 0
1.808732137683683 0.8813648596148014 0
1.829033271871827 0.8498243261883954 0
1.846411545152828 0.8833532037782994 0
1.865650844165901 0.8520268197713941 0
1.882955333236496 0.8860281854914511 0
0.5928335452693411 0.2157854645276814 0
0.6445513772136728 0.4378096355706326 0
0.6321946404498318 0.4393344689046679 0
1.656493917699663 0.5888449424900002 0
1.441417081268501 0.1870982964921274 0
0.467002253175705 0.7030910845353407 0
0.5011409868814458 0.6279762185223057 0
1.56278751645079 0.2282403536169263 0
1.878952528227603 0.5964190286177545 0
1.574199882294995 0.4390429864681973 0
0.5119298205215769 0.09745305693354435 0
1.849142330895809 0.8181682947248985 0
1.892620624501696 0.8221486131153237 0
1.870624619200652 0.7860276087496549 0
0.06285189068960667 0.6291442798019604 0
1.714563324373648 0.9078159040655436 0
1.680066478067639 0.9075406971499902 0
1.631453682753119 0.7463195639872692 0
0.9568010218528552 0.5404892355912989 0
0.1958286404973582 0.9335110986581376 0
0.06983926698117032 0.6767003431635424 0
1.423184320336224 0.214227636702081 0
1.474771021000796 0.1290199170623623 0
1.491971465309031 0.09988127727209015 0
0.5047903940292631 0.8360789856826991 0
0.8845165337613073 0.3611933657909976 0
1.908640008379097 0.784659662916417 0
1.891453563632178 0.7527427821248607 0
0.8094947733213993 0.3391616606611353 0
0.2198960293487124 0.07662231478920944 0
0.2295159413528828 0.0588095524719746 0
0.2402472592454601 0.0758341258633846 0
0.2499489378805585 0.05787239311829712 0
1.837713620631698 0.6602538743759263 0
1.874367528804711 0.660661423553169 0
0.2673400998610776 0.9184918354347293 0
0.277128607003445 0.9362430557066098 0
0.2878895678513771 0.9190560664701596 0
0.2977162805559737 0.9368766478719827 0
0.3362755703977334 0.6861741927419447 0
0.477980881345085 0.6276335552857694 0
0.4719782731911559 0.6369661260629957 0
0.4667385927255241 0.6273122313451358 0
0.4608135540451855 0.6365777432825258 0
1.217814113606735 0.5994971383783034 0
1.232144788036495 0.5733820266550996 0
0.8618903157140072 0.906951084357088 0
0.8478993986501762 0.9290959211423031 0
0.8748187078365049 0.9292776787825239 0
0.08977366645259044 0.5852499109743041 0
1.173855574849964 0.3756202222571495 0
0.09244604640736727 0.4357389551444367 0
0.0431833952801617 0.4960759626198202 0
0.05151484904276604 0.4796731848101191 0
0.2761220201210514 0.5201859827525888 0
0.6280427712169461 0.4701520983084356 0
0.6339737111715253 0.4798688023345559 0
0.3534593764395622 0.3161802265716386 0
0.3609299472571181 0.3054348494906892 0
0.3485583192668793 0.3046342658332461 0
0.3740800497488104 0.3067347321392987 0
0.3686175717490963 0.2944654972430213 0
0.3819239892219713 0.2957802604979251 0
0.8662111707180203 0.2805110709758502 0
0.34233834394589 0.6978746964600624 0
0.329279197204182 0.6974806983002799 0
0.3553231118036962 0.697968137953296 0
1.010938477969884 0.6247427145013784 0
0.5875760164336354 0.7438377801139426 0
0.2609739707955293 0.07473349154754919 0
0.2705224054129096 0.05686830018421326 0
0.2816478045665772 0.07381679482645404 0
0.2912057139877078 0.05591173985250714 0
0.8488313788585629 0.4112574053003027 0
0.4605872258466909 0.8091908308138427 0
0.4526096684232833 0.7942386456663578 0
0.4435099522698346 0.8084773245585147 0
0.43563146838797 0.7937715465801232 0
0.4264891382558396 0.80787102383259 0
0.4186583798187838 0.7931234203987005 0
0.4095530250997688 0.8070726211514563 0
0.4018456271792768 0.7921451078842141 0
0.3927055663704049 0.8062649962438146 0
0.385020646119655 0.7915677994141406 0
0.3749329485666593 0.8059655848787812 0
0.3679919741680405 0.7909148004836389 0
0.3575284984064612 0.8049995031993405 0
0.3512036350974196 0.7899735572105119 0
0.3415959071623305 0.8037621885681394 0
0.3345698361780125 0.7889582520930298 0
0.3257538758234994 0.8029398163758981 0
0.3177274761969467 0.7881830665351475 0
0.3099133859466624 0.8027343521100919 0
0.6598481201548867 0.6011768751891808 0
0.6531739405305392 0.5896597766993328 0
0.6464197920596446 0.6008224683712378 0
0.6401031170850107 0.5899117847142819 0
1.806912189029266 0.4632482373582346 0
0.6500344746593265 0.1156019347025684 0
0.04889277672318721 0.3794612920569054 0
0.3085323914650158 0.9196802466901632 0
0.3184069552232571 0.9375124329208331 0
0.32928448743019 0.9202271528434399 0
0.3392111302648214 0.9381548779747725 0
0.3501680453204577 0.9203902312359965 0
0.3601329680118435 0.9387072244900303 0
0.4555879909665319 0.6266643462485447 0
0.4496902654469429 0.6361226873352253 0
0.4444121799259746 0.6264207227695258 0
0.4385914094162431 0.6357123304729347 0
0.05105030303052812 0.6761223120004493 0
0.8487558364400458 0.7559195354777178 0
0.8714661255489575 0.7559403946778801 0
1.101452554770881 0.5533840833108057 0
0.3733505997407868 0.361324609131041 0
0.3780616130565524 0.3716767791422591 0
1.020521912103391 0.09791345192720161 0
0.06009975416391973 0.6921796118249068 0
0.6159806275145082 0.9269042483175763 0
0.6385366694816106 0.9270139298085482 0
0.6484103404285617 0.9079009394448685 0
0.6616965906171565 0.9268591911687896 0
0.7821064319199154 0.7646634934242249 0
1.138189801698326 0.1522857880580942 0
0.7875855705253494 0.2640097674777535 0
0.766064834934669 0.2647474539219288 0
0.7563286022055318 0.2828177774856073 0
0.7460349967757045 0.2662625699702534 0
0.7365200223677564 0.2828058860503264 0
0.7265682157071771 0.2669693335762841 0
0.7170582543988874 0.282611511669468 0
0.7076599194903169 0.2667007585955369 0
0.6986972316893946 0.2823109703077474 0
0.6895007302137499 0.2670100659291698 0
0.6808130256927509 0.2822790111298412 0
0.671971661093737 0.2673240970113654 0
0.6637176241985293 0.2824385585602513 0
0.6721710039975071 0.2967392028780873 0
0.6556800683953766 0.2967158934581607 0
0.6474863219625095 0.2828827016494448 0
0.6802638008843105 0.2518021528371037 0
0.6624886337500285 0.2522925156639632 0
0.7266507471822226 0.2983785300830083 0
0.5508937911172803 0.3146442441739886 0
0.5598307934483151 0.3059567314646239 0
0.9891826654772069 0.1406791484811061 0
0.8067771542900257 0.7158372735316766 0
0.2830842939927858 0.2966876954550564 0
0.8485541476271219 0.6408080782187484 0
0.8266553142691914 0.6416952094552 0
0.7702369560695286 0.406608034234025 0
0.5404618657478142 0.2340758751067789 0
0.9340474216618865 0.2741851519822029 0
0.635585243357395 0.4019745067194076 0
0.630269343628256 0.4129947881058026 0
0.6409597758554818 0.3907667295947779 0
1.264037020403092 0.3242050649152146 0
1.278971506235268 0.3523580778767417 0
0.3024108102396164 0.07284200535665464 0
0.3120236101917605 0.0549189589119628 0
0.3232996060654426 0.07193684227785949 0
1.894134185105541 0.1659048801961309 0
0.3010485407715703 0.7878452985131841 0
0.2928054411016763 0.8023981894863509 0
0.2840873072178881 0.7871609319659951 0
0.2747432227773106 0.8014297687175469 0
0.2847406587793027 0.8188066850623587 0
0.4898809363656809 0.06119710754029246 0
0.3711622861521384 0.9212645728915906 0
0.381207476448107 0.9394431927550309 0
0.3923092908572929 0.9219756154158408 0
0.4025607984627824 0.9403900237578245 0
0.5103225458827325 0.06068937571802843 0
0.0523697078711781 0.2214075116071631 0
0.06294060492907549 0.2373113544242081 0
1.04924678451495 0.1478858515595012 0
0.8706724040717924 0.6404789559636588 0
0.4680836224406686 0.3114559568675062 0
0.4133293402972101 0.9227559644655881 0
1.452336749429765 0.6340711920604565 0
1.439385073511143 0.660214167784086 0
0.4336459410180161 0.6260966518105395 0
0.4275800403137173 0.6353232837797714 0
0.4226590597990758 0.6257472135242828 0
0.4165085667942731 0.6348520435150919 0
1.788341554050722 0.9121906478604198 0
1.522917355539905 0.9153766576819931 0
0.9474997761992172 0.6461285498240932 0
0.3815063276807765 0.8218199559910631 0
1.23347684098015 0.3778288684566833 0
1.049319548641464 0.3007350052751903 0
0.7113727068218157 0.589440942933727 0
1.565472696059926 0.1701448852309322 0
1.546732956777456 0.136806266781267 0
0.3329765962249198 0.053994218904331 0
0.3442687697131388 0.07147502148869231 0
0.3540869337341583 0.0533884454412364 0
1.855324268601267 0.6908763621907317 0
1.467438075907734 0.6073647939691268 0
1.451296349425235 0.5774516401125332 0
0.366275467023247 0.07058159346447215 0
1.941074749969755 0.03362980035211342 0
1.940622098393684 0.9701336665350981 0
0.5440431997274606 0.7810103937529995 0
0.5528297103937232 0.7674169047745771 0
0.1079040251378778 0.4061184827419995 0
1.385901212149291 0.3792020911479697 0
1.415959553264138 0.3799140275069187 0
1.353641619658493 0.3789047652744577 0
0.6528777252102916 0.3316120457318967 0
0.7586124751836701 0.4681312122461611 0
0.7765860599510968 0.4682889917252603 0
0.7681515437725051 0.4836126730513104 0
0.7865438508526297 0.4833293053856712 0
0.5341501833962674 0.2986436632172025 0
0.5204423363522431 0.2989955399279461 0
0.5452143169058825 0.1174364385257533 0
1.065293402362 0.6237073817616536 0
0.3715722617386021 0.3801879072882339 0
0.1749549365211566 0.7113076757661252 0
0.5044558498034576 0.8702623226433923 0
0.2668351176360709 0.7864280902727605 0
0.257006827024321 0.8016570261487589 0
1.611402842150593 0.7738420504621735 0
0.5326779833845106 0.8873890077827762 0
0.9492493877884729 0.06887905618005719 0
0.3937611855433938 0.6253577062621956 0
0.4238268636540859 0.9411451404866451 0
1.762535501879785 0.1297819383685629 0
1.743888762581356 0.09928904065224367 0
1.801160276412405 0.06560344284242824 0
1.257672311601633 0.6322000543481625 0
1.448458381680436 0.9105315238292691 0
1.350468796003454 0.921102922014469 0
1.625627708856319 0.8630496811276643 0
0.60806719730294 0.07803808293566669 0
0.04776740205333552 0.558848402122093 0
0.0579526154038425 0.5739806735788751 0
0.5897931933545922 0.3820651525176034 0
1.905426607982567 0.3967230186508231 0
1.890743847285519 0.426993266034513 0
1.928564874814122 0.4320494012993047 0
1.417705767113138 0.3240733154935721 0
1.931579736036235 0.7540472452429756 0
1.911035900983232 0.7197625986814551 0
0.8306035448397552 0.138771658248229 0
0.04473912465322269 0.6294626165191397 0
0.05242952990764567 0.6119402569335751 0
0.6082025931678589 0.4052834202442694 0
0.7185283041898343 0.2499968477995343 0
0.246385501130495 0.8835716739414841 0
1.104007186144282 0.2998779518632961 0
0.9593406948932659 0.2752684006237086 0
0.3598709955579877 0.7762818621468341 0
1.901143576818031 0.4986277949557964 0
1.918766711755779 0.5337938092102436 0
0.1830978652248902 0.7262923473247361 0
0.6490023778689988 0.8031296861788155 0
0.2488825243837836 0.5074807153394725 0
0.2557299657774464 0.4978114607777265 0
0.2672101304014434 0.4987108377575619 0
0.2625841104907857 0.4883956560369605 0
0.2424096056473882 0.5169914016196779 0
0.2735142019343245 0.4892048018243453 0
0.2691389699152565 0.4791328171629091 0
0.1436780333893181 0.5630805714497781 0
0.1366094145136922 0.5489203079996996 0
0.1455316661012251 0.5356281797199336 0
0.1283555142974079 0.5327506096584478 0
0.6510051350621067 0.9470923713646334 0
0.6739918514410348 0.9470930185975746 0
0.6857460533337324 0.926174556765974 0
1.694086232847229 0.5256495206288341 0
0.2912107427542124 0.6974636781996442 0
0.6613978148223874 0.133858408252559 0
0.5567111308049959 0.1810983318977532 0
1.799860450557744 0.6581626855222428 0
0.8821092787110089 0.6590904855492844 0
0.893115298200299 0.6394260799727411 0
0.6993051555753135 0.4327496543976751 0
0.7057071623662164 0.4196215718463931 0
0.6974939774007736 0.4079487611212936 0
0.7126322181950451 0.4062036209775505 0
1.115608581646353 0.6252665199387164 0
1.15811779341297 0.5513945502525714 0
0.6670276443853634 0.3872050675963035 0
0.6809138131018402 0.3859478457019925 0
1.559122200729194 0.7948870737192201 0
0.3047653703542923 0.6735507816384768 0
0.3107457305118696 0.6854275204718876 0
0.4201077414617327 0.3025326970952062 0
0.4132186084899002 0.2912069308832076 0
0.407201819592889 0.3008556340818878 0
0.3209228439908288 0.324131216547455 0
0.3286986009895141 0.314293102012722 0
0.4185460671629191 0.2795468846080336 0
0.1898024563975616 0.4569012210319948 0
0.1963237315709891 0.4439330783456261 0
1.914272350798181 0.2626705851257253 0
1.895729232157074 0.29977128011383 0
0.5407151166889117 0.9441076688403005 0
1.852905155476009 0.7533875055770829 0
1.932578130664355 0.2291075135774803 0
0.4701503950276195 0.8236979938646296 0
1.12316005162682 0.07268972470000838 0
0.7502253627815092 0.4028931180467502 0
0.265882790271537 0.952391206714297 0
1.625411488231443 0.4731677839865991 0
1.6437440298338 0.501157256913502 0
0.3075182513428762 0.9546929710172505 0
0.4630317494868355 0.9445162154546327 0
0.7997893419301884 0.8838505298259771 0
0.7863740964425922 0.9056617205687298 0
0.7978588597254237 0.9273716485882204 0
0.7731621591745608 0.927175406660893 0
0.6339087447656666 0.6005149230612322 0
0.6282349659463783 0.5898288662548707 0
0.6338195952069305 0.5795184565468974 0
0.6396371836352547 0.6116490285873366 0
0.5873797304222133 0.0396659901489326 0
0.5640627882435186 0.04009546884226939 0
0.6151921408519689 0.04167004863298401 0
0.4816353441776709 0.3119310341581194 0
0.1776105272663621 0.04529377750783919 0
0.4457882282562549 0.7798458456377748 0
0.439608735891433 0.6172929058655994 0
0.2255243474308707 0.9523447337238738 0
1.365942301075802 0.4068787346108494 0
0.3456414631926032 0.6125342129961588 0
0.3347436952590086 0.6120890916935653 0
0.3285848884081744 0.6214621574734283 0
0.3240811132241559 0.611725132693586 0
0.3298751559141873 0.6023581084754857 0
0.3187857435350285 0.6013459134748852 0
0.3344379841452492 0.8174570676472677 0
0.06969383711880617 0.4793958083781636 0
0.06128370021691083 0.4632730143242317 0
0.04465911656194127 0.2385372052481559 0
0.05456002686304222 0.2544622006644441 0
0.5448865226239532 0.7540501801313673 0
0.3753759963211907 0.05229428497790339 0
0.3882127316212343 0.06944135705187215 0
0.3968162306333265 0.05120452719812894 0
0.4091074942611885 0.06826574035417379 0
0.5613155923489058 0.7534087650552342 0
0.1244326203251921 0.405893655253056 0
0.7787528498222192 0.4995222538447133 0
0.79651055661998 0.4996762506839794 0
0.7886285710367426 0.5159002547817654 0
0.8069581332710323 0.5157207420130687 0
0.8161512145623911 0.4984974057459405 0
0.825212514762103 0.5150795361988267 0
0.7970440451093436 0.5331570643619662 0
0.7793737753151475 0.1352408514513843 0
0.218523377226558 0.04145728792964585 0
1.161143853585987 0.3001281312140451 0
1.417244660703396 0.8664384108410449 0
0.4781413282596376 0.2091462531591498 0
0.4617491703110735 0.2095305863983665 0
0.6640037249630484 0.3091396838246155 0
0.762952457027987 0.9033399021249561 0
0.7504387162108735 0.9246290920411939 0
0.7852736067777265 0.4523931285503958 0
1.915422643032334 0.1342184019841428 0
1.895897052146562 0.1000686608413773 0
1.588707105931762 0.9180267822967823 0
1.627989336078149 0.9159542419399751 0
0.7306731317631689 0.1360661302600591 0
0.3111615560811783 0.7740394230069031 0
1.172946411933913 0.6234462158055618 0
0.1437119808925389 0.3549120933057839 0
0.7038332336906842 0.3948750845317355 0
0.7197480826164162 0.3933007709263084 0
0.1482949347699411 0.7885983568656211 0
0.139996019815118 0.8037410127001767 0
0.6456360882843437 0.4800088096347737 0
0.7840134366333914 0.948938439681027 0
0.4959245857023785 0.8102908647386481 0
0.7186442537966987 0.5758376322670512 0
0.1364710608343184 0.3709045020363401 0
1.343254289363271 0.07181554301764696 0
0.2569525392093522 0.6833605685527632 0
0.2499129715143932 0.6707368647425728 0
0.4437750872247024 0.6456228682183591 0
1.46989281722348 0.9398452078103583 0
1.770706903885308 0.4634737857420346 0
0.4113505353241974 0.6251121979708358 0
0.2817305014403865 0.7098562584716054 0
0.2682132552892059 0.7090093093164064 0
0.09484081582823276 0.55673192076607 0
0.571134562925075 0.9650475777647729 0
0.4983263298521811 0.04126878796911899 0
0.3765047140518213 0.2833872953847733 0
0.3627246779012536 0.2820204306888089 0
0.04093823744571887 0.2068539426899317 0
0.05015324839705997 0.188105631635455 0
0.3893755578852159 0.6153956253596904 0
0.3367298482779815 0.3972764109149668 0
0.3254927483746943 0.3963339851953387 0
0.3462712957293784 0.3967496905916239 0
0.406445295627881 0.6352491852275611 0
0.6391834194353198 0.8194105208277269 0
0.5666318325922706 0.1971685671073673 0
0.5576436289091915 0.2099019086887133 0
1.220220461003028 0.2995314535908117 0
0.6983301412497391 0.7861044098023839 0
0.6884590119179748 0.7690346421214243 0
0.6704054532982096 0.7692264202266919 0
0.6789516023448146 0.7528535325081587 0
0.7107893695438734 0.8028190426571797 0
0.6610424172212365 0.752032355132542 0
0.670443363443505 0.7364128105870591 0
0.6903751621416518 0.7379542716367152 0
0.6793781954312396 0.7215425844210188 0
0.6620334070680408 0.7210519302519988 0
0.6697364175823182 0.7068868076041249 0
0.6875112553075388 0.7059366842863966 0
0.6537543628366131 0.7064700487584361 0
0.6610450234099804 0.6928594381185259 0
0.6455629336133304 0.7204310279024895 0
0.645808366732408 0.6922756652986449 0
0.4054984669630909 0.2803809624178512 0
0.04433508519697413 0.4278920827442056 0
0.03268938375823432 0.4135113558497386 0
1.408882164690963 0.06880718830865062 0
1.21665777802267 0.5495893403358892 0
1.24643339063791 0.5475146864300416 0
0.4220391617385656 0.6448813678464894 0
1.475556306653091 0.07028631292719204 0
0.2574473699156316 0.478306105248355 0
0.3172975067657443 0.6207957426102583 0
0.1451788888347955 0.2163245654582765 0
0.1360127689425531 0.2005050269679217 0
0.1549152130826573 0.2316369623073923 0
0.1474171311358094 0.2473074117865416 0
0.164737694404664 0.2465399617293803 0
0.1577085284622621 0.2618510280603774 0
0.1743240259831431 0.2612721954182622 0
0.1671775308889229 0.2763338818579079 0
0.1501590564762777 0.2773859150939584 0
0.1597547869799458 0.2915951777769742 0
0.4184214409134643 0.05021677843314525 0
0.4294161963684406 0.06698919538870997 0
0.4401784493119652 0.04860828278156309 0
1.511724123993082 0.07043043416988008 0
1.538038511206545 0.04482768616330765 0
1.547657551473501 0.07620590970687255 0
0.6351768904781488 0.4228744700834645 0
0.6238719069447628 0.4222586426446671 0
0.326248082400317 0.3777658106356638 0
0.7092656098501487 0.5636014952043686 0
1.370522423478924 0.9476505615695174 0
0.1566712062219901 0.04630847998597819 0
0.1483010888271284 0.06319835973114496 0
0.1364098422381407 0.0468429695106632 0
0.4949518885119879 0.6181984626356575 0
0.0436222431116452 0.4619603752650104 0
0.6577292054214511 0.05581663690909933 0
0.682001557522338 0.05267432675448502 0
0.3490770133645245 0.9567315920420393 0
0.2776504843878562 0.4995346024069984 0
1.381856556070008 0.8085526164168881 0
1.364862752585114 0.7808386588120204 0
1.333325881437958 0.7827189688530192 0
0.9421109178815218 0.5167594153281739 0
0.9164550826187281 0.5228933753974035 0
0.6203513656543033 0.5798283454897732 0
0.6274941238058136 0.5695403105414434 0
0.2686630997676632 0.2954246917062829 0
0.2618694346548205 0.3081576572510686 0
0.2538740117249628 0.2941872629075527 0
0.7533133188655051 0.2457840337214519 0
0.532268570866808 0.2208513207399574 0
0.5165364198123996 0.2215293207734888 0
0.1397506702807499 0.5199802960397053 0
0.1548068375606191 0.5229100382923637 0
0.1483295877539694 0.5077471322692337 0
0.3487068989821303 0.7098165860777698 0
0.1771268994747855 0.2917997899114187 0
0.5690356049006202 0.7687509185476786 0
0.441094256146687 0.3136247256234173 0
1.495353749651188 0.163979402269746 0
0.5914097633104141 0.9649487874833387 0
0.6232889791705358 0.4800473802731869 0
0.6284786122075452 0.4907871162904744 0
0.7307469250395063 0.4081547727376957 0
0.5469841976787575 0.1656736465917753 0
0.653751337425859 0.6781322902884683 0
0.6711438044303555 0.6796231014181605 0
0.3730795520043823 0.6427461887704718 0
0.2593733606331606 0.03932476027772602 0
0.620112932846823 0.4598959200035151 0
0.2478276509229978 0.7872492015494619 0
0.9734722217375797 0.6515351236832562 0
0.4108271305522067 0.7779563661773318 0
1.469196932114558 0.6610845476656647 0
0.1685937183981713 0.3069435981236128 0
0.176889925172164 0.3230116305433652 0
0.1509371562867555 0.3085383528428741 0
0.3345755053061387 0.09009201787668691 0
1.321543016172182 0.04564058022554785 0
1.715535919990933 0.4971749290857642 0
0.6460733571575598 0.6643892581671662 0
1.863572333966873 0.9173645954767342 0
1.901694802784881 0.917748093898238 0
0.3401554384023334 0.9020771839916331 0
0.04036943430480053 0.6916666110331495 0
0.04986592016132153 0.7081200489397791 0
0.03141973705418731 0.7080869215933536 0
0.04040210343362834 0.7256075727697904 0
0.03357540979242239 0.7442613979387536 0
0.05113648926585397 0.7401887572924043 0
0.04503009883430156 0.7588145807867297 0
0.245161569837381 0.4955141335131291 0
0.03566210596514471 0.5118505970474729 0
0.02373158774169067 0.4977168456586053 0
0.1592454826668687 0.7744218542896089 0
0.2422684100209118 0.682995986243455 0
0.8224820643742207 0.7586494262016329 0
0.7000212333912172 0.9505495984304018 0
0.7094526757420119 0.925701630992549 0
0.7233650555013147 0.9458562140347884 0
0.5673984181988391 0.3814270750597496 0
0.03504135226777524 0.5425565284232654 0
0.1132866800239188 0.8131262297703032 0
0.6652936916058508 0.613333317100847 0
0.2798196626496827 0.4799023005706788 0
0.2757350215631577 0.4701379815316963 0
0.2867687842840421 0.470791692130636 0
0.2817721664177746 0.4609083581104179 0
0.2712858452805038 0.4601555546777791 0
0.2782227756409138 0.4515614349223784 0
0.2886607705478244 0.4521608791402841 0
0.2847575014295234 0.4427226009156799 0
0.2960519519779088 0.4433069065711817 0
0.2917631390038236 0.4338872279266867 0
0.6243583455785148 0.4020725300997774 0
0.5139857829409552 0.8193678850629904 0
0.03950224816962297 0.5735776022970511 0
0.6951452766882121 0.9008259954269714 0
0.9059714607059732 0.276101234839668 0
0.8964594018665181 0.2513660172078998 0
0.6795968374905681 0.6136422333588682 0
0.6805463058366232 0.3091509964139342 0
0.5123429030583664 0.2870399547798037 0
0.5068834572157903 0.2994072911279665 0
0.9215796539857189 0.6471504672624551 0
1.655967843465374 0.06833626754680266 0
1.691432348970042 0.06978081106442191 0
0.9709671054305394 0.5184403327527497 0
0.4660099654559412 0.6465137293034265 0
0.1142773954468728 0.3902957690225244 0
0.266384086828586 0.4490113147543694 0
0.7026376271939254 0.6051100620447117 0
0.639105646044504 0.56914784576822 0
0.6327530390782411 0.5592817032714259 0
0.6199108699530503 0.5597512188156983 0
0.6263651911797025 0.549559130932897 0
0.6634805406354701 0.9661097719517141 0
0.4458906537084785 0.2778281492009419 0
0.6352181556193146 0.05661666837306285 0
0.5714681571925847 0.3063834097352151 0
0.5658195108791889 0.2944729828653058 0
0.6322408904823326 0.8041922294976207 0
0.2759443806726542 0.7710130243704727 0
0.07499432958134902 0.5715614929827028 0
0.07017614680158321 0.5875838338262043 0
0.4932009631122753 0.2094119238652151 0
1.456252772711192 0.2151067947164584 0
1.43758253993351 0.2426402388789247 0
0.5297657535913187 0.9242786028807016 0
0.5153557460272338 0.9439596941809011 0
1.56518660207816 0.0555675371296582 0
1.510661553126474 0.133411215927203 0
0.385460320202727 0.3624074801546143 0
0.3888193085510379 0.3729985844171444 0
0.03707739010718401 0.2538891077710103 0
0.04785225824155753 0.2721995694057376 0
0.6712729635339955 0.3752698709241239 0
0.03126315198678549 0.6745110706935322 0
0.720878961832133 0.9029201973357257 0
0.7354417018339136 0.3910013610218115 0
0.6388470766724432 0.2966056930724685 0
0.6310105916551451 0.2835429837319063 0
0.6389854435214256 0.2695796171866038 0
0.6231249708574372 0.2705228893707575 0
0.7199864870267313 0.6034212615476116 0
0.1028017609688436 0.5435227816283622 0
0.3444523405104165 0.594291339511146 0
0.3636924223550364 0.6021899355940312 0
0.319596242966806 0.4273904805392914 0
0.3092990267072118 0.4258434212143654 0
0.3158926828234652 0.4176042754042104 0
0.3055370853460118 0.416116221741103 0
0.3121755031314306 0.4079659666081 0
0.3227257942360536 0.4092702358170834 0
0.3071043280490311 0.4439719225613947 0
0.3347986327218523 0.5869634806781966 0
0.3249686313666457 0.591522880230281 0
0.3173524966638344 0.5831874804612162 0
0.1522125493583464 0.3685890373468249 0
0.2998954521227859 0.4542802542948042 0
0.3071993882071022 0.5558968003680567 0
0.3028881126002979 0.5656906074789458 0
0.2967307255729071 0.5559450082517776 0
0.2922392966183133 0.5657820530715356 0
0.2982712509330878 0.5750989671255661 0
0.2868397022301299 0.575498056245926 0
0.295160556852341 0.5262345099298705 0
0.2867556265444104 0.5349894841168487 0
0.2918349581499482 0.545626764805442 0
0.05597273851125923 0.443694584770775 0
0.07134479652035132 0.4515551341377972 0
0.03649856105676595 0.4462197754472467 0
0.5345377787776876 0.8201617549421296 0
1.37008256467171 0.5505034840247112 0
1.338031671083739 0.5486959666111098 0
0.2932422472837011 0.5158097363145655 0
0.6464198575071428 0.3106608382544419 0
0.373513764359136 0.3951120664581514 0
0.2912365326536253 0.4939538951617369 0
0.7972752524207624 0.318974018386552 0
0.7755930816583434 0.3200899694138421 0
0.8610348553368656 0.6219242658391696 0
0.6380343331282969 0.6800375438277955 0
1.925050858380997 0.8836438413187647 0
0.1882273604898833 0.4314437082560724 0
0.202783280783895 0.431287076432342 0
0.212769695760502 0.4433611121421063 0
0.2171392597778927 0.4298697779405583 0
0.2093551339892145 0.4188604952527693 0
0.2229241697427884 0.4184356599574235 0
0.215759167692329 0.4067836673814286 0
0.228973862924037 0.4064046421014272 0
0.222063764461961 0.3946828428086873 0
0.2353029769125019 0.3944138986758916 0
0.2283880181230178 0.3825732478663 0
0.2418437522270822 0.3823104202641153 0
0.2347505461001928 0.3704086349098582 0
0.2484390730949861 0.3698603678518314 0
0.2411965580361805 0.3581366415489208 0
0.2549400441011042 0.3575691979476792 0
0.2475982366393068 0.3458083868026862 0
0.2150202191689427 0.3832144279157841 0
0.226869102157978 0.3588510246964222 0
0.2019768751493853 0.407267315216733 0
0.2611821846266322 0.3454192640885621 0
0.2533956499843797 0.3337000678645755 0
0.2663972257200495 0.3567332401860637 0
0.2293925215778427 0.428423759951254 0
0.2394044178856421 0.333860081245673 0
0.2449588739283701 0.3211206368542732 0
0.2546907063582803 0.3831122342210276 0
0.2296709297220051 0.3206680361577298 0
1.020111031784585 0.1477077662105174 0
1.332263165278204 0.4063596139859474 0
1.321573303582821 0.3782865810831431 0
0.8601348019289393 0.7767775258180658 0
0.8821304171414758 0.7766678277809658 0
0.9456589159314747 0.2989744087353643 0
0.4921153280226447 0.301663666129893 0
0.2908403877339354 0.09044948863845827 0
1.347170512305148 0.7510914990333195 0
1.381585692610596 0.7519713626443059 0
1.416032875203378 0.921660826364159 0
0.2968986134773414 0.9022129545181945 0
0.4704681391199902 0.1956966661446742 0
0.4524664816880236 0.1956121897677429 0
0.4613982864811151 0.1808403119444683 0
0.4430468133615538 0.1813029858628284 0
0.4350662717780064 0.1962770777409495 0
0.4255036372154438 0.1820802351899566 0
0.4176432518841845 0.1971717376896036 0
0.4081863829812461 0.1831389276388872 0
0.4004296516926001 0.1983901846274233 0
0.3910511570384153 0.1842296578784418 0
0.3833920436316321 0.1992479133037094 0
0.3739853528503974 0.1852226148249309 0
0.3663546464206952 0.2002404948818527 0
0.356955118434678 0.1862982087216695 0
0.3494196816924709 0.2014725331963617 0
0.3399546451743114 0.1873449637094188 0
0.3323563372377408 0.202628035107829 0
0.3229457545066258 0.188414358490247 0
0.315284927346317 0.2036331919262667 0
0.3059254942876908 0.1894541582791272 0
0.2983063476168658 0.2044210203308987 0
0.2888925506910433 0.1904499031533758 0
0.2812528050919612 0.2054627102934141 0
0.2717891437523275 0.1914834603543264 0
0.2640981395321345 0.2064298941162605 0
0.2545710892160543 0.1924373514581511 0
0.3815794444012662 0.1697812697539928 0
0.3084453631882827 0.2182629249515712 0
0.357797892850224 0.2153572776742835 0
0.2453383126066823 0.2089671277611427 0
0.3305182822603903 0.1730238402924252 0
0.392822701968245 0.2136191699604135 0
0.2968587501438189 0.1745974703170665 0
0.2726072817780027 0.2219699779733592 0
0.2392866291599251 0.1943399732634599 0
0.241905777384211 0.1787291689438964 0
0.2989261553096083 0.4244651634797587 0
0.2946000725538176 0.416393158334727 0
0.302185100899958 0.546532302434116 0
0.2872999356250083 0.5548530521123449 0
0.4745624680744311 0.3222078450242817 0
0.2327544011711583 0.2220255300400892 0
0.4342874675738808 0.823161398176211 0
1.231039654096393 0.154286047344627 0
0.3914729165107594 0.9592739774746747 0
0.2718419688829203 0.5093266642220142 0
0.9565422115447328 0.6692014404527912 0
0.6471448431405553 0.5084983566266408 0
0.6346517050362167 0.5094488454895363 0
0.6291860419929305 0.5200174021351563 0
0.6237571026407973 0.5099641037541021 0
0.6400894735358652 0.4975954874402603 0
0.6351907056508717 0.5301817676500269 0
0.6239421309894719 0.5298393662694392 0
0.268138965057793 0.5508900879863896 0
1.725431768852681 0.1308511149728372 0
0.08993778661622409 0.4071316805369111 0
0.3087750295423817 0.6296338544811447 0
0.6658281638827408 0.4710496299539955 0
0.6597636685867853 0.5776413203088299 0
0.7204192507979084 0.538562740356139 0
0.7048702944702795 0.5386450492739541 0
0.6960084631998451 0.5255687383489238 0
0.7032987861616351 0.5107249709843157 0
0.6579340173359712 0.4836888972794686 0
0.3679928497832466 0.612767886486857 0
1.840296090272668 0.06607468180916888 0
0.3949623379335799 0.39152248328044 0
0.3998998145612188 0.3825774355344488 0
0.4100054298097771 0.3822528927373088 0
0.4051428608543817 0.373406773256645 0
0.415362072295951 0.3730385290201584 0
0.6269868539494875 0.4495662029842705 0
0.6198280089556394 0.4400177442624164 0
0.1568631415070569 0.803441757383626 0
0.151584885297192 0.8190129901404799 0
0.1633354041290526 0.8341717915561434 0
0.1435793484075564 0.8379439337286981 0
0.4098387687207164 0.3636699840006716 0
0.3264758197505758 0.4199128413543298 0
0.7077562522959615 0.297501317279283 0
0.6183480468400635 0.4124138234487293 0
0.3922498630388336 0.2848304610036257 0
0.5038539905873256 0.2746627570179978 0
0.3224353824152758 0.6311404799610425 0
0.4949600759338443 0.3150495081084345 0
0.6603293681450335 0.7869195585347728 0
0.2964705119244235 0.6066871515408182 0
0.3025276845449263 0.5965165583985528 0
0.7660879933949173 0.3001913172694347 0
0.7457787722745461 0.2985790028380295 0
0.5459572062942208 0.6926951155348984 0
0.5385778436522365 0.6806793293683049 0
0.5249559110972947 0.6799263643857263 0
0.5173439634735754 0.6922108436041464 0
0.5031134387424496 0.6919598641069329 0
0.2135504817618493 0.5283947845298965 0
0.219104907307743 0.5402427217584094 0
0.2121581869439029 0.5518462726429485 0
0.2253531967062154 0.5276147408859272 0
0.2333756326780839 0.1609427321109302 0
0.1402627202620418 0.6783965975531808 0
0.1488597086992162 0.6640593624723402 0
0.140703066310906 0.648886984804085 0
0.5216680260446491 0.3552407602895376 0
0.5145172534003984 0.3646200227463108 0
0.5029881564955571 0.3633400290566721 0
0.5075478221542836 0.3737856083785454 0
0.4964179945486513 0.3726222909487363 0
0.5185944081095006 0.3747509403171101 0
0.4910936215328237 0.3620262608558099 0
0.4847738699690434 0.3717237179873148 0
0.5259409106702818 0.3661905670287567 0
0.5289199696338533 0.3762710364385185 0
0.5391129583919957 0.36866711554389 0
0.5391559456144388 0.3816282323316102 0
1.650900239849895 0.7155288868699099 0
1.615421380351381 0.7133926320278499 0
0.6386508123164325 0.7061807767491879 0
0.4737964924623141 0.1672215574845804 0
0.4623063163532353 0.1505455172449729 0
0.5309015700046366 0.6378720763335046 0
0.5368540419149553 0.6279300703379886 0
0.5482900219245711 0.6280213124269204 0
0.5417236564422688 0.6183867341848588 0
0.5254347135944294 0.6278837078089101 0
0.5140329314286112 0.6272210269587273 0
0.530929960867728 0.6182749430705663 0
0.2199587826667068 0.5158387466116462 0
1.927220130793857 0.3623359061201257 0
0.5458784295893202 0.3581030816004488 0
0.4303303924689458 0.3558022958737163 0
0.4353280730886158 0.3663918502987381 0
0.4467591168153214 0.3676904305684187 0
0.4400864658703343 0.3766749064092172 0
0.4511053692733296 0.3773077863371413 0
0.4286947338939963 0.375320215861379 0
0.4576360553006378 0.369099688811842 0
0.4627762166952705 0.3777661093351053 0
0.4447704285611795 0.3864144718001329 0
0.3082507874473401 0.6071219869632201 0
1.403204622673589 0.5487274816875475 0
0.3736169309090402 0.2695016818991993 0
0.3602088204527314 0.3795825500439376 0
0.354533586705901 0.3901946783982821 0
1.712542338884712 0.03789754454661119 0
0.3942243767686804 0.655265575163009 0
0.5266774533243489 0.3108235617446615 0
0.2162619430870081 0.3477171396638128 0
0.7235765645753753 0.8201941227829226 0
0.7351272860961389 0.5699916152540633 0
0.7463433798889584 0.5857387166436492 0
0.1996353566100955 0.3752534133077354 0
0.5746933803597907 0.6933353360356196 0
0.1328521322397851 0.3114305005872445 0
0.159413225951769 0.3226477830179039 0
0.1529273877442405 0.3391788236655386 0
0.7072319729305407 0.1344113870623798 0
0.6840307269619001 0.1338779598546962 0
0.4355648139799069 0.7262589645366402 0
0.4285921085595721 0.7136868117647458 0
0.4141414251850576 0.7129166832236286 0
0.4201886455930033 0.701210317400524 0
0.4355779248825329 0.7019132870447705 0
0.4057975336427886 0.7250193110227117 0
0.3990977361532787 0.712567967616675 0
0.3841563697091739 0.7119056169348118 0
0.5563023814648276 0.3778776404270757 0
0.7551624123987243 0.135734068663122 0
0.5284281853109498 0.7541728687098189 0
0.5216443664970898 0.7392797593295333 0
0.8189964134338865 0.3197900333053693 0
0.4825107826813136 0.6182146964572018 0
0.4236193396259368 0.1513835876313914 0
0.3040654274598797 0.3879748939959998 0
0.3154066907033571 0.3911502612113645 0
0.2883419990512635 0.1581772913792627 0
0.6285209118864944 0.391798116481719 0
0.4548746077073917 0.3121848169584495 0
0.3978132519954916 0.3647849425929451 0
0.4955497331101921 0.6804879061255005 0
0.382139469136527 0.3814636770640494 0
0.2545953667887423 0.7171630290652523 0
0.172098834132728 0.2303722718926695 0
0.3563904769713405 0.6537806511839457 0
0.3754077988881135 0.7239827455272876 0
0.3702616337199393 0.710203446107406 0
0.379184094645998 0.6988205711365132 0
0.9360929371741641 0.04554316826802206 0
0.9086489012525323 0.04634755847951424 0
0.3790805973852429 0.6143222300952792 0
0.4023813240079391 0.9796373069644272 0
0.465345619615369 0.7275181055174899 0
0.458619830751449 0.7149785683894849 0
0.4433250714708517 0.7144910884471274 0
0.1867359648192217 0.4046339087550355 0
0.6954329343590184 0.1539628873518182 0
0.6855981959059682 0.3699787580102287 0
0.7341656802284444 0.798848520511465 0
0.5070769551652777 0.6377653983286794 0
0.804666656155412 0.1400866110087187 0
0.1574446396550532 0.679252942512267 0
0.1644748552574375 0.6629175397607908 0
0.172398375238157 0.6760908187186054 0
0.1680989771592752 0.6941008575551444 0
0.3921970174898834 0.777564207235756 0
0.554379354647335 0.6378213540823525 0
0.566237235840416 0.6374695815402603 0
0.5727369793434631 0.6474529341381677 0
0.5778948897496724 0.6371088669455327 0
0.5838554582847773 0.6467961929081664 0
0.571566448101239 0.6275076620868232 0
0.5790439542822853 0.6576018205709522 0
0.5599310612678261 0.6279009837412451 0
0.5654125528946372 0.6176255632428314 0
0.3006143061401977 0.03743781905289446 0
0.2830059341733945 0.4168931355891959 0
0.1832666208324266 0.4697438290490442 0
0.1767162832378195 0.4827194751607418 0
0.1619928677863614 0.4856870742162627 0
0.1728913833906593 0.4977039896075636 0
0.7170714351551727 0.7839428211163741 0
0.477121830894136 0.3619632644136344 0
0.4733942368278115 0.3739630966199006 0
0.479633051976801 0.3819435773000154 0
0.8038692661234319 0.4458834874520214 0
0.2170708209497267 0.6476794282696097 0
0.2319940149079051 0.6484914430079102 0
0.2253692111621351 0.6355081584095609 0
0.23976882130543 0.636279618627726 0
0.2332892998737655 0.6236760130786088 0
0.2459548285589402 0.648665609141059 0
0.2465232841942572 0.6243775660109521 0
0.2404099982583174 0.6120393368152917 0
0.2269937663937141 0.6112426759474885 0
0.2341500900637468 0.5999079618270137 0
0.2207688250584423 0.5989473619932998 0
0.2279194166463116 0.5876247557794438 0
0.214535344420673 0.5866253716510332 0
0.2225239018334604 0.5757173394645083 0
0.2091587644787035 0.574472397141958 0
0.2069495332180089 0.5982194273288932 0
0.2469814129041663 0.6015444723846535 0
0.411952691496105 0.2121712361991721 0
0.7287165685756778 0.7136124770412279 0
0.7096800656833978 0.7131649526976527 0
0.7199408018557361 0.6964132502444188 0
1.463138153116454 0.03243697764915776 0
0.3418946505431034 0.2165688146929272 0
0.2532623268238198 0.636612517559642 0
1.66085041506339 0.8760588671105425 0
0.7870061061572914 0.02365264945162494 0
0.7738147078190445 0.04667110925975716 0
0.7462342214098516 0.0446739331654589 0
0.7325250788266181 0.02281085741237549 0
0.7204398531145044 0.04180497642695541 0
0.7588628674241957 0.06910732651160571 0
0.8012537219833021 0.04732730228897639 0
0.8285534644353425 0.04769233958062934 0
0.3191276306092148 0.3677695482523314 0
0.1494310978755808 0.7569379232933999 0
0.1674442640653126 0.7571794090561089 0
0.1397251273728363 0.7411413150400153 0
0.1745325987962057 0.7405313074228742 0
0.8438335839227074 0.9758420287367932 0
0.8333196611812679 0.9512404942502348 0
0.6952314111709088 0.4963544576306816 0
0.6803372298266199 0.02499292132169714 0
0.4275227927494215 0.3143066340193382 0
0.9000818143241381 0.9757012074356968 0
0.914177671162786 0.9513491364557445 0
0.9416798456419621 0.9510099703225257 0
0.9269358944867566 0.9282117643137806 0
0.9543991284221708 0.9278830238268423 0
0.9708474607334848 0.9504880999711506 0
0.9831625405852362 0.925542233687588 0
0.6480548989662165 0.4250982927752925 0
0.4992581829008492 0.9799718160738462 0
0.4850040001216894 0.9599581924084444 0
0.7091152160860591 0.7485398456409694 0
0.210171530008287 0.6343063394629967 0
0.6709551587861338 0.2365661892568516 0
0.6538167800840081 0.2353031364009613 0
0.6906206002940559 0.2359765859105465 0
0.6453578613787883 0.217604814268005 0
0.6436857955097679 0.2520329744740148 0
0.450248441160313 0.9803827458470856 0
0.4401929870112735 0.9586168348805659 0
0.0734300087261188 0.2531988893457449 0
0.4474619787196679 0.02423501017510818 0
0.2945743471340259 0.8354979331531436 0
0.2752470904173083 0.8349590256930488 0
0.3022548719111086 0.8185131516157842 0
0.368419870996783 0.6537622498046101 0
0.6535174719490647 0.38918309403074 0
0.6455113403593531 0.3790878236026523 0
0.5817917681966445 0.6811205119898067 0
0.7303789001444461 0.6183528199314671 0
0.9095803836992893 0.2290470333317189 0
0.3704497381799312 0.837516445991787 0
0.3567204110354176 0.9784853812145148 0
0.3995164071481144 0.01871660971879618 0
0.3543770686313322 0.01855355268829591 0
0.1203655049409525 0.3737112166725774 0
0.7319585176592242 0.980300332664105 0
0.8423681265639843 0.0238844674197774 0
0.3676496806790961 0.1538815980224968 0
0.6546652822618422 0.7350170977546377 0
0.701373434917189 0.4569350387880873 0
0.8559698086197276 0.1382804905112104 0
0.8456005282460224 0.1619066949149022 0
0.327714209205144 0.7746484429041045 0
0.3083371713485265 0.9825526693446878 0
0.7785693676558678 0.5297855874130837 0
0.5437616906686185 0.836295742630867 0
0.5443459206065907 0.8048946399100894 0
0.563336126784461 0.8017766441495648 0
0.3380055551041009 0.3582347842712206 0
1.323466540176302 0.5196105710338865 0
1.306790587635451 0.5481649029572612 0
0.2638645684810234 0.9824158392541447 0
0.4656239077627322 0.2636912487255874 0
0.01704376428761524 0.5510719633406428 0
0.01683481264368404 0.5911716367245995 0
0.03352821511976192 0.6006176901658546 0
0.6572930502155239 0.435839937188277 0
0.1534413462732054 0.203232151404424 0
0.1485184962931677 0.1840984021140287 0
0.0163592690885587 0.3700808711566346 0
0.03623711188679603 0.3619638117689593 0
0.03419322351935598 0.3404811385374162 0
0.01721109686789845 0.3301096151443728 0
0.0342277128670599 0.3201159637733311 0
0.03391369962013892 0.3006426921699144 0
0.05020479694802636 0.3099643132043584 0
0.05254612667928827 0.3308502901828101 0
0.04921534262219637 0.2916782635885171 0
0.06729194596925124 0.3001011057155381 0
0.01681339559007953 0.2909598415972595 0
0.01719632813970034 0.6297849140429749 0
0.9861082286519722 0.4958775842836927 0
0.9990644907573203 0.5202580839537896 0
1.025108393704119 0.5161897922544316 0
1.016484154812356 0.538985442582292 0
0.3634141661126631 0.9034460159326799 0
0.319763566168786 0.5728795993133911 0
0.3090843726665876 0.5743895445162011 0
0.3035149636180267 0.5847455903786523 0
0.1909229415708084 0.59174264408055 0
0.9351903334309239 0.4910045620590067 0
0.4007345436418009 0.6454800365566523 0
0.2197449725826061 0.01982723949334942 0
0.2190998810700087 0.9822465864489024 0
1.442525005389896 0.06336900587284466 0
1.396738555720851 0.03590100975522031 0
0.328650162679288 0.2709711663730655 0
0.3363583838436789 0.2827437167912206 0
0.3222759934853965 0.2842378051481955 0
0.3300495590905957 0.2949632298582103 0
0.3152660072647711 0.2978909330428201 0
0.3063603345295932 0.2849016457256487 0
0.9864064808655371 0.02513025689355545 0
1.001250136629272 0.04993023194679387 0
1.030086954679221 0.04943655695266211 0
0.9703858840712016 0.04912489621487073 0
0.9815508134293901 0.07173431659844923 0
0.4608438892038585 0.617859907229669 0
0.1731404104328854 0.4317892310654561 0
1.338055554390784 0.3510196303632372 0
0.3318786686992218 0.8366033429620782 0
0.3587421360504109 0.08859166304567981 0
0.129262038777437 0.4909647018188226 0
0.390456665973152 0.6444080905474456 0
0.1338801832291186 0.1326616546852273 0
0.1446433042033115 0.1486971453896988 0
0.1643266754908937 0.1472120711660862 0
0.1360347961691133 0.1666578744089973 0
0.1161512755780457 0.1677363659115686 0
0.3247256308063977 0.2175433846598908 0
0.2502233491426078 0.09239372376430822 0
0.1237386842053983 0.6479406329199158 0
0.148887030932201 0.6334827204563307 0
0.2833623527464171 0.5103666792265059 0
0.3159050563653409 0.7211011100349386 0
0.3093660736106429 0.7086081717012026 0
1.292672463186663 0.04805658140878383 0
1.265043624387896 0.0608866112310333 0
1.239013128652585 0.04894609501609042 0
0.6474602591994256 0.8376639144238354 0
0.6358245984535222 0.8546685799994691 0
0.6455072543612672 0.873429240390167 0
0.6248336222848746 0.8342343063753201 0
0.6138972170260006 0.8534116616689833 0
1.640000475173488 0.03399092496645169 0
1.615558553170734 0.06752051568993471 0
0.4623720306953805 0.7804648892258977 0
1.676311221885557 0.5578914672933907 0
0.6477203628735981 0.5520138902465861 0
0.4946808901112399 0.8520543759725883 0
0.485367485087359 0.8348772541642792 0
0.57984753797436 0.1681252694392352 0
0.8157582015106103 0.7361646483367746 0
0.8012413338227578 0.7532942124318934 0
0.8366242579164158 0.7788966693329156 0
0.173214452680805 0.1299082785455224 0
0.1410254666366895 0.6184755275817105 0
0.1292896467032295 0.2485318403770399 0
0.550611868153866 0.9788739242048076 0
0.7868565673389082 0.9748728566407205 0
0.2619793472420872 0.3694338543544467 0
0.1314985429474511 0.693613867167756 0
1.276892629676454 0.6625734535259846 0
1.109277669435425 0.1527691525036159 0
0.7767344170012302 0.8818462535017031 0
1.079044405400639 0.1559102068936965 0
1.058734279737783 0.1756930154492974 0
1.682239411166124 0.8427732148594701 0
0.5578415591163829 0.1344195515080442 0
0.5358751864946713 0.1361633399971488 0
1.45976399623285 0.7323980094628744 0
1.443997498250612 0.7030502570501885 0
1.427397378880736 0.7313018810107195 0
1.408360492193569 0.7020538296796337 0
0.4603987390022533 0.04478223133223687 0
0.01984093467052023 0.2090387329563295 0
0.01720960657161821 0.7898079129605884 0
0.03431540189690264 0.7997545907659687 0
0.0344743902057706 0.8195326644285554 0
0.05125225943638417 0.8092133637051986 0
0.05096036828851745 0.8275930138434309 0
0.05078308612785607 0.7904704357605429 0
0.06880024972910662 0.7993081321723036 0
0.06730440944330152 0.780332976894492 0
0.03464271841507374 0.838908068428271 0
0.0526881251145528 0.8484522466677342 0
1.046856788792637 0.9739554171360829 0
1.060801771075215 0.9476008986740678 0
1.09134481121684 0.9479086463364051 0
1.075357519351842 0.9211730191210634 0
1.031669870560401 0.9479021123361703 0
1.105480500261651 0.9202100940481881 0
1.121194701663548 0.9474919611967871 0
1.135705869839712 0.9201591286515183 0
1.15002722053917 0.8930798695522737 0
1.166832767389288 0.9193980255579206 0
1.016900017320348 0.9740840406048892 0
1.000060656465557 0.9488317364616548 0
1.012895151733883 0.9168400348072161 0
0.9921700257065558 0.8992350059119134 0
1.043493329708212 0.9198488978164243 0
1.060540070509141 0.8938365670768211 0
0.6896358349334621 0.2967340752654729 0
0.6978311900885366 0.3124229535839447 0
0.2389736742899597 0.6615486267223888 0
0.4062953220057555 0.7004644217912512 0
1.650540007137874 0.2576575299545111 0
1.614986849791266 0.2572800515105293 0
1.533268281965779 0.6156083457904955 0
1.517405040967657 0.5836610219255182 0
0.4539106071557555 0.3582496701848392 0
0.7389158403436539 0.6968266165351663 0
0.7131449871253263 0.6786216231925328 0
0.7024984027642419 0.6927491326574279 0
0.6868354896230169 0.6868796548731586 0
0.7225506046077974 0.6638486797582781 0
0.2827905284549928 0.2733998690317765 0
1.199819694525562 0.1536478957239136 0
0.4452565938746915 0.2101830617122929 0
1.076645394498389 0.0251427226445718 0
1.093187767240291 0.05278576292659788 0
0.5980780492027954 0.6578022759330253 0
0.2566559895994454 0.9010397455055348 0
0.389779000796767 0.8379082541896029 0
0.884550938935335 0.2288539563608189 0
0.8704596251375221 0.2531227905630788 0
0.8475991728337476 0.2469624298417954 0
0.8359208894948831 0.2251859090331488 0
0.7263759415409536 0.2203933879842712 0
0.7350926827767006 0.238729483461014 0
0.7674123188489693 0.2264991486078078 0
0.1846591265002558 0.2767921752669114 0
0.1919655573035333 0.2599774976285783 0
1.687111724877365 0.7166195674265255 0
1.789032833602681 0.4301524262719884 0
1.751672381602829 0.4290613801685597 0
0.3929427257638067 0.6997326222612228 0
0.2511152694162499 0.2785420229881772 0
0.8132001149875714 0.8624941911692616 0
0.4324351417179676 0.384363330027383 0
0.2355354018376704 0.5781700146291374 0
1.1384103373131 0.02551762781790193 0
1.154028828960113 0.0536977783183915 0
1.189491971556686 0.05099008268480162 0
0.1900409782465851 0.564175227447537 0
0.9092033161549631 0.1389944850875154 0
0.1802551373981365 0.8651052974714843 0
1.168513188506161 0.1524079979748695 0
1.1546355947359 0.1810044060491302 0
0.4176792233838548 0.6162983069921804 0
1.375603077514073 0.06301158308218123 0
1.294158705432191 0.1553111122786931 0
1.442546735826803 0.7610676197183391 0
0.09442034993676858 0.8131362425017239 0
1.462244026003598 0.2915566189980088 0
0.1980264076742159 0.5516865793079382 0
0.1309025008752994 0.2801165832153012 0
0.6705490009887518 0.9067778536641911 0
0.175847501183589 0.01741368801319985 0
1.615726216131381 0.1960466146520783 0
0.237665827350704 0.8341168171706244 0
0.2465766933117229 0.8177644745255011 0
0.1757550588952594 0.9813929959639527 0
0.1648290537886546 0.9631957209595444 0
0.1437823156697848 0.9633117614127937 0
0.1540346905837834 0.9459897093295171 0
0.1332809153797894 0.9460560637741955 0
0.1229621658523799 0.9633683604184882 0
0.1126594778966641 0.9461593148477997 0
0.1774875274642249 0.9453010851414007 0
0.1023448447770437 0.9634967153146248 0
0.09219804678843621 0.9457191744261462 0
0.1020057960767697 0.9290710019128281 0
0.08198229045081717 0.92853988543695 0
0.07189589630051521 0.9456641131578583 0
0.0618219424947803 0.9281475599181923 0
0.07170130747362585 0.911093941432994 0
0.05222305885068677 0.91098292998648 0
0.06159050305397834 0.8935778893707519 0
0.05211485029092798 0.9453082607783668 0
0.04342065026552644 0.8946164341299184 0
0.05159852627413077 0.8724860733333604 0
0.03193494800767471 0.8806529442123161 0
0.06166584957248841 0.9631268423255508 0
0.03737593453750918 0.9616966471835096 0
0.02981994448732124 0.981899304795131 0
0.1866388473962078 0.9640352477698131 0
0.1421735666666119 0.9295842848364639 0
0.4183522519764335 0.6559678252701389 0
0.1157376082882752 0.522259700774319 0
0.5808976028202469 0.3623313996315472 0
0.5904790336044885 0.354525235129492 0
0.5845882907049383 0.342198493078991 0
0.5966638638308551 0.3436454379726205 0
1.7805155487092 0.1627358537531506 0
1.761199222708296 0.1955992407021537 0
1.778991592977063 0.2286521956149244 0
1.262654667655236 0.1549230680986799 0
0.1123737155556084 0.9816053627457515 0
1.491857885904187 0.3462654780020019 0
1.461356246595529 0.3483740268320088 0
1.474073614991217 0.3750621617480028 0
0.8124958584184498 0.2242995384921845 0
0.7993556622971354 0.2446135984753168 0
0.141529274264229 0.8598079048784417 0
0.03452352270134245 0.7776618636107098 0
1.308456385517831 0.2951986468226682 0
0.5678055134088688 0.6810698900288524 0
0.4734388534067939 0.7154896513381473 0
0.3399321692311364 0.6036390004017309 0
0.88277163830029 0.1388701659541247 0
1.317554640548113 0.8087359618597023 0
1.299357779479414 0.7792989688202722 0
1.151977889884521 0.9468327224804685 0
0.2043315914556605 0.4562213226205498 0
0.855675277364882 0.04748282456647612 0
1.959262414283747 0.1375786605054749 0
1.964504744827326 0.8606559165546892 0
1.925848571728894 0.8447568448174054 0
0.3809065013555037 0.3515241324797787 0
0.1327446368989567 0.01716932398134061 0
1.964912670590906 0.3405174914882522 0
1.929762766716893 0.3220104022357321 0
1.499604063349818 0.9674709150359313 0
0.7821874244474658 0.5494351162796561 0
0.5948438534597067 0.3209835946090524 0
0.5819846680935199 0.3228031598055425 0
1.628645861722096 0.8045415251938997 0
0.08184281547953157 0.4222344657399729 0
1.507904567130706 0.376702380129765 0
1.458119201353044 0.4063825422520658 0
1.472642104517058 0.4353320347177461 0
0.07101145172230354 0.9815510799943442 0
1.233179790918202 0.9721577306171678 0
1.249169128686991 0.9444660697738659 0
1.281240445915062 0.9449906402828043 0
1.21696130986914 0.9451079112115774 0
1.261733894475493 0.9173548705128276 0
1.201100437652017 0.9723987933130376 0
1.184317284492478 0.9461200885595669 0
0.1460589360972593 0.4907359552009484 0
1.392436011163056 0.9733701387677615 0
1.965826424690937 0.6599809810601855 0
1.931850835355766 0.6409208730386 0
1.924123669938155 0.5995335042138468 0
1.96471296632896 0.5808198939162001 0
1.959393411812862 0.5375152552476989 0
1.931142895660909 0.6845076490442441 0
1.046202120808277 0.02452954474960573 0
1.229687363467476 0.9177434580879233 0
1.774541366657016 0.3583944708081426 0
0.2706399767255812 0.437295662082259 0
0.1116473979268729 0.01774986501801475 0
0.1010314572941587 0.03566335616016977 0
0.08064657060858138 0.03547350402164877 0
0.09071779314282741 0.05335979292806074 0
0.07037434455561481 0.05303390333576528 0
0.08034963948733387 0.07006844821981786 0
0.06015788839748433 0.07038388325829543 0
0.05067393353429615 0.05307820990690838 0
0.0406594285851246 0.07009326048188286 0
0.0500103146466539 0.08912710119383777 0
0.1111526107109991 0.05377526018001635 0
1.825416466274458 0.9688227066835606 0
0.7891191491599658 0.4080093836344676 0
0.7798093707616798 0.4230090672025933 0
0.03008595824828245 0.01681765440735238 0
0.03701569420244775 0.03666682890631243 0
0.05987039834650533 0.03556276930575763 0
1.089906825694401 0.8922428351152754 0
0.922428483843039 0.6034363648681308 0
0.5491588060998976 0.02093659691061075 0
0.5389412886761987 0.0412955278617793 0
0.4700397367066614 0.6579731018393877 0
0.1416834603890264 0.2937931036911832 0
1.62801234372076 0.412114877247124 0
0.09933787917606127 0.06985674607620665 0
0.1438940397091224 0.4609820870980074 0
1.757315715748712 0.3244987218962514 0
0.1900281779362065 0.7413943143156032 0
0.5338204375475791 0.09812857399525923 0
1.569807581494231 0.9710697848347524 0
1.554926712726458 0.9394121303817377 0
1.959049007082345 0.2605039949167174 0
1.486084190534885 0.5224795703615533 0
0.01694226814565761 0.1698816937191361 0
0.0342392164279958 0.159889936111356 0
0.03458567209213295 0.1400667862656025 0
0.05224866857231714 0.1485337223231026 0
0.05209529286000009 0.1287552761664454 0
0.03439837054783582 0.1198830129741552 0
0.06650127272602219 0.116474054462527 0
1.965696086643469 0.4195254355172413 0
1.96535937661682 0.4596890845965506 0
1.965358983848531 0.779999999999421 0
0.1556984584647398 0.1646716181861669 0
1.450377937384792 0.8512695175040754 0
0.08194915384921503 0.2358880231254573 0
1.640918634365947 0.9705962476787027 0
1.658191508588911 0.937455942536279 0
0.1612886924278898 0.5372784314909769 0
1.713484278261561 0.9689945480497628 0
0.1839300381633342 0.1457043169373324 0
1.78754231672463 0.9695516030129907 0
1.613317108778084 0.3191291356994498 0
1.901127338197233 0.03354051676722867 0
1.918563677406619 0.06649787540969368 0
1.901936430290776 0.9708823028653175 0
0.1389188025048115 0.2636412872921126 0
0.5187248530321521 0.2739638964782222 0
0.07045809536698636 0.01770777168199971 0
1.463241462731553 0.160993427509034 0
0.9912897887851672 0.8167167964085871 0
1.004535326595298 0.7928427312709542 0
1.031906825643156 0.7923846797572918 0
0.977084557277205 0.7928526778595671 0
1.018066712120112 0.7678756427409537 0
1.045306658602637 0.7678164678737016 0
1.059466339441511 0.7916935509718069 0
1.073073167674878 0.7672934203557289 0
1.030781901997905 0.7449045525362307 0
1.087175861835275 0.7429290589112942 0
1.101491914691938 0.7670902353938505 0
0.9913182921603246 0.767717473996216 0
0.9640007627047834 0.7684219110301145 0
0.9518527059358977 0.7445359566987085 0
0.9380022635931817 0.7653256487395872 0
0.9505207077910212 0.790889322958977 0
0.9209664341219475 0.7890173646745433 0
0.9136744453791761 0.7622365565453166 0
0.9104598174502858 0.8164554663001959 0
0.9644078341779074 0.8164046001156946 0
0.04200125621003753 0.9284401208580579 0
0.5530422507116318 0.7398400003213363 0
0.2658268935620089 0.8181875441168389 0
0.238243247750317 0.8020629447863385 0
0.2369978830495348 0.7730738783934389 0
0.604973519976356 0.6477062641251794 0
0.8951050195034993 0.06982587082577321 0
1.824098961539228 0.4299376117341321 0
0.7285553003684688 0.589268315546404 0
1.339319920149727 0.6069457882191746 0
0.5202061698605379 0.6183481683904086 0
1.59948349826761 0.6799991625425826 0
0.01726120717652745 0.8298972878297173 0
1.000156596522609 0.2539702792962811 0
1.011501621958965 0.2771696305649656 0
1.201396189736875 0.02430568327315195 0
1.751293739970555 0.909409539710027 0
0.1151240821783325 0.3125774618142357 0
0.1818391265177713 0.8333044503917557 0
1.926128830559188 0.473065297268356 0
1.162872382774083 0.8123980447146677 0
1.177773084770741 0.786274555545071 0
1.147994529773454 0.787650464460016 0
1.206770803540929 0.7861392811562198 0
1.189857553689843 0.7618255919890899 0
1.223294932029432 0.8115371009761968 0
1.133530405233476 0.813396107994089 0
0.6418163087274017 0.6246088181005602 0
0.06983528763780046 0.08620444970217386 0
1.767750798720343 0.5277759913789268 0
0.5035864307743834 0.7403872786018886 0
0.9816859131201819 0.3664786505909484 0
0.9934251551226845 0.3887168837201644 0
0.9677640820252584 0.3870361859465122 0
1.019485009177217 0.3898149652951699 0
1.582765076520734 0.1384016681076832 0
1.564258096274497 0.1073280283558986 0
0.494896220556917 0.8891117820124714 0
1.033805014819288 0.3686972006697921 0
1.045963836832473 0.3926964607233098 0
1.073084042877527 0.393612354425058 0
1.088265413376316 0.3715013201639801 0
1.101236390093706 0.3958077374028559 0
1.1293560689354 0.3980537088798658 0
0.9564206773897637 0.3650861205097375 0
0.9425631630645965 0.3857933069305047 0
0.9183319970695667 0.3843044419557805 0
0.9281192407463644 0.4056694464810461 0
0.9526693275904654 0.4083854464767558 0
0.9048303800559254 0.4031907157530157 0
0.8948948092482087 0.3825858016680073 0
0.8816216975421263 0.4000515953037707 0
0.9078081969622041 0.3626189325990071 0
0.08179735920788363 0.9635148622785579 0
1.389925261753637 0.2130112832205831 0
1.00780979678722 0.4097019341159607 0
0.01727031403469629 0.1299986003979151 0
0.0171989550663788 0.1101731079265207 0
0.02019778848700085 0.06979541493269686 0
0.0205911584744818 0.9290264406431464 0
1.285401978269754 0.8091405001417021 0
1.267014555901653 0.7845080669448594 0
0.01528336869286969 0.8897072826658068 0
1.144772025792461 0.3741975049940699 0
0.4979931529446667 0.3525492245734965 0
0.5213816396540009 0.1501282153275284 0
0.2193270230136226 0.6227849741277196 0
0.609093440972902 0.342801775934397 0
1.322897695102332 0.5780576451483133 0
1.297668218169461 0.9721359667890493 0
1.311415231853452 0.9456805821370404 0
0.3135578191259949 0.2718691704846297 0
1.053398396426521 0.2553629487982486 0
1.292720275232323 0.2658724093875705 0
1.27744936226164 0.2939295570639384 0
0.1099970452280229 0.3588332995830806 0
0.5757083193283172 0.2118443911075084 0
0.5651118944452662 0.224542113143486 0
0.06686986363009446 0.2691950687743761 0
0.2096231885756 0.963784685987004 0
0.6039938241671281 0.8710322766818411 0
0.01854082065003708 0.2521877737116916 0
0.1218473882990937 0.7404004941474698 0
0.09713417722955031 0.3914709197917752 0
1.108775732091761 0.2571465973829206 0
0.1174478249503792 0.2010896989026087 0
0.761175921469151 0.9449531369909755 0
0.9733460123997807 0.2526909250834363 0
1.22767776405403 0.2670419284165425 0
1.751898726711443 0.4963274637295365 0
0.8903679679867003 0.4871050028264681 0
0.9018878636905298 0.5057211013182377 0
0.8805002167484317 0.5058469921668776 0
0.1332369708508542 0.9816308032065219 0
0.8642858741949377 0.5459069910137913 0
0.5068412515581968 0.619242581216579 0
1.166618593882862 0.2587400502844 0
0.3637785763320599 0.8205706591865588 0
0.2753783857696698 0.6375675685313453 0
1.157330516510847 0.3998770057711707 0
1.187070825454428 0.4016297448833533 0
1.203392090897298 0.376881926591271 0
1.214063862392803 0.4036423895828292 0
0.5890895361321974 0.6180539005228451 0
0.5831759851972718 0.6275829988211895 0
1.857558616546262 0.09936603904134263 0
1.670696875000142 0.6841749916252226 0
1.967715221916834 0.7389668808182757 0
0.3262446436778549 0.1553761739025928 0
0.6392465253827537 0.09602128247115094 0
0.4230429218363133 0.3648680541149958 0
1.703709146206656 0.7489929684824498 0
0.04978293335144623 0.5909150975959925 0
0.160132812234863 0.0797767450381961 0
0.5536726045766509 0.6810107901523004 0
1.825943378629051 0.914363185808846 0
1.263839517675508 0.3792152171251951 0
1.72465206987159 0.1956699771618796 0
1.606424965186486 0.5014666005907731 0
1.186680141424193 0.6673913063723003 0
1.196915671796483 0.6433874620799737 0
1.225644812504866 0.6397508201917491 0
1.245101277890285 0.6634653103556423 0
0.5727352618666494 0.3402924952933704 0
0.8718728760490675 0.3787560234652168 0
0.8095834169599616 0.2635765424399649 0
1.842902078525697 0.4627073282689688 0
0.9210275919343534 0.2973753371510764 0
0.8807230560271636 0.4303293539961818 0
1.545158948040133 0.2586026785140184 0
0.09101694957213886 0.8775150249866444 0
0.344124344528757 0.7753565472357598 0
1.128529047797671 0.6690063503437744 0
1.14354529500191 0.6432243174288964 0
1.754254250894759 0.3907648066830147 0
0.2260076020188238 0.5521232550687993 0
1.452835725151927 0.5207896393672724 0
0.08673054096623552 0.7078362769762585 0
1.595443935714682 0.7411470671720046 0
0.07325137940921264 0.8451971043694968 0
0.8168428534896777 0.6607134072355954 0
0.8053159552196014 0.6442916598010231 0
0.7854838923614409 0.647032913219919 0
0.8141042946821829 0.6244355805940955 0
1.57831872455126 0.3191836889901919 0
1.524980821276881 0.793842751931079 0
1.692636315551348 0.5895278578643048 0
0.4956928070536729 0.7538357740822011 0
0.07246481556842103 0.6154313404459373 0
0.9565927265867595 0.9753244082913571 0
1.538199948670449 0.8835562103385307 0
1.782741776080401 0.6248870588451885 0
1.419334908732635 0.57733863735559 0
1.396814310901968 0.8380227532023528 0
1.072383775022164 0.6703358525105254 0
1.087776844220019 0.6441169774503992 0
1.187138487718914 0.5504555627261385 0
1.20151383149627 0.5244852575439783 0
0.4448653122183465 0.6573563902995937 0
1.40567384074097 0.6663353922907505 0
1.235859926263635 0.786248118234573 0
1.597468676538147 0.2276285476395575 0
0.583149862475991 0.2308659835215946 0
0.4042977980016129 0.9051252509059939 0
1.017283987222229 0.6711795185111257 0
1.027322604177064 0.6478864757092841 0
0.646809628665024 0.365889138862649 0
0.2104330007330924 0.09423074411969792 0
0.6179490732399729 0.5197234367478352 0
1.387883554808418 0.5196809646793954 0
0.07039569084583865 0.1877829889756983 0
1.720663832596974 0.3225402322390584 0
1.163627746351185 0.4279124690085577 0
1.129630119982228 0.5519305506556589 0
1.143681578163735 0.5254015163803024 0
1.853114057659127 0.2964023577042986 0
0.7543835010941621 0.3733081615516362 0
1.261778816933991 0.5742490158855429 0
1.247829913145108 0.5989787797293443 0
0.4552197202749251 0.2240054747094586 0
1.608902603989322 0.4410951835423978 0
1.874196087902641 0.1982435527949258 0
1.256904574466242 0.5165361845909104 0
1.074113457547592 0.5547292430748759 0
1.086588903789439 0.530072297235627 0
1.061022619824634 0.5342732136755723 0
1.10677442864387 0.973816677100762 0
1.27837918289086 0.1829806366201127 0
1.774480431714756 0.8155154989602056 0
1.281436563304262 0.4325519779673274 0
1.300621574001723 0.4060147717095715 0
1.860699871011209 0.5630583953464474 0
1.701432332044146 0.3528444783722045 0
0.4132646580647236 0.9601316570697517 0
1.355272004461362 0.6894104569254617 0
1.372889868561206 0.717680740087193 0
0.5095665354983006 0.2351497121553686 0
0.4151375622160694 0.3912785580472509 0
1.262716046722243 0.74215573454077 0
1.375080912082009 0.1281523653033728 0
0.1866151775163383 0.7705802184881934 0
1.555812215050612 0.4676301631477497 0
0.9878125434562917 0.1843316595973235 0
1.335634898265887 0.8918445552386728 0
0.4638960654558051 0.3898546925426115 0
0.2823228266160847 0.3445180416731736 0
1.074406273535669 0.8154545384280973 0
0.813234541726114 0.6035511111890535 0
0.7139602377719385 0.6187288906232653 0
1.743587441872432 0.163199658269671 0
0.4950262060732759 0.3913006305144821 0
0.4901749846066601 0.3817974160423758 0
0.4748955280591268 0.3911760577300115 0
1.596549784456489 0.2887903106081567 0
0.5117014150107448 0.3832316423022523 0
0.6277746727532336 0.6103705370311276 0
0.9080878620071738 0.5434940133577536 0
0.5146061153877539 0.6090245944872097 0
1.357276656969171 0.211773334938953 0
0.535000000000062 0.6086602540377963 0
0.9635180869138302 0.09389472426686951 0
0.5349999999998464 0.3913397459621377 0
1.814517636706828 0.7530855868683936 0
0.5445749857544008 0.3913637116172819 0
0.08298519557600958 0.7709809892258938 0
1.402967663331645 0.2962929316709474 0
1.215900304479839 0.1818185487061519 0
1.621120820031418 0.5883657499057016 0
1.592943936005144 0.4099907026871225 0
0.5649999999999177 0.3913397459621321 0
0.5849999999999599 0.3913397459621454 0
1.046387273863419 0.816051593776228 0
1.435479395821123 0.548737155792243 0
1.359158376410069 0.0986423753845497 0
0.451113143810686 0.2643221958610646 0
0.6082619590444904 0.5149423837061201 0
1.091054711690806 0.5038282756457652 0
1.689303887322809 0.132548373458431 0
0.6261618244344543 0.7320324911269041 0
0.608660254037826 0.494999999999761 0
0.6180768511893213 0.5001081925658093 0
0.6082805225276493 0.475012324745383 0
1.190432681994546 0.2999271721689796 0
0.609112430171497 0.4350377317484345 0
0.6088230019414328 0.4549957674094051 0
0.08479994510781488 0.2677091380838416 0
0.8157584274899873 0.07065936001230136 0
0.6082993558525321 0.5349884775815031 0
0.6180849866195952 0.5398611030280983 0
0.6090121813846064 0.5549628979540545 0
1.10357869107207 0.4308142693528518 0
0.3026823869162711 0.434485625666274 0
1.132325684376567 0.3005865145245696 0
0.2137058832106352 0.1914947622912812 0
0.6099916613142039 0.5945444596052639 0
0.6094191052862826 0.5749497517667913 0
0.03458881645379393 0.1003558635046474 0
0.5008741843864426 0.1153118923740732 0
0.584291964854368 0.6090241555965099 0
1.74213744192182 0.2280186274260937 0
0.2445192278577329 0.9519845050603499 0
0.5220724738953001 0.07939846411582625 0
1.048620474782771 0.4306471585175995 0
0.6285062851694068 0.6274324424733695 0
0.8436403062252114 0.5478031720758194 0
0.8522997010974247 0.5278904065347315 0
0.444438947662448 0.9066435472052685 0
0.652311124422536 0.6122047066781959 0
0.9711613830829986 0.2982623738551808 0
0.985431884894434 0.2761266612510491 0
0.1876784575408757 0.9153768857637781 0
1.076238473137755 0.3005501166385989 0
0.04317634114495082 0.6599524336522193 0
0.2096204364310009 0.2641733351517102 0
0.7192899890081638 0.3705248137719306 0
0.5786419792680714 0.3813955154683553 0
0.213976126179817 0.7292899785651776 0
0.5739305684761822 0.6693329107464894 0
0.1269219389107918 0.1841566421197727 0
0.07206637204324334 0.3310717284496897 0
0.29811965522313 0.2972733414844072 0
0.2269468487562263 0.8831971994155423 0
0.6835526570477071 0.2183780767819839 0
0.8686101671478449 0.07031929545924716 0
0.6553871396119448 0.2680738642099971 0
0.1981541493539464 0.04330253763343762 0
0.1507555791148416 0.577178305194163 0
0.2205777357501509 0.1106477156100371 0
1.764421130924643 0.06689055399195822 0
0.219321813472532 0.8024315871908771 0
0.1700531624161612 0.5248846710949938 0
1.000872352355222 0.6486960082065221 0
0.6278580189578618 0.9459519324266754 0
0.07927769078980693 0.4944720886788341 0
0.15283773861498 0.4741525723065977 0
0.8023314031037421 0.8413874877432896 0
1.640637304141022 0.5588821058254496 0
0.9702546873065887 0.5604885787301886 0
0.2460872196701595 0.7587543917143612 0
0.6462774632826187 0.5791059413569298 0
0.1951445327131364 0.4195425661150046 0
0.9853170338301844 0.6260268021178934 0
1.786121170117739 0.03290449711942164 0
0.5932047851315954 0.8536859579262086 0
0.03139184586273901 0.4786474830874382 0
0.8848925129719781 0.2699807701033962 0
0.2389229808799486 0.04069224796209805 0
0.3464304457390937 0.3265261194885472 0
0.585132912176912 0.7728270693221664 0
0.08776511146164279 0.6770209949542397 0
0.6446791635618841 0.7597489189086877 0
0.04562274472817875 0.5275725744821055 0
0.1872108945320966 0.5016219018692308 0
0.8976667836026353 0.6031224903020821 0
0.5146033377891868 0.310894450436805 0
0.7606073191764464 0.5011727122435005 0
0.8744017388715009 0.8853055753257558 0
0.3558735107670606 0.610060423730911 0
0.9615013117646072 0.1844141165276476 0
0.7768877417676063 0.6636762103420868 0
0.9252085128013086 0.8849074251806794 0
0.1024237558588036 0.4499891365355713 0
0.4116828732477197 0.2709019195159734 0
0.7101437660610552 0.8795211596583079 0
0.9089245054784458 0.6233981843811183 0
0.6391218911856826 0.1342240332724813 0
0.6487104779296529 0.1510909758646439 0
0.2623292994114006 0.1771139030793658 0
0.1762410350732747 0.3381738551010894 0
1.911304474491609 0.1986682729157377 0
0.8611614796460214 0.819997893803885 0
0.2182527087595425 0.4570725534939777 0
0.09975126542767104 0.6022123490182794 0
0.1997500621670112 0.7005583241693305 0
0.2601261065746693 0.6596395720679864 0
0.1334294705316649 0.4203344350674906 0
0.1943989366040942 0.2928658311631182 0
0.2035556510972451 0.4794076536634702 0
0.6667776870874625 0.8754650030181248 0
0.8709768472915248 0.6781363849376795 0
0.882768322153011 0.7362674813393025 0
0.1405037656084478 0.08101497652204213 0
0.08069329703650102 0.6308042166499148 0
1.823919999665895 0.03272092034638115 0
0.3647501923511645 0.2293844625346073 0
0.3492443955463344 0.2303968379910045 0
1.811675607467157 0.8169528849322913 0
0.6948630019008384 0.07603136173262549 0
0.5249021439605686 0.1173959291294389 0
0.3789761317034196 0.3185516822594313 0
0.3304668615303062 0.674683689962708 0
0.1961416324666865 0.6074946734397371 0
0.4844891493796687 0.8729688939756635 0
0.2868672298938514 0.9533285081192944 0
0.05698312497076637 0.3634088199331158 0
0.9276423070829225 0.4281980762298735 0
0.2693262811657339 0.3213335117571589 0
1.869584166208591 0.3293244358870064 0
0.8686682217815754 0.4854495685371912 0
0.8567086573579504 0.505296539992111 0
1.542694716537398 0.7654124865891125 0
0.3669081533181538 0.7623239954664796 0
0.3186633508101063 0.2323032512654569 0
0.8965999922811243 0.1615704700475523 0
0.2641790650362216 0.4692267912472344 0
1.372732514729953 0.2398821427799516 0
0.04199258449831308 0.3962441473444662 0
0.3476338133463607 0.1745466182810798 0
0.2634606867847956 0.6955587019660677 0
0.4174993310068905 0.8227405648920161 0
0.2635530449190809 0.01828761795725126 0
0.5669410957580032 0.6586005258012775 0
0.3688036879166204 0.3504126467163569 0
0.6521206267490962 0.4697467726814342 0
0.7613212933626057 0.4213833129792657 0
0.3334324715102393 0.6318758976260732 0
0.5032413134174225 0.7950662790993122 0
0.6994284100698556 0.820861684361037 0
0.3135389820641588 0.1742730232121623 0
0.3520059171423487 0.7621043760815628 0
0.3557024510120723 0.293568431618795 0
0.3870058317503829 0.3078526517488522 0
0.3948927106561762 0.298528088318249 0
0.4317555108058164 0.2787718745985881 0
0.4647066185250327 0.329348374311368 0
0.4597952158575414 0.2769755517617922 0
0.4943922056939057 0.2357660317181548 0
0.2797585799369442 0.1751547532687676 0
0.8392286387554608 0.3933417810576606 0
1.695774467511729 0.9381814722419124 0
1.899508312143821 0.5647592396415804 0
0.4041389427687163 0.3219205811017146 0
1.762671309944487 0.655702982155548 0
0.3282442569352839 0.9556162354632036 0
0.4260544151505884 0.8390414484859798 0
0.5848274920108509 0.3725551745682155 0
0.4548831150087879 0.6459151182329709 0
0.2990454263209038 0.6619712303330687 0
0.3617595885293752 0.6427713977190759 0
0.4327637933958716 0.6435264253679369 0
0.4618529302094779 0.6908929693217692 0
0.2703708812269734 0.625856746899665 0
0.8030275913356835 0.5506770728406117 0
0.8370564732911573 0.6231552661843783 0
0.6104198694737426 0.7060765227867274 0
0.4206688331766474 0.3824487598916594 0
0.3138596636541792 0.3347812369361148 0
0.3995131564882449 0.6884686275814476 0
0.4242927292586749 0.688858728875406 0
0.4367462805992394 0.6875872434410917 0
0.5480812008058604 0.2475463441795731 0
0.3998720792567968 0.8223261181682228 0
0.2085457784893156 0.3952446203890451 0
1.137586954917588 0.9735351170469313 0
0.7339041067524179 0.4821555918017367 0
0.3696535227985452 0.9586268573125836 0
0.7914960147576597 0.7838971324520557 0
0.221186235903103 0.3709837387048819 0
0.6008414929916672 0.2005619034408602 0
0.4770465197932821 0.6474400611600022 0
0.07163267767805499 0.8764094194728848 0
1.005395950389645 0.741193316025593 0
0.7793272791137282 0.8406080577651309 0
0.2538097180362147 0.4063282977976079 0
1.112995830239775 0.5284276489340261 0
0.3918583355723192 0.1035176140695214 0
0.6826687163027393 0.4097469870938336 0
0.2879524415589398 0.3551744156435728 0
0.594280489927438 0.7583762700340523 0
1.11564755853424 0.7418059061658984 0
0.5193130540759267 0.3220603289166524 0
0.3739343709475128 0.6870043578116999 0
0.1407755369416056 0.4064974099341147 0
0.4697144769719273 0.06292817975473233 0
0.5438530894398801 0.3246941472950957 0
0.2133612137450054 0.6103744949749866 0
0.776631595903771 0.2463206597839557 0
0.6927010918039957 0.4454590372331835 0
0.4503662525146844 0.1002223296292482 0
0.8260516144919108 0.4814568328023586 0
0.8059499978173728 0.4824496790650035 0
0.2324453061607044 0.3464644655924961 0
0.6733093137200031 0.5304051617011396 0
0.3615625610540255 0.6865731267528578 0
0.8001915500415466 0.3566714402945677 0
0.4449576792729899 0.6085986203403546 0
0.4501069885875492 0.6175813100485713 0
0.2672481646989208 0.3861285414998449 0
0.8745661722559487 0.301916665772146 0
0.2366344790830536 0.9004533495278475 0
0.6772571542621098 0.6632011759249857 0
0.5998341305277705 0.6371867895305979 0
0.6333892369112589 0.3632095915335135 0
0.5533139194297509 0.06016984507320631 0
0.2520216715862338 0.160903642116106 0
0.8276925190221478 0.7163160952073762 0
0.7793075544388881 0.1659540881007 0
0.6879578365930816 0.6016738479203184 0
0.7869091896282903 0.7153193997436463 0
0.5014520257110806 0.6693922363498097 0
1.441042387499669 0.4356421496336785 0
0.1286518211979592 0.06392204751756494 0
0.2497450587193488 0.4694259666517018 0
0.4353916332744637 0.88897252837982 0
0.4307913333682217 0.1014471223031551 0
0.900467252633705 0.9291363469696072 0
0.6217815313690815 0.3823157905145836 0
0.6367929863265187 0.1683411966901398 0
0.8223697587823811 0.9280171659273467 0
0.2816634813883572 0.3657345244486343 0
0.594141532648468 0.9265479843703226 0
0.03320345991002218 0.6435569410554859 0
0.5528510407471896 0.8878598408619899 0
0.545711659521864 0.6089645447464567 0
0.2313564323459241 0.6736955325421824 0
0.6036998223307637 0.3534592026906146 0
0.858941559603383 0.4296134044101721 0
0.5298036707155334 0.1658780638163403 0
0.6081871610127353 0.2718256175364252 0
1.83223400476104 0.785329202156102 0
0.4158518214080758 0.1676317465364648 0
0.2402507699659442 0.23616124151871 0
0.862220960565502 0.3589477567137658 0
0.1907278553882522 0.8492423073357354 0
0.2473414197239233 0.5277221463553727 0
0.4053731064706147 0.3532997257840311 0
0.5010456128054661 0.3823786371777919 0
0.7338327754425167 0.1671043664434786 0
0.7667761147007182 0.648295120245358 0
0.05048258478551752 0.1676046822065769 0
0.1346129934673131 0.576167433069168 0
0.6987665891637234 0.2513371574552872 0
0.3265659352867579 0.6420984732357217 0
0.5974946649066186 0.09781957686480577 0
0.5808917964237116 0.7305162719729463 0
0.6029128339538664 0.836530803745378 0
0.6911390155440644 0.5397094570811303 0
0.3449491485432931 0.7229214095874492 0
0.6085640643163412 0.4157716272087564 0
0.790387604054688 0.336935133114933 0
0.7273883833045007 0.3275852576964325 0
0.4513085486053893 0.7031747490456254 0
0.6404820621579891 0.3318181453941082 0
1.895689759127061 0.6309806701990189 0
0.6267752466500895 0.02037734543950626 0
0.8599752135122236 0.9522092369091271 0
0.8869640527647038 0.9522333541403769 0
1.882886343985713 0.4661448942418055 0
1.737821967794412 0.3555743075088399 0
0.6180684769669602 0.1341220342034185 0
0.3583442623273935 0.2687009248717317 0
0.7677681102946736 0.7479738597632758 0
0.5415049029490526 0.9055549636967731 0
0.5784910965469729 0.2466038638704228 0
1.878626827344702 0.06678593863718332 0
1.964197151194575 0.0632730095226752 0
1.962220262485485 0.9408907607006618 0
0.7934524017402463 0.6007284142143233 0
0.3645594652715261 0.1711436433098984 0
0.4334570182462316 0.166609421169379 0
1.967396271467378 0.2199999999994996 0
0.4385795690441049 0.325320469459464 0
0.4391735680409639 0.2247867900283328 0
0.1324400531453844 0.388820177123296 0
1.779702504304816 0.68830784047908 0
0.6166395889856429 0.6937305370735734 0
1.405538298094893 0.2409012507990989 0
1.463441254451424 0.971310992204945 0
0.6954478150854733 0.3293392351167244 0
0.3756890922843683 0.213370632206163 0
1.579798867065533 0.2582133535585113 0
1.197962087384786 0.9182352853403005 0
0.6285827456514528 0.1167214698156336 0
0.3860793556340883 0.1527902244114419 0
0.2037132463530115 0.5852134322331025 0
0.3316072693756183 0.3681141691554703 0
0.3760758501165772 0.7771867363119377 0
0.8734284517443749 0.5266782198209363 0
1.224544159909723 0.4303657310696636 0
1.499363239109667 0.6107907020723338 0
0.3352284720716294 0.7092185973744302 0
0.1755080421005233 0.1623730070702154 0
0.456213277554373 0.7659184823350932 0
0.9818141166171315 0.5392163950242049 0
0.3986854116542113 0.1690213580300073 0
0.3021183255229375 0.2325240375844895 0
1.418544682559344 0.2688619935174815 0
0.7412391133999405 0.4678342703371035 0
1.180482851620479 0.8918410832407464 0
0.4949789585773806 0.6080604495378202 0
0.6156851796497345 0.2841817965128424 0
0.07828618191205922 0.6922615871279441 0
0.7166987345084808 0.3122111748023211 0
1.088645759377251 0.790704179366079 0
0.1309631525500533 0.756692392680115 0
0.5537007541987593 0.6189604290682835 0
0.9749059376240101 0.1620488567920836 0
0.2302301457005189 0.09329801193670052 0
0.6947654996585106 0.5646095014997962 0
0.8716761970879952 0.7967015871478987 0
0.4656605439215971 0.6089782709555825 0
0.5558054714301484 0.2852792823754111 0
0.5359442468331183 0.6689763235276786 0
0.4283795006496829 0.2108858110972774 0
0.6299179437308193 0.3091040126407896 0
0.471816879099632 0.6182679255122011 0
0.1570862952287778 0.6177568557140251 0
0.08142986279864739 0.8942973250956454 0
0.01804239488921848 0.4479629485214313 0
0.2800292876282267 0.03892266761069849 0
0.6311251123325488 0.693239288667066 0
0.2660942237939034 0.8844077380878197 0
0.666073587444109 0.3311959253822091 0
1.816976132685119 0.6900180029578197 0
0.8941819966687938 0.6776110786938201 0
0.8871379802510562 0.9072010434302036 0
0.6168796604351329 0.4884904481881334 0
0.4850000000002594 0.6083319556997209 0
0.3430320615938298 0.4060658108387065 0
1.117646019636981 0.7896691037134203 0
0.9285886426399936 0.7396620636707052 0
0.03328439092919296 0.1782282509258923 0
0.1274554709066129 0.561551416512458 0
0.1635713222423962 0.5107181596774104 0
0.394450003873545 0.2305965902788076 0
0.617282978469917 0.4716969453005996 0
0.3218620433895777 0.7601656550006998 0
0.0166448815110103 0.02987647011446665 0
0.4095062781520875 0.2274986204187414 0
1.580375501795094 0.7094171167124382 0
0.575484667346312 0.01994362681299744 0
0.2480223574730138 0.394535168703573 0
1.9312929756062 0.1678175587812669 0
0.2917376779319901 0.6732052162833131 0
0.1642417758415232 0.6331151554382083 0
0.3083679142735536 0.3227936089742556 0
0.4401872836468912 0.7656386808856278 0
0.03382073555180996 0.2237382280520653 0
0.08721960694061276 0.4793526926483219 0
1.160539320261395 0.7631002985144921 0
0.4277036860309187 0.7801791761909974 0
0.6285553292549362 0.5011656141788589 0
0.2772939417227062 0.9020424577632769 0
0.3969189298054198 0.7631502918604701 0
0.635822480777641 0.233189094947085 0
0.1212466331983101 0.03504656954103895 0
0.3234524561879624 0.6858963465303726 0
0.3413203229448132 0.3152870073008236 0
0.3100318325767371 0.01872526595269043 0
0.5108077591764882 0.6811825223787347 0
0.8217261508595535 0.2436817727555796 0
1.732237303175907 0.9387690906471208 0
1.590381591774669 0.4701673357610976 0
0.5246006250833757 0.6669213687067831 0
0.4114043695371818 0.7616097021258351 0
0.8945414791956706 0.796816580990652 0
1.022893408020517 0.3004134451591407 0
1.243539551279635 0.4053907984322404 0
1.468012056978861 0.5495407088554058 0
0.06727216726844595 0.8176399948597484 0
0.9019992485105992 0.6596911447049761 0
1.00495896205349 0.1204870057418816 0
0.6880397033956687 0.5075437667720504 0
1.247399427823695 0.2924878082019119 0
0.6174020126793291 0.5699999999999396 0
0.4347888397741361 0.6085055174409724 0
0.600851851048552 0.02027616850573672 0
0.2599084702577732 0.1087923321791263 0
0.03383943315935961 0.8600604383716366 0
0.2906427044514382 0.2182494149086615 0
0.5802737807003129 0.2967291228917266 0
1.345070656065016 0.4340705454832528 0
0.8541072773561976 0.6016148376308392 0
0.1211076719263183 0.5475727878588627 0
0.7352633167057965 0.3130836378100982 0
0.420140272167452 0.08499265777866069 0
0.3959129347732103 0.8877459135802696 0
0.5606115630296763 0.7817575554080181 0
1.293558734176971 0.3237158286176472 0
0.04989546002828313 0.1091721319816679 0
0.6887442407238579 0.3971050239420712 0
0.0913118559489963 0.9115906364528406 0
0.6181305339825749 0.5897394069060858 0
0.6206840821224688 0.5996592670687176 0
0.8821524084420613 0.04705524667982752 0
1.5275307011337 0.1033018387397602 0
0.7896854853560491 0.8617522289868327 0
1.038649518975616 0.6250987044893036 0
0.3217042334850606 0.0371348153452575 0
0.06830066744651499 0.7080329525369377 0
0.4527678377898871 0.1662756682932377 0
0.5651034536960892 0.6070168120606644 0
1.49429457120159 0.6739705538449883 0
0.156422330457417 0.648772408594709 0
0.3079664263256144 0.3986574605292367 0
1.411287873348599 0.7573145107730925 0
0.45324355812546 0.8243225021684419 0
0.501720146658986 0.02064226100699494 0
0.3051169233190965 0.885380689273934 0
0.3221563049077743 0.7086278555371289 0
0.5489671767231625 0.2988831377685331 0
0.617222132525485 0.4294533463994815 0
0.2708614340868821 0.09111730463575421 0
0.01636747652662201 0.7505266837146429 0
1.478970787604933 0.194221514899336 0
0.6044666019154166 0.9454757783232189 0
1.835602601102901 0.7215046770642242 0
1.125515840747302 0.1807183146008359 0
1.378329463260396 0.4341180836423888 0
0.3050752921919168 0.7603068720339221 0
0.4337362499254718 0.9237593439182007 0
0.3187434152989836 0.9035278526753625 0
0.7067702468046889 0.6626966798979309 0
0.08112754590983942 0.6015537616574209 0
0.4004391587869288 0.08605301920498301 0
0.3662780954685587 0.3882646516256211 0
0.2980091260650128 0.6843951419189725 0
1.587974597115641 0.528934514424149 0
0.5771981774177755 0.6185413970746736 0
0.7957379686831922 0.4660926260249006 0
0.316744021739419 0.3122006058967339 0
0.2908882326667839 0.2851220929865675 0
1.500830213494309 0.9355893021338242 0
0.1732740934223881 0.8483908055161506 0
0.6336394686059721 0.6582384091189679 0
1.707727260071608 0.1009628770941005 0
0.2595699863154637 0.6031007073595436 0
0.5901957775593252 0.332300650955058 0
0.2417589154546576 0.4057976408576948 0
0.6337394884536847 0.3819075374732345 0
0.5889213698468956 0.6369712986443589 0
1.241180019670459 0.890030519972222 0
0.01520556170070652 0.4088460113778878 0
0.3831125402631388 0.9048901417988651 0
0.2952874242211379 0.4751064308857678 0
0.4397417727390565 0.0834564275377894 0
0.1975594130054432 0.4678589983400818 0
0.3432337544857976 0.03645794055217783 0
0.7599185964831975 0.3291403615138698 0
0.6942894498343198 0.7223210265119233 0
0.217491508794127 0.563894457144248 0
0.9506604483748786 0.4316007012957743 0
0.594955548348597 0.373054641050137 0
0.9127813960017752 0.906787767975971 0
0.05879027510957482 0.7240324276975396 0
1.308371031071018 0.3516197940383085 0
0.06106875278927918 0.7641793840804482 0
0.2857344565700409 0.5228591938959967 0
0.6170539560638724 0.4499999999998846 0
0.8152668831347843 0.5323845869623773 0
0.3408023441111229 0.8831661484788204 0
0.3497921358603303 0.2817016075121966 0
0.2992443501952234 0.1071195333329335 0
0.7080426199568391 0.4442453049754042 0
0.1290874171390105 0.8464923682064244 0
0.6293733059983742 0.5396852799844616 0
0.4117458021302938 0.6453610491534288 0
1.397409777131308 0.4075545768947509 0
0.179077022385993 0.6599003787893698 0
0.6288026987555435 0.6700964988917011 0
1.321386725593071 0.7394327437104411 0
0.3588518022949978 0.8850402583379811 0
0.3123872023532841 0.5922466610637114 0
0.6166997216032244 0.5499116684418406 0
0.06847133031923587 0.7378711633228688 0
0.4288100020706568 0.6170073804579659 0
0.6183907283984659 0.09647242161722452 0
0.3795330114081233 0.08716998901538998 0
0.3843745322811616 0.6064306542473797 0
0.4646719165359304 0.8398425293469871 0
0.2519384269936659 0.4877389286076004 0
0.1111292565053025 0.9123347554080322 0
0.3129433746966134 0.08865177838370036 0
0.8966673076395464 0.0233875623406219 0
0.2353239542745256 0.4173047507572976 0
0.08522126062219576 0.1188188902403229 0
0.2724281015217921 0.2372966341116885 0
0.4245662704947675 0.9059590025314554 0
0.03108131306598335 0.3828210253342741 0
1.274318831585018 0.891266663845344 0
1.037711716645077 0.2778672411658685 0
0.6244490045199845 0.8715862038903673 0
0.5153638409789894 0.3918237290035151 0
0.6576300215969063 0.3768720646875208 0
1.580281587672037 0.1985072120872459 0
1.037160824331648 0.1692083232744217 0
1.146282022732095 0.4980594521194832 0
0.5013375398960107 0.2223917406114073 0
0.2935570851180817 0.7741703820241241 0
1.484150244974672 0.5802060683763668 0
0.8356741555864573 0.4996373290556027 0
0.5141650233027413 0.8858043719786352 0
1.768842767624281 0.939683624137029 0
0.5785001220794102 0.7564575986869031 0
0.5396474290256104 0.3103378245020464 0
0.01646119552378899 0.9692704297665584 0
0.01793673998382836 0.5147192793558693 0
0.03259944183953149 0.2827795797173617 0
0.7953972592755983 0.73453552291698 0
0.9254817268514076 0.02323855790880804 0
0.6839761441129388 0.9653049513048029 0
0.1865817943054716 0.6741067506797687 0
1.01053794458697 0.07372744323482337 0
0.2864947220055289 0.5868055824090568 0
0.7755441956497113 0.6322859969526406 0
1.057345194157809 0.6487052881733559 0
0.01596308566120133 0.870033805099566 0
0.9974845894982034 0.1635958197239277 0
1.935582872825363 0.100883657326302 0
1.624375467735077 0.5294990317192766 0
0.2528123443536043 0.613369284674496 0
0.7060261799100725 0.2365365336598318 0
0.3353234665426945 0.1098480823399947 0
0.3525949050923857 0.1064941563538962 0
1.933587346505274 0.5641080373331619 0
0.6954008196303956 0.3831302729345856 0
0.3162117817798827 0.6974558778840144 0
0.8843251566820631 0.6218210867599362 0
0.06786714488415491 0.1574274048795495 0
1.292949107290261 0.3781607599889152 0
1.576645845757581 0.7685646550329273 0
1.131357406094268 0.7649429851407428 0
0.7508494092753482 0.4832593275211293 0
0.9373427906992351 0.6641659447214051 0
1.036526624608314 0.4941922689202243 0
1.59871490228071 0.1675830867238885 0
0.6245361308413327 0.7059706207079077 0
1.382708577923777 0.6874429758846117 0
1.728061975899674 0.06830945755008902 0
0.8929494701192826 0.7571639122767535 0
0.1222182656531077 0.9296217140269006 0
0.1915032219145168 0.7131472294529538 0
1.935148148026518 0.9174500754658665 0
0.256860522482371 0.2193480356319536 0
1.29284818594972 0.9178778872346165 0
1.275745756709659 0.546736531729582 0
0.4271950926339231 0.3265693568674705 0
0.5103086021583096 0.7278328341023671 0
0.5552853449833298 0.2352022326309315 0
0.966405128371898 0.90494979810925 0
1.874324174786279 0.7214189138815801 0
0.1847018105902044 0.6994004213821203 0
0.2774216598071748 0.571177531298559 0
1.581065244839883 0.07768016597065938 0
0.6578593349596098 0.1679252851357111 0
0.03397588328487716 0.9437061116301306 0
0.699929479676254 0.5516097580903907 0
1.24266602524616 0.07504808379048672 0
0.3547070606667062 0.4015295049623773 0
0.470919019802963 0.3829407067055288 0
1.592929142852681 0.7994323954532283 0
1.064614677430124 0.2785536076338535 0
0.03090240960002458 0.5600220460337977 0
0.3007829779324663 0.4073023905171245 0
1.441891002523053 0.8814881243436965 0
1.432387291398407 0.2946062041225532 0
0.0482478115754324 0.3495617131869607 0
0.01381582511403555 0.709388618263361 0
0.6698303163985796 0.6254451391210061 0
0.414558131386476 0.6077995922091515 0
0.7544041960816205 0.8804418834429001 0
0.01449725506163689 0.6698111174189966 0
1.060548448560083 0.04786675004936761 0
0.2763350470637105 0.7559912165670202 0
0.3038541810689412 0.6966825759924563 0
0.7144034278187956 0.4307770825086311 0
0.9814725709396117 0.4087568524060551 0
1.892183091317885 0.6895198941449612 0
1.93229899892758 0.8111448080350986 0
0.2339780926670847 0.4929598082579472 0
1.437416496728987 0.9422343756171133 0
0.2839329090667971 0.4892904513882464 0
0.03267360665759378 0.6169531759474277 0
0.3946358956426095 0.6074799983357569 0
0.8599052655111797 0.3955396429461057 0
1.610749387573451 0.8312208071218318 0
0.2054016585110728 0.7427113157040148 0
0.3989556526004777 0.6165839241007661 0
0.3312740027672917 0.4049224349803994 0
0.7113278363548564 0.3821417639092078 0
0.06625987795784082 0.8605923274269589 0
0.7386363911752447 0.07869904442221844 0
0.2043996591895117 0.5631721970924323 0
0.9395267157769799 0.906249596873125 0
0.08724377154580103 0.451494430515173 0
0.07847899048452954 0.4650315888640296 0
0.6218691752198322 0.6186101934256303 0
0.2414583260631698 0.2922797818623553 0
0.8943638158909661 0.5248970688984277 0
1.806544800951313 0.9409438446969585 0
0.2578335070530952 0.7731514291553641 0
0.8216910627168962 0.1623157172564028 0
0.7197814965041287 0.4183605075127754 0
0.1581084479361466 0.4984310189457656 0
0.2537797621546717 0.5915539377612348 0
0.3997103779118598 0.3102191892029951 0
0.1986177738409255 0.7277692275494247 0
0.8338577567860714 0.5311295033058575 0
1.089346320213422 0.6189683711030166 0
0.7416704402980011 0.9003277681377455 0
1.555022285804172 0.9085715801909309 0
0.7732696657063211 0.4389010134102129 0
0.7451394251320815 0.4203642688854612 0
0.2407955669193662 0.5896712838587126 0
1.399605917402776 0.7311663165113749 0
0.03451781250392746 0.9122101724717431 0
0.530973743957986 0.06057504101998724 0
0.08860004316627512 0.5392266094924982 0
1.432014051825157 0.3504052391656397 0
1.023771227219147 0.557969392106598 0
0.4497543449977572 0.06475497204270886 0
0.1506126824541967 0.9134226069012026 0
0.5741962832925485 0.284284638045309 0
0.2790832986986553 0.5295678216917874 0
1.647029609277627 0.8379358391717224 0
0.5231977615663109 0.7260071067076663 0
0.6165413583513224 0.258670459662265 0
1.663326515241017 0.5280131331020792 0
0.3649441459957926 0.03611610663067689 0
0.6855755294879329 0.6736526887169874 0
0.6355644563807583 0.8899605356841467 0
0.5485306962051368 0.2221141747028409 0
1.094204245351185 0.07974668946956798 0
0.6716886197253944 0.1500557705303207 0
0.4428713501000305 0.938566422244994 0
0.8515208552801149 0.2655173707184249 0
0.2434602102300885 0.5690498919081964 0
0.2587123947819651 0.6250169318833328 0
1.173664566319025 0.7393195744816895 0
1.93363394264805 0.2897168040757979 0
0.3429127836971167 0.2937442687928486 0
0.3359277318014642 0.595705140020523 0
0.2410521569804703 0.4278300077545936 0
0.2894562598179988 0.4072063567512002 0
1.681912931934325 0.4976991831106223 0
1.091517086121888 0.2793110640906908 0
0.6321921083281001 0.7186419467360056 0
1.172768488432178 0.5314574041286166 0
0.06443107365337075 0.317535484125035 0
1.123252593531199 0.04602789069400929 0
0.408113949881702 0.6168694085104517 0
0.7942830045904234 0.6299701570987497 0
0.3195002101033426 0.8189617361513681 0
1.634908104474271 0.8911385776245873 0
0.537044912619049 0.7434891646529456 0
1.395554267629872 0.7830056623892193 0
0.8066737082916138 0.9509756775301752 0
0.6427929612864556 0.787785941824938 0
1.482836680908257 0.6386557965757561 0
0.5798762654774137 0.332972317952116 0
1.938453336816548 0.3981267523173056 0
1.36096642969034 0.9746807707547565 0
1.427989142513435 0.4071729476682573 0
0.03349117704146098 0.05478001488073014 0
0.2034908971918863 0.2500011588653279 0
0.08791429425932501 0.08607754457216424 0
1.115131122297731 0.6502267704339513 0
0.6377228091590799 0.3725209895983377 0
0.2489492309037942 0.3077994089890347 0
0.7489458783954541 0.511079193790094 0
0.4626379251475072 0.9646841755763997 0
0.1641991143952466 0.9315907157655045 0
0.5374208308248729 0.1537433181898674 0
0.9972675698416262 0.4305559742613775 0
0.5404400390220361 0.2085784467696364 0
0.6791978000549481 0.5412070901349491 0
1.040053555567929 0.0756934922343966 0
0.5116684057991623 0.9632301200966149 0
0.4131925347086558 0.3121203942556493 0
1.44491863509042 0.3778851575288155 0
0.6549090965975409 0.7709920593052526 0
0.6395315457548196 0.4875975015053942 0
0.6464377060215898 0.3230273839605874 0
0.2381595302117138 0.505429962205671 0
0.9732590664707379 0.8840668126075167 0
0.6286449850504783 0.07534615725837718 0
0.5503850996238495 0.3839951932826153 0
0.5845964033107079 0.1995740335448645 0
0.27575042108221 0.2852156187128574 0
0.2943434415909757 0.5826541839006217 0
1.934158302958907 0.5086004313361667 0
0.5711464468769684 0.7422195401717271 0
0.5212576936583255 0.3836883496651866 0
1.736357582783523 0.4665834328019363 0
0.3481919432392667 0.8184525228649417 0
1.322802943836533 0.918374227249491 0
0.868945439481613 0.4134369656386472 0
0.7538219517910528 0.3141968683297028 0
0.1568122375044608 0.8486883164732113 0
1.202451232003272 0.7389659202010523 0
1.844069527886679 0.9417164671285592 0
0.6840684547131117 0.6247234278313097 0
1.588264355027335 0.9491550057130427 0
0.6363552689384714 0.5500885211649841 0
1.153644922452181 0.08088174720540207 0
0.6942170635558247 0.755933821258457 0
0.4228082573791836 0.2673407935381932 0
0.2299773972475719 0.566587425651714 0
0.4851169068983863 0.198515274025041 0
0.1333425527752274 0.8179941880546011 0
0.5520238699035768 0.7267154413935628 0
1.40292606688876 0.9453719339879723 0
0.05093708000020945 0.7742867667729244 0
0.4796007406200358 0.04607906911153205 0
0.5238834080361521 0.208776435677122 0
0.3910940391882519 0.3829448810329683 0
0.6300618068786429 0.2592791292004226 0
1.698490727475404 0.4696662710864647 0
1.00988792673787 0.8866408735862585 0
0.2829220232107833 0.5634026924758957 0
1.120226312556573 0.2795071298585465 0
1.232497349512958 0.02147884139355356 0
0.697779155387805 0.6761527891126599 0
0.8005334189089934 0.6150808766172879 0
1.179993368676155 0.07609294267433153 0
0.5223790595585752 0.9033134705398546 0
0.2858104658006921 0.7224184807965186 0
0.2955491625528313 0.7094053407410903 0
0.231599108314847 0.5158015456382981 0
0.9928364351869809 0.0957656744828731 0
1.340907048573856 0.9468069389259668 0
0.6562044654714305 0.8900176788936425 0
0.6257708924737189 0.789417134062953 0
0.3665147098760412 0.6976215941510665 0
0.3868043742569574 0.035744738728785 0
0.0778439802460098 0.1016237379969606 0
0.5939881233776655 0.6470065358715199 0
1.217764147982231 0.7627012163874667 0
0.6388293056153567 0.9648006847327331 0
0.590087919069287 0.3651650311077079 0
0.2885302009565504 0.4253311996429101 0
0.1241203371690499 0.8017463794726535 0
1.144444132526938 0.6181918370920118 0
0.5174996771437257 0.04091627488019826 0
0.113954496677984 0.5354634651928734 0
0.5359891754571655 0.7937739369497888 0
0.18102294222867 0.7544837566014454 0
0.07450175245317434 0.4362737992898657 0
0.1788606694852607 0.2473119226670129 0
1.568398998780944 0.02699171165627789 0
1.036941661905431 0.5364477487676641 0
0.53456254724722 0.9627473156049624 0
0.2829666086971467 0.5458173206631658 0
0.2359320857687768 0.5469071100470509 0
0.1906523015307772 0.47993004097377 0
1.032086488398835 0.4088760361382007 0
1.272637799064864 0.4055581375458922 0
1.897735363649523 0.8572833592541733 0
0.1548288219069366 0.3823044027535936 0
1.905046822053267 0.6613181019959987 0
1.410557807846887 0.8124680961746971 0
0.2702067532425771 0.7218221775499477 0
0.2365291364873096 0.5267317706725051 0
0.4363190420973609 0.392862083166933 0
1.447071970966055 0.3209570799681865 0
0.6403909940366934 0.733042372464105 0
0.03241122430890424 0.08434271659490723 0
0.1964460093033447 0.9506950484869097 0
0.4845730546264024 0.9405618857244035 0
0.08036282081245824 0.5549818734434198 0
1.882715755889046 0.9434589145269736 0
0.626696345096674 0.4317075397062808 0
1.856641051851882 0.4288998176485463 0
0.02912898692475926 0.7603164376909386 0
0.5739690948501558 0.1831502290416511 0
0.7425528937641221 0.1496246732985215 0
0.6952524483050345 0.1723994769244388 0
0.7195099910734406 0.1503029867816502 0
0.2642001502651201 0.6358431270662166 0
0.3489526287091395 0.6048561097135076 0
0.0140878234711286 0.4851942404890082 0
1.727701198590276 0.4116125717712127 0
0.7306487576274343 0.9233484774540015 0
0.1437164889872955 0.03131206493768295 0
0.1354963124619855 0.5039659928547029 0
0.1969996480768638 0.5750073209630782 0
1.90059718404967 0.3345088484660207 0
1.61818722032837 0.9435259415888467 0
0.3981089105665172 0.2699022756833986 0
0.6171256164287284 0.06221118380211508 0
0.01493783086666087 0.9850377498033793 0
0.5745198654464734 0.9850310712441124 0
0.7139788724692431 0.5512526560272225 0
0.5038721627596208 0.3097983289692025 0
0.6990339494423141 0.04088088360135728 0
1.248100769234917 0.7627031657390084 0
0.1641252304224814 0.361656898020281 0
1.171494992810228 0.6491013015568416 0
0.5080649179162073 0.2092013252023004 0
1.202502144314982 0.4992776107551761 0
0.31675343255423 0.4006755818722247 0
0.2302700422414951 0.9683279249832728 0
0.5633115128112076 0.1666953727554606 0
1.148352820811343 0.2804877112348406 0
0.1792196730705553 0.9285104707869953 0
0.6724559344142234 0.319978730909965 0
0.3364445600283593 0.3046724461030206 0
0.4989086265553221 0.1957059380726037 0
0.6580447559267341 0.3209357680106192 0
0.7261355458024344 0.3814733723638162 0
0.2527046732010503 0.9680574324917022 0
0.6003931974089787 0.984470093924547 0
1.97140877141737 0.02875435961230964 0
1.97140877141739 0.9712456403876684 0
1.048981349935028 0.5155602973440836 0
0.784627554206872 0.7464451424943971 0
0.6143431253669451 0.9635493078914212 0
1.941980486700528 0.7199064132122044 0
0.7880279598022476 0.4376681788451255 0
0.615297215392645 0.4210347027848802 0
0.03004981950949478 0.2397317609747307 0
0.6155706723431777 0.3999776055688289 0
0.0133266849424208 0.01333882490438047 0
0.1841375916435649 0.2214179455097283 0
0.6731997594374736 0.3637152355374617 0
0.5512150984785675 0.7927320842899359 0
1.943222759884491 0.2011793281352225 0
0.1053449242231172 0.08479865671577864 0
1.214403590764048 0.04646839598891236 0
0.7736980439907861 0.5138773577442745 0
0.6168713106570822 0.8052191005775964 0
0.6519319661570923 0.9832488050270977 0
0.1037823505364824 0.8000215493574936 0
0.08355791053086911 0.799151017661754 0
0.2902969747120296 0.4605897708205736 0
0.704669034563331 0.7690814722429915 0
0.2342925550989105 0.437816186007821 0
1.059058240194053 0.4101474117374044 0
0.1722671400645017 0.7696625907733136 0
0.7672978560107482 0.1502339297443382 0
0.7358029838613179 0.2538216342632484 0
0.6642894472037792 0.03729152351624293 0
1.286427387210888 0.07585664367442946 0
0.2753653504881464 0.9677395922529037 0
0.06470941963215238 0.6019551987007432 0
0.4867280479702236 0.3216524432310383 0
0.7045329698622563 0.7323575322688778 0
0.5299125690457783 0.3849344206057211 0
0.6400430602294874 0.03730070514463393 0
0.1620160678172776 0.7905240444753542 0
0.397160287684002 0.6358728678801897 0
0.297011296505629 0.9680051379547915 0
0.165395446453258 0.03108140021950397 0
0.8407505571180014 0.5158066630174258 0
0.6151397521843527 0.5299658084711721 0
1.298878334240259 0.02032473985955834 0
0.9014542024723518 0.7779644684763619 0
0.0277456733229234 0.6598795227344254 0
0.4089360863305911 0.03534039370346068 0
1.42363856919854 0.8391213766810079 0
0.06209495231155891 0.2835575005222801 0
1.204227203365157 0.6181445513510965 0
0.5530594595814015 0.1508733252165443 0
0.6329366764588403 0.6185627943374311 0
0.7073459227977884 0.05852081509548718 0
1.040898734488327 0.1899265415827112 0
1.33199831303161 0.02237025818678021 0
0.5265223082899535 0.8066363821120344 0
0.4966218851303197 0.8244659636495467 0
0.2572501899114466 0.3222457739680511 0
1.176642003028231 0.2819931654511584 0
0.6873802134454039 0.3198189756215691 0
0.3105463906689395 0.5993709517871987 0
0.1592640236474962 0.2181627104274112 0
0.1557533589227752 0.3519099457179404 0
0.6842121794284209 0.5306635995000375 0
0.7890688292674132 0.15114173066088 0
0.6484433975196362 0.7468426787348621 0
0.2386924201415284 0.6943149623889097 0
0.6749073655089923 0.6944080320059487 0
0.03128308300763257 0.526587991261483 0
0.6418374897708374 0.5600040793519674 0
0.03177002261796048 0.1944955091365393 0
0.1871323688946747 0.03087758617025931 0
0.615089285644685 0.5099732772216917 0
0.1441850037508182 0.3809252362633425 0
1.524505641031608 0.9453741654821821 0
0.466424514973344 0.3681208613078403 0
0.6778757234175462 0.9842989586687073 0
0.7189136685007652 0.2341044345312033 0
0.7451354022589523 0.9614190643909801 0
0.588575917343744 0.6554587970290097 0
1.921442199900848 0.9447592810723787 0
1.231851518803959 0.6170010605250329 0
0.4025744883677382 0.2909024605033638 0
0.5117960676310243 0.8053425662458121 0
0.4028265614697154 0.6260507141151938 0
0.4448926627374929 0.3943975519221795 0
0.3597545478466447 0.7075723524196353 0
0.6919625073291479 0.6122173630062528 0
0.7319679396707743 0.06009721722317586 0
0.2623729613223031 0.2858817124652971 0
0.0628172630569539 0.1005202950674334 0
0.02822152393304135 0.4604710512234921 0
0.4746616223700963 0.3327785465675332 0
1.276455247110791 0.7618012266785764 0
0.676047267725818 0.8895882423972791 0
0.2566397960875205 0.6473144770744872 0
0.7485689791284014 0.3865347969857592 0
0.8923426676556649 0.4152729301175884 0
0.2862670038004801 0.4998731019227281 0
0.5739990173311267 0.3165741233337311 0
1.588980024983893 0.05230954741398205 0
0.5523253953193414 0.9597653632283465 0
0.2818437781984045 0.4347893350105139 0
0.7217029161277606 0.563541651347329 0
0.206690653950573 0.03045125097542919 0
0.7421527706135451 0.9400411969823879 0
1.076305011732908 0.1860247826199469 0
0.2642550539969137 0.33518508466973 0
0.06200316896959011 0.7502467342096777 0
0.2714626896702621 0.3659882913810166 0
0.2299086180716259 0.5385792428988454 0
1.086477434277077 0.4107047210523401 0
0.3762265708719491 0.3870048063702765 0
1.230143072034295 0.5293160640012581 0
0.6376049645253694 0.4317569903984841 0
0.1642675680127169 0.1928850341612232 0
0.2240916649196649 0.4372839416529262 0
1.936075724114475 0.7820979005701156 0
0.3148534417266577 0.6121211829706451 0
1.203216100431146 0.2822021518211564 0
1.071534428318383 0.5162270086579072 0
1.350695212707037 0.04896165183812975 0
0.6477780252377885 0.4889889577894164 0
0.3821659813037781 0.6413910892682573 0
0.2775755497771507 0.5526945056152373 0
0.7327506073720413 0.7789699143296809 0
0.2047308615867515 0.384951806493141 0
0.0272450604977405 0.3982676240027518 0
0.3969576002409345 0.3750298928933276 0
0.5127037889389757 0.9224317749226469 0
0.2567999695173809 0.7052625296764874 0
0.322638513072998 0.3861105622929151 0
0.614649360089997 0.4800180100951351 0
0.03097972634647103 0.5860872566389785 0
0.6104133200610902 0.6027713944511244 0
0.08885229961466889 0.569925224881728 0
0.3242545104035292 0.3042573636898319 0
0.2504833459406096 0.694384040367191 0
0.2712526579496094 0.346076593134143 0
0.7676338132580884 0.5397999227658594 0
0.427957995798936 0.03592458073972353 0
0.6246354510742159 0.8179936548568549 0
0.03091509967493133 0.2678963396353439 0
1.461496088432364 0.6849180768894787 0
0.4621722821098775 0.3194796389541441 0
0.9212004219619296 0.5042929960187258 0
0.1144715012030871 0.06939569654491129 0
0.8018508254400918 0.7695785507579995 0
0.2106699608000828 0.3738052001362153 0
1.447153825383297 0.2664435189618209 0
1.423599262060542 0.8966109364008724 0
0.5472661590509748 0.3761271638464136 0
0.4986644585968398 0.9471817043822072 0
0.1272963171247763 0.5177977924857399 0
0.998782115499173 0.5385927316333943 0
0.5599999999998989 0.3856712686826005 0
0.02842975439300306 0.8980774574654722 0
1.534353287430745 0.01795787737245451 0
0.3848028858989502 0.2755316220394959 0
0.3165372743063884 0.9673595595129826 0
0.5701193246026369 0.237530190327556 0
0.03195312984013474 0.629939411891257 0
0.8856893991205081 0.2866909111704366 0
0.2492528639892673 0.6585629110003761 0
0.1846619827029045 0.4909453974525598 0
0.770877132783447 0.9625196916030025 0
0.03080340684720976 0.43205802647834 0
1.427970690533995 0.6843860638816637 0
0.7186399671182021 0.9643572005116253 0
0.07987054277339287 0.8118327309706834 0
1.114644245575807 0.4117938690778031 0
0.1703267036820182 0.8005350596556118 0
0.1652564198061541 0.3339763614180805 0
1.318217778977633 0.7622335510923228 0
0.06393040327089988 0.174306629133632 0
0.824588372278458 0.6134168573060703 0
0.2459361393405735 0.2245606741464201 0
0.07940469223384644 0.7871951031591986 0
0.2968760487238265 0.5900858064702926 0
0.6938459597434016 0.5152944956928439 0
1.907080974161135 0.4495632147109948 0
1.461978798587727 0.2404559552932508 0
0.9409815933123401 0.6815074617541972 0
0.9156643424615548 0.416510741186649 0
0.1808342938244009 0.6868372825777632 0
0.3411116385033712 0.8280606239108915 0
1.652615428838952 0.9076097904803684 0
0.4850770524648497 0.8205656782846836 0
1.771878694113235 0.4107596717390702 0
0.972871082727827 0.676742509060672 0
0.0653736174178812 0.8321944127482829 0
0.2876528790381889 0.4786676091324405 0
0.2764489060784531 0.4433366674035629 0
0.2768418871505504 0.3557041844111006 0
0.2278669265815327 0.1886557904081051 0
0.455184384602941 0.3848108529317646 0
0.2101795927351411 0.947471290667968 0
$EndNodes
$Elements
9 9614 1 9614
1 1 1 50
1 4 9 
2 9 10 
3 10 11 
4 11 12 
5 12 13 
6 13 14 
7 14 15 
8 15 16 
9 16 17 
10 17 18 
11 18 19 
12 19 20 
13 20 21 
14 21 22 
15 22 23 
16 23 24 
17 24 25 
18 25 26 
19 26 27 
20 27 28 
21 28 29 
22 29 30 
23 30 31 
24 31 32 
25 32 33 
26 33 34 
27 34 35 
28 35 36 
29 36 37 
30 37 38 
31 38 39 
32 39 40 
33 40 41 
34 41 42 
35 42 43 
36 43 44 
37 44 45 
38 45 46 
39 46 47 
40 47 48 
41 48 49 
42 49 50 
43 50 51 
44 51 52 
45 52 53 
46 53 54 
47 54 55 
48 55 56 
49 56 57 
50 57 1 
1 2 1 70
51 1 58 
52 58 59 
53 59 60 
54 60 61 
55 61 62 
56 62 63 
57 63 64 
58 64 65 
59 65 66 
60 66 67 
61 67 68 
62 68 69 
63 69 70 
64 70 71 
65 71 72 
66 72 73 
67 73 74 
68 74 75 
69 75 76 
70 76 77 
71 77 78 
72 78 79 
73 79 80 
74 80 81 
75 81 82 
76 82 83 
77 83 84 
78 84 85 
79 85 86 
80 86 87 
81 87 88 
82 88 89 
83 89 90 
84 90 91 
85 91 92 
86 92 93 
87 93 94 
88 94 95 
89 95 96 
90 96 97 
91 97 98 
92 98 99 
93 99 100 
94 100 101 
95 101 102 
96 102 103 
97 103 104 
98 104 105 
99 105 106 
100 106 107 
101 107 108 
102 108 109 
103 109 110 
104 110 111 
105 111 112 
106 112 113 
107 113 114 
108 114 115 
109 115 116 
110 116 117 
111 117 118 
112 118 119 
113 119 120 
114 120 121 
115 121 122 
116 122 123 
117 123 124 
118 124 125 
119 125 126 
120 126 2 
1 3 1 25
121 2 127 
122 127 128 
123 128 129 
124 129 130 
125 130 131 
126 131 132 
127 132 133 
128 133 134 
129 134 135 
130 135 136 
131 136 137 
132 137 138 
133 138 139 
134 139 140 
135 140 141 
136 141 142 
137 142 143 
138 143 144 
139 144 145 
140 145 146 
141 146 147 
142 147 148 
143 148 149 
144 149 150 
145 150 3 
1 4 1 70
146 3 151 
147 151 152 
148 152 153 
149 153 154 
150 154 155 
151 155 156 
152 156 157 
153 157 158 
154 158 159 
155 159 160 
156 160 161 
157 161 162 
158 162 163 
159 163 164 
160 164 165 
161 165 166 
162 166 167 
163 167 168 
164 168 169 
165 169 170 
166 170 171 
167 171 172 
168 172 173 
169 173 174 
170 174 175 
171 175 176 
172 176 177 
173 177 178 
174 178 179 
175 179 180 
176 180 181 
177 181 182 
178 182 183 
179 183 184 
180 184 185 
181 185 186 
182 186 187 
183 187 188 
184 188 189 
185 189 190 
186 190 191 
187 191 192 
188 192 193 
189 193 194 
190 194 195 
191 195 196 
192 196 197 
193 197 198 
194 198 199 
195 199 200 
196 200 201 
197 201 202 
198 202 203 
199 203 204 
200 204 205 
201 205 206 
202 206 207 
203 207 208 
204 208 209 
205 209 210 
206 210 211 
207 211 212 
208 212 213 
209 213 214 
210 214 215 
211 215 216 
212 216 217 
213 217 218 
214 218 219 
215 219 4 
1 5 1 32
216 5 220 
217 220 221 
218 221 222 
219 222 223 
220 223 224 
221 224 225 
222 225 226 
223 226 227 
224 227 228 
225 228 229 
226 229 230 
227 230 231 
228 231 232 
229 232 233 
230 233 234 
231 234 235 
232 235 236 
233 236 237 
234 237 238 
235 238 239 
236 239 240 
237 240 241 
238 241 242 
239 242 243 
240 243 244 
241 244 245 
242 245 246 
243 246 247 
244 247 248 
245 248 249 
246 249 250 
247 250 6 
1 6 1 20
248 6 251 
249 251 252 
250 252 253 
251 253 254 
252 254 255 
253 255 256 
254 256 257 
255 257 258 
256 258 259 
257 259 260 
258 260 261 
259 261 262 
260 262 263 
261 263 264 
262 264 265 
263 265 266 
264 266 267 
265 267 268 
266 268 269 
267 269 8 
1 7 1 20
268 8 270 
269 270 271 
270 271 272 
271 272 273 
272 273 274 
273 274 275 
274 275 276 
275 276 277 
276 277 278 
277 278 279 
278 279 280 
279 280 281 
280 281 282 
281 282 283 
282 283 284 
283 284 285 
284 285 286 
285 286 287 
286 287 288 
287 288 7 
1 8 1 20
288 7 289 
289 289 290 
290 290 291 
291 291 292 
292 292 293 
293 293 294 
294 294 295 
295 295 296 
296 296 297 
297 297 298 
298 298 299 
299 299 300 
300 300 301 
301 301 302 
302 302 303 
303 303 304 
304 304 305 
305 305 306 
306 306 307 
307 307 5 
2 1 2 9307
308 1495 3401 4304 
309 2089 3187 3617 
310 2630 1329 2646 
311 3282 1109 4717 
312 1008 3408 4024 
313 3068 2447 4400 
314 2184 2056 3866 
315 1682 3505 3506 
316 3461 2210 3939 
317 2358 2028 4172 
318 2800 2535 4271 
319 2943 796 2944 
320 2190 2933 3058 
321 2500 2504 3500 
322 3280 1109 3282 
323 3227 1987 3829 
324 2668 309 3804 
325 2953 1465 4644 
326 774 3540 3541 
327 3171 2581 4072 
328 774 3541 3542 
329 2693 443 3793 
330 1339 2710 2711 
331 2846 1332 3016 
332 2585 1270 3948 
333 3280 2325 4216 
334 3433 2565 4317 
335 366 368 3065 
336 316 2626 3222 
337 591 602 2699 
338 3302 3398 4177 
339 3731 478 4344 
340 2286 2390 3646 
341 2500 3500 4438 
342 1138 1140 2754 
343 3237 1253 4451 
344 1537 2897 2909 
345 2680 3348 3885 
346 2507 2687 2783 
347 3523 4064 4317 
348 2942 796 2943 
349 1538 1138 2754 
350 2626 316 3221 
351 3315 1674 3317 
352 2689 1503 2690 
353 3158 2368 3160 
354 3342 2265 4434 
355 1503 2689 2704 
356 2764 2346 4209 
357 1270 2585 3707 
358 3351 2162 3556 
359 3585 2395 4194 
360 2368 2365 3160 
361 1921 2868 2870 
362 3187 2818 3617 
363 1457 3068 4400 
364 1674 3315 4517 
365 3031 1587 4050 
366 2210 3461 4052 
367 1332 2846 3966 
368 1465 1464 4644 
369 3559 3644 3766 
370 2538 2658 2813 
371 2580 3018 3557 
372 1995 1802 2862 
373 3977 3857 4302 
374 2556 3219 3855 
375 2162 1928 3556 
376 2741 1521 3872 
377 3553 3847 4399 
378 3544 1675 3545 
379 3983 1879 4303 
380 2784 2820 4113 
381 2820 1501 4113 
382 2897 1537 2902 
383 3348 1790 3885 
384 2265 3342 3854 
385 1329 2630 3115 
386 3484 1494 4136 
387 2680 604 2698 
388 1790 3348 3349 
389 831 833 3347 
390 2628 3731 4344 
391 823 3195 3512 
392 2758 1423 3798 
393 3543 3546 4129 
394 2806 2812 2906 
395 2813 2658 2815 
396 2767 2251 2768 
397 2536 3237 4451 
398 2450 349 4620 
399 1373 3592 3648 
400 3545 1675 3547 
401 1109 3280 4216 
402 8 349 2450 
403 3219 330 3855 
404 4064 1690 4317 
405 2157 2142 3124 
406 3505 1682 4327 
407 2809 1299 4351 
408 1299 2809 4312 
409 439 469 2704 
410 1343 2673 3346 
411 3714 3713 3840 
412 3113 2618 3330 
413 2673 1343 3347 
414 332 3276 4455 
415 1926 2683 2775 
416 2683 2224 2775 
417 551 3871 4587 
418 2395 1926 2775 
419 1587 3031 3958 
420 2687 2507 4411 
421 2756 1623 3848 
422 3596 3597 3904 
423 2933 2184 3866 
424 1693 2593 4512 
425 3398 3302 4389 
426 4110 2764 4209 
427 1921 2870 2987 
428 2301 3197 3903 
429 3576 2520 3816 
430 604 2680 3885 
431 1790 3349 3822 
432 1644 1642 3547 
433 2170 2982 2998 
434 2700 2165 3022 
435 2945 1890 4508 
436 553 551 4587 
437 2049 1851 4411 
438 2782 2741 3872 
439 3401 1495 4354 
440 676 2847 3063 
441 3916 1326 4067 
442 1653 1655 3318 
443 2732 1538 2754 
444 246 4127 4357 
445 3153 1161 4153 
446 3330 3331 4521 
447 4056 3675 4571 
448 3283 3282 4717 
449 2666 419 2751 
450 3120 2157 3124 
451 3904 3597 4250 
452 3540 774 3970 
453 1506 1465 2953 
454 975 855 3178 
455 4133 2899 4137 
456 2629 1270 3405 
457 3080 972 3826 
458 2847 676 3961 
459 3016 639 3990 
460 2651 1536 3127 
461 2864 1436 3744 
462 3623 2358 4172 
463 2390 3167 3646 
464 2657 325 3644 
465 3733 3785 3973 
466 2858 2857 3739 
467 2449 3192 3661 
468 2395 2775 4194 
469 1536 2651 4742 
470 3533 3540 3970 
471 2661 337 3942 
472 2753 3171 4072 
473 2632 1427 4729 
474 2427 3232 3233 
475 3277 1498 3996 
476 2269 3714 3840 
477 2933 958 3058 
478 1326 2898 3657 
479 3408 3410 4024 
480 2427 3233 3769 
481 2700 3022 3491 
482 1494 3484 4462 
483 3814 3908 4086 
484 337 2661 3168 
485 1326 3174 4067 
486 2776 1579 3047 
487 2593 1693 4206 
488 3238 2402 4276 
489 2734 2803 4633 
490 2564 3093 4228 
491 3093 514 4228 
492 2865 2864 3744 
493 419 2666 3217 
494 3707 2585 3945 
495 1427 2632 2925 
496 1373 3648 3721 
497 3276 2578 4455 
498 3770 2983 3772 
499 3150 3153 4153 
500 3177 975 3178 
501 1463 4261 4281 
502 4083 3216 4584 
503 1442 3707 3945 
504 1425 2901 4285 
505 3228 3227 3829 
506 1244 2682 3046 
507 3434 2827 3435 
508 1010 2738 4620 
509 399 401 3217 
510 3623 3423 4187 
511 1270 2629 3948 
512 2124 2856 4170 
513 2812 2806 2907 
514 2899 3111 4137 
515 4098 2657 4126 
516 2857 511 3739 
517 3731 2628 4724 
518 3356 1353 3954 
519 110 111 3222 
520 2854 3277 3996 
521 335 2708 2710 
522 2631 1222 4011 
523 3022 1747 3491 
524 4456 598 4479 
525 2751 3209 4092 
526 3216 788 4584 
527 2206 3528 4213 
528 4261 2863 4281 
529 2734 2736 2803 
530 2710 1339 4366 
531 1691 2827 3434 
532 551 549 4505 
533 3214 2801 3215 
534 3803 4192 4745 
535 3626 3625 3711 
536 1967 2961 4158 
537 2565 3433 4141 
538 1072 3420 3985 
539 588 581 2855 
540 119 120 3013 
541 2846 3016 3990 
542 4087 3651 4166 
543 1203 3238 4276 
544 4110 529 4421 
545 2524 1995 2862 
546 3195 823 4726 
547 3785 1366 3973 
548 1853 2687 4411 
549 3949 2207 4050 
550 2442 4056 4571 
551 2165 2700 3023 
552 3803 4191 4192 
553 2730 611 4243 
554 2797 573 2947 
555 2898 1326 3916 
556 3004 3356 3954 
557 442 446 3186 
558 469 1503 2704 
559 2657 3040 4126 
560 3006 3091 4358 
561 2777 2776 3047 
562 3056 314 3232 
563 2901 1425 4342 
564 2224 2683 3528 
565 2738 1010 3045 
566 3187 2089 4344 
567 3546 1432 4129 
568 326 3082 4104 
569 2720 1839 4758 
570 3163 3715 4292 
571 526 2755 3757 
572 2427 3056 3232 
573 3306 3304 3317 
574 3133 2249 4054 
575 2748 2480 3873 
576 1007 900 3365 
577 2546 3550 4490 
578 2764 4110 4421 
579 1287 2925 2952 
580 1371 4087 4166 
581 2368 3158 3159 
582 2708 335 2781 
583 3018 3019 3557 
584 2768 2251 4222 
585 325 2657 4098 
586 976 3576 3816 
587 1763 2694 3552 
588 1623 2927 3848 
589 3479 2656 4010 
590 3308 3306 3486 
591 4209 2345 4303 
592 2961 1967 4162 
593 96 314 4308 
594 643 660 3542 
595 470 4375 4472 
596 1890 2945 4263 
597 1343 831 3347 
598 604 591 2699 
599 2696 4152 4163 
600 2803 611 4633 
601 893 938 2968 
602 3321 2584 4023 
603 645 2725 3190 
604 366 3065 4623 
605 2179 2178 3221 
606 3071 4267 4310 
607 2365 2294 3160 
608 2751 3208 3209 
609 600 3837 4337 
610 3132 3133 4054 
611 3216 3109 3900 
612 1367 2817 2818 
613 2208 2994 3067 
614 377 2824 4048 
615 1071 2826 4119 
616 2358 3623 4187 
617 3055 1581 3353 
618 2753 1900 3171 
619 403 406 3208 
620 4378 2715 4482 
621 2682 1244 4070 
622 3048 4008 4158 
623 2485 3704 4407 
624 3367 2195 3782 
625 2695 925 4800 
626 2045 2746 2747 
627 2656 3479 4154 
628 4233 2704 4268 
629 809 3259 4044 
630 2856 2347 4170 
631 2826 2622 4119 
632 3004 2939 3659 
633 2749 1582 2750 
634 2586 3440 4076 
635 3012 584 4357 
636 2719 737 4023 
637 2960 2187 3663 
638 2854 1177 4140 
639 2086 1755 3632 
640 3871 551 4505 
641 3071 3070 4267 
642 2696 3073 4152 
643 2046 2811 4551 
644 611 2730 4633 
645 2142 2144 3124 
646 4207 1462 4220 
647 2645 3157 3291 
648 368 517 3065 
649 3550 1580 4490 
650 2346 2345 4209 
651 2288 2286 3646 
652 2954 4456 4479 
653 2443 3509 3510 
654 2805 959 3214 
655 3215 2801 4271 
656 3192 2449 4381 
657 2949 2450 4620 
658 2867 4207 4220 
659 2987 2870 4199 
660 1711 3308 3486 
661 2941 1398 3792 
662 2686 3789 4125 
663 2618 3113 4248 
664 2534 2535 2800 
665 2693 3793 4257 
666 974 3038 4424 
667 3908 3641 4086 
668 2925 2632 2952 
669 3862 3873 4326 
670 1538 2732 3913 
671 639 2852 3990 
672 3704 2485 4465 
673 3259 3260 4044 
674 4375 3604 4472 
675 309 2668 4191 
676 900 885 3365 
677 112 113 3115 
678 1600 1598 3676 
679 3440 2586 4231 
680 3082 326 4200 
681 477 502 3999 
682 2736 2798 2803 
683 4127 2601 4357 
684 1642 2189 3547 
685 2959 2960 3663 
686 1014 1016 4003 
687 2584 2719 4023 
688 2707 4259 4270 
689 2856 965 4316 
690 2648 3585 4194 
691 3038 974 4453 
692 3364 1007 3365 
693 1690 3433 4317 
694 1473 2782 3872 
695 2988 2987 4199 
696 3625 2202 3711 
697 1886 3030 3322 
698 1987 3227 4229 
699 3136 2682 4070 
700 2190 2184 2933 
701 965 2856 4294 
702 2932 2577 3922 
703 2694 1763 3553 
704 1579 2776 3436 
705 3308 1711 3310 
706 3270 2720 4758 
707 2691 1323 3161 
708 3267 1821 4278 
709 3549 3608 4414 
710 3157 2645 4751 
711 2978 2979 3090 
712 1064 4378 4482 
713 3031 3957 3958 
714 1775 3773 4255 
715 4072 2581 4684 
716 2801 2800 4271 
717 3031 3030 3957 
718 3421 2945 4497 
719 1538 3913 4011 
720 463 3723 4295 
721 3347 1072 3985 
722 833 1072 3347 
723 3405 1500 4265 
724 3249 4143 4202 
725 3212 2707 4270 
726 3993 378 4048 
727 660 774 3542 
728 3034 3055 3353 
729 2679 770 4046 
730 3857 2681 4302 
731 1324 4201 4457 
732 3136 4070 4345 
733 1249 2900 3044 
734 925 2695 3840 
735 478 3187 4344 
736 4022 326 4104 
737 3013 600 4337 
738 972 3164 3826 
739 4311 2318 4528 
740 3773 3300 4255 
741 2157 3120 3125 
742 2939 3004 3954 
743 4007 2348 4307 
744 2660 3135 4593 
745 2992 4022 4104 
746 2512 3155 4433 
747 2899 585 4078 
748 855 838 3178 
749 1230 1579 3436 
750 1323 2691 4734 
751 3714 4196 4314 
752 4504 3147 4634 
753 3091 3006 4686 
754 1676 1634 3271 
755 2894 3174 4082 
756 1887 4205 4278 
757 584 3012 4224 
758 3454 4288 4343 
759 3552 2183 3838 
760 2203 3144 3193 
761 3135 2660 4640 
762 3197 2301 4287 
763 2443 3510 3568 
764 2724 1461 3778 
765 1338 2681 3857 
766 2704 2826 4268 
767 4218 2570 4297 
768 1835 2433 3727 
769 3644 325 3766 
770 4205 2505 4278 
771 2692 330 3919 
772 4420 1709 4470 
773 1339 2711 2712 
774 1443 3320 4101 
775 3266 1821 3267 
776 669 3111 4112 
777 2696 767 4149 
778 2830 1160 3880 
779 1222 2631 4279 
780 1802 2045 2862 
781 330 2692 3855 
782 1433 2978 3090 
783 3404 4420 4470 
784 2839 2854 4140 
785 3017 2611 3066 
786 4288 1940 4343 
787 3723 463 4446 
788 3715 923 4292 
789 3155 2512 4469 
790 2593 4206 4542 
791 1249 3657 3927 
792 1839 2720 3271 
793 1879 3015 4303 
794 3066 2611 3089 
795 1873 1875 3528 
796 738 4218 4297 
797 1675 3544 3548 
798 3109 3216 4083 
799 2414 3864 4331 
800 4206 344 4542 
801 3292 2596 4146 
802 3401 3402 4304 
803 504 3649 3651 
804 4396 2672 4467 
805 3349 1390 4463 
806 3789 2686 4150 
807 2903 2173 2968 
808 3864 1342 4468 
809 4587 2950 4769 
810 2945 3421 4263 
811 3463 2457 4489 
812 2761 675 3783 
813 639 588 2855 
814 3727 2433 4692 
815 2806 2807 2907 
816 4353 3875 4432 
817 3544 3532 3548 
818 3181 2554 3441 
819 4143 768 4202 
820 3127 1181 4084 
821 1674 1653 3318 
822 1675 1644 3547 
823 1204 4396 4467 
824 3307 3315 3317 
825 2646 1329 2647 
826 770 2679 4697 
827 2594 2595 3010 
828 4217 2529 4266 
829 2924 2086 3632 
830 1423 2758 4173 
831 3913 2631 4011 
832 2694 3553 4399 
833 314 3056 4308 
834 3326 4088 4298 
835 3320 1443 4077 
836 2926 2932 3922 
837 2859 1676 3271 
838 4196 2419 4314 
839 737 2719 4677 
840 3233 4311 4528 
841 4145 2526 4149 
842 1310 3142 3314 
843 3657 2898 3927 
844 2699 602 3877 
845 1386 3040 4114 
846 1682 3506 3508 
847 767 4145 4149 
848 2746 2045 2951 
849 2698 2699 3023 
850 3010 2595 4059 
851 1914 399 3217 
852 1442 2752 3490 
853 1452 3168 3964 
854 1390 3349 4547 
855 2668 3804 4173 
856 2811 2046 4422 
857 2817 1367 3718 
858 3952 1936 4181 
859 1327 3044 3936 
860 3331 4428 4521 
861 3923 2049 4411 
862 1881 1316 4334 
863 4080 3312 4097 
864 581 1204 2855 
865 2088 2086 2924 
866 3286 1924 3897 
867 2852 639 2855 
868 2754 1140 3468 
869 3167 2390 3340 
870 2480 2748 4169 
871 2982 2170 4762 
872 3082 1856 4227 
873 972 3080 4690 
874 2788 1760 3165 
875 735 3073 4085 
876 767 2696 4163 
877 1367 2818 3186 
878 1321 4217 4266 
879 2189 3879 4108 
880 3310 1711 3311 
881 585 2899 4133 
882 3063 2847 3849 
883 975 3177 3427 
884 443 2693 4134 
885 2808 2805 3214 
886 4503 3359 4523 
887 4418 3211 4549 
888 1924 3286 3614 
889 3318 1655 3486 
890 4379 318 4510 
891 4201 2697 4457 
892 1830 110 3222 
893 3893 2896 4078 
894 3806 2212 3897 
895 2513 3281 4195 
896 2651 3127 4084 
897 2028 2606 4172 
898 3147 1305 4634 
899 3420 2326 3985 
900 1694 2742 3676 
901 4384 3444 4423 
902 1649 3316 4483 
903 1582 2749 3261 
904 2983 3770 4646 
905 4501 2567 4586 
906 3290 3744 4336 
907 2089 1835 3726 
908 1782 3150 3152 
909 3262 2072 4352 
910 2982 1792 2998 
911 1204 2853 2855 
912 1461 2724 3824 
913 947 4353 4432 
914 3174 2894 4067 
915 2825 3952 4181 
916 2679 4046 4089 
917 585 3893 4078 
918 504 3651 4087 
919 3304 3307 3317 
920 2072 3584 3585 
921 2698 604 2699 
922 3168 2661 3964 
923 33 2717 4305 
924 3726 1835 3727 
925 2072 1881 3584 
926 4046 1631 4089 
927 2770 2206 4213 
928 1521 2741 4705 
929 2701 1463 4281 
930 1462 2707 4220 
931 2572 2164 3024 
932 1564 3063 3849 
933 3334 1007 3364 
934 1582 119 3013 
935 2173 2903 4805 
936 2345 3983 4303 
937 4008 1967 4158 
938 2253 4393 4546 
939 2681 1338 4186 
940 2784 926 2785 
941 2173 893 2968 
942 3161 3052 3947 
943 926 2784 4113 
944 3359 3360 4523 
945 3744 3290 4413 
946 948 1064 2996 
947 2960 2961 4111 
948 1937 3203 3828 
949 2567 2568 4586 
950 2538 2813 2814 
951 2436 4384 4423 
952 3510 329 3568 
953 2994 2208 3644 
954 3559 2994 3644 
955 3626 4347 4430 
956 1366 3723 3973 
957 1342 3864 4628 
958 478 442 3186 
959 1782 3149 3150 
960 3864 1440 4331 
961 2725 645 4679 
962 2081 4418 4549 
963 2354 2454 2861 
964 3316 1649 4517 
965 2582 3367 3782 
966 2946 1710 3659 
967 4321 2701 4322 
968 117 118 3261 
969 1041 1760 3019 
970 1843 3005 3327 
971 111 316 3222 
972 2534 2800 4440 
973 2798 2736 3800 
974 2056 2530 3866 
975 2736 2737 3800 
976 2629 3405 4265 
977 1821 3266 3901 
978 3665 4328 4555 
979 4111 2961 4162 
980 2742 1694 4773 
981 3648 3649 3721 
982 667 782 3537 
983 3378 2424 3551 
984 573 2797 4387 
985 3522 3523 4063 
986 3111 669 4137 
987 1529 2816 3183 
988 3847 1431 4399 
989 2623 2950 4587 
990 2690 1503 3999 
991 2606 3637 4172 
992 1576 4362 4442 
993 2701 3238 4322 
994 3435 2214 4377 
995 2596 3292 4681 
996 2045 2747 2862 
997 898 3434 3435 
998 2717 33 4579 
999 2727 976 3816 
1000 1994 4045 4355 
1001 2207 3061 4050 
1002 2762 2523 4647 
1003 3090 3091 4686 
1004 2943 2945 4508 
1005 120 600 3013 
1006 2900 1249 3927 
1007 2599 4127 4387 
1008 2071 2072 3262 
1009 3713 925 3840 
1010 3144 2203 4725 
1011 2178 2626 3221 
1012 419 403 3208 
1013 3307 3314 3315 
1014 2815 4117 4777 
1015 3431 2830 3880 
1016 4649 2428 4695 
1017 3142 3143 3314 
1018 2913 2662 3250 
1019 3807 3652 4227 
1020 4476 2773 4550 
1021 3649 504 3721 
1022 3306 3317 3318 
1023 1463 2701 4321 
1024 934 3088 3861 
1025 1587 3949 4050 
1026 3542 3543 4129 
1027 768 3070 4202 
1028 2968 1014 4003 
1029 3186 2818 3187 
1030 2227 3673 4031 
1031 2700 2698 3023 
1032 2625 1334 4241 
1033 401 419 3217 
1034 1841 3114 3329 
1035 4362 2905 4442 
1036 680 4587 4769 
1037 349 1010 4620 
1038 2939 2946 3659 
1039 2758 3798 4272 
1040 446 1367 3186 
1041 2707 1462 4259 
1042 3262 4352 4711 
1043 3441 2554 3951 
1044 3090 2979 3091 
1045 3334 2911 3775 
1046 938 1014 2968 
1047 1007 3334 3775 
1048 3630 2778 4753 
1049 3040 1386 4126 
1050 1338 3184 4186 
1051 521 4177 4315 
1052 3315 3316 4517 
1053 218 219 3402 
1054 2692 3919 4118 
1055 3195 3244 3512 
1056 2507 2783 4707 
1057 2645 3291 4419 
1058 3408 1008 4538 
1059 4117 1334 4777 
1060 3234 4109 4114 
1061 316 112 3115 
1062 1598 1694 3676 
1063 2824 377 4247 
1064 695 3579 3696 
1065 2385 3366 4274 
1066 3876 1327 3936 
1067 2523 2762 4588 
1068 3291 3982 4419 
1069 2773 2502 4550 
1070 2895 4094 4178 
1071 3337 2506 4431 
1072 4045 2929 4355 
1073 3266 2422 3901 
1074 2650 2649 4570 
1075 2755 526 4698 
1076 2790 741 4578 
1077 3637 2606 4730 
1078 977 3151 3831 
1079 3149 1782 3831 
1080 1856 3082 4200 
1081 691 968 2963 
1082 2605 3626 4430 
1083 2506 3337 4448 
1084 2750 1582 3013 
1085 3043 1536 4742 
1086 2738 2949 4620 
1087 1340 3630 4753 
1088 3608 3549 4354 
1089 974 3550 4453 
1090 2630 2179 3221 
1091 2957 2824 4496 
1092 3335 4071 4112 
1093 2088 2924 3445 
1094 4082 1364 4093 
1095 1900 2753 3632 
1096 2816 1529 3182 
1097 1368 3731 4724 
1098 3306 3318 3486 
1099 2424 2367 3551 
1100 3512 3243 4090 
1101 3044 2900 3936 
1102 4109 1386 4114 
1103 2691 3161 3947 
1104 1349 1036 2988 
1105 682 808 3184 
1106 3919 1478 4118 
1107 4088 2400 4298 
1108 1843 3090 4686 
1109 3438 2997 3439 
1110 769 3900 3984 
1111 3009 2817 3718 
1112 3723 1366 4295 
1113 1503 477 3999 
1114 2368 3159 3551 
1115 3900 3109 3984 
1116 1043 1041 3019 
1117 2571 3682 4541 
1118 3281 1444 4195 
1119 113 1329 3115 
1120 673 802 3152 
1121 1763 3552 3838 
1122 1345 2997 3438 
1123 1222 2715 4378 
1124 2894 4082 4093 
1125 3231 4371 4475 
1126 1431 2766 4399 
1127 329 3463 4489 
1128 3710 3324 4079 
1129 2567 3499 4409 
1130 2763 844 4710 
1131 1634 1839 3271 
1132 758 4525 4526 
1133 2752 1442 3945 
1134 470 3597 4375 
1135 2914 2695 4800 
1136 406 1394 3208 
1137 318 3458 4510 
1138 2424 3378 3552 
1139 2455 3910 4085 
1140 2917 2920 2921 
1141 2512 3146 4469 
1142 3030 1886 3957 
1143 3061 2207 3425 
1144 2749 2071 3262 
1145 3073 735 4152 
1146 2558 3513 4363 
1147 4094 583 4178 
1148 378 377 4048 
1149 2789 1558 4543 
1150 2737 2904 3800 
1151 3658 4275 4484 
1152 4185 3712 4242 
1153 3461 3939 4323 
1154 4071 669 4112 
1155 2325 3365 4216 
1156 3060 3061 3425 
1157 3254 2107 4356 
1158 3128 2026 3129 
1159 675 547 3783 
1160 3682 2571 4596 
1161 1855 4102 4128 
1162 4176 3247 4211 
1163 2714 3422 4572 
1164 2626 2195 3367 
1165 3070 768 4267 
1166 2917 1842 2920 
1167 2089 3726 4344 
1168 3398 3399 4177 
1169 1507 1780 3130 
1170 1351 2770 4213 
1171 2787 2785 4099 
1172 3608 962 4414 
1173 2687 1853 4401 
1174 3488 2522 3489 
1175 3129 2026 3131 
1176 2766 1431 4372 
1177 4186 3184 4624 
1178 2715 1222 4279 
1179 2256 1895 2913 
1180 1334 2625 4777 
1181 3159 1330 3551 
1182 923 2780 4292 
1183 2811 2812 4551 
1184 1398 2941 4257 
1185 1338 682 3184 
1186 1062 1059 3134 
1187 3422 2714 4511 
1188 741 2791 3866 
1189 695 693 3579 
1190 2907 2807 4518 
1191 3568 329 4489 
1192 3499 2567 4501 
1193 782 843 3537 
1194 1623 1622 2927 
1195 3597 470 4250 
1196 844 2763 4179 
1197 2910 1887 3943 
1198 2915 1842 2916 
1199 4328 3739 4555 
1200 2193 2428 4649 
1201 959 3213 3214 
1202 3069 3071 3072 
1203 1755 1900 3632 
1204 3366 1354 4274 
1205 2794 2797 2947 
1206 1452 2912 3059 
1207 3426 2790 4578 
1208 3903 3197 4365 
1209 2206 1873 3528 
1210 2450 2949 4047 
1211 2857 2529 4180 
1212 1679 4539 4713 
1213 3034 3054 3055 
1214 2985 3687 4138 
1215 3062 3031 4050 
1216 594 522 3757 
1217 1222 1107 4011 
1218 2766 738 4297 
1219 3283 877 4664 
1220 3584 1881 4334 
1221 1828 2046 2922 
1222 3537 3533 3970 
1223 1623 2756 4680 
1224 3910 735 4085 
1225 2344 2330 2958 
1226 1099 4185 4242 
1227 1710 2946 4034 
1228 2978 1433 3613 
1229 3148 769 3615 
1230 2326 3420 3674 
1231 3454 3466 4240 
1232 3523 2566 4063 
1233 2092 3069 3072 
1234 3329 3330 4521 
1235 3550 974 4509 
1236 1147 4176 4211 
1237 3151 3149 3831 
1238 3940 4404 4477 
1239 2601 3012 4357 
1240 707 1939 3032 
1241 896 2748 4332 
1242 940 948 2996 
1243 4525 2589 4526 
1244 1788 2984 2985 
1245 1056 2930 2931 
1246 950 3342 3343 
1247 2107 3254 4641 
1248 1614 1842 2915 
1249 2745 3319 3320 
1250 4393 2814 4546 
1251 2861 1600 3676 
1252 3951 2554 4258 
1253 950 3341 3342 
1254 3439 2501 4438 
1255 1228 1230 3436 
1256 2611 3017 3926 
1257 4570 2649 4725 
1258 877 3283 4717 
1259 2230 2823 3039 
1260 3873 2480 4326 
1261 1851 1853 4411 
1262 4020 3207 4772 
1263 4127 573 4387 
1264 3343 2079 4159 
1265 1924 3806 3897 
1266 1875 2224 3528 
1267 1234 1710 4034 
1268 2721 343 4309 
1269 2440 3779 3824 
1270 3228 3829 4230 
1271 1564 2828 3235 
1272 2157 3125 3795 
1273 3034 3053 3054 
1274 1609 1062 3134 
1275 1056 1052 2928 
1276 2963 968 3048 
1277 1679 3084 4539 
1278 1056 2928 2929 
1279 3029 3032 3033 
1280 3114 3113 3330 
1281 1036 1076 2988 
1282 2686 2919 4150 
1283 222 958 2791 
1284 3064 947 4432 
1285 2755 2788 3757 
1286 2270 3977 4302 
1287 1336 3207 4020 
1288 3250 2662 4709 
1289 3017 1187 3926 
1290 1427 3008 4729 
1291 2751 419 3208 
1292 3125 3126 3795 
1293 1840 3466 4080 
1294 3147 2614 4645 
1295 3542 3541 3543 
1296 3378 2183 3552 
1297 3545 3547 4164 
1298 3244 3195 3827 
1299 675 2761 3932 
1300 2035 2748 3873 
1301 2614 3147 4504 
1302 1363 1081 2926 
1303 3015 1879 3979 
1304 3673 1686 4031 
1305 2979 2976 3760 
1306 778 780 3560 
1307 4180 2529 4217 
1308 3344 3343 4159 
1309 589 599 2909 
1310 1177 2854 3996 
1311 3427 3362 3912 
1312 3322 3353 3956 
1313 225 2790 2799 
1314 583 2901 4178 
1315 1886 3322 3956 
1316 339 117 3261 
1317 2704 2689 2826 
1318 2748 896 4169 
1319 3028 3031 3062 
1320 3461 3460 4052 
1321 248 584 2821 
1322 3534 843 3536 
1323 3032 1939 3033 
1324 1502 4007 4307 
1325 2798 240 2803 
1326 856 864 3341 
1327 2962 689 2963 
1328 1610 1616 2932 
1329 342 88 3122 
1330 2853 1204 4467 
1331 1389 2995 3559 
1332 3079 3081 3082 
1333 2059 2693 2940 
1334 3454 4240 4288 
1335 2256 2913 3250 
1336 1745 1748 3205 
1337 3513 2558 4658 
1338 2230 3993 4048 
1339 2994 1935 3067 
1340 2509 3667 4161 
1341 2824 4247 4496 
1342 3212 1099 4242 
1343 2911 1374 3775 
1344 1449 1447 3039 
1345 3198 3200 3203 
1346 2049 3923 4410 
1347 3000 3004 3659 
1348 3400 1948 3401 
1349 2249 3133 4017 
1350 3027 3028 3062 
1351 4076 318 4379 
1352 2589 4525 4560 
1353 2977 2973 2980 
1354 1678 3951 4258 
1355 3339 4120 4151 
1356 2667 3765 4397 
1357 1711 1659 3311 
1358 3116 674 3246 
1359 608 673 3152 
1360 1337 2740 4744 
1361 3029 3033 3322 
1362 2524 2862 2953 
1363 1659 1661 3311 
1364 2641 3373 3525 
1365 595 614 3332 
1366 3523 2403 4064 
1367 976 2727 4367 
1368 3541 3532 3544 
1369 2828 1564 3849 
1370 3499 2388 4409 
1371 3079 3075 3081 
1372 1760 2788 3557 
1373 3359 2506 4448 
1374 335 2710 4366 
1375 439 2704 4233 
1376 2312 2708 2781 
1377 3114 1841 3328 
1378 795 539 2951 
1379 2727 2744 4367 
1380 2328 2957 2958 
1381 2027 3269 4004 
1382 3019 1760 3557 
1383 599 1537 2909 
1384 2971 2103 3249 
1385 1974 1687 4002 
1386 3386 2221 4566 
1387 2579 2739 4667 
1388 3708 3290 4336 
1389 235 761 2822 
1390 3457 1597 3843 
1391 3122 3121 3123 
1392 616 618 3328 
1393 1856 3807 4227 
1394 2291 3179 3680 
1395 4177 3399 4315 
1396 343 2721 4779 
1397 118 1582 3261 
1398 2624 2813 2815 
1399 1897 2170 2998 
1400 1887 1112 3943 
1401 3511 2445 3656 
1402 3179 771 3680 
1403 3092 1387 3761 
1404 2209 3710 4079 
1405 2164 2165 3024 
1406 3483 3484 4136 
1407 2824 2823 4048 
1408 2989 1935 2993 
1409 3317 1674 3318 
1410 2959 935 2960 
1411 3489 2522 4002 
1412 1478 71 4157 
1413 2330 2328 2958 
1414 843 3534 3537 
1415 4403 3110 4412 
1416 3430 3312 3456 
1417 3779 1461 3824 
1418 4417 2444 4563 
1419 823 3512 4090 
1420 1756 1745 3205 
1421 1359 3340 3960 
1422 2955 1627 2956 
1423 2367 2368 3551 
1424 2251 2767 4746 
1425 2791 958 2933 
1426 2785 926 4099 
1427 342 3122 3123 
1428 2590 2589 4560 
1429 4460 1328 4529 
1430 1374 2911 3414 
1431 2912 1452 3964 
1432 2786 3153 3833 
1433 84 4053 4175 
1434 687 689 2962 
1435 2955 2956 3008 
1436 2992 2995 3768 
1437 2429 3155 3742 
1438 3337 2122 4371 
1439 2155 3126 3432 
1440 2689 2622 2826 
1441 2505 3267 4278 
1442 3423 1717 4187 
1443 2972 1792 2980 
1444 1771 1602 3817 
1445 21 1339 4212 
1446 3146 2512 4567 
1447 2792 2794 2947 
1448 3714 2269 4196 
1449 2718 773 4648 
1450 1840 4080 4097 
1451 4120 1090 4151 
1452 1677 3862 4326 
1453 3018 2580 4714 
1454 1295 1627 2955 
1455 3845 4318 4426 
1456 2503 4215 4349 
1457 1948 218 3402 
1458 3245 3244 3827 
1459 2348 3269 4307 
1460 2601 2077 3012 
1461 689 691 2963 
1462 3087 3457 3843 
1463 1830 3222 3367 
1464 506 3438 3439 
1465 3030 3029 3322 
1466 3923 3482 4410 
1467 3313 1310 3314 
1468 2128 1714 3235 
1469 2812 733 2906 
1470 2835 4237 4283 
1471 2804 2806 2906 
1472 2861 2454 3817 
1473 2609 2012 2954 
1474 1581 3055 3980 
1475 2586 4076 4379 
1476 1747 3373 3491 
1477 502 930 3999 
1478 1622 1625 2927 
1479 2999 1689 3000 
1480 522 526 3757 
1481 2884 3116 3246 
1482 2328 2032 2957 
1483 3270 2324 4614 
1484 3033 3034 3353 
1485 802 1782 3152 
1486 4371 2122 4475 
1487 523 595 3332 
1488 3568 2456 4056 
1489 991 1330 3159 
1490 1287 2952 4041 
1491 2447 3178 4400 
1492 1616 2915 2919 
1493 2354 2861 3676 
1494 3083 1478 4157 
1495 2649 3144 4725 
1496 1086 1442 3490 
1497 2476 2151 3026 
1498 3096 3094 3148 
1499 1692 2959 3663 
1500 2740 1337 4361 
1501 685 935 2959 
1502 2599 2601 4127 
1503 1573 1828 2922 
1504 2318 2124 4170 
1505 3200 3202 3203 
1506 3687 920 4138 
1507 2963 3048 4158 
1508 2973 2972 2980 
1509 3045 1010 4015 
1510 2045 795 2951 
1511 2649 2009 3144 
1512 1447 2230 3039 
1513 2457 3463 4323 
1514 3528 2683 4213 
1515 3331 2690 4428 
1516 1539 3631 4103 
1517 2977 2980 2981 
1518 3269 2348 4004 
1519 2770 1351 4792 
1520 1948 3400 3449 
1521 1016 1327 4003 
1522 2212 3497 3897 
1523 2903 2902 4805 
1524 2388 3499 4685 
1525 503 3009 3718 
1526 975 3427 3912 
1527 42 334 3199 
1528 319 6 2935 
1529 2449 3661 4643 
1530 2636 2638 3525 
1531 1242 1843 3327 
1532 4264 1862 4502 
1533 3259 3257 3260 
1534 1568 1897 2998 
1535 2181 2088 3445 
1536 3005 1843 4686 
1537 605 3228 4230 
1538 3863 3015 3979 
1539 3615 769 3984 
1540 1380 1376 3273 
1541 1276 3052 3161 
1542 1308 3132 4054 
1543 808 1529 3184 
1544 1957 2420 3011 
1545 1090 2867 4151 
1546 4148 3571 4330 
1547 3037 2186 3038 
1548 36 1334 4117 
1549 1270 1265 3405 
1550 3772 2983 4485 
1551 3763 321 4035 
1552 93 1309 3173 
1553 950 856 3341 
1554 2788 3165 3757 
1555 3144 1392 3193 
1556 1470 1792 2972 
1557 760 3216 3900 
1558 1558 2789 4416 
1559 1765 1935 2989 
1560 3027 783 3028 
1561 3198 3199 3200 
1562 1339 2712 4212 
1563 738 2766 4372 
1564 1024 1326 3657 
1565 2814 2813 4546 
1566 773 2718 4637 
1567 1780 2026 3130 
1568 2993 1935 2994 
1569 2863 1147 4211 
1570 2324 3270 4758 
1571 2943 2944 2945 
1572 3092 2979 3760 
1573 4492 2703 4516 
1574 2187 2960 4111 
1575 970 1094 3048 
1576 1895 2044 2913 
1577 1677 2825 4181 
1578 1747 3022 3566 
1579 2208 2657 3644 
1580 3203 1937 4365 
1581 1363 2926 3922 
1582 3006 3753 4806 
1583 3155 341 3742 
1584 2975 3763 4035 
1585 2980 1792 2982 
1586 2780 2487 4292 
1587 2233 3247 4106 
1588 694 3060 3425 
1589 643 3542 4129 
1590 2569 2145 3036 
1591 1574 2203 3193 
1592 1238 1689 2999 
1593 4021 1518 4061 
1594 1320 4403 4412 
1595 3034 1939 3053 
1596 1842 1617 2920 
1597 2356 2650 2949 
1598 3568 4056 4791 
1599 2823 2230 4048 
1600 2506 3359 4503 
1601 705 707 3032 
1602 4426 2510 4443 
1603 1901 2208 3067 
1604 1003 3167 3340 
1605 2694 2424 3552 
1606 4053 2523 4175 
1607 1529 890 3182 
1608 2759 3797 4264 
1609 670 3024 4783 
1610 2340 2561 2820 
1611 837 839 3344 
1612 3477 3607 4462 
1613 179 1310 3313 
1614 4102 3539 4128 
1615 3065 517 4324 
1616 1332 603 3016 
1617 1788 2985 3560 
1618 4408 2563 4581 
1619 1110 2934 3892 
1620 3134 2931 4171 
1621 324 3234 3995 
1622 1372 3429 4704 
1623 2916 1842 2917 
1624 1052 1050 2928 
1625 3051 792 4622 
1626 676 638 3020 
1627 2941 3792 4210 
1628 3094 750 3148 
1629 3091 2979 3092 
1630 1272 1323 3014 
1631 2103 2971 3248 
1632 1157 3490 3968 
1633 1631 3251 4208 
1634 4171 2931 4790 
1635 2449 2448 4381 
1636 3199 334 3200 
1637 1934 2059 2940 
1638 2355 2738 3045 
1639 3153 2343 3833 
1640 3116 2896 3894 
1641 3319 2948 3320 
1642 2009 1708 3144 
1643 2092 2969 3069 
1644 1054 1056 2931 
1645 4275 2437 4484 
1646 2917 2921 3717 
1647 864 3166 3341 
1648 2214 3435 4556 
1649 703 783 3027 
1650 3165 594 3757 
1651 618 963 3328 
1652 1566 1901 3067 
1653 1891 2186 3037 
1654 1317 2923 3758 
1655 3228 605 3620 
1656 3047 1579 4034 
1657 3024 670 4673 
1658 1056 2929 2930 
1659 1576 1170 3042 
1660 3640 2667 4397 
1661 3373 2641 3491 
1662 1612 1614 2915 
1663 1364 1032 3041 
1664 2189 4108 4164 
1665 2432 3837 3851 
1666 2984 1788 3655 
1667 2800 2799 4440 
1668 420 417 3721 
1669 2025 2458 3131 
1670 386 1311 3481 
1671 4049 4101 4183 
1672 3797 2759 4272 
1673 1560 2074 3185 
1674 3467 3683 4057 
1675 2214 2228 4377 
1676 636 3430 3456 
1677 972 486 3164 
1678 1101 1610 2932 
1679 3340 2390 3960 
1680 1081 1069 2926 
1681 792 3051 4672 
1682 2807 2809 4518 
1683 374 376 3725 
1684 2828 2128 3235 
1685 3481 1311 3482 
1686 511 2857 4180 
1687 968 970 3048 
1688 1314 999 3237 
1689 2774 2647 4548 
1690 2999 3000 3659 
1691 4367 2744 4500 
1692 3497 2212 3810 
1693 488 3021 3164 
1694 1221 1228 3921 
1695 2227 3599 3673 
1696 2068 2379 3046 
1697 3136 1247 4477 
1698 2821 584 4224 
1699 88 89 3122 
1700 3500 2504 4069 
1701 816 778 3560 
1702 2555 2141 3068 
1703 1287 1288 2925 
1704 1284 1287 4041 
1705 2739 2579 4694 
1706 2298 2517 2518 
1707 1841 616 3328 
1708 3256 3257 3259 
1709 1311 388 3093 
1710 2510 1993 4443 
1711 1387 3092 3760 
1712 3142 1310 3698 
1713 1433 1434 3613 
1714 3112 1248 3113 
1715 1862 1618 3265 
1716 1191 1574 3193 
1717 4524 2772 4740 
1718 1020 1249 3044 
1719 1059 1057 3134 
1720 737 743 4023 
1721 2944 796 3567 
1722 2653 4460 4529 
1723 2562 2563 4408 
1724 636 174 3962 
1725 2702 3253 4654 
1726 3247 1441 4106 
1727 2992 3768 4022 
1728 2712 2711 2713 
1729 1758 1449 3039 
1730 3490 2752 3968 
1731 3093 2564 4617 
1732 4467 2671 4668 
1733 3145 1313 3146 
1734 1185 1560 3185 
1735 649 676 3063 
1736 3879 1676 4108 
1737 515 471 3448 
1738 3667 1696 4161 
1739 2296 2297 2298 
1740 1731 1553 3245 
1741 1384 1382 3248 
1742 3457 2678 4583 
1743 3429 1372 4784 
1744 2919 2686 4480 
1745 984 697 3696 
1746 3837 600 3851 
1747 3354 2672 4396 
1748 2789 2591 4416 
1749 1402 1404 3655 
1750 857 3387 3415 
1751 1553 1551 3245 
1752 3171 1900 3624 
1753 3234 2308 3995 
1754 1046 1043 3019 
1755 811 813 3978 
1756 3456 3312 4080 
1757 2603 1990 3256 
1758 3329 3114 3330 
1759 1099 3212 4270 
1760 3290 3708 4778 
1761 1536 1174 3127 
1762 985 1505 3263 
1763 539 537 2951 
1764 1307 3119 3120 
1765 1687 1831 4002 
1766 2169 2724 3035 
1767 890 952 3182 
1768 3120 3119 3125 
1769 2969 2092 3278 
1770 1110 3522 4063 
1771 2916 2917 2918 
1772 2122 3337 4431 
1773 3389 4280 4339 
1774 1939 709 3053 
1775 488 490 3021 
1776 2738 2356 2949 
1777 2702 4654 4665 
1778 2964 940 2996 
1779 921 940 2964 
1780 2355 2009 2356 
1781 2843 2850 3277 
1782 3418 1779 3447 
1783 4548 2647 4768 
1784 2130 374 3725 
1785 2783 2130 4707 
1786 3132 332 3133 
1787 2613 2612 3175 
1788 533 1833 3526 
1789 1307 90 3119 
1790 2905 3084 4442 
1791 2355 2356 2738 
1792 1253 3160 4451 
1793 3014 1323 3240 
1794 1376 824 3273 
1795 2332 2344 2948 
1796 825 977 3831 
1797 185 332 3132 
1798 2552 2549 3989 
1799 2901 583 4285 
1800 3387 857 3602 
1801 3082 3081 4104 
1802 1529 3183 3184 
1803 3412 3666 3758 
1804 3330 2618 3331 
1805 2008 2009 2355 
1806 1160 2830 4727 
1807 3488 82 4139 
1808 2522 3488 4139 
1809 2351 3690 3692 
1810 215 857 3415 
1811 1857 3874 3875 
1812 1124 1126 3066 
1813 1261 86 3135 
1814 2920 1862 4264 
1815 1574 1728 1934 
1816 2745 2339 3319 
1817 2858 3739 4328 
1818 2351 3692 3952 
1819 3558 1834 3617 
1820 3218 3014 3240 
1821 2077 2075 3012 
1822 2426 4021 4061 
1823 183 1308 3137 
1824 3511 898 4377 
1825 3320 2948 4101 
1826 1934 1728 2059 
1827 1574 1363 1728 
1828 2298 2297 2517 
1829 3424 1692 3663 
1830 1330 3377 3378 
1831 3536 843 3538 
1832 2204 2940 2941 
1833 780 1788 3560 
1834 3021 1692 3424 
1835 3414 3368 3736 
1836 1191 1363 1574 
1837 3464 2446 4376 
1838 2008 1708 2009 
1839 1382 2103 3248 
1840 1327 3876 4003 
1841 3091 3092 4358 
1842 198 1313 3145 
1843 2620 2619 2622 
1844 3194 3195 4726 
1845 1069 1062 1101 
1846 2026 2025 3131 
1847 2926 1101 2932 
1848 4271 2535 4671 
1849 2995 2993 3559 
1850 1012 937 3519 
1851 3417 4417 4563 
1852 1069 1101 2926 
1853 2638 2641 3525 
1854 3666 1317 3758 
1855 625 623 3689 
1856 2338 2339 2340 
1857 2549 2415 3989 
1858 3466 1840 4240 
1859 1507 3130 3631 
1860 3075 3074 3081 
1861 319 2935 2936 
1862 837 3344 3419 
1863 3631 3130 4103 
1864 1739 3156 3514 
1865 1853 1850 4374 
1866 200 341 3154 
1867 667 3537 3970 
1868 340 77 3157 
1869 3401 1948 3402 
1870 1977 2295 2296 
1871 898 3435 4377 
1872 1061 1062 1069 
1873 2340 2339 2561 
1874 857 3449 3602 
1875 694 696 3060 
1876 189 343 3172 
1877 2422 3586 3901 
1878 1990 1869 3256 
1879 1779 3418 3446 
1880 2296 2295 2297 
1881 3005 3001 3327 
1882 3240 1323 4734 
1883 1576 3042 4203 
1884 2813 2181 4546 
1885 744 985 3263 
1886 2519 2518 2668 
1887 1067 1248 3112 
1888 3154 341 3155 
1889 3492 3729 3777 
1890 1191 1081 1363 
1891 3001 1689 3327 
1892 640 4531 4629 
1893 2204 1934 2940 
1894 3314 3143 3315 
1895 2617 2616 2619 
1896 1616 1612 2915 
1897 41 42 3199 
1898 2784 2340 2820 
1899 204 337 3168 
1900 3173 1309 3432 
1901 336 73 3170 
1902 648 2802 4595 
1903 798 811 3538 
1904 2802 648 4557 
1905 1617 1862 2920 
1906 2059 2257 2693 
1907 2339 2336 3319 
1908 1368 3706 4598 
1909 1310 180 3698 
1910 4049 1443 4101 
1911 1614 1617 1842 
1912 2923 1317 3786 
1913 2147 2569 3025 
1914 1557 75 3169 
1915 3538 811 3978 
1916 1516 1599 3601 
1917 1050 1206 2928 
1918 2151 2149 3026 
1919 2126 2498 3085 
1920 202 1452 3059 
1921 1920 1957 3011 
1922 2440 3824 3944 
1923 3841 4537 4615 
1924 1602 2861 3817 
1925 1407 1409 3350 
1926 2012 1991 2954 
1927 1061 1059 1062 
1928 1923 3242 3244 
1929 1281 1680 3052 
1930 340 3157 4751 
1931 3177 2135 3427 
1932 3577 4464 4534 
1933 1610 1612 1616 
1934 4324 517 4388 
1935 725 728 3050 
1936 2866 2434 4379 
1937 2334 2948 3319 
1938 1676 2859 4108 
1939 2960 935 2961 
1940 3097 3100 3117 
1941 1293 1295 2955 
1942 1436 2864 4269 
1943 1054 1052 1056 
1944 3074 2991 3081 
1945 668 4059 4260 
1946 614 1841 3332 
1947 3361 805 3372 
1948 1330 3378 3551 
1949 1374 3414 3736 
1950 3232 3230 3233 
1951 3164 3424 3826 
1952 1057 1054 2931 
1953 895 1358 3268 
1954 4215 2399 4349 
1955 347 3191 3192 
1956 2145 2143 3036 
1957 754 769 3148 
1958 2469 2677 3517 
1959 2797 2600 4387 
1960 2167 2682 3136 
1961 332 186 3276 
1962 3261 2749 3262 
1963 1744 1747 3566 
1964 1714 1097 3235 
1965 3196 1335 3197 
1966 1991 1990 2459 
1967 1970 3211 4418 
1968 922 2966 3372 
1969 3274 2636 3525 
1970 208 331 3188 
1971 2620 2622 2689 
1972 623 2038 3689 
1973 2617 2619 2620 
1974 977 827 3345 
1975 1228 3436 3921 
1976 1847 3594 3595 
1977 980 1095 3285 
1978 3380 3386 3403 
1979 214 215 3415 
1980 697 695 3696 
1981 605 565 3620 
1982 1870 1990 1991 
1983 206 1304 3180 
1984 3223 668 3224 
1985 2331 2330 2332 
1986 1001 1314 3167 
1987 3249 3273 4115 
1988 3339 2004 3998 
1989 612 594 3165 
1990 3179 2570 4135 
1991 2610 2609 2612 
1992 2402 2543 4276 
1993 1487 1486 3278 
1994 4416 2591 4568 
1995 2338 2336 2339 
1996 1076 1514 2988 
1997 1774 4492 4516 
1998 1900 1753 3624 
1999 2317 2777 3049 
2000 2335 2334 2336 
2001 2333 2332 2334 
2002 1050 1048 1206 
2003 741 3866 4578 
2004 2538 2814 4394 
2005 3201 334 3206 
2006 1870 1869 1990 
2007 2666 2667 4756 
2008 2329 2328 2330 
2009 3073 2285 4085 
2010 2356 2649 2650 
2011 1922 3324 3710 
2012 1756 3627 3794 
2013 2446 3464 4616 
2014 3517 2677 3839 
2015 2646 2647 2648 
2016 843 798 3538 
2017 314 97 3229 
2018 316 3115 3221 
2019 860 922 3372 
2020 2572 3024 4673 
2021 1841 3329 3332 
2022 2462 2465 2662 
2023 3126 2155 3795 
2024 1130 3017 3066 
2025 2895 3246 3911 
2026 1991 2459 2954 
2027 3033 1939 3034 
2028 2031 2823 2824 
2029 2103 1380 3273 
2030 3627 3156 3794 
2031 3124 4390 4699 
2032 977 3345 4688 
2033 3137 1308 4055 
2034 3126 3173 3432 
2035 178 179 3313 
2036 3000 1689 3001 
2037 2777 3047 4739 
2038 2141 2139 3068 
2039 1009 3049 4514 
2040 216 217 3449 
2041 2165 3023 3024 
2042 2825 1677 4326 
2043 1585 1496 3765 
2044 1894 1895 2256 
2045 1828 1829 1894 
2046 2080 2930 4674 
2047 1878 2991 3074 
2048 2452 3339 3998 
2049 2503 2215 4028 
2050 766 788 3216 
2051 3065 2780 4623 
2052 2603 3256 3259 
2053 3281 2562 4369 
2054 1795 1781 2056 
2055 1560 1695 1920 
2056 1519 1869 1870 
2057 1831 3497 3810 
2058 1828 1894 2046 
2059 2341 2340 2784 
2060 2032 2031 2957 
2061 471 464 3448 
2062 2221 3386 4603 
2063 2312 2781 3821 
2064 2990 2993 2995 
2065 1126 1130 3066 
2066 683 685 2959 
2067 1954 1953 2031 
2068 3050 2590 4560 
2069 2608 2012 2609 
2070 3286 3285 4661 
2071 839 950 3344 
2072 1047 1046 1048 
2073 844 3443 4710 
2074 3430 636 3962 
2075 2216 3697 3891 
2076 3229 3230 3232 
2077 922 921 2964 
2078 2169 2171 2724 
2079 2337 2336 2338 
2080 3042 1536 3043 
2081 486 488 3164 
2082 450 1822 3442 
2083 1340 45 3630 
2084 2610 2612 2613 
2085 2334 2332 2948 
2086 3861 3088 4775 
2087 1878 2989 2990 
2088 1631 717 3251 
2089 100 3336 3465 
2090 2615 2613 2616 
2091 3706 1368 4724 
2092 3000 3001 3002 
2093 3511 4377 4728 
2094 1427 2955 3008 
2095 196 345 3275 
2096 2915 2916 2919 
2097 2332 2330 2344 
2098 2132 2226 2739 
2099 2615 2616 2617 
2100 1049 1048 1050 
2101 1201 1597 3239 
2102 1558 3406 4543 
2103 1833 2746 3526 
2104 1073 1107 1222 
2105 1897 1927 2169 
2106 3040 2242 4114 
2107 2991 2990 2992 
2108 2026 3128 3130 
2109 3112 3113 3114 
2110 2808 3214 3215 
2111 1438 1577 3842 
2112 1364 3041 4029 
2113 31 645 3190 
2114 1625 1977 2927 
2115 948 956 1064 
2116 2599 2077 2601 
2117 1302 1319 1789 
2118 1358 800 3967 
2119 123 1110 3892 
2120 2393 2580 3557 
2121 1072 835 3419 
2122 932 846 3377 
2123 2203 1934 2204 
2124 3156 2376 3514 
2125 3111 2874 4112 
2126 3121 3124 4699 
2127 3433 897 4141 
2128 1072 3419 3420 
2129 2357 2355 3045 
2130 1051 1050 1052 
2131 347 28 3191 
2132 2306 2707 3212 
2133 1291 1293 1427 
2134 2059 2060 2257 
2135 727 2801 3213 
2136 2037 2242 3040 
2137 842 3981 4072 
2138 390 514 3093 
2139 1960 3027 3062 
2140 993 991 3159 
2141 3088 934 4132 
2142 1322 67 3219 
2143 1741 1738 3274 
2144 417 1373 3721 
2145 1101 1609 1610 
2146 2170 2169 3035 
2147 1680 1474 1781 
2148 1950 3421 4497 
2149 4237 1480 4283 
2150 1760 1039 3165 
2151 3674 3420 4159 
2152 3683 1966 4057 
2153 40 1335 3196 
2154 1336 26 3207 
2155 210 1528 3220 
2156 2965 2964 2967 
2157 860 921 922 
2158 1136 1138 1538 
2159 314 3229 3232 
2160 3028 783 3029 
2161 1544 2104 3241 
2162 2608 2609 2610 
2163 2417 2416 3015 
2164 2075 3011 3012 
2165 1295 1297 1627 
2166 1957 2317 2420 
2167 3289 3287 3369 
2168 1039 612 3165 
2169 3410 1822 3616 
2170 1923 3241 3242 
2171 1349 2988 4199 
2172 3449 3400 3602 
2173 1181 3185 4084 
2174 3670 3669 4660 
2175 1185 1220 1560 
2176 1833 1093 2416 
2177 968 969 970 
2178 561 668 3223 
2179 2006 1708 2008 
2180 1053 1052 1054 
2181 1901 1902 2037 
2182 846 2183 3377 
2183 789 805 3361 
2184 3217 2666 4756 
2185 3079 3082 4227 
2186 1727 2972 2973 
2187 1717 1716 3236 
2188 2257 2258 2685 
2189 3447 3448 4009 
2190 1670 1668 3609 
2191 3468 1679 4713 
2192 223 222 2791 
2193 1070 1069 1081 
2194 1427 1293 2955 
2195 970 971 1085 
2196 1920 1695 1957 
2197 1610 1611 1612 
2198 1707 1392 1708 
2199 2208 2037 2657 
2200 3026 3025 3064 
2201 3002 3003 3007 
2202 2809 4351 4518 
2203 2300 2151 2476 
2204 1082 1081 1191 
2205 1566 1565 1901 
2206 1795 2056 2184 
2207 3028 3029 3030 
2208 3453 3455 3456 
2209 249 248 2821 
2210 3379 3380 3403 
2211 2757 2669 2758 
2212 4038 3505 4327 
2213 2946 3047 4034 
2214 3131 2458 3496 
2215 1701 795 1802 
2216 1057 2931 3134 
2217 1347 2352 2507 
2218 2974 2973 2975 
2219 4348 3141 4392 
2220 937 892 3519 
2221 1560 1220 1695 
2222 2126 2128 2498 
2223 3077 3075 3079 
2224 2971 3249 4202 
2225 226 225 2799 
2226 545 542 3189 
2227 1788 1402 3655 
2228 2101 3586 4300 
2229 1680 1781 1795 
2230 2420 2317 3049 
2231 922 2964 2965 
2232 241 240 2798 
2233 3753 3006 4358 
2234 3828 3203 4447 
2235 1803 1802 1995 
2236 678 683 1692 
2237 1055 1054 1057 
2238 1472 1568 2998 
2239 1158 1157 1565 
2240 685 687 935 
2241 2327 2032 2328 
2242 1712 1713 2051 
2243 1094 1085 1157 
2244 2788 2393 3557 
2245 1608 1630 1712 
2246 3729 2211 3777 
2247 2837 2839 4140 
2248 1162 1164 1679 
2249 1058 1057 1059 
2250 2075 1920 3011 
2251 547 545 3783 
2252 2149 3025 3026 
2253 1060 1059 1061 
2254 2068 1995 2379 
2255 1333 2131 2132 
2256 1568 1832 1897 
2257 567 605 3333 
2258 3332 3329 4221 
2259 2428 2192 2598 
2260 1468 1470 2972 
2261 2690 3331 4678 
2262 1484 1384 3248 
2263 1132 1187 3017 
2264 3690 2038 3691 
2265 1307 3120 3121 
2266 2498 2128 2499 
2267 315 3253 3254 
2268 6 250 2935 
2269 1514 1594 1608 
2270 3263 2526 4091 
2271 1646 1675 3548 
2272 1608 1712 1921 
2273 1767 1765 2989 
2274 603 592 3016 
2275 2283 2285 3073 
2276 1847 3593 3594 
2277 1617 1618 1862 
2278 1708 1392 3144 
2279 1230 1232 1579 
2280 1573 1814 1828 
2281 1392 1192 3193 
2282 2462 2463 2465 
2283 2277 2279 2526 
2284 2159 3443 4458 
2285 2149 2147 3025 
2286 172 173 3455 
2287 3241 2104 3242 
2288 1236 1238 2999 
2289 2896 3893 3894 
2290 1846 2253 3445 
2291 1176 1181 3127 
2292 3393 4116 4190 
2293 2499 2829 2830 
2294 236 235 2822 
2295 1612 1613 1614 
2296 1769 1767 1878 
2297 1614 1615 1617 
2298 173 636 3455 
2299 3243 2104 3272 
2300 1470 1472 1792 
2301 514 3989 4228 
2302 1359 3918 3943 
2303 1692 683 2959 
2304 334 43 3206 
2305 3545 4164 4655 
2306 940 943 948 
2307 2934 1110 4063 
2308 2746 2951 3526 
2309 921 933 940 
2310 2379 2524 2908 
2311 2147 2145 2569 
2312 860 918 921 
2313 2281 2283 2696 
2314 3151 977 4320 
2315 533 531 1093 
2316 3310 3311 3312 
2317 1172 1536 3042 
2318 1834 2089 3617 
2319 2924 1846 3445 
2320 1648 1646 3548 
2321 2227 1516 3601 
2322 3697 1437 3891 
2323 2831 2833 2851 
2324 1466 1468 1727 
2325 1245 1433 3090 
2326 2132 2131 2226 
2327 1952 1758 1953 
2328 388 390 3093 
2329 1765 1629 1935 
2330 747 750 3094 
2331 3097 3098 3100 
2332 1496 1681 3765 
2333 1917 1891 3037 
2334 691 967 968 
2335 2878 2876 2899 
2336 1281 1474 1680 
2337 2036 2743 3166 
2338 3540 3532 3541 
2339 2083 2789 4182 
2340 2619 2621 2986 
2341 2465 2466 2728 
2342 3119 333 3125 
2343 805 859 860 
2344 1779 515 3448 
2345 2298 2518 2519 
2346 3652 3653 4227 
2347 3599 2227 3601 
2348 213 214 3642 
2349 3242 3243 3512 
2350 3174 1028 4082 
2351 3053 770 3054 
2352 3503 4038 4130 
2353 3585 2648 4352 
2354 743 747 764 
2355 541 539 795 
2356 1086 1210 1442 
2357 1864 3074 3075 
2358 891 4148 4330 
2359 92 93 3173 
2360 1234 1236 1710 
2361 1629 1566 3067 
2362 3805 3478 4188 
2363 2143 2555 3036 
2364 1242 1245 1843 
2365 592 588 639 
2366 638 610 3020 
2367 1238 1240 1689 
2368 1170 1172 3042 
2369 1130 1132 3017 
2370 1164 1166 3084 
2371 4574 4036 4576 
2372 2031 2824 2957 
2373 1045 1043 1046 
2374 2126 1714 2128 
2375 4198 1593 4253 
2376 764 3094 3095 
2377 571 1796 3354 
2378 91 333 3119 
2379 2169 1927 2171 
2380 1032 1034 3041 
2381 948 949 956 
2382 3599 3598 3600 
2383 1067 1121 1248 
2384 1878 1767 2989 
2385 3095 3096 3097 
2386 2872 2869 3335 
2387 701 703 3027 
2388 3981 2547 4072 
2389 3060 1960 3061 
2390 1263 1265 1270 
2391 1267 1269 1500 
2392 1620 1623 3265 
2393 1442 1210 3707 
2394 2541 1917 3037 
2395 1486 2969 3278 
2396 3012 3011 4224 
2397 3764 1562 4192 
2398 1308 184 3132 
2399 1278 1281 3052 
2400 1618 1620 3265 
2401 2728 2729 2730 
2402 1789 1319 2922 
2403 3251 758 3252 
2404 87 342 3135 
2405 2459 2603 2765 
2406 3468 4713 4803 
2407 2830 2829 2831 
2408 1247 3136 4345 
2409 3009 503 3781 
2410 2990 2989 2993 
2411 95 96 4308 
2412 3249 2103 3273 
2413 2310 2383 2527 
2414 2056 2057 2530 
2415 1263 1270 3707 
2416 2074 1920 2075 
2417 4369 2562 4408 
2418 2031 1953 2823 
2419 2351 3689 3690 
2420 3563 2096 3818 
2421 3222 2626 3367 
2422 2132 2816 3182 
2423 1717 3236 4254 
2424 2867 1090 4207 
2425 2882 2880 2896 
2426 1187 1188 1519 
2427 1519 1520 1869 
2428 1319 1573 2922 
2429 2720 2313 3271 
2430 1833 2416 2417 
2431 699 701 1960 
2432 1174 1176 3127 
2433 1490 1487 3278 
2434 864 866 3166 
2435 3002 3001 3003 
2436 2192 2190 3058 
2437 3220 1528 3628 
2438 2992 2990 2995 
2439 788 789 3361 
2440 610 603 1332 
2441 317 182 3137 
2442 581 579 1204 
2443 2940 2693 4257 
2444 2101 4524 4740 
2445 490 678 3021 
2446 649 638 676 
2447 952 1333 3182 
2448 1281 1282 1474 
2449 1041 1039 1760 
2450 2044 2461 2462 
2451 1897 1832 1927 
2452 1272 1274 1323 
2453 3121 3120 3124 
2454 345 197 3145 
2455 2167 2070 2682 
2456 2995 1389 3768 
2457 935 687 2962 
2458 1114 1112 1887 
2459 1147 2863 4261 
2460 2975 2973 2977 
2461 1822 3410 4236 
2462 549 547 675 
2463 2099 2604 2605 
2464 2773 2042 4740 
2465 533 1093 1833 
2466 1085 1086 3490 
2467 963 1067 3112 
2468 754 757 769 
2469 1389 3559 3766 
2470 1034 1349 3041 
2471 1168 1170 1576 
2472 3045 4015 4238 
2473 2287 2289 2455 
2474 1679 1164 3084 
2475 2139 2447 3068 
2476 3854 2742 4773 
2477 1182 1185 3185 
2478 1083 1005 1359 
2479 3004 3002 3356 
2480 4059 2595 4260 
2481 380 382 1347 
2482 970 969 971 
2483 2492 2167 3136 
2484 956 957 1073 
2485 731 734 1254 
2486 3361 3372 4391 
2487 2377 2120 3282 
2488 1407 3350 3655 
2489 1313 199 3154 
2490 541 795 1701 
2491 2696 2283 3073 
2492 317 3137 3138 
2493 1073 1074 1107 
2494 1505 2277 3263 
2495 968 967 969 
2496 78 1693 3157 
2497 2406 1917 2541 
2498 1391 1192 1392 
2499 1030 1032 1364 
2500 1599 1847 3601 
2501 3373 1741 3525 
2502 1954 2031 2032 
2503 4590 2684 4610 
2504 1288 1291 2925 
2505 1977 2033 2295 
2506 703 705 783 
2507 1792 1472 2998 
2508 2323 2322 3374 
2509 1701 1802 1803 
2510 2036 2354 2742 
2511 2295 2727 3816 
2512 750 754 3148 
2513 1845 2547 3884 
2514 2205 3264 3695 
2515 3115 2630 3221 
2516 1878 2990 2991 
2517 2329 2330 2331 
2518 1107 1108 1136 
2519 1276 1278 3052 
2520 2174 3558 3617 
2521 1901 1565 1902 
2522 1085 971 1086 
2523 2876 2874 3111 
2524 2037 1902 2242 
2525 2076 2075 2077 
2526 1003 1001 3167 
2527 3365 885 4216 
2528 2657 2037 3040 
2529 1076 1513 1514 
2530 662 649 3063 
2531 1034 1036 1349 
2532 2096 1771 3817 
2533 592 639 3016 
2534 3350 1409 3660 
2535 1172 1174 1536 
2536 1727 1468 2972 
2537 1891 1761 2186 
2538 997 995 1253 
2539 1935 1629 3067 
2540 3360 2123 4523 
2541 1269 1272 3014 
2542 1253 3158 3160 
2543 1803 1995 2068 
2544 76 340 3169 
2545 1511 1159 3413 
2546 1952 1953 1954 
2547 764 747 3094 
2548 3595 3596 3598 
2549 2078 2077 2599 
2550 2673 3347 3985 
2551 2125 1714 2126 
2552 2677 2678 4132 
2553 484 972 3338 
2554 1710 1236 2999 
2555 2143 2141 2555 
2556 1240 1242 3327 
2557 719 758 3251 
2558 3287 946 3369 
2559 3101 3103 3110 
2560 1452 203 3168 
2561 74 1557 3170 
2562 341 201 3059 
2563 557 3010 4059 
2564 1922 3323 3324 
2565 1001 999 1314 
2566 1813 4435 4506 
2567 1897 2169 2170 
2568 1018 1020 3044 
2569 3783 3189 3934 
2570 1140 1162 3468 
2571 3099 3097 3117 
2572 1020 1022 1249 
2573 3166 2743 3341 
2574 2327 2328 2329 
2575 3061 1960 3062 
2576 3670 4660 4692 
2577 1564 662 3063 
2578 2331 2332 2333 
2579 3924 1474 4041 
2580 3471 3473 3485 
2581 1843 1245 3090 
2582 3096 3148 3615 
2583 2079 3674 4159 
2584 1024 1026 1326 
2585 3026 3064 4432 
2586 610 1332 3020 
2587 929 914 3279 
2588 434 436 3554 
2589 2869 2560 3335 
2590 478 3186 3187 
2591 386 388 1311 
2592 555 553 680 
2593 1776 652 3326 
2594 1901 2037 2208 
2595 2839 2841 2854 
2596 1250 188 3172 
2597 1960 701 3027 
2598 2419 3704 4314 
2599 1977 2296 2927 
2600 2598 2192 3058 
2601 3310 3312 3430 
2602 2605 3625 3626 
2603 214 3415 3642 
2604 3595 3598 3599 
2605 329 139 3463 
2606 907 2182 3323 
2607 1016 1018 1327 
2608 311 102 3358 
2609 2070 2068 3046 
2610 3530 3532 3540 
2611 337 205 3180 
2612 3158 993 3159 
2613 1551 1923 3245 
2614 2888 2886 2895 
2615 1048 1046 3018 
2616 696 699 3060 
2617 2622 2619 2986 
2618 3162 2357 3163 
2619 2133 3362 3427 
2620 748 740 3553 
2621 2024 2092 3072 
2622 390 392 514 
2623 2352 3481 3482 
2624 1136 1137 1138 
2625 2884 2882 3116 
2626 2961 2962 4158 
2627 3611 3399 4767 
2628 2930 2080 4790 
2629 707 709 1939 
2630 1857 3875 4016 
2631 3562 3563 3818 
2632 2325 2114 3364 
2633 2291 2293 3179 
2634 2934 2432 3892 
2635 1500 3218 4265 
2636 2139 2137 2447 
2637 1864 1769 3074 
2638 89 1307 3122 
2639 2044 2462 2913 
2640 3200 334 3201 
2641 1727 2973 2974 
2642 3225 3224 3226 
2643 2377 3282 3283 
2644 2587 2054 3638 
2645 3097 3096 3098 
2646 999 997 3237 
2647 217 1948 3449 
2648 1500 3014 3218 
2649 2146 2145 2147 
2650 2433 3279 3671 
2651 4640 2659 4647 
2652 2127 2126 3085 
2653 2761 3783 3934 
2654 1158 1565 1566 
2655 1132 1134 1187 
2656 3000 3002 3004 
2657 320 3007 4806 
2658 1185 1186 1220 
2659 1589 1476 3284 
2660 1159 1037 3413 
2661 1769 1878 3074 
2662 1500 1269 3014 
2663 2293 2364 2570 
2664 2581 2572 2802 
2665 2148 2147 2149 
2666 3157 1693 3291 
2667 3100 3098 3101 
2668 2011 1991 2012 
2669 2974 2975 2976 
2670 1255 1685 3406 
2671 1668 2047 3609 
2672 3476 3484 3485 
2673 654 3325 3326 
2674 2293 2570 3179 
2675 3150 2343 3153 
2676 2619 2616 2621 
2677 3238 1203 4322 
2678 789 804 805 
2679 1597 3494 3843 
2680 3399 3397 4767 
2681 1278 1280 1281 
2682 3688 3302 4801 
2683 2333 2334 2335 
2684 90 91 3119 
2685 1620 1622 1623 
2686 184 185 3132 
2687 3543 3545 3546 
2688 1094 1157 1158 
2689 1304 207 3188 
2690 3379 496 3380 
2691 1341 3293 3294 
2692 1291 1292 1293 
2693 3341 2743 3342 
2694 711 713 770 
2695 711 770 3053 
2696 3670 2433 3671 
2697 358 356 3616 
2698 344 3488 3489 
2699 2150 2149 2151 
2700 561 559 668 
2701 970 1085 1094 
2702 3377 2183 3378 
2703 995 993 3158 
2704 2350 853 2351 
2705 1828 1814 1829 
2706 1404 1407 3655 
2707 1894 1829 1895 
2708 182 183 3137 
2709 2370 2306 3212 
2710 4486 2604 4573 
2711 86 87 3135 
2712 2019 2636 3274 
2713 3095 3094 3096 
2714 3260 3852 4044 
2715 2144 2143 2145 
2716 1252 1438 3842 
2717 2882 2896 3116 
2718 188 189 3172 
2719 2338 2340 2341 
2720 709 711 3053 
2721 1847 1601 3593 
2722 2886 2884 3246 
2723 68 330 3219 
2724 3418 3416 3446 
2725 2136 2135 2137 
2726 3579 2186 3696 
2727 2531 2534 3426 
2728 1026 1028 3174 
2729 197 198 3145 
2730 331 209 3220 
2731 2244 2308 3234 
2732 1685 1251 3239 
2733 2138 2137 2139 
2734 1774 3352 4492 
2735 766 787 788 
2736 1005 1003 3340 
2737 2379 1995 2524 
2738 2425 3444 4359 
2739 2008 2357 3162 
2740 1095 942 3268 
2741 991 989 1330 
2742 942 895 3268 
2743 2120 2118 3282 
2744 2969 1985 2970 
2745 3466 3453 4080 
2746 1546 1544 3241 
2747 2519 2668 2669 
2748 199 200 3154 
2749 77 78 3157 
2750 2709 4198 4253 
2751 2142 2141 2143 
2752 3028 3030 3031 
2753 4065 2404 4691 
2754 1061 1070 3176 
2755 3069 2970 3070 
2756 1597 1199 3494 
2757 3052 1680 3947 
2758 2653 3458 4460 
2759 203 204 3168 
2760 1738 1737 3274 
2761 73 74 3170 
2762 1409 1412 3660 
2763 2899 2876 3111 
2764 1274 1276 3161 
2765 2152 2151 2300 
2766 2531 2533 2534 
2767 189 190 343 
2768 87 88 342 
2769 89 90 1307 
2770 185 186 332 
2771 91 92 333 
2772 783 705 3032 
2773 3416 777 3446 
2774 3323 2182 3324 
2775 2140 2139 2141 
2776 2843 2848 2850 
2777 2306 2304 2707 
2778 2473 2323 3374 
2779 75 76 3169 
2780 2522 1974 4002 
2781 2501 2500 4438 
2782 3607 3477 4565 
2783 3197 1335 3198 
2784 3315 3143 3316 
2785 2911 2108 3414 
2786 1265 1267 3405 
2787 1065 3622 3623 
2788 2036 2742 2743 
2789 2418 3285 3286 
2790 1327 1018 3044 
2791 785 662 1564 
2792 2132 2739 2816 
2793 3345 1343 3346 
2794 1727 2974 3613 
2795 201 202 3059 
2796 1802 795 2045 
2797 1251 1201 3239 
2798 578 577 579 
2799 1323 1274 3161 
2800 1293 1294 1295 
2801 1189 929 3279 
2802 731 732 734 
2803 207 208 3188 
2804 183 184 1308 
2805 1660 1658 3575 
2806 2366 2423 2766 
2807 97 98 3229 
2808 2614 2613 2615 
2809 140 3462 3463 
2810 2356 2009 2649 
2811 2362 2397 2701 
2812 1837 2091 2164 
2813 728 731 3050 
2814 1121 1305 3147 
2815 678 1692 3021 
2816 2335 2336 2337 
2817 2892 2890 2901 
2818 3272 1012 3519 
2819 2682 2070 3046 
2820 715 717 1631 
2821 192 193 981 
2822 2114 2112 3364 
2823 80 81 344 
2824 196 197 345 
2825 3239 1597 3457 
2826 1248 1121 3147 
2827 760 766 3216 
2828 3200 3201 3202 
2829 555 680 3010 
2830 85 86 1261 
2831 2104 1542 3272 
2832 2974 2978 3613 
2833 2607 2012 2608 
2834 3152 3150 4153 
2835 2166 2164 2572 
2836 3335 2560 3728 
2837 1810 2083 4131 
2838 3595 3594 3596 
2839 989 932 3377 
2840 1306 980 3285 
2841 181 182 317 
2842 3473 3476 3485 
2843 3428 1670 3609 
2844 869 936 2036 
2845 1716 1876 3236 
2846 2325 3364 3365 
2847 504 420 3721 
2848 1636 1638 3355 
2849 1957 2316 2317 
2850 1333 2132 3182 
2851 48 1357 3292 
2852 1341 18 3293 
2853 205 206 3180 
2854 198 199 1313 
2855 2498 2499 3431 
2856 3412 3413 3808 
2857 1625 1976 1977 
2858 3455 636 3456 
2859 2025 2024 2421 
2860 3429 3609 3610 
2861 2134 2133 2135 
2862 98 1312 3229 
2863 78 79 1693 
2864 557 555 3010 
2865 1751 1750 1837 
2866 96 97 314 
2867 1194 1097 1714 
2868 3543 3541 3544 
2869 3303 178 3313 
2870 3298 3294 3422 
2871 3450 172 3455 
2872 1608 1594 1630 
2873 2302 2239 2867 
2874 2051 1713 2052 
2875 1176 1179 1181 
2876 1497 1586 3487 
2877 4027 2787 4099 
2878 1780 1759 2024 
2879 577 574 3354 
2880 72 73 336 
2881 204 205 337 
2882 76 77 340 
2883 200 201 341 
2884 1658 1855 3575 
2885 1712 1630 1713 
2886 869 2036 3166 
2887 2895 2886 3246 
2888 1326 1026 3174 
2889 2741 2473 3374 
2890 2981 2982 2983 
2891 1181 1182 3185 
2892 3368 1115 3736 
2893 3529 1648 3548 
2894 2499 2828 2829 
2895 195 196 3275 
2896 1827 2513 3355 
2897 699 1960 3060 
2898 3301 521 3561 
2899 2927 2296 3848 
2900 2592 2684 4590 
2901 1047 1048 1049 
2902 2277 2526 3263 
2903 997 1253 3237 
2904 2967 2996 4527 
2905 1337 30 3190 
2906 2418 1306 3285 
2907 1182 1184 1185 
2908 2273 2360 2863 
2909 3411 1961 3412 
2910 312 177 3303 
2911 1816 1430 3362 
2912 1796 569 3333 
2913 829 1343 3345 
2914 29 1337 3191 
2915 177 178 3303 
2916 2501 3439 4585 
2917 2432 3851 3892 
2918 1486 1484 1985 
2919 2406 2541 2546 
2920 1138 1139 1140 
2921 1045 1046 1047 
2922 2935 1009 4514 
2923 145 3511 3656 
2924 1638 1827 3355 
2925 2376 1859 3514 
2926 1434 1466 3613 
2927 2418 3286 3897 
2928 346 39 3196 
2929 27 347 3207 
2930 1950 1152 3421 
2931 717 719 3251 
2932 866 869 3166 
2933 3641 3640 4397 
2934 2967 2964 2996 
2935 3242 2104 3243 
2936 563 561 3223 
2937 497 65 3375 
2938 2638 2637 2639 
2939 68 69 330 
2940 208 209 331 
2941 3336 311 3337 
2942 1253 995 3158 
2943 202 203 1452 
2944 2722 2473 2741 
2945 2734 2735 2736 
2946 74 75 1557 
2947 323 4368 4449 
2948 2469 2676 2677 
2949 4471 3286 4661 
2950 2336 2334 3319 
2951 246 245 4127 
2952 67 68 3219 
2953 1741 3274 3525 
2954 339 3261 3262 
2955 212 496 3379 
2956 2421 3072 4350 
2957 2757 2758 2759 
2958 2108 2106 3414 
2959 2636 2635 2637 
2960 1514 1513 1594 
2961 209 210 3220 
2962 963 3112 3328 
2963 3691 2038 3868 
2964 435 433 3812 
2965 1601 1603 3593 
2966 1890 2726 4508 
2967 1370 2418 3497 
2968 1101 1062 1609 
2969 3107 3108 4249 
2970 1162 1679 3468 
2971 3859 2612 4479 
2972 2317 2776 2777 
2973 3229 1312 3230 
2974 2185 2184 2190 
2975 3249 4115 4143 
2976 3530 3529 3532 
2977 950 3343 3344 
2978 3580 3581 3582 
2979 2421 2024 3072 
2980 927 982 3622 
2981 2059 1728 2060 
2982 858 3471 3527 
2983 101 311 3336 
2984 1284 1286 1287 
2985 2642 2640 2680 
2986 2792 582 2793 
2987 3289 3369 4204 
2988 3380 3381 3382 
2989 652 654 3326 
2990 1049 1050 1051 
2991 393 395 3907 
2992 1574 1934 2203 
2993 1755 1753 1900 
2994 3294 3293 3422 
2995 654 657 3325 
2996 1736 1735 1737 
2997 1288 1290 1291 
2998 2226 3266 3267 
2999 1763 748 3553 
3000 1335 41 3199 
3001 3002 3007 3356 
3002 2341 2784 2785 
3003 3095 3097 3099 
3004 2133 1819 3362 
3005 3712 1481 4286 
3006 2024 1759 2092 
3007 987 1103 3363 
3008 1749 1746 1750 
3009 2780 923 4623 
3010 179 180 1310 
3011 3689 2038 3690 
3012 517 370 3823 
3013 1192 1191 3193 
3014 2718 3128 3129 
3015 315 3254 3255 
3016 3874 1857 4058 
3017 953 907 3323 
3018 3687 2425 4329 
3019 1228 1229 1230 
3020 2638 2639 2640 
3021 140 141 3462 
3022 3304 3303 3307 
3023 2189 1640 3879 
3024 1740 1738 1741 
3025 3223 3224 3225 
3026 857 216 3449 
3027 1417 1422 3700 
3028 2036 936 2354 
3029 3202 3204 3205 
3030 2385 2588 3366 
3031 3918 1359 3960 
3032 312 3303 3304 
3033 2878 2899 4078 
3034 1078 1705 3369 
3035 1736 1737 1738 
3036 3533 3530 3540 
3037 3059 2912 3742 
3038 3342 2743 3854 
3039 1528 3379 3403 
3040 3018 1046 3019 
3041 2993 2994 3559 
3042 3095 3099 3321 
3043 3666 3412 3808 
3044 2782 1473 4408 
3045 1560 1920 2074 
3046 2768 4222 4643 
3047 1514 1608 2987 
3048 376 380 3725 
3049 2759 4264 4502 
3050 2233 2271 3247 
3051 2922 2046 4735 
3052 2642 2680 2698 
3053 3471 3485 3527 
3054 138 329 3510 
3055 2124 2377 2856 
3056 2636 2637 2638 
3057 1347 382 2352 
3058 802 821 1782 
3059 1507 1490 1759 
3060 1291 1427 2925 
3061 1761 984 3696 
3062 1346 3459 3460 
3063 1405 1403 3695 
3064 187 188 1250 
3065 1744 1742 1747 
3066 825 827 977 
3067 2027 2720 3269 
3068 102 103 3358 
3069 2019 2635 2636 
3070 2514 2562 3281 
3071 3447 1779 3448 
3072 2513 2514 3281 
3073 2008 2355 2357 
3074 2600 2797 4599 
3075 827 829 3345 
3076 1737 2019 3274 
3077 1333 1968 2131 
3078 1837 1750 2091 
3079 2056 1781 2057 
3080 3223 3225 3620 
3081 2462 2461 2463 
3082 1061 1069 1070 
3083 1051 1052 1053 
3084 580 579 581 
3085 678 679 683 
3086 2970 1985 2971 
3087 2666 2030 2667 
3088 2731 2733 2734 
3089 2872 3335 4112 
3090 2804 959 2805 
3091 1201 1199 1597 
3092 2397 2402 3238 
3093 2121 2120 2124 
3094 206 207 1304 
3095 2455 3680 3928 
3096 70 71 1478 
3097 2712 2713 2714 
3098 805 860 3372 
3099 1230 1231 1232 
3100 1207 1115 3368 
3101 2831 2832 2833 
3102 2183 794 3838 
3103 3382 3383 3404 
3104 683 684 685 
3105 1740 1741 1742 
3106 835 837 3419 
3107 976 468 3576 
3108 924 946 3287 
3109 34 35 458 
3110 3451 3453 3466 
3111 452 450 3442 
3112 2166 2572 2581 
3113 2826 1071 4268 
3114 2550 2554 3181 
3115 1962 1961 3411 
3116 31 32 645 
3117 36 37 1334 
3118 1731 3245 3827 
3119 734 736 737 
3120 29 30 1337 
3121 1140 1141 1162 
3122 3380 496 3381 
3123 2091 1750 3566 
3124 2742 2354 3676 
3125 940 933 943 
3126 921 918 933 
3127 860 859 918 
3128 38 39 346 
3129 27 28 347 
3130 3658 2300 4081 
3131 2969 2970 3069 
3132 44 1340 3206 
3133 1737 2018 2019 
3134 2991 2992 4104 
3135 2459 1990 2603 
3136 862 1080 3371 
3137 597 3857 3977 
3138 1689 1240 3327 
3139 527 1779 3446 
3140 2019 2633 2635 
3141 1869 2034 3256 
3142 1476 1604 3284 
3143 2701 2397 3238 
3144 685 686 687 
3145 3543 3544 3545 
3146 436 482 3554 
3147 858 3469 3470 
3148 1819 1816 3362 
3149 2115 2114 2116 
3150 1610 1609 1611 
3151 4320 977 4688 
3152 40 41 1335 
3153 25 26 1336 
3154 1486 1985 2969 
3155 4329 2425 4359 
3156 948 943 949 
3157 587 581 588 
3158 2896 2880 4078 
3159 1526 1717 3423 
3160 1065 927 3622 
3161 2035 2389 2748 
3162 1586 1722 3487 
3163 1837 2164 2166 
3164 895 800 1358 
3165 2257 2060 2258 
3166 687 688 689 
3167 3243 3272 3519 
3168 42 43 334 
3169 23 24 335 
3170 3105 3107 3357 
3171 2113 2112 2114 
3172 805 804 859 
3173 3167 1314 3646 
3174 3069 3070 3071 
3175 2810 733 2811 
3176 1255 1251 1685 
3177 2746 2417 2747 
3178 2575 2102 2718 
3179 534 533 3526 
3180 1359 1005 3340 
3181 2118 3280 3282 
3182 4318 2510 4426 
3183 2188 3424 3663 
3184 3639 3640 3641 
3185 1734 1735 1736 
3186 1144 1922 3376 
3187 689 690 691 
3188 788 787 789 
3189 93 94 1309 
3190 2117 2116 2118 
3191 844 3442 3443 
3192 3022 2091 3566 
3193 980 942 1095 
3194 2164 2091 2165 
3195 66 1322 3375 
3196 3293 328 3422 
3197 2119 2118 2120 
3198 719 721 758 
3199 2873 2872 2874 
3200 737 742 743 
3201 148 1691 3434 
3202 44 45 1340 
3203 21 22 1339 
3204 4038 4327 4785 
3205 171 172 3450 
3206 1528 211 3379 
3207 65 66 3375 
3208 2277 2278 2279 
3209 591 588 592 
3210 211 212 3379 
3211 2465 2463 2466 
3212 1827 1889 2513 
3213 2279 2280 2281 
3214 1426 3431 3880 
3215 2237 2004 3339 
3216 2514 2516 2562 
3217 2439 1998 2767 
3218 3156 1739 3794 
3219 2447 3177 3178 
3220 130 897 3433 
3221 2875 2874 2876 
3222 3307 3313 3314 
3223 2298 2519 3848 
3224 1258 1454 1890 
3225 1853 4374 4401 
3226 2287 2455 4085 
3227 46 47 327 
3228 19 20 328 
3229 2718 2102 3128 
3230 2111 2110 2112 
3231 785 1564 3235 
3232 3350 2984 3655 
3233 3289 4204 4413 
3234 567 565 605 
3235 3487 2035 3873 
3236 2116 2325 3280 
3237 1703 1670 3428 
3238 641 682 1338 
3239 3355 2513 4195 
3240 1030 1364 4082 
3241 743 746 747 
3242 1232 1233 1234 
3243 1551 1549 1923 
3244 1946 2255 2537 
3245 3038 2186 3579 
3246 1780 2024 2025 
3247 139 140 3463 
3248 2191 2190 2192 
3249 2685 2258 2686 
3250 4404 2494 4477 
3251 2546 2541 3550 
3252 691 692 967 
3253 538 537 539 
3254 135 1345 3438 
3255 1295 1296 1297 
3256 3382 3381 3383 
3257 1086 1209 1210 
3258 540 539 541 
3259 530 529 531 
3260 1053 1054 1055 
3261 2025 2421 2458 
3262 3003 3005 3006 
3263 1281 1280 1282 
3264 532 531 533 
3265 224 741 2790 
3266 327 47 3292 
3267 19 328 3293 
3268 2640 2639 3348 
3269 2981 2980 2982 
3270 2728 2466 2729 
3271 1162 1163 1164 
3272 2281 2282 2283 
3273 3269 2720 3270 
3274 602 592 603 
3275 1507 1759 1780 
3276 1221 1227 1228 
3277 1194 1714 2125 
3278 166 167 3458 
3279 1749 1750 1751 
3280 2763 2764 4179 
3281 103 1325 3358 
3282 764 3095 3321 
3283 2124 2120 2377 
3284 66 67 1322 
3285 569 567 3333 
3286 2109 2108 2110 
3287 2313 2859 3271 
3288 1956 1819 2133 
3289 2094 1861 2102 
3290 1734 1732 1735 
3291 1890 1454 2726 
3292 858 62 3469 
3293 2540 2376 3156 
3294 163 164 3440 
3295 808 890 1529 
3296 3202 3201 3204 
3297 2665 3428 3429 
3298 1022 1024 3657 
3299 1060 1061 3176 
3300 468 438 3576 
3301 1742 1741 3373 
3302 176 177 312 
3303 3311 1661 4097 
3304 3299 3298 3300 
3305 3570 3569 3571 
3306 1905 2502 2772 
3307 2107 2106 2108 
3308 210 211 1528 
3309 2069 2068 2070 
3310 2373 2429 3742 
3311 1370 1306 2418 
3312 3225 3226 3227 
3313 2136 2137 2138 
3314 629 2027 4004 
3315 62 63 3469 
3316 546 545 547 
3317 2006 2008 3162 
3318 844 452 3442 
3319 2854 2841 3277 
3320 3380 3382 3386 
3321 4089 1631 4208 
3322 3288 3289 3290 
3323 4359 3444 4384 
3324 2152 2300 3658 
3325 2112 3334 3364 
3326 4341 4065 4691 
3327 1346 142 3459 
3328 699 700 701 
3329 484 486 972 
3330 1154 1256 3421 
3331 1224 1223 3513 
3332 1923 3244 3245 
3333 858 3470 3471 
3334 482 484 3338 
3335 2134 2135 2136 
3336 1835 1773 2433 
3337 2042 2773 4763 
3338 2810 2811 4256 
3339 4548 339 4711 
3340 1707 1708 2006 
3341 761 2819 3250 
3342 1210 1262 1263 
3343 3443 2159 4710 
3344 3038 3579 4346 
3345 2499 2830 3431 
3346 1330 989 3377 
3347 3225 3228 3620 
3348 154 155 3480 
3349 747 749 750 
3350 2137 2135 3177 
3351 3451 3450 3453 
3352 3260 3629 3852 
3353 609 603 610 
3354 3164 3021 3424 
3355 101 102 311 
3356 2125 2126 2127 
3357 1447 1445 2230 
3358 2242 2243 2244 
3359 242 582 2792 
3360 978 3287 3288 
3361 1055 1057 1058 
3362 1070 1081 1082 
3363 2877 2876 2878 
3364 829 831 1343 
3365 2135 2133 3427 
3366 1082 1191 1192 
3367 2410 2857 2858 
3368 1297 1298 1299 
3369 1571 2162 3467 
3370 2113 2114 2115 
3371 2530 2057 2531 
3372 2841 2843 3277 
3373 2833 2834 2835 
3374 1961 1511 3413 
3375 2121 2124 2318 
3376 2289 2291 3680 
3377 3288 3287 3289 
3378 2526 2279 4149 
3379 3362 1430 3912 
3380 3898 2262 3930 
3381 978 924 3287 
3382 404 393 3907 
3383 1234 1235 1236 
3384 1612 1611 1613 
3385 3589 3590 3591 
3386 1058 1059 1060 
3387 1953 1758 3039 
3388 952 1088 1333 
3389 956 949 957 
3390 1403 2205 3695 
3391 1236 1237 1238 
3392 1558 1255 3406 
3393 1238 1239 1240 
3394 1150 1950 3363 
3395 548 547 549 
3396 853 625 3689 
3397 2677 2676 2678 
3398 884 924 978 
3399 573 244 2947 
3400 133 506 3500 
3401 946 1078 3369 
3402 1568 1777 1832 
3403 1299 1300 1302 
3404 4280 1569 4339 
3405 1187 1134 1188 
3406 3760 2976 4035 
3407 2193 2192 2428 
3408 1078 1224 1705 
3409 1722 2035 3487 
3410 1267 1500 3405 
3411 701 702 703 
3412 2283 2284 2285 
3413 2110 2911 3334 
3414 490 492 678 
3415 796 793 3567 
3416 637 610 638 
3417 227 727 3213 
3418 1468 1469 1470 
3419 2111 2112 2113 
3420 1240 1241 1242 
3421 1256 1257 1258 
3422 3244 3242 3512 
3423 1263 1264 1265 
3424 448 358 3616 
3425 1845 2407 2547 
3426 187 1250 3276 
3427 146 898 3511 
3428 1045 1047 3441 
3429 1103 1150 3363 
3430 576 574 577 
3431 3296 3298 3299 
3432 3471 3470 3472 
3433 1722 2017 2035 
3434 3348 2639 3349 
3435 1837 2166 3624 
3436 939 876 3621 
3437 574 571 3354 
3438 728 730 731 
3439 641 1338 3857 
3440 98 99 1312 
3441 4038 2597 4130 
3442 239 611 2803 
3443 1466 1467 1468 
3444 1746 1744 3566 
3445 3250 2819 4256 
3446 3593 3582 3594 
3447 1242 1243 1245 
3448 2244 2245 2308 
3449 536 534 537 
3450 1472 1567 1568 
3451 2115 2116 2117 
3452 3139 3138 3140 
3453 3532 3529 3548 
3454 1869 1520 2034 
3455 3101 3102 3103 
3456 2138 2139 2140 
3457 1706 1650 3529 
3458 2474 1787 3264 
3459 1588 1589 1938 
3460 1747 1742 3373 
3461 1759 1490 3278 
3462 3296 3294 3298 
3463 1391 1392 1707 
3464 992 991 993 
3465 2383 2384 2385 
3466 1350 862 3371 
3467 2161 2070 2167 
3468 2074 2075 2076 
3469 2680 2640 3348 
3470 1073 957 1074 
3471 3771 2503 4028 
3472 3454 3451 3466 
3473 2106 3368 3414 
3474 2308 2309 2310 
3475 3459 480 3464 
3476 1519 1188 1520 
3477 1187 1519 3926 
3478 668 559 4059 
3479 2062 1703 3428 
3480 2118 2116 3280 
3481 99 100 3465 
3482 2462 2662 2913 
3483 779 817 1324 
3484 330 69 3919 
3485 696 698 699 
3486 2747 2417 3863 
3487 2257 2685 4134 
3488 2781 335 4370 
3489 1834 1773 1835 
3490 2410 2529 2857 
3491 327 3292 4146 
3492 2310 2311 2383 
3493 1470 1471 1472 
3494 2431 2430 2923 
3495 3213 2801 3214 
3496 1730 1553 1731 
3497 1870 1991 2011 
3498 544 542 545 
3499 2109 2110 2111 
3500 1245 1246 1433 
3501 1505 2276 2277 
3502 2871 2869 2872 
3503 750 753 754 
3504 571 569 1796 
3505 1107 1074 1108 
3506 1550 1549 1551 
3507 1302 1318 1319 
3508 1588 1476 1589 
3509 990 989 991 
3510 1341 3295 3561 
3511 1634 1530 1839 
3512 1972 1561 2106 
3513 2116 2114 2325 
3514 1410 1417 3700 
3515 2107 2108 2109 
3516 3358 1325 3359 
3517 2665 2062 3428 
3518 2385 2386 2588 
3519 770 713 4046 
3520 3453 3450 3455 
3521 847 849 3492 
3522 3312 3311 4097 
3523 499 474 529 
3524 2194 2430 2431 
3525 2174 1892 3558 
3526 100 101 3336 
3527 703 704 705 
3528 959 228 3213 
3529 3410 3616 4024 
3530 1164 1165 1166 
3531 63 3437 3469 
3532 550 549 551 
3533 862 815 1080 
3534 3385 3388 3389 
3535 2219 1938 2425 
3536 3211 1970 4765 
3537 482 3338 3554 
3538 3569 1660 3575 
3539 2817 2174 2818 
3540 2119 2120 2121 
3541 1885 2129 3590 
3542 3460 3459 3464 
3543 1415 1476 1588 
3544 648 638 649 
3545 1730 1731 1732 
3546 1346 3460 3461 
3547 2641 2640 2642 
3548 955 1096 3495 
3549 1144 1092 1922 
3550 2140 2141 2142 
3551 2117 2118 2119 
3552 994 993 995 
3553 2127 3085 3086 
3554 30 31 3190 
3555 467 475 3501 
3556 1080 3416 3417 
3557 1552 1551 1553 
3558 1316 1144 3376 
3559 1972 2106 2107 
3560 2168 2167 2492 
3561 1258 1453 1454 
3562 2352 3482 3923 
3563 28 29 3191 
3564 229 959 2804 
3565 2076 2077 2078 
3566 1136 1108 1137 
3567 2523 4053 4647 
3568 2879 2878 2880 
3569 64 497 3437 
3570 2194 1965 2430 
3571 3732 2081 3734 
3572 1150 1152 1950 
3573 1152 1154 3421 
3574 3646 1314 4493 
3575 1265 1266 1267 
3576 2281 2696 4149 
3577 1706 3529 3530 
3578 1617 1615 1618 
3579 39 40 3196 
3580 26 27 3207 
3581 3649 3650 3651 
3582 2664 2062 2665 
3583 2195 1874 3748 
3584 2001 2218 3118 
3585 3125 333 3126 
3586 1956 2133 2134 
3587 3594 3582 3597 
3588 1614 1613 1615 
3589 2142 2143 2144 
3590 61 858 3527 
3591 2094 2102 2575 
3592 2637 2635 3051 
3593 1650 1648 3529 
3594 996 995 997 
3595 1232 1234 4034 
3596 1181 1179 1182 
3597 1267 1268 1269 
3598 1016 1017 1018 
3599 2112 2110 3334 
3600 2144 2145 2146 
3601 450 448 1822 
3602 2338 2341 3833 
3603 1527 3898 3930 
3604 1206 1048 3018 
3605 715 1631 4046 
3606 849 1259 3492 
3607 1157 1085 3490 
3608 1352 880 3633 
3609 462 452 844 
3610 1992 1993 2509 
3611 1307 3121 3122 
3612 232 733 2810 
3613 1526 1716 1717 
3614 1014 1015 1016 
3615 552 551 553 
3616 2166 3171 3624 
3617 1514 2987 2988 
3618 1737 1735 2018 
3619 1739 1738 1740 
3620 731 1254 3050 
3621 313 171 3450 
3622 2722 2741 2782 
3623 1544 1542 2104 
3624 848 776 3521 
3625 1018 1019 1020 
3626 70 1478 3919 
3627 3383 3384 3385 
3628 1361 1526 3423 
3629 1096 1428 3495 
3630 243 2792 2947 
3631 2730 2729 2731 
3632 2064 2435 3752 
3633 63 64 3437 
3634 754 756 757 
3635 1259 1992 3492 
3636 2110 2108 2911 
3637 3636 3562 3818 
3638 1876 2408 2410 
3639 2517 2297 2520 
3640 705 706 707 
3641 2146 2147 2148 
3642 3307 3303 3313 
3643 2285 2286 2287 
3644 2561 2339 2745 
3645 3590 2129 3591 
3646 2881 2880 2882 
3647 173 174 636 
3648 793 845 3567 
3649 733 231 2906 
3650 2493 2492 2494 
3651 3473 3472 3474 
3652 884 919 924 
3653 2678 3457 4402 
3654 1185 1184 1186 
3655 1523 1189 1773 
3656 2499 2128 2828 
3657 1561 1207 3368 
3658 3471 3472 3473 
3659 2100 1938 2219 
3660 2101 1721 3586 
3661 2326 2032 2327 
3662 777 646 3446 
3663 1549 1546 3241 
3664 2019 2018 2633 
3665 3264 1787 3695 
3666 2163 1787 2474 
3667 2244 3234 4114 
3668 2835 2836 2837 
3669 2883 2882 2884 
3670 646 527 3446 
3671 1020 1021 1022 
3672 1428 3467 3495 
3673 3055 3054 4532 
3674 3351 2587 3352 
3675 2097 1892 2174 
3676 3037 3038 4453 
3677 317 3139 3698 
3678 3458 2653 4510 
3679 833 835 1072 
3680 1721 1356 3586 
3681 2984 2219 2985 
3682 475 650 3501 
3683 2299 2054 2587 
3684 1628 1566 1629 
3685 3693 1786 3762 
3686 3385 3387 3388 
3687 4508 2726 4540 
3688 3322 3033 3353 
3689 1576 4203 4362 
3690 2030 1585 3765 
3691 4154 3437 4582 
3692 2054 1509 3578 
3693 1847 3595 3601 
3694 103 104 1325 
3695 2530 2531 3426 
3696 1269 1271 1272 
3697 2148 2149 2150 
3698 1348 163 3440 
3699 924 945 946 
3700 2092 1759 3278 
3701 3890 1584 4010 
3702 1107 1136 4011 
3703 318 166 3458 
3704 589 2909 4030 
3705 344 81 3488 
3706 1690 129 3433 
3707 1415 1475 1476 
3708 3295 3294 3296 
3709 946 1077 1078 
3710 815 777 3416 
3711 2978 2976 2979 
3712 1773 1189 3279 
3713 1951 1758 1952 
3714 2912 2373 3742 
3715 3389 3388 3390 
3716 898 147 3434 
3717 4464 1554 4534 
3718 2084 1965 2194 
3719 872 3562 3636 
3720 817 883 884 
3721 779 816 817 
3722 2106 1561 3368 
3723 1984 2391 3650 
3724 2534 2533 2535 
3725 657 779 3325 
3726 1259 1512 1992 
3727 4135 2570 4218 
3728 317 3138 3139 
3729 797 1365 3703 
3730 554 553 555 
3731 1154 1156 1256 
3732 506 134 3438 
3733 2001 2217 2218 
3734 2605 2604 3625 
3735 1092 953 3323 
3736 614 616 1841 
3737 1483 1384 1484 
3738 973 886 3645 
3739 186 187 3276 
3740 3480 155 3520 
3741 1345 136 3509 
3742 360 3715 4001 
3743 2287 2288 2289 
3744 1548 1546 1549 
3745 3609 2047 3610 
3746 3133 332 4455 
3747 666 925 3713 
3748 998 997 999 
3749 1223 1533 3513 
3750 2985 2219 3687 
3751 3295 3301 3561 
3752 851 848 3521 
3753 3502 520 3503 
3754 1428 1571 3467 
3755 3562 939 3563 
3756 1571 1928 2162 
3757 1764 1629 1765 
3758 1078 1223 1224 
3759 1979 2235 2478 
3760 650 1776 3501 
3761 1826 2058 3587 
3762 313 3450 3451 
3763 1097 785 3235 
3764 3356 3007 4562 
3765 1360 903 3637 
3766 1143 1092 1144 
3767 1700 4348 4392 
3768 576 577 578 
3769 3509 137 3510 
3770 814 777 815 
3771 887 1362 3668 
3772 2439 2767 2768 
3773 2519 2756 3848 
3774 3076 3075 3077 
3775 1194 2125 3494 
3776 707 708 709 
3777 1412 1414 1415 
3778 2885 2884 2886 
3779 143 480 3459 
3780 731 730 732 
3781 496 213 3642 
3782 1876 2410 3236 
3783 1382 1380 2103 
3784 916 862 1350 
3785 1800 1511 1961 
3786 1420 1416 1787 
3787 1964 1962 1965 
3788 2078 2599 2600 
3789 2562 2516 2563 
3790 1880 1316 1881 
3791 2664 2665 2864 
3792 1316 3376 4334 
3793 43 44 3206 
3794 2289 2290 2291 
3795 3521 3693 3762 
3796 3492 1992 3729 
3797 1315 1144 1316 
3798 1985 1484 3248 
3799 1434 1465 1466 
3800 1719 1509 2054 
3801 1733 1732 1734 
3802 3918 2910 3943 
3803 128 129 1690 
3804 1909 1996 2434 
3805 148 149 1691 
3806 3058 958 4277 
3807 3412 1961 3413 
3808 650 652 1776 
3809 1287 1286 1288 
3810 1542 1105 3272 
3811 2610 2613 2614 
3812 1965 1962 3411 
3813 3410 3409 4236 
3814 1000 999 1001 
3815 1291 1290 1292 
3816 230 2804 2906 
3817 2150 2151 2152 
3818 1729 1553 1730 
3819 1604 1999 2001 
3820 2071 1881 2072 
3821 1604 2001 3284 
3822 3650 2391 3651 
3823 3393 3394 3395 
3824 2230 1445 3993 
3825 861 815 862 
3826 2229 2215 2503 
3827 3472 3479 3493 
3828 1220 1186 1221 
3829 1319 1572 1573 
3830 761 234 2819 
3831 1743 1742 1744 
3832 657 778 779 
3833 3411 3412 3758 
3834 1091 953 1092 
3835 1766 1765 1767 
3836 1111 154 3480 
3837 2513 1889 2514 
3838 812 966 3681 
3839 3474 3472 3493 
3840 4086 3641 4397 
3841 133 134 506 
3842 2952 3924 4041 
3843 1002 1001 1003 
3844 2918 2917 3717 
3845 48 49 1357 
3846 17 18 1341 
3847 775 646 777 
3848 1655 1657 3486 
3849 1166 1167 1168 
3850 132 133 3500 
3851 1938 1589 3444 
3852 1341 3294 3295 
3853 527 515 1779 
3854 130 131 897 
3855 3522 2403 3523 
3856 2539 2376 2540 
3857 135 136 1345 
3858 146 147 898 
3859 2018 1735 3634 
3860 145 146 3511 
3861 1214 1678 3813 
3862 1533 1909 3513 
3863 1272 1273 1274 
3864 109 110 1830 
3865 907 851 2182 
3866 2802 2572 4673 
3867 3673 3600 4383 
3868 2182 851 3521 
3869 922 2965 2966 
3870 2659 2762 4647 
3871 1080 815 3416 
3872 1022 1023 1024 
3873 137 138 3510 
3874 3417 3416 3418 
3875 81 82 3488 
3876 2837 2838 2839 
3877 1957 1695 2316 
3878 143 144 480 
3879 3390 3392 3393 
3880 3503 3504 3505 
3881 1795 2184 2185 
3882 556 555 557 
3883 141 142 1346 
3884 2375 1859 2376 
3885 2887 2886 2888 
3886 141 1346 3462 
3887 2410 2408 2529 
3888 2951 537 3526 
3889 3305 3304 3306 
3890 3500 506 4438 
3891 3498 1348 3499 
3892 138 139 329 
3893 233 2810 2819 
3894 2475 2015 4225 
3895 1834 1835 2089 
3896 2961 935 2962 
3897 64 65 497 
3898 212 213 496 
3899 3473 3474 3475 
3900 2537 2255 2538 
3901 2779 2540 3627 
3902 1004 1003 1005 
3903 1533 1908 1909 
3904 1138 1137 1139 
3905 1745 1744 1746 
3906 2295 2033 2727 
3907 1293 1292 1294 
3908 3472 3470 3479 
3909 1926 1596 2683 
3910 341 3059 3742 
3911 2027 2313 2720 
3912 661 649 662 
3913 1024 1025 1026 
3914 3723 3722 3973 
3915 709 710 711 
3916 106 107 315 
3917 168 169 1328 
3918 1256 1156 1257 
3919 951 889 3852 
3920 47 48 3292 
3921 18 19 3293 
3922 162 163 1348 
3923 779 1324 3325 
3924 3103 3104 3105 
3925 1026 1027 1028 
3926 489 487 3953 
3927 2291 2292 2293 
3928 3393 3392 3394 
3929 982 1361 3622 
3930 1768 1767 1769 
3931 3363 1950 4232 
3932 1642 1640 2189 
3933 1922 1092 3323 
3934 1807 2081 3732 
3935 2654 2176 2655 
3936 1523 1773 1834 
3937 2923 2430 3758 
3938 558 557 559 
3939 1548 1549 1550 
3940 874 939 3562 
3941 1028 1029 1030 
3942 1710 2999 3659 
3943 1588 1938 2100 
3944 170 171 313 
3945 2097 2174 2817 
3946 1918 1662 3569 
3947 1662 1660 3569 
3948 113 114 1329 
3949 118 119 1582 
3950 1485 1484 1486 
3951 162 1348 3498 
3952 2634 2018 3634 
3953 2967 4527 4561 
3954 1274 1275 1276 
3955 1550 1551 1552 
3956 1868 2315 3722 
3957 1971 1561 1972 
3958 3324 2182 3762 
3959 2615 2617 2618 
3960 111 112 316 
3961 165 166 318 
3962 2509 1993 2510 
3963 2827 1691 4341 
3964 3930 3931 4404 
3965 1757 1449 1758 
3966 1923 1549 3241 
3967 1258 1257 1453 
3968 2655 2176 3662 
3969 147 148 3434 
3970 2178 1874 2195 
3971 4091 2526 4145 
3972 3084 1166 4442 
3973 3395 3397 3398 
3974 2347 2856 4316 
3975 1006 1005 1083 
3976 813 891 3978 
3977 1646 1644 1675 
3978 1732 1731 3634 
3979 761 3250 4709 
3980 659 2914 4800 
3981 1608 1921 2987 
3982 1992 1512 1993 
3983 3475 3474 3577 
3984 3531 3530 3533 
3985 988 932 989 
3986 1030 1031 1032 
3987 129 130 3433 
3988 2064 2066 2435 
3989 2430 1965 3411 
3990 3508 3506 4188 
3991 3385 3384 3387 
3992 134 135 3438 
3993 1454 1592 3370 
3994 1913 2486 3705 
3995 116 117 339 
3996 160 161 338 
3997 3043 2600 4599 
3998 136 137 3509 
3999 1822 448 3616 
4000 3105 3106 3107 
4001 1977 1976 2033 
4002 3622 3423 3623 
4003 120 121 600 
4004 1491 1490 1507 
4005 545 3189 3783 
4006 1477 3064 4576 
4007 2001 3118 3284 
4008 2131 2422 3266 
4009 1112 1083 3943 
4010 1331 3515 3516 
4011 2100 2219 2984 
4012 2447 2137 3177 
4013 725 3050 4560 
4014 1105 1012 3272 
4015 125 2403 3522 
4016 158 159 1331 
4017 2084 2194 2432 
4018 1933 2252 3612 
4019 2831 2829 2832 
4020 215 216 857 
4021 61 62 858 
4022 2620 2689 2690 
4023 3443 3442 4236 
4024 3279 914 3671 
4025 142 143 3459 
4026 1451 2227 4031 
4027 3478 3475 3577 
4028 578 579 580 
4029 2433 1773 3279 
4030 1918 3569 3570 
4031 2981 2983 4646 
4032 60 61 3527 
4033 383 386 3481 
4034 3395 3394 3397 
4035 1415 1414 1475 
4036 2425 1938 3444 
4037 1883 1885 3590 
4038 156 157 601 
4039 560 559 561 
4040 3534 3533 3537 
4041 1800 1961 1962 
4042 333 92 3173 
4043 1476 1475 1604 
4044 1357 49 3502 
4045 1863 1769 1864 
4046 2226 2131 3266 
4047 338 161 3498 
4048 734 732 736 
4049 1964 1965 2084 
4050 2299 2587 3351 
4051 1103 1149 1150 
4052 2163 2474 2703 
4053 3139 3142 3698 
4054 1603 3580 3593 
4055 938 1013 1014 
4056 2293 2294 2364 
4057 846 794 2183 
4058 1750 1746 3566 
4059 1956 2134 3555 
4060 1532 1207 1561 
4061 711 712 713 
4062 161 162 3498 
4063 3390 3391 3392 
4064 1577 1946 3842 
4065 2839 2840 2841 
4066 1084 1083 1112 
4067 1104 1540 3716 
4068 1420 1787 2163 
4069 2001 1999 2217 
4070 1839 1530 3965 
4071 839 856 950 
4072 123 124 1110 
4073 2702 2090 3253 
4074 3452 3451 3454 
4075 2410 2858 3236 
4076 153 154 1111 
4077 3383 3381 3384 
4078 3477 3475 3478 
4079 1412 1415 3660 
4080 2889 2888 2890 
4081 3483 1949 3484 
4082 1541 1105 1542 
4083 1719 2054 2299 
4084 1753 1751 3624 
4085 562 561 563 
4086 924 919 945 
4087 817 816 883 
4088 3580 2013 3581 
4089 1454 1453 1592 
4090 884 883 919 
4091 1552 1553 1729 
4092 2035 2017 2389 
4093 713 714 715 
4094 1982 1984 3650 
4095 3571 3569 3575 
4096 104 105 3564 
4097 1573 1812 1814 
4098 2908 3933 4755 
4099 2638 2640 2641 
4100 160 338 3515 
4101 1328 169 3618 
4102 2011 2012 2607 
4103 2317 2316 2776 
4104 1091 1092 1143 
4105 3704 2419 4407 
4106 174 175 3962 
4107 2616 2613 3175 
4108 1331 159 3515 
4109 779 778 816 
4110 521 16 3561 
4111 2387 2197 3664 
4112 2726 1454 3370 
4113 1616 2919 4733 
4114 217 218 1948 
4115 59 60 1949 
4116 1315 1316 1880 
4117 715 716 717 
4118 1748 1746 1749 
4119 159 160 3515 
4120 2341 2786 3833 
4121 1736 1738 1739 
4122 3112 3114 3328 
4123 2648 2647 2774 
4124 58 59 3483 
4125 2547 2407 2753 
4126 3390 3388 3391 
4127 4201 978 4754 
4128 158 1331 3518 
4129 17 1341 3561 
4130 3403 3386 4566 
4131 4116 1385 4190 
4132 1143 1144 1315 
4133 157 158 3518 
4134 1168 1169 1170 
4135 2303 2302 2304 
4136 601 157 3518 
4137 155 156 3520 
4138 1032 1033 1034 
4139 3586 2422 4300 
4140 2778 2540 2779 
4141 1860 1539 1861 
4142 1880 1881 2071 
4143 125 126 2403 
4144 151 152 2404 
4145 757 759 760 
4146 3085 2498 4245 
4147 531 529 4110 
4148 122 123 3892 
4149 156 601 3520 
4150 2093 1861 2094 
4151 775 777 814 
4152 2240 2239 2302 
4153 1652 1650 1706 
4154 916 1350 1351 
4155 947 3064 4575 
4156 819 893 2173 
4157 170 313 3618 
4158 946 945 1077 
4159 1489 1487 1490 
4160 2434 1996 2586 
4161 3392 3391 3396 
4162 1113 1112 1114 
4163 2307 2306 2370 
4164 1078 1077 1223 
4165 1422 1979 3700 
4166 1217 1677 4181 
4167 814 815 861 
4168 819 2173 3802 
4169 869 870 936 
4170 2238 2237 2239 
4171 1752 1751 1753 
4172 2305 2304 2306 
4173 50 520 3502 
4174 1416 1405 3695 
4175 2231 2232 2233 
4176 3684 1813 4506 
4177 3507 3605 3606 
4178 1909 1908 1996 
4179 3503 520 3504 
4180 3476 3475 3477 
4181 1034 1035 1036 
4182 2612 2609 4479 
4183 806 2469 3517 
4184 1344 1114 1821 
4185 1523 1834 3558 
4186 3029 783 3032 
4187 1730 1732 1733 
4188 2734 2733 2735 
4189 3204 2779 4659 
4190 3580 3582 3593 
4191 2360 2361 2362 
4192 541 1701 3189 
4193 542 541 3189 
4194 3230 1312 3231 
4195 2005 2004 2237 
4196 1772 2013 3580 
4197 861 862 916 
4198 152 153 3524 
4199 1565 1157 3968 
4200 3295 3296 3297 
4201 1657 1711 3486 
4202 2362 2396 2397 
4203 3505 3504 3506 
4204 2642 2698 2700 
4205 2052 2098 2099 
4206 1915 1891 1917 
4207 1218 1216 3643 
4208 2364 2365 2366 
4209 3572 3570 3573 
4210 1228 1227 1229 
4211 3392 3396 3549 
4212 2642 2700 3491 
4213 2273 2274 2360 
4214 3048 1094 4008 
4215 963 964 1067 
4216 313 3452 3618 
4217 876 878 3621 
4218 2371 2370 2372 
4219 3302 3688 4389 
4220 3581 3583 3604 
4221 3473 3475 3476 
4222 1734 1736 3514 
4223 2271 2272 2273 
4224 1859 1734 3514 
4225 1528 3403 3628 
4226 1762 1761 1891 
4227 1230 1229 1231 
4228 1466 1727 3613 
4229 1833 2417 2746 
4230 1736 1739 3514 
4231 4531 2765 4629 
4232 4061 2772 4524 
4233 3575 1855 4128 
4234 153 1111 3524 
4235 3733 3732 3734 
4236 3256 2034 3257 
4237 2654 2655 2656 
4238 1733 1734 1859 
4239 59 1949 3483 
4240 1535 1493 1539 
4241 1067 1068 1121 
4242 872 874 3562 
4243 1588 2100 3660 
4244 969 967 2207 
4245 3139 3140 3141 
4246 1539 1493 3631 
4247 1121 1122 1305 
4248 1367 454 3718 
4249 3586 1356 3901 
4250 2405 1917 2406 
4251 2662 2465 4380 
4252 2794 2796 2797 
4253 629 644 2027 
4254 312 3304 3305 
4255 3874 2476 3875 
4256 3077 3079 3653 
4257 1036 1075 1076 
4258 1895 2043 2044 
4259 3396 3400 3401 
4260 3394 3392 3549 
4261 1803 2068 2069 
4262 3429 3428 3609 
4263 2663 2062 2664 
4264 2233 2234 2271 
4265 3507 3504 3605 
4266 2397 2398 2402 
4267 2373 2372 2380 
4268 2109 2111 2123 
4269 1887 2910 4205 
4270 2178 2195 2626 
4271 1150 1151 1152 
4272 3003 3001 3005 
4273 2412 2414 4331 
4274 2862 2747 4592 
4275 3675 3556 4571 
4276 3825 4385 4405 
4277 2891 2890 2892 
4278 874 876 939 
4279 2736 2735 2737 
4280 2641 2642 3491 
4281 2375 2376 2539 
4282 2435 2066 2653 
4283 2402 2542 2543 
4284 878 880 1352 
4285 2404 152 3524 
4286 49 50 3502 
4287 2566 2016 3654 
4288 1658 1656 1855 
4289 2772 2502 2773 
4290 3208 1394 3209 
4291 618 622 963 
4292 1086 971 1209 
4293 2633 2634 3194 
4294 2366 2367 2423 
4295 3597 3582 4375 
4296 1140 1139 1141 
4297 1971 1972 2090 
4298 1668 1666 2047 
4299 1831 1370 3497 
4300 683 679 684 
4301 1543 1542 1544 
4302 3243 3519 4090 
4303 2003 1785 2004 
4304 2996 1064 4527 
4305 1076 1100 1513 
4306 2576 2575 2942 
4307 1872 2223 3603 
4308 880 882 3633 
4309 1664 1662 1918 
4310 2131 1968 2422 
4311 685 684 686 
4312 866 868 869 
4313 2841 2842 2843 
4314 1346 3461 3462 
4315 1864 3076 3920 
4316 2060 1728 3922 
4317 1170 1171 1172 
4318 580 581 587 
4319 3398 3397 3399 
4320 3357 1320 4412 
4321 2543 2544 2545 
4322 2888 2895 4178 
4323 1532 1561 1971 
4324 2976 2975 4035 
4325 2545 2643 2644 
4326 3396 3391 3400 
4327 16 17 3561 
4328 3338 972 4690 
4329 1276 1277 1278 
4330 51 52 3605 
4331 3101 3098 3102 
4332 1809 2177 2231 
4333 1420 2163 3578 
4334 2975 2977 3763 
4335 2256 3250 4256 
4336 2115 2117 2506 
4337 2099 2477 2604 
4338 1754 1753 1755 
4339 1688 2437 4042 
4340 1526 1715 1716 
4341 3388 3387 3602 
4342 1328 3618 3619 
4343 2054 3578 3638 
4344 2205 3776 3845 
4345 886 901 3645 
4346 2223 2770 2771 
4347 460 412 3785 
4348 2061 1703 2062 
4349 1361 1525 1526 
4350 1740 1742 1743 
4351 689 688 690 
4352 3587 2058 3588 
4353 687 686 688 
4354 903 905 3637 
4355 2423 2424 2694 
4356 3198 1335 3199 
4357 587 588 591 
4358 1898 1755 2086 
4359 901 903 1360 
4360 2818 2174 3617 
4361 3599 3600 3673 
4362 565 563 3620 
4363 2185 2190 2191 
4364 2573 2483 4189 
4365 1232 1231 1233 
4366 13 14 3611 
4367 1716 1858 1876 
4368 476 468 976 
4369 563 3223 3620 
4370 2634 3634 3827 
4371 691 690 692 
4372 678 492 679 
4373 737 736 742 
4374 789 790 804 
4375 2171 1927 3407 
4376 1172 1173 1174 
4377 2047 1666 3574 
4378 4092 3209 4765 
4379 3535 3755 3780 
4380 1876 1877 2408 
4381 1751 1837 3624 
4382 2833 2832 2834 
4383 1818 1816 1819 
4384 743 742 746 
4385 1681 1218 3643 
4386 3504 520 3605 
4387 1333 1088 1968 
4388 3521 776 3693 
4389 537 534 3526 
4390 591 592 602 
4391 1451 1516 2227 
4392 882 886 973 
4393 1555 1872 3603 
4394 2242 1902 2243 
4395 1361 3423 3622 
4396 2087 2086 2088 
4397 52 53 3606 
4398 540 541 542 
4399 1872 2206 2223 
4400 784 662 785 
4401 3692 3690 4450 
4402 538 539 540 
4403 1555 3603 3767 
4404 1126 1128 1130 
4405 1604 1605 1999 
4406 1984 2029 2391 
4407 546 547 548 
4408 982 1205 1361 
4409 905 927 1065 
4410 2895 3911 4094 
4411 2000 2387 3565 
4412 1885 1931 2129 
4413 987 3363 4032 
4414 2873 2874 2875 
4415 1772 1824 2013 
4416 3326 3325 4088 
4417 1963 1962 1964 
4418 2100 3350 3660 
4419 2893 2892 2897 
4420 747 746 749 
4421 50 51 520 
4422 15 16 521 
4423 2199 2201 2705 
4424 1599 1601 1847 
4425 3376 1922 3710 
4426 144 145 3656 
4427 910 887 3668 
4428 3361 4391 4584 
4429 757 760 3900 
4430 55 56 1494 
4431 10 11 1495 
4432 2119 2121 2122 
4433 1603 1772 3580 
4434 2867 2239 4151 
4435 3359 1325 3360 
4436 1927 1832 1973 
4437 169 170 3618 
4438 1933 1982 2252 
4439 2279 2278 2280 
4440 3484 1949 3485 
4441 3884 2547 3981 
4442 701 700 702 
4443 602 603 609 
4444 544 545 546 
4445 1547 1546 1548 
4446 3536 3538 3539 
4447 1826 1883 2058 
4448 124 125 3522 
4449 2540 3156 3627 
4450 536 537 538 
4451 1154 1155 1156 
4452 887 840 1362 
4453 3275 2592 4590 
4454 3495 3467 4057 
4455 1308 4054 4055 
4456 3264 2205 3845 
4457 1412 1413 1414 
4458 1409 1411 1412 
4459 840 812 3681 
4460 2235 2236 2399 
4461 46 327 3630 
4462 1295 1294 1296 
4463 699 698 700 
4464 1190 1189 1523 
4465 1162 1141 1163 
4466 530 531 532 
4467 54 55 3607 
4468 11 12 3608 
4469 1259 1260 1512 
4470 313 3451 3452 
4471 1428 1570 1571 
4472 1893 1892 2097 
4473 2042 1721 2101 
4474 1571 1801 1928 
4475 878 1352 3621 
4476 2871 2872 2873 
4477 2379 2908 4755 
4478 1979 1980 2235 
4479 532 533 534 
4480 2197 2199 3664 
4481 2000 2197 2387 
4482 45 46 3630 
4483 1152 1153 1154 
4484 3467 2162 3683 
4485 1799 1511 1800 
4486 2186 1761 3696 
4487 2073 2071 2749 
4488 3605 52 3606 
4489 1257 1156 3679 
4490 1545 1544 1546 
4491 2901 2890 4178 
4492 2378 2350 2825 
4493 1407 1408 1409 
4494 2843 2844 2848 
4495 3840 2695 3850 
4496 1540 1809 3716 
4497 2020 1797 2489 
4498 1955 1819 1956 
4499 912 910 1079 
4500 2455 2289 3680 
4501 2517 3764 4192 
4502 53 54 961 
4503 12 13 962 
4504 1135 984 1761 
4505 3755 1654 3780 
4506 1150 1149 1151 
4507 703 702 704 
4508 2483 1393 3975 
4509 548 549 550 
4510 609 610 637 
4511 1844 853 2350 
4512 3506 3504 3507 
4513 3595 3599 3601 
4514 1501 2820 4481 
4515 380 1347 3725 
4516 990 991 992 
4517 1249 1022 3657 
4518 3118 2436 4423 
4519 1220 1221 3921 
4520 520 51 3605 
4521 2281 2280 2282 
4522 524 509 3711 
4523 3618 3452 3619 
4524 810 797 3703 
4525 1735 1732 3634 
4526 2565 2016 2566 
4527 3583 3587 3588 
4528 750 749 753 
4529 1223 1225 1533 
4530 2277 2276 2278 
4531 362 923 3715 
4532 2875 2876 2877 
4533 1096 1396 1428 
4534 2351 853 3689 
4535 781 666 3713 
4536 4537 981 4615 
4537 1278 1279 1280 
4538 797 781 1365 
4539 2180 2088 2181 
4540 1130 1131 1132 
4541 954 953 1091 
4542 2400 2010 2401 
4543 2022 2023 2567 
4544 1120 929 1189 
4545 1533 1534 1908 
4546 1210 1209 1262 
4547 2469 2470 2676 
4548 849 852 1259 
4549 3130 3128 4103 
4550 1633 1524 1892 
4551 847 3492 3777 
4552 499 529 530 
4553 3576 438 3812 
4554 637 638 648 
4555 1718 1509 1719 
4556 2069 2070 2161 
4557 1969 2500 2501 
4558 2252 1982 3650 
4559 1422 1683 1979 
4560 1417 1416 1420 
4561 1541 1542 1543 
4562 652 653 654 
4563 654 655 657 
4564 657 658 778 
4565 650 651 652 
4566 312 3305 3735 
4567 1929 2441 2442 
4568 3206 1340 4306 
4569 550 551 552 
4570 2165 2091 3022 
4571 2216 2448 2449 
4572 3305 3306 3308 
4573 2044 2460 2461 
4574 908 907 953 
4575 2825 2350 3952 
4576 2445 2229 2446 
4577 2342 2337 2343 
4578 760 765 766 
4579 2228 2215 2229 
4580 1404 1406 1407 
4581 705 704 706 
4582 180 181 3698 
4583 438 435 3812 
4584 2539 2540 2778 
4585 1848 1060 3176 
4586 2247 1959 2627 
4587 812 810 966 
4588 1510 1159 1511 
4589 2445 3511 4728 
4590 396 394 3677 
4591 1234 1233 1235 
4592 1547 1548 1554 
4593 1949 60 3527 
4594 1798 2021 2022 
4595 1403 1401 2205 
4596 1810 1811 2083 
4597 2214 2213 2215 
4598 2083 2591 2789 
4599 780 1402 1788 
4600 1312 99 3465 
4601 988 989 990 
4602 1959 1913 3705 
4603 2624 2181 2813 
4604 475 505 650 
4605 2971 1985 3248 
4606 1174 1175 1176 
4607 1156 1155 1385 
4608 3607 1494 4462 
4609 992 993 994 
4610 1595 1351 1596 
4611 2058 1883 3590 
4612 766 786 787 
4613 674 3116 3894 
4614 84 85 4053 
4615 1508 1421 1509 
4616 2652 2105 4107 
4617 2380 2372 3712 
4618 1098 1097 1194 
4619 680 553 4587 
4620 1410 1405 1416 
4621 2283 2282 2284 
4622 1518 1905 4061 
4623 1702 2158 2212 
4624 2195 3748 3782 
4625 854 851 907 
4626 3584 2395 3585 
4627 4179 2764 4421 
4628 1263 1262 1264 
4629 2394 1926 2395 
4630 3387 3384 3415 
4631 456 459 503 
4632 647 646 775 
4633 1913 1911 2486 
4634 1483 1484 1485 
4635 528 527 646 
4636 962 13 3611 
4637 175 176 3735 
4638 754 753 756 
4639 80 344 4206 
4640 3220 3628 4600 
4641 2354 936 2454 
4642 1925 1596 1926 
4643 552 553 554 
4644 564 563 565 
4645 3149 2343 3150 
4646 1064 956 4378 
4647 820 785 1097 
4648 2166 2581 3171 
4649 1855 1656 3755 
4650 1770 2172 2216 
4651 1868 1866 2315 
4652 463 3706 4446 
4653 2664 2864 2865 
4654 516 515 527 
4655 850 848 851 
4656 1210 1263 3707 
4657 1911 1868 3722 
4658 1537 635 3802 
4659 1236 1235 1237 
4660 1415 1588 3660 
4661 2877 2878 2879 
4662 1238 1237 1239 
4663 666 664 925 
4664 1866 1807 3732 
4665 1353 3746 3954 
4666 901 1360 3645 
4667 1040 1039 1041 
4668 3195 2634 3827 
4669 1495 3608 4354 
4670 2094 2575 2576 
4671 2432 2194 3837 
4672 2161 2167 2168 
4673 2191 2192 2193 
4674 2200 2198 2213 
4675 882 973 3633 
4676 1770 2216 3891 
4677 692 694 3425 
4678 1545 1546 1547 
4679 3391 3388 3602 
4680 1016 1015 1017 
4681 3776 656 3845 
4682 1154 1153 1155 
4683 446 454 1367 
4684 3746 2937 3954 
4685 4595 2802 4673 
4686 1706 3530 3531 
4687 707 706 708 
4688 53 961 3606 
4689 55 1494 3607 
4690 1495 11 3608 
4691 642 633 896 
4692 1240 1239 1241 
4693 2220 2030 2666 
4694 1906 2381 2382 
4695 2084 2432 2934 
4696 2163 2703 3638 
4697 3146 1313 4469 
4698 2225 2179 2630 
4699 1969 2501 3724 
4700 1575 1257 3679 
4701 1860 1861 2093 
4702 2244 2243 2245 
4703 1014 1013 1015 
4704 1489 1490 1491 
4705 480 144 3656 
4706 1743 1744 1745 
4707 3400 3391 3602 
4708 3056 2082 3057 
4709 2308 2245 2309 
4710 1164 1163 1165 
4711 481 471 515 
4712 2582 2090 2702 
4713 457 455 1321 
4714 1807 1805 2081 
4715 1688 1975 2437 
4716 762 772 773 
4717 1780 2025 2026 
4718 1535 1539 1860 
4719 1018 1017 1019 
4720 2219 2425 3687 
4721 3181 1342 4628 
4722 623 620 2038 
4723 2823 1953 3039 
4724 454 456 3718 
4725 1702 2212 3806 
4726 1875 1874 2178 
4727 1604 1475 1605 
4728 2217 1999 3565 
4729 806 2468 2469 
4730 549 675 4505 
4731 905 1065 3637 
4732 2385 2384 2386 
4733 1918 3570 3572 
4734 1638 1672 1827 
4735 2310 2309 2311 
4736 386 387 388 
4737 1066 396 3677 
4738 1954 2032 2326 
4739 3145 3146 4476 
4740 404 3907 3908 
4741 181 317 3698 
4742 717 718 719 
4743 3301 3297 3302 
4744 1377 1379 1810 
4745 1242 1241 1243 
4746 1892 1524 3558 
4747 2039 1859 2375 
4748 3070 2970 4202 
4749 1524 1523 3558 
4750 380 381 382 
4751 757 756 759 
4752 2383 2311 2384 
4753 791 663 792 
4754 1726 1724 1970 
4755 427 442 478 
4756 423 425 1368 
4757 2285 2284 2286 
4758 994 995 996 
4759 2655 3890 4010 
4760 961 54 3607 
4761 12 962 3608 
4762 2064 2065 2066 
4763 1152 1151 1153 
4764 1880 2071 2073 
4765 2835 2834 2836 
4766 1200 1199 1201 
4767 2930 2929 4045 
4768 2061 2062 2663 
4769 1873 1556 1874 
4770 1325 104 3564 
4771 1543 1544 1545 
4772 3485 1949 3527 
4773 1208 1207 1532 
4774 1265 1264 1266 
4775 1918 3572 3574 
4776 2881 2882 2883 
4777 1996 1908 2388 
4778 919 883 920 
4779 2438 1998 2439 
4780 1143 1315 1317 
4781 2509 2510 3667 
4782 1664 1918 3574 
4783 1749 1751 1752 
4784 3353 1581 3956 
4785 2622 2986 4119 
4786 2100 2984 3350 
4787 2705 2201 2706 
4788 554 555 556 
4789 1252 1251 1255 
4790 2168 2492 2493 
4791 1202 1201 1251 
4792 1800 1962 1963 
4793 4435 3357 4506 
4794 495 493 1854 
4795 2487 2006 3162 
4796 1997 1958 1998 
4797 3113 1248 4645 
4798 426 424 1371 
4799 2974 2976 2978 
4800 2199 2705 3664 
4801 1245 1243 1246 
4802 319 2936 2937 
4803 1787 1416 3695 
4804 1044 1043 1045 
4805 1282 1283 1284 
4806 1824 1826 3587 
4807 2205 1401 3776 
4808 1468 1467 1469 
4809 1438 1255 1558 
4810 368 370 517 
4811 3628 2528 4600 
4812 1038 612 1039 
4813 3591 2129 3592 
4814 2879 2880 2881 
4815 1042 1041 1043 
4816 1999 1605 2000 
4817 1158 1566 1628 
4818 1132 1133 1134 
4819 2721 2473 2722 
4820 3639 1914 3640 
4821 2633 2018 2634 
4822 1020 1019 1021 
4823 2223 2206 2770 
4824 4386 4449 4695 
4825 2883 2884 2885 
4826 1116 1115 1207 
4827 2299 3351 3556 
4828 1979 2478 3700 
4829 1079 3668 3669 
4830 1352 3633 4444 
4831 2489 1797 3694 
4832 1704 2063 2064 
4833 1606 1585 2030 
4834 3203 3202 4447 
4835 1433 1246 1434 
4836 1197 1195 1199 
4837 1526 1525 1715 
4838 709 708 710 
4839 522 512 526 
4840 2097 2817 3009 
4841 1716 1715 1858 
4842 743 764 4023 
4843 3424 2188 3826 
4844 445 441 511 
4845 1509 1421 3578 
4846 3531 3533 3534 
4847 915 1119 1372 
4848 2756 2669 2757 
4849 1421 1420 3578 
4850 556 557 558 
4851 3574 3572 3709 
4852 1110 124 3522 
4853 606 590 1390 
4854 397 1914 3639 
4855 3612 2252 3648 
4856 414 416 1366 
4857 677 818 819 
4858 1361 1205 1525 
4859 906 904 1374 
4860 2073 2749 2750 
4861 911 913 917 
4862 1876 1858 1877 
4863 467 3501 3685 
4864 2472 2323 2473 
4865 3057 2082 3555 
4866 1827 1888 1889 
4867 2408 1877 2409 
4868 3087 3086 3088 
4869 955 3495 3720 
4870 1267 1266 1268 
4871 1470 1469 1471 
4872 1931 1933 3612 
4873 2514 2515 2516 
4874 1466 1465 1467 
4875 383 385 386 
4876 1269 1268 1271 
4877 1362 3681 3682 
4878 2588 2386 2602 
4879 2154 2152 3658 
4880 1223 1077 1225 
4881 1669 1671 1940 
4882 916 1351 1595 
4883 983 928 1115 
4884 511 3738 3739 
4885 1485 1486 1487 
4886 745 752 1399 
4887 2685 2686 4125 
4888 1545 1547 1584 
4889 1114 1887 4278 
4890 1970 1724 3846 
4891 1125 2324 3965 
4892 1568 1567 1777 
4893 814 861 1786 
4894 1745 1746 1748 
4895 1089 951 3852 
4896 2321 1794 2322 
4897 1362 840 3681 
4898 558 559 560 
4899 2710 2709 2711 
4900 1951 1952 2079 
4901 1971 2090 2582 
4902 1912 1947 2571 
4903 2289 2288 2290 
4904 3440 164 4076 
4905 412 414 3785 
4906 1414 1413 1418 
4907 1412 1411 1413 
4908 2567 2023 2568 
4909 1550 1552 1682 
4910 2568 3516 4586 
4911 418 421 463 
4912 2082 1956 3555 
4913 370 372 3823 
4914 1079 910 3668 
4915 1533 1225 1534 
4916 1409 1408 1411 
4917 1963 1964 2016 
4918 1992 2509 3729 
4919 1571 1570 1801 
4920 1999 2000 3565 
4921 3596 3594 3597 
4922 560 561 562 
4923 1870 2011 3926 
4924 1928 1801 1929 
4925 1496 1218 1681 
4926 2235 1980 2236 
4927 627 625 853 
4928 397 399 1914 
4929 1428 1396 1570 
4930 422 420 504 
4931 2048 2015 2475 
4932 2966 2965 3684 
4933 360 362 3715 
4934 4665 1830 4732 
4935 3295 3297 3301 
4936 1512 1260 1774 
4937 2022 2021 2023 
4938 2431 2923 4234 
4939 1944 1559 1958 
4940 3578 2163 3638 
4941 2832 2829 3849 
4942 2667 2030 3765 
4943 2287 2286 2288 
4944 3103 3102 3104 
4945 3128 2102 4103 
4946 1259 852 1260 
4947 3305 3309 3735 
4948 4131 2083 4182 
4949 1472 1471 1567 
4950 2885 2886 2887 
4951 2442 2441 2443 
4952 2791 2933 3866 
4953 372 374 2130 
4954 1693 79 4206 
4955 1979 1683 1980 
4956 2391 2029 3665 
4957 1453 1257 1575 
4958 996 997 998 
4959 417 415 1373 
4960 1809 2231 3716 
4961 390 391 392 
4962 2172 1919 3821 
4963 2580 2105 2652 
4964 3592 3612 3648 
4965 648 649 661 
4966 562 563 564 
4967 1499 1180 3754 
4968 1166 1165 1167 
4969 908 953 954 
4970 2707 2304 4220 
4971 388 389 390 
4972 1757 1758 1951 
4973 1510 1511 1799 
4974 251 6 319 
4975 5 307 323 
4976 1216 1214 3813 
4977 376 378 380 
4978 1407 1406 1408 
4979 715 714 716 
4980 711 710 712 
4981 1919 2312 3821 
4982 1697 1986 1987 
4983 2028 1983 2606 
4984 654 653 655 
4985 657 655 658 
4986 778 658 780 
4987 1946 2254 2255 
4988 652 651 653 
4989 1729 1730 3719 
4990 1864 3075 3076 
4991 3196 3197 4287 
4992 3547 2189 4164 
4993 2394 2395 3584 
4994 1718 1719 1903 
4995 1633 1892 1893 
4996 1417 1420 1421 
4997 1176 1178 1179 
4998 2327 2329 2673 
4999 121 122 3851 
5000 2291 2290 2292 
5001 2310 2527 3995 
5002 1190 1523 1524 
5003 1925 1926 2394 
5004 1733 1859 2039 
5005 2228 2229 2445 
5006 2129 1931 3612 
5007 1908 1534 3699 
5008 362 364 923 
5009 650 505 651 
5010 1120 1189 1190 
5011 1508 1509 1718 
5012 1410 1416 1417 
5013 1927 1973 3407 
5014 1595 1596 1925 
5015 2837 2836 2838 
5016 3381 496 3642 
5017 2214 2215 2228 
5018 2237 3339 4151 
5019 1867 1910 2485 
5020 854 907 908 
5021 395 397 3639 
5022 3194 2634 3195 
5023 176 312 3735 
5024 2531 2532 2533 
5025 398 396 1066 
5026 2014 1591 2015 
5027 410 412 460 
5028 713 712 714 
5029 1297 1296 1298 
5030 1195 1194 3494 
5031 1563 1145 1793 
5032 1199 1195 3494 
5033 2793 582 3800 
5034 2887 2888 2889 
5035 912 1079 3671 
5036 3516 2218 3938 
5037 902 900 1007 
5038 966 3703 3704 
5039 1156 1385 3679 
5040 1875 2178 2179 
5041 381 378 3993 
5042 1540 1105 1541 
5043 647 775 776 
5044 2200 2213 2214 
5045 1592 1453 3688 
5046 528 646 647 
5047 2225 2630 2646 
5048 2231 2177 2232 
5049 516 527 528 
5050 850 851 854 
5051 1663 1665 1840 
5052 1365 3713 3714 
5053 1893 2097 3701 
5054 2576 2942 2943 
5055 2130 3725 4707 
5056 2953 2862 4592 
5057 3606 961 3805 
5058 1818 1819 1955 
5059 1781 1474 3924 
5060 406 408 1394 
5061 1299 1298 1300 
5062 1806 1865 2419 
5063 1182 1183 1184 
5064 2066 2065 2866 
5065 1875 2179 2224 
5066 2027 644 2313 
5067 2273 2863 4211 
5068 1103 1148 1149 
5069 1706 3531 3780 
5070 3453 3456 4080 
5071 869 868 870 
5072 2627 3705 3706 
5073 1740 1743 3794 
5074 1022 1021 1023 
5075 3233 3230 4311 
5076 3753 320 4806 
5077 1873 1874 1875 
5078 2216 2449 3697 
5079 3553 740 3847 
5080 1534 1225 1797 
5081 1981 1932 2557 
5082 3717 1395 3784 
5083 503 459 3685 
5084 2401 2010 3701 
5085 1577 1945 1946 
5086 1595 1925 2209 
5087 1365 781 3713 
5088 481 515 516 
5089 1302 1300 1318 
5090 813 841 891 
5091 2039 2596 2597 
5092 2370 3212 4242 
5093 1272 1271 1273 
5094 2382 2381 2697 
5095 3701 3009 3781 
5096 1116 1208 1555 
5097 1079 3669 3670 
5098 3581 2013 3583 
5099 2269 3840 3850 
5100 2023 2021 2436 
5101 2000 1605 2196 
5102 2786 2785 2787 
5103 881 879 1109 
5104 2247 2627 2628 
5105 793 763 794 
5106 2577 2060 3922 
5107 2344 2958 4183 
5108 2013 1824 3587 
5109 719 720 721 
5110 2627 1959 3705 
5111 2389 2695 2914 
5112 1116 1207 1208 
5113 3413 1037 3808 
5114 966 810 3703 
5115 2000 2196 2197 
5116 3084 2905 4539 
5117 413 411 479 
5118 2039 2375 2596 
5119 1798 2022 3699 
5120 998 999 1000 
5121 3142 3141 3143 
5122 1964 2084 3654 
5123 566 565 567 
5124 1793 1145 3629 
5125 1432 3546 4338 
5126 2224 2225 2775 
5127 3376 3710 4293 
5128 2065 2063 2558 
5129 987 1102 1103 
5130 2047 3574 3709 
5131 3309 3308 3310 
5132 3209 3210 3211 
5133 1319 1318 1572 
5134 1798 1797 2020 
5135 2293 2292 2294 
5136 395 3639 3907 
5137 1534 1797 1798 
5138 908 954 955 
5139 1104 1012 1105 
5140 2486 3722 3723 
5141 1491 1507 3631 
5142 1955 1956 2082 
5143 1722 1723 2017 
5144 1414 1418 3737 
5145 2064 2063 2065 
5146 1214 1212 1678 
5147 409 407 1400 
5148 717 716 718 
5149 1297 1299 4312 
5150 1930 1884 2453 
5151 2708 2319 2709 
5152 1798 2020 2021 
5153 1510 1799 1969 
5154 1000 1001 1002 
5155 1929 1801 2067 
5156 3610 2047 3709 
5157 2197 2198 2199 
5158 1413 1411 1419 
5159 247 246 4357 
5160 1417 1421 1422 
5161 780 658 1401 
5162 635 677 3802 
5163 2388 1908 3699 
5164 1475 1414 3737 
5165 1800 1963 3730 
5166 1718 1903 1904 
5167 1704 1703 2061 
5168 510 525 1161 
5169 1725 1804 2269 
5170 1872 1873 2206 
5171 647 776 847 
5172 516 528 2211 
5173 983 1115 1116 
5174 655 653 656 
5175 3729 2509 4161 
5176 2003 2004 2005 
5177 1980 1683 2210 
5178 1669 1668 1670 
5179 1482 1384 1483 
5180 1091 1143 3666 
5181 1671 1670 1703 
5182 1260 852 1966 
5183 3080 3826 3920 
5184 2919 2916 4150 
5185 2136 2138 2155 
5186 3360 1325 3564 
5187 4036 1477 4576 
5188 3677 394 4025 
5189 1667 1666 1668 
5190 2706 2201 2827 
5191 1799 1800 3730 
5192 2016 1964 3654 
5193 576 578 3822 
5194 1555 1556 1872 
5195 1963 2016 2363 
5196 2199 2200 2201 
5197 873 871 3751 
5198 2224 2179 2225 
5199 1522 1493 1535 
5200 914 912 3671 
5201 2839 2838 2840 
5202 1849 1848 1850 
5203 1657 1659 1711 
5204 2724 2171 3824 
5205 1002 1003 1004 
5206 2233 2232 2234 
5207 955 1037 1096 
5208 1541 1543 3662 
5209 1929 2067 2441 
5210 2779 3627 4659 
5211 132 3500 4069 
5212 3038 4346 4424 
5213 1096 1159 1396 
5214 897 131 4069 
5215 2175 1808 2176 
5216 651 505 1696 
5217 1969 2055 2500 
5218 955 954 1037 
5219 2197 2196 2198 
5220 3837 2431 4337 
5221 2302 2867 4220 
5222 2005 2237 2238 
5223 1969 1799 2055 
5224 456 503 3718 
5225 2486 1911 3722 
5226 1904 2456 2457 
5227 2238 2239 2240 
5228 1063 1060 1848 
5229 1715 1525 1907 
5230 2315 3732 3733 
5231 2364 2294 2365 
5232 3415 3384 3642 
5233 2430 3411 3758 
5234 1422 1508 1683 
5235 1096 1037 1159 
5236 1784 2002 2221 
5237 1906 2382 3708 
5238 780 1401 1402 
5239 1396 1159 1510 
5240 1404 1405 1406 
5241 401 403 419 
5242 2441 2067 2997 
5243 2500 2055 2504 
5244 847 848 849 
5245 2093 4540 4631 
5246 2343 2337 3833 
5247 2363 2016 2565 
5248 849 850 852 
5249 931 986 987 
5250 1845 1846 2407 
5251 927 928 982 
5252 568 567 569 
5253 1422 1421 1508 
5254 1877 1858 2444 
5255 1274 1273 1275 
5256 2231 2233 4106 
5257 1904 1903 2456 
5258 982 983 1205 
5259 2097 3009 3701 
5260 2525 2176 2654 
5261 3988 2552 3989 
5262 981 4610 4615 
5263 459 464 467 
5264 861 916 3678 
5265 2954 2459 4456 
5266 1402 1403 1404 
5267 467 471 475 
5268 1024 1023 1025 
5269 1011 937 1012 
5270 849 848 850 
5271 1628 1629 1764 
5272 1284 1285 1286 
5273 2315 1866 3732 
5274 721 722 723 
5275 1406 1405 1410 
5276 475 481 505 
5277 2889 2890 2891 
5278 2199 2198 2200 
5279 1719 2299 3675 
5280 782 798 843 
5281 2240 2302 2303 
5282 905 906 927 
5283 661 662 784 
5284 847 776 848 
5285 1404 1403 1405 
5286 1402 1401 1403 
5287 1752 1753 1754 
5288 1155 1153 1569 
5289 1665 1664 1666 
5290 1492 1491 1493 
5291 1586 1607 1722 
5292 1196 1198 1845 
5293 1636 3355 3844 
5294 1492 1522 1593 
5295 1776 3326 4298 
5296 2381 2010 2400 
5297 1026 1025 1027 
5298 2250 4014 4055 
5299 475 471 481 
5300 2123 3360 4627 
5301 467 464 471 
5302 3384 3381 3642 
5303 1906 1893 2010 
5304 1872 1556 1873 
5305 1633 1893 1906 
5306 2904 2793 3800 
5307 570 569 571 
5308 870 872 3636 
5309 599 635 1537 
5310 3507 3606 3805 
5311 1315 1880 3786 
5312 2433 3670 4692 
5313 1704 2061 2063 
5314 1190 1524 1632 
5315 1651 1653 1674 
5316 1555 1208 1556 
5317 2412 2413 2414 
5318 2084 2934 3654 
5319 2273 2272 2274 
5320 2182 3521 3762 
5321 2271 2234 2272 
5322 854 908 3720 
5323 1028 1027 1029 
5324 459 457 464 
5325 2312 2222 2319 
5326 789 787 790 
5327 1882 1825 2392 
5328 723 724 725 
5329 3105 3104 3106 
5330 1903 1719 3675 
5331 1666 1664 3574 
5332 3066 3089 4736 
5333 1632 1524 1633 
5334 3225 3227 3228 
5335 1073 1222 4378 
5336 1663 1662 1664 
5337 572 571 574 
5338 2202 524 3711 
5339 2454 3636 3818 
5340 1383 1382 1384 
5341 2360 2274 2361 
5342 519 508 909 
5343 1378 1376 1380 
5344 456 457 459 
5345 2406 2546 2681 
5346 1161 3153 4515 
5347 3207 347 4381 
5348 1906 2010 2381 
5349 503 3685 3781 
5350 3469 3437 4154 
5351 1671 1703 1704 
5352 1661 1660 1662 
5353 1943 2583 2584 
5354 775 814 3693 
5355 575 574 576 
5356 3324 3762 4079 
5357 1004 1005 1006 
5358 1288 1289 1290 
5359 427 478 3731 
5360 4562 3007 4696 
5361 3231 1312 3465 
5362 725 726 728 
5363 1119 929 1120 
5364 903 904 905 
5365 982 928 983 
5366 915 914 929 
5367 1168 1167 1169 
5368 1754 1755 1898 
5369 4493 1314 4796 
5370 819 892 893 
5371 1532 1971 3782 
5372 913 912 914 
5373 1764 1765 1766 
5374 927 906 928 
5375 875 873 965 
5376 2140 2142 2157 
5377 1669 1670 1671 
5378 1667 1668 1669 
5379 3407 1973 3408 
5380 2296 2298 3848 
5381 2891 2892 2893 
5382 936 870 3636 
5383 1860 2093 2095 
5384 2931 2930 4790 
5385 1861 1539 4103 
5386 1851 1850 1853 
5387 1630 1594 3614 
5388 2841 2840 2842 
5389 2423 2367 2424 
5390 2903 2968 4003 
5391 2774 4548 4711 
5392 3305 3308 3309 
5393 1632 1633 3708 
5394 728 729 730 
5395 755 748 1763 
5396 1030 1029 1031 
5397 1143 1317 3666 
5398 762 773 3749 
5399 1077 945 3694 
5400 2029 2358 2359 
5401 3076 3080 3920 
5402 2331 2333 2451 
5403 2362 2361 2396 
5404 2316 1695 3921 
5405 2678 2676 4583 
5406 1605 1475 3737 
5407 2303 2304 2305 
5408 1594 1513 1924 
5409 2308 2310 3995 
5410 2079 1952 3674 
5411 2004 1785 3998 
5412 3874 4058 4081 
5413 3107 3106 3108 
5414 1151 1149 1709 
5415 913 914 915 
5416 911 910 912 
5417 1659 1658 1660 
5418 3154 3155 4469 
5419 1898 2086 2087 
5420 2439 2768 3661 
5421 1368 425 3731 
5422 1522 1535 1775 
5423 405 402 470 
5424 2300 2476 3874 
5425 911 912 913 
5426 1880 2073 3786 
5427 2366 2365 2367 
5428 1919 1578 2222 
5429 776 775 3693 
5430 915 929 1119 
5431 901 902 903 
5432 1119 1120 1436 
5433 819 818 892 
5434 1665 1666 1667 
5435 1639 1637 1640 
5436 859 804 3517 
5437 3570 3571 4148 
5438 454 455 456 
5439 521 3301 4177 
5440 905 904 906 
5441 2052 1713 2098 
5442 2305 2306 2307 
5443 1217 1219 1677 
5444 1984 2028 2029 
5445 252 251 3746 
5446 1823 1771 2096 
5447 2155 3432 3832 
5448 1534 1798 3699 
5449 456 455 457 
5450 1079 3670 3671 
5451 2414 2415 2548 
5452 1276 1275 1277 
5453 1657 1656 1658 
5454 2670 1988 2671 
5455 2401 3701 3781 
5456 392 393 404 
5457 2153 2152 2154 
5458 446 453 454 
5459 3555 2134 3832 
5460 3139 3141 3142 
5461 673 801 802 
5462 578 1790 3822 
5463 442 445 446 
5464 2417 3015 3863 
5465 1655 1654 1656 
5466 1766 1767 1768 
5467 3309 3310 3430 
5468 1317 1315 3786 
5469 454 453 455 
5470 3247 2271 4211 
5471 427 441 442 
5472 1874 1556 3748 
5473 2007 2006 2487 
5474 1895 1829 2043 
5475 3643 1216 3813 
5476 1455 1590 1836 
5477 1955 2082 2427 
5478 3875 2476 4432 
5479 1221 1226 1227 
5480 760 759 765 
5481 446 445 453 
5482 1852 2050 2412 
5483 1573 1572 1812 
5484 886 900 901 
5485 1795 2185 3947 
5486 2247 2628 3726 
5487 442 441 445 
5488 2514 1889 2515 
5489 1699 1499 3754 
5490 575 576 586 
5491 1492 1493 1522 
5492 1106 1045 3441 
5493 2216 2172 2448 
5494 880 881 882 
5495 882 885 886 
5496 1006 1083 1084 
5497 1381 1380 1382 
5498 3824 2171 3944 
5499 2299 3556 3675 
5500 1148 1102 1435 
5501 511 441 3738 
5502 572 574 575 
5503 878 879 880 
5504 426 1371 3738 
5505 1730 1733 3719 
5506 967 692 3425 
5507 1982 1983 1984 
5508 1663 1664 1665 
5509 2223 2771 4075 
5510 2570 2364 4297 
5511 1489 1491 1492 
5512 427 426 441 
5513 1208 1532 3748 
5514 1653 1652 1654 
5515 1963 2363 3730 
5516 459 467 3685 
5517 2307 2370 2371 
5518 2893 2897 2902 
5519 570 571 572 
5520 1635 1634 1676 
5521 2087 2088 2180 
5522 903 902 904 
5523 2397 2396 2398 
5524 564 565 566 
5525 916 1595 3678 
5526 1193 1192 1391 
5527 1488 1487 1489 
5528 2383 2385 4274 
5529 2029 2359 3665 
5530 730 729 739 
5531 1739 1740 3794 
5532 2833 2835 4283 
5533 1704 2064 3752 
5534 1652 1706 3780 
5535 3189 1701 3934 
5536 4015 1838 4238 
5537 2741 3374 4705 
5538 1651 1650 1652 
5539 3535 3534 3536 
5540 2246 1959 2247 
5541 2708 2709 2710 
5542 1032 1031 1033 
5543 2427 2082 3056 
5544 1786 861 3678 
5545 425 426 427 
5546 1649 1648 1650 
5547 1784 1435 1785 
5548 2029 2028 2358 
5549 1453 1575 3688 
5550 3497 2418 3897 
5551 728 726 729 
5552 1299 1302 4351 
5553 915 1372 3747 
5554 1743 1756 3794 
5555 2366 2766 4297 
5556 3076 3077 3078 
5557 568 569 570 
5558 1661 1662 1663 
5559 1213 1215 1936 
5560 1933 1981 1982 
5561 1211 1213 3756 
5562 3830 2452 3998 
5563 2743 2742 3854 
5564 906 1374 3736 
5565 3634 1731 3827 
5566 1458 2260 2262 
5567 1225 1077 3694 
5568 845 794 846 
5569 888 910 911 
5570 2215 2213 4028 
5571 2362 2701 4281 
5572 1115 928 3736 
5573 2659 2154 2762 
5574 1531 1530 1634 
5575 725 724 726 
5576 2484 2483 2573 
5577 1091 3666 3808 
5578 566 567 568 
5579 2246 2247 3727 
5580 2010 1893 3701 
5581 1698 1499 1699 
5582 1659 1660 1661 
5583 2061 2663 3702 
5584 1129 1127 1530 
5585 3246 674 3911 
5586 876 877 878 
5587 1817 1816 1818 
5588 1814 1812 1899 
5589 1971 2582 3782 
5590 306 305 1354 
5591 954 1091 3808 
5592 1827 1672 1888 
5593 901 900 902 
5594 1832 1777 3672 
5595 814 1786 3693 
5596 3531 3535 3780 
5597 1931 1932 1933 
5598 660 665 774 
5599 1940 1671 3752 
5600 766 765 786 
5601 1455 1836 3647 
5602 804 790 806 
5603 2180 2181 2624 
5604 2548 2549 2550 
5605 1817 1820 2347 
5606 1647 1646 1648 
5607 723 722 724 
5608 2948 2344 4101 
5609 2371 2372 2373 
5610 719 718 720 
5611 867 865 1430 
5612 425 424 426 
5613 671 384 1445 
5614 888 887 910 
5615 917 913 3747 
5616 874 875 876 
5617 1749 1752 3828 
5618 423 424 425 
5619 3592 2129 3612 
5620 2517 2520 3764 
5621 2083 1811 2591 
5622 1682 3508 4284 
5623 1946 2537 3842 
5624 2402 2398 2542 
5625 1810 1379 1811 
5626 611 238 4243 
5627 2488 2487 2780 
5628 1084 1112 1113 
5629 1947 1913 1959 
5630 1399 752 3749 
5631 1984 1983 2028 
5632 253 252 1353 
5633 3910 2455 3928 
5634 1815 1430 1816 
5635 493 489 3953 
5636 721 720 722 
5637 1768 1769 1863 
5638 886 885 900 
5639 1645 1644 1646 
5640 1170 1169 1171 
5641 577 3354 4396 
5642 2373 2380 2429 
5643 1947 1959 2246 
5644 3811 1400 4554 
5645 882 881 885 
5646 3346 2673 4639 
5647 2538 2255 2658 
5648 870 871 872 
5649 1374 904 3775 
5650 841 840 887 
5651 908 955 3720 
5652 1034 1033 1035 
5653 880 879 881 
5654 969 2207 3949 
5655 3567 845 4032 
5656 1540 1541 1808 
5657 71 72 4157 
5658 1657 1658 1659 
5659 1015 1013 1441 
5660 872 873 874 
5661 1213 1936 3756 
5662 2262 2263 2264 
5663 495 1854 3787 
5664 2469 2468 2470 
5665 1282 1280 1283 
5666 1885 1930 1931 
5667 165 318 4076 
5668 2843 2842 2844 
5669 423 422 424 
5670 1982 1981 1983 
5671 1098 1194 1195 
5672 1036 1035 1075 
5673 1602 1600 2861 
5674 1104 1105 1540 
5675 820 1097 1098 
5676 1540 1808 1809 
5677 1743 1745 1756 
5678 1844 2350 2378 
5679 1643 1642 1644 
5680 1645 1647 1700 
5681 421 422 423 
5682 2543 2542 2544 
5683 2220 2666 2751 
5684 1921 1712 4606 
5685 1912 1911 1913 
5686 256 255 320 
5687 303 302 324 
5688 414 1366 3785 
5689 821 822 825 
5690 2213 2198 3895 
5691 1334 37 4241 
5692 2550 2551 2554 
5693 1814 1899 4033 
5694 963 622 964 
5695 1655 1656 1657 
5696 2507 2352 3923 
5697 319 2937 3746 
5698 3209 1394 3210 
5699 2847 2832 3849 
5700 1103 1102 1148 
5701 825 826 827 
5702 1633 1906 3708 
5703 1113 1114 1344 
5704 1606 2030 2220 
5705 813 812 840 
5706 248 247 584 
5707 818 791 823 
5708 2731 2732 2733 
5709 38 346 4241 
5710 2438 2439 2740 
5711 965 873 3751 
5712 3748 1532 3782 
5713 2337 2338 3833 
5714 3098 3096 3615 
5715 224 223 741 
5716 1595 2209 3678 
5717 575 586 589 
5718 3751 871 3867 
5719 1797 1225 3694 
5720 2563 2516 3635 
5721 1883 1884 1885 
5722 878 877 879 
5723 257 256 3753 
5724 739 729 740 
5725 1493 1491 3631 
5726 3588 2058 3589 
5727 1641 1640 1642 
5728 2545 2544 2643 
5729 2222 1578 3858 
5730 3126 333 3173 
5731 2482 1393 2483 
5732 1506 3863 3979 
5733 677 663 791 
5734 2055 1799 3730 
5735 2621 2616 3175 
5736 258 257 3761 
5737 772 793 796 
5738 1997 1998 2438 
5739 1933 1932 1981 
5740 1809 2175 2177 
5741 421 420 422 
5742 2266 1871 2268 
5743 3518 1331 3938 
5744 1912 1913 1947 
5745 1653 1654 1655 
5746 418 420 421 
5747 677 819 3802 
5748 2848 2844 2849 
5749 301 300 1386 
5750 2389 2017 2695 
5751 1570 1396 3724 
5752 2558 2063 3702 
5753 259 258 1387 
5754 2011 2611 3926 
5755 2611 2607 3089 
5756 127 128 4064 
5757 149 150 4065 
5758 2196 1605 3737 
5759 802 803 821 
5760 1762 1891 1915 
5761 1458 2262 3898 
5762 1197 1199 1200 
5763 242 241 582 
5764 260 259 3759 
5765 841 887 888 
5766 2063 2061 3702 
5767 784 785 820 
5768 1733 2039 3719 
5769 2312 2319 2708 
5770 2644 2643 2645 
5771 416 417 418 
5772 245 244 573 
5773 1641 1643 1673 
5774 1915 1917 2405 
5775 2002 1785 2003 
5776 987 986 1102 
5777 3649 2252 3650 
5778 793 794 845 
5779 931 846 932 
5780 261 260 321 
5781 298 297 325 
5782 1172 1171 1173 
5783 1252 1255 1438 
5784 1618 1619 1620 
5785 1978 2755 4006 
5786 1944 1958 1997 
5787 1202 1251 1252 
5788 3560 2985 4138 
5789 414 415 416 
5790 811 810 812 
5791 1535 1860 3773 
5792 1130 1128 1131 
5793 1910 1868 1911 
5794 297 296 3766 
5795 227 226 727 
5796 3531 3534 3535 
5797 418 417 420 
5798 3501 1776 4167 
5799 1200 1201 1202 
5800 1656 1654 3755 
5801 1148 1435 1784 
5802 296 295 1389 
5803 570 572 1425 
5804 2175 2176 2525 
5805 1826 1882 1883 
5806 1076 1075 1100 
5807 1510 1969 3724 
5808 607 524 2202 
5809 1373 415 3799 
5810 1488 1489 3686 
5811 1438 1558 1559 
5812 2264 2594 2950 
5813 263 262 1388 
5814 3648 2252 3649 
5815 416 415 417 
5816 1931 1930 1932 
5817 2127 3086 3087 
5818 1174 1173 1175 
5819 2194 2431 3837 
5820 813 840 841 
5821 1149 1148 3819 
5822 902 1007 3775 
5823 222 221 958 
5824 1435 3830 3998 
5825 1396 1510 3724 
5826 2606 1983 3791 
5827 1852 2412 4096 
5828 876 875 877 
5829 1278 1277 1279 
5830 1651 1652 1653 
5831 264 263 3770 
5832 1135 1761 1762 
5833 988 990 2452 
5834 2753 2407 3632 
5835 1145 1089 3629 
5836 265 264 3772 
5837 1331 3516 3938 
5838 2352 382 3481 
5839 1867 1866 1868 
5840 2039 2597 3719 
5841 1910 1911 1912 
5842 1482 1483 1578 
5843 1347 2507 4707 
5844 2656 4154 4582 
5845 266 265 322 
5846 293 292 326 
5847 2232 2177 2556 
5848 2297 2295 3816 
5849 677 791 818 
5850 1011 1012 1104 
5851 3737 1418 3895 
5852 893 937 938 
5853 821 825 3831 
5854 696 697 698 
5855 2099 2098 2477 
5856 866 867 868 
5857 239 238 611 
5858 372 2130 3823 
5859 2210 1683 3740 
5860 295 294 3768 
5861 986 932 988 
5862 578 580 1790 
5863 941 895 942 
5864 979 942 980 
5865 870 868 871 
5866 694 695 696 
5867 1508 1718 3740 
5868 3643 3813 3814 
5869 1649 1650 1651 
5870 850 854 3741 
5871 1966 852 3741 
5872 414 413 415 
5873 1247 3940 4477 
5874 894 800 895 
5875 267 266 3778 
5876 1803 2069 3934 
5877 874 873 875 
5878 1808 1541 3662 
5879 3006 3005 4686 
5880 933 918 934 
5881 1654 1652 3780 
5882 2863 2360 4281 
5883 852 850 3741 
5884 543 542 544 
5885 597 640 641 
5886 1683 1508 3740 
5887 392 404 3988 
5888 798 797 810 
5889 811 812 813 
5890 3376 4293 4334 
5891 1824 1825 1826 
5892 566 568 583 
5893 1905 2053 2502 
5894 692 693 694 
5895 1885 1884 1930 
5896 1784 1785 2002 
5897 1867 1868 1910 
5898 641 681 682 
5899 736 732 1791 
5900 1720 2040 2041 
5901 1067 964 1068 
5902 229 228 959 
5903 2212 2158 3810 
5904 232 231 733 
5905 1687 1370 1831 
5906 1037 954 3808 
5907 4545 3749 4637 
5908 268 267 1461 
5909 1383 1384 1482 
5910 872 871 873 
5911 3502 3503 4130 
5912 494 507 2270 
5913 1556 1208 3748 
5914 635 606 663 
5915 1518 1783 1905 
5916 804 806 3517 
5917 1120 1190 3743 
5918 938 1011 1013 
5919 1116 1555 3767 
5920 890 951 952 
5921 1952 1954 3674 
5922 632 634 1432 
5923 762 763 772 
5924 627 853 1844 
5925 1117 980 1306 
5926 864 865 866 
5927 3700 2478 3941 
5928 4544 2405 4624 
5929 2740 2439 3661 
5930 412 413 414 
5931 1865 1807 1866 
5932 958 221 4277 
5933 1647 1648 1649 
5934 808 889 890 
5935 1482 1578 1770 
5936 1809 1808 2175 
5937 481 516 3750 
5938 2454 936 3636 
5939 1485 1487 1488 
5940 928 906 3736 
5941 1696 505 3750 
5942 2038 620 3868 
5943 2247 3726 3727 
5944 1369 1306 1370 
5945 682 807 808 
5946 752 755 762 
5947 321 3759 4035 
5948 505 481 3750 
5949 425 427 3731 
5950 269 268 3779 
5951 1436 3743 3744 
5952 1946 1945 2254 
5953 1121 1068 1122 
5954 1919 2222 2312 
5955 1598 1515 1694 
5956 1941 1303 1942 
5957 3169 340 4657 
5958 1718 1904 3740 
5959 1355 1720 3815 
5960 1775 1535 3773 
5961 782 781 797 
5962 1497 3487 3862 
5963 1520 1188 1521 
5964 1125 1123 2324 
5965 992 994 1090 
5966 1883 1882 1884 
5967 1678 1212 3951 
5968 225 224 2790 
5969 1418 1413 3771 
5970 913 915 3747 
5971 799 672 800 
5972 2521 1974 2522 
5973 798 810 811 
5974 1182 1179 1183 
5975 1671 1704 3752 
5976 2350 2351 3952 
5977 1981 2557 3791 
5978 1865 1866 1867 
5979 3448 464 4009 
5980 2176 1808 3662 
5981 635 663 677 
5982 3621 1352 4360 
5983 772 763 793 
5984 8 269 348 
5985 289 7 428 
5986 831 832 833 
5987 518 596 597 
5988 2516 2515 2578 
5989 919 920 3909 
5990 1478 3083 4118 
5991 2335 2337 2342 
5992 1489 1492 3686 
5993 790 787 3835 
5994 1176 1175 1178 
5995 2557 1932 3801 
5996 516 2211 3750 
5997 1858 1715 3774 
5998 1205 983 3767 
5999 1209 971 3949 
6000 280 279 308 
6001 827 828 829 
6002 4718 1699 4749 
6003 1019 1017 1147 
6004 3583 2013 3587 
6005 2002 2003 2528 
6006 1772 1823 1824 
6007 441 426 3738 
6008 893 892 937 
6009 1699 3754 4749 
6010 856 863 864 
6011 1142 1517 1518 
6012 2792 2793 2794 
6013 2044 2043 2460 
6014 1903 3675 4056 
6015 4383 3600 4495 
6016 769 757 3900 
6017 2210 3740 3939 
6018 3589 2058 3590 
6019 2721 2722 2723 
6020 535 534 536 
6021 279 278 3788 
6022 854 3720 3741 
6023 1806 1805 1807 
6024 726 724 1431 
6025 952 1087 1088 
6026 1855 3755 4102 
6027 2829 2828 3849 
6028 536 538 3745 
6029 1645 1646 1647 
6030 983 1116 3767 
6031 835 836 837 
6032 1446 1445 1447 
6033 931 932 986 
6034 281 280 3784 
6035 2146 2148 2156 
6036 1863 1864 3920 
6037 1748 1749 3828 
6038 3639 3641 3907 
6039 2321 2322 2323 
6040 2668 2518 4191 
6041 1436 1120 3743 
6042 1413 1419 3771 
6043 3352 2587 4492 
6044 1818 1955 3769 
6045 667 666 781 
6046 658 655 3776 
6047 278 277 1397 
6048 1954 2326 3674 
6049 1722 1607 1723 
6050 243 242 2792 
6051 430 432 1146 
6052 240 239 2803 
6053 2804 2805 2806 
6054 938 937 1011 
6055 2472 2473 2721 
6056 3123 3121 4699 
6057 2272 2234 2692 
6058 1401 658 3776 
6059 1777 2159 3672 
6060 599 590 606 
6061 413 479 3799 
6062 544 546 3728 
6063 1132 1131 1133 
6064 1817 1818 1820 
6065 412 411 413 
6066 277 276 3790 
6067 1378 1380 1381 
6068 2779 3204 4306 
6069 282 281 1395 
6070 2723 4689 4779 
6071 3908 3814 4652 
6072 745 748 752 
6073 837 838 839 
6074 2655 3662 3890 
6075 1826 1825 1882 
6076 2466 2463 2631 
6077 845 846 931 
6078 1127 1125 3965 
6079 2697 4201 4754 
6080 782 797 798 
6081 647 847 3777 
6082 3767 3603 3914 
6083 410 411 412 
6084 3007 320 4696 
6085 655 656 3776 
6086 1770 1919 2172 
6087 490 491 492 
6088 833 834 835 
6089 1806 1807 1865 
6090 276 275 443 
6091 2497 2493 2623 
6092 528 647 3777 
6093 244 243 2947 
6094 2313 2314 2859 
6095 1815 1816 1817 
6096 1381 1383 1437 
6097 3494 2125 3843 
6098 228 227 3213 
6099 384 381 3993 
6100 600 121 3851 
6101 1987 1986 3829 
6102 839 855 856 
6103 1492 1593 3686 
6104 2211 528 3777 
6105 2870 2869 2871 
6106 283 282 3796 
6107 1603 1771 1772 
6108 275 274 3793 
6109 1221 1186 1226 
6110 863 855 975 
6111 629 630 644 
6112 1643 1644 1645 
6113 498 474 499 
6114 1074 957 1426 
6115 235 234 761 
6116 1620 1621 1622 
6117 2407 1846 2924 
6118 1728 1363 3922 
6119 1505 1989 2276 
6120 1134 1133 1473 
6121 665 664 666 
6122 3730 2363 3878 
6123 1419 4073 4122 
6124 1519 1870 3926 
6125 274 273 1398 
6126 949 943 1429 
6127 1752 1754 1937 
6128 230 229 2804 
6129 3740 1904 3939 
6130 1190 1632 3743 
6131 488 489 490 
6132 284 283 444 
6133 3839 2677 4132 
6134 1715 1907 3774 
6135 2811 733 2812 
6136 479 411 3811 
6137 1804 1726 1805 
6138 3185 2074 4084 
6139 2048 2475 2589 
6140 2444 1858 3774 
6141 587 591 604 
6142 1377 1810 4039 
6143 2531 2057 2532 
6144 273 272 3792 
6145 486 487 488 
6146 473 466 474 
6147 1622 1624 1625 
6148 609 637 670 
6149 1324 817 4201 
6150 1930 2453 3801 
6151 667 781 782 
6152 626 628 629 
6153 829 830 831 
6154 1845 1198 1846 
6155 746 742 751 
6156 410 409 411 
6157 4249 3108 4391 
6158 2014 2015 2048 
6159 2134 2136 3832 
6160 290 289 3807 
6161 285 284 3798 
6162 1049 1051 1342 
6163 272 271 310 
6164 1601 1602 1603 
6165 1770 1578 1919 
6166 462 844 4179 
6167 756 753 768 
6168 1292 1290 3647 
6169 1860 2095 3773 
6170 1381 1382 1383 
6171 392 391 393 
6172 408 409 410 
6173 1638 1639 1672 
6174 867 1430 1815 
6175 599 606 635 
6176 2017 1723 3850 
6177 904 902 3775 
6178 762 755 763 
6179 752 748 755 
6180 589 586 590 
6181 1824 1823 1825 
6182 2853 4467 4668 
6183 2866 4379 4510 
6184 1448 1447 1449 
6185 1137 1108 1160 
6186 3436 2316 3921 
6187 2055 3730 3878 
6188 1625 1626 1976 
6189 4583 2676 4764 
6190 2461 2460 2715 
6191 3336 3337 4371 
6192 3658 4081 4275 
6193 739 740 745 
6194 233 232 2810 
6195 286 285 1423 
6196 3234 324 4109 
6197 2123 3255 4356 
6198 1723 1607 1724 
6199 1641 1642 1643 
6200 1531 1634 1635 
6201 1804 1805 1806 
6202 436 440 482 
6203 35 36 4117 
6204 1639 1640 1641 
6205 1888 2248 2249 
6206 2453 1884 3820 
6207 2255 2254 3853 
6208 866 865 867 
6209 237 960 4243 
6210 2249 2248 2250 
6211 1973 1832 3672 
6212 4444 3633 4519 
6213 1782 821 3831 
6214 1725 1724 1726 
6215 2868 2560 2869 
6216 752 762 3749 
6217 1284 1283 1285 
6218 1638 1637 1639 
6219 1288 1286 1289 
6220 1531 1635 1636 
6221 2537 2538 4394 
6222 985 1504 1505 
6223 909 508 3787 
6224 2243 1902 3968 
6225 465 462 466 
6226 630 628 631 
6227 484 485 486 
6228 287 286 3804 
6229 1450 1449 1757 
6230 3722 2315 3973 
6231 1720 2041 3815 
6232 3421 1256 4263 
6233 1636 1637 1638 
6234 1898 2087 2301 
6235 1129 1530 1531 
6236 386 385 387 
6237 665 666 667 
6238 482 483 484 
6239 787 786 3835 
6240 1038 1039 1040 
6241 1907 3914 4075 
6242 231 230 2906 
6243 2674 899 2675 
6244 409 1400 3811 
6245 1545 1584 3890 
6246 786 824 1375 
6247 786 765 824 
6248 408 407 409 
6249 288 287 309 
6250 884 978 4201 
6251 836 834 1457 
6252 2489 3694 3909 
6253 1083 1359 3943 
6254 1888 1672 2248 
6255 1709 1149 3819 
6256 250 249 1009 
6257 406 407 408 
6258 1569 3404 4339 
6259 1168 1576 4442 
6260 234 233 2819 
6261 2559 593 2560 
6262 1725 1726 1804 
6263 2005 2238 2508 
6264 1282 1284 4041 
6265 660 659 664 
6266 1997 2438 2725 
6267 1752 1937 3828 
6268 2893 2902 2903 
6269 1978 2393 2755 
6270 1375 1376 1377 
6271 388 387 389 
6272 1695 1220 3921 
6273 1184 1183 1459 
6274 864 863 865 
6275 3198 3203 4365 
6276 794 763 3838 
6277 1481 4012 4286 
6278 2584 2583 2719 
6279 1434 1464 1465 
6280 1204 579 4396 
6281 1377 1378 1379 
6282 2180 2624 2625 
6283 3102 3098 3615 
6284 2254 1945 2716 
6285 1772 1771 1823 
6286 745 740 748 
6287 597 641 3857 
6288 1543 1545 3890 
6289 390 389 391 
6290 2185 2691 3947 
6291 741 223 2791 
6292 1784 2221 3819 
6293 2690 3999 4428 
6294 2235 2399 4122 
6295 403 405 406 
6296 1513 1100 3806 
6297 401 402 403 
6298 589 590 599 
6299 722 720 738 
6300 3724 2501 3906 
6301 2670 2671 2672 
6302 2196 3737 3895 
6303 2327 2673 3985 
6304 3435 2827 4556 
6305 2150 2152 2153 
6306 291 290 1856 
6307 2067 1801 3906 
6308 399 400 401 
6309 3110 3103 4412 
6310 2342 2343 3149 
6311 406 405 407 
6312 1723 1724 1725 
6313 806 790 2467 
6314 3395 3398 3969 
6315 1438 1559 1577 
6316 660 664 665 
6317 2076 2078 2651 
6318 3135 342 4593 
6319 1211 3756 4066 
6320 616 617 618 
6321 2264 2950 3931 
6322 1811 1379 2251 
6323 806 2467 2468 
6324 403 402 405 
6325 2902 1537 4805 
6326 401 400 402 
6327 357 359 360 
6328 1098 1195 1196 
6329 1846 1198 2253 
6330 586 576 3822 
6331 1636 1635 1637 
6332 1200 1202 1439 
6333 3190 2725 4361 
6334 1129 1531 3844 
6335 1375 824 1376 
6336 1563 1793 1794 
6337 1410 3700 3941 
6338 3851 122 3892 
6339 1406 1410 3941 
6340 461 452 462 
6341 1231 1229 1527 
6342 3817 2454 3818 
6343 3694 945 3909 
6344 643 642 659 
6345 2240 2303 2511 
6346 1377 1376 1378 
6347 617 615 3868 
6348 1725 2269 3850 
6349 1603 1602 1771 
6350 1955 2427 3769 
6351 3759 3760 4035 
6352 1196 1195 1197 
6353 2341 2785 2786 
6354 3651 2391 4166 
6355 554 556 585 
6356 730 739 3825 
6357 1882 2392 3820 
6358 382 381 383 
6359 2361 2274 3083 
6360 451 450 452 
6361 856 855 863 
6362 1594 1924 3614 
6363 1577 1559 1944 
6364 3479 3470 4154 
6365 1983 1981 3791 
6366 237 236 960 
6367 2313 644 2314 
6368 380 378 381 
6369 710 708 735 
6370 1907 1525 3914 
6371 3257 2034 3258 
6372 428 430 3652 
6373 837 836 838 
6374 2834 2832 2847 
6375 2758 2669 4173 
6376 2892 2901 4342 
6377 634 633 642 
6378 399 398 400 
6379 1040 1041 1042 
6380 2908 1464 4703 
6381 1599 1600 1601 
6382 3811 4554 4636 
6383 845 931 4032 
6384 2434 2586 4379 
6385 1148 1784 3819 
6386 727 226 2799 
6387 354 352 1008 
6388 397 398 399 
6389 1701 1803 3934 
6390 3712 2372 4242 
6391 3931 2494 4404 
6392 2407 2924 3632 
6393 945 919 3909 
6394 582 241 2798 
6395 618 619 622 
6396 1680 1795 3947 
6397 1777 1778 2159 
6398 449 448 450 
6399 430 1146 3652 
6400 839 838 855 
6401 379 358 448 
6402 1290 1289 1455 
6403 2138 2140 3795 
6404 2594 2263 2595 
6405 1577 1944 1945 
6406 632 631 633 
6407 3257 3258 4290 
6408 2207 967 3425 
6409 2887 2889 2900 
6410 3343 3342 4434 
6411 2367 2365 2368 
6412 2479 2378 2480 
6413 2218 2217 3938 
6414 3302 3297 4801 
6415 2662 4380 4709 
6416 3652 1146 3653 
6417 4609 2508 4642 
6418 732 730 3825 
6419 2414 2548 3864 
6420 1042 1043 1044 
6421 2731 2729 2732 
6422 996 998 1462 
6423 2821 4224 4723 
6424 643 659 660 
6425 614 615 616 
6426 2946 2938 3047 
6427 2069 2161 2761 
6428 415 413 3799 
6429 3408 3409 3410 
6430 1044 1045 1106 
6431 1196 1197 1198 
6432 2849 2852 2853 
6433 661 784 842 
6434 4368 3366 4449 
6435 1586 1585 1606 
6436 3625 2604 4486 
6437 2776 2316 3436 
6438 835 834 836 
6439 3662 1543 3890 
6440 1820 1818 3769 
6441 1196 1845 3884 
6442 8 348 349 
6443 621 624 2348 
6444 2305 2307 2661 
6445 350 348 2440 
6446 382 383 3481 
6447 1283 1280 3899 
6448 1364 4029 4093 
6449 4132 2678 4402 
6450 3907 3641 3908 
6451 1943 2584 3883 
6452 2262 2260 2263 
6453 629 628 630 
6454 2937 2938 2939 
6455 2519 2669 2756 
6456 2516 2578 3635 
6457 1023 1021 1463 
6458 833 832 834 
6459 1586 1606 1607 
6460 1227 1226 1458 
6461 304 303 3994 
6462 1258 1890 4263 
6463 1601 1600 1602 
6464 2859 2314 2860 
6465 1844 2378 2479 
6466 1371 424 4087 
6467 755 1763 3838 
6468 2883 2885 2898 
6469 3905 1699 4718 
6470 514 392 3988 
6471 397 396 398 
6472 2136 2155 3832 
6473 1235 1233 1247 
6474 1435 1102 3830 
6475 2254 2716 2717 
6476 1262 1209 1587 
6477 56 57 4136 
6478 2160 2346 2763 
6479 2795 2793 2904 
6480 971 969 3949 
6481 1497 1496 1585 
6482 2096 3563 4165 
6483 827 826 828 
6484 437 435 438 
6485 2467 790 3835 
6486 2160 1778 2345 
6487 634 642 643 
6488 1932 1930 3801 
6489 3051 1390 4547 
6490 560 562 674 
6491 2745 3320 4670 
6492 2168 2493 2497 
6493 2533 2532 2632 
6494 2264 2263 2594 
6495 619 617 620 
6496 1053 1055 1440 
6497 69 70 3919 
6498 395 396 397 
6499 2504 2055 3878 
6500 2155 2138 3795 
6501 1002 1004 1099 
6502 464 457 4009 
6503 3550 2541 4453 
6504 1448 1450 1451 
6505 1570 3724 3906 
6506 2292 2290 2536 
6507 3309 3430 3962 
6508 1801 1570 3906 
6509 1241 1239 1244 
6510 1128 1127 1129 
6511 1205 3767 3914 
6512 632 633 634 
6513 2266 2268 2679 
6514 1029 1027 1203 
6515 2658 2255 3853 
6516 896 633 4123 
6517 1525 1205 3914 
6518 1219 1218 1496 
6519 1661 1663 4097 
6520 3735 3309 3962 
6521 3390 3393 4190 
6522 825 822 826 
6523 2849 2844 2852 
6524 1757 1951 2265 
6525 294 293 4022 
6526 1516 1598 1599 
6527 821 803 822 
6528 2185 2191 2691 
6529 1058 1060 1063 
6530 540 542 543 
6531 3826 2188 3920 
6532 1280 1279 3899 
6533 1441 3836 4106 
6534 1009 249 2821 
6535 1968 1088 2426 
6536 3706 463 4598 
6537 618 617 619 
6538 1163 1141 1480 
6539 2260 2259 2261 
6540 692 690 693 
6541 1459 1183 2495 
6542 2485 3682 4465 
6543 175 3735 3962 
6544 1497 1585 1586 
6545 271 270 4047 
6546 1854 493 3953 
6547 2877 2879 2894 
6548 2838 2836 2845 
6549 630 631 632 
6550 1133 1131 1444 
6551 2153 2154 2659 
6552 353 355 1838 
6553 2451 3346 4639 
6554 2695 2017 3850 
6555 2280 2278 2910 
6556 1268 1266 1886 
6557 2258 2060 2577 
6558 2807 2805 2808 
6559 4014 3138 4055 
6560 1578 1483 3858 
6561 2069 2761 3934 
6562 2311 2309 2585 
6563 1458 1226 2259 
6564 3140 3138 4014 
6565 3629 1089 3852 
6566 2671 1988 3905 
6567 1455 1289 1456 
6568 3106 3104 3109 
6569 2011 2607 2611 
6570 686 684 974 
6571 2286 2284 2390 
6572 2380 3712 4286 
6573 2386 2384 2629 
6574 2241 2266 2267 
6575 1219 1496 1497 
6576 2048 2589 2590 
6577 671 1445 1446 
6578 2198 2196 3895 
6579 1677 1219 3862 
6580 1943 1591 2014 
6581 3176 1070 3986 
6582 2853 2852 2855 
6583 1902 1565 3968 
6584 1296 1294 1301 
6585 1126 1127 1128 
6586 1441 1013 3836 
6587 1850 1848 4262 
6588 251 319 3746 
6589 1285 1283 1583 
6590 1609 3134 4171 
6591 1579 1232 4034 
6592 2842 2840 2846 
6593 831 830 832 
6594 2153 2659 2660 
6595 1791 732 3825 
6596 679 492 1580 
6597 393 391 394 
6598 3680 771 3928 
6599 2245 2243 2752 
6600 1217 1216 1218 
6601 1451 1515 1516 
6602 1273 1271 1581 
6603 548 550 669 
6604 2492 3136 4477 
6605 270 8 2450 
6606 1640 1637 3879 
6607 2140 2157 3795 
6608 704 702 767 
6609 3822 3349 4463 
6610 4668 3905 4718 
6611 1286 1285 3946 
6612 616 615 617 
6613 1697 1698 1986 
6614 1467 1465 1506 
6615 2412 2050 2413 
6616 3539 3538 3978 
6617 1434 1246 1464 
6618 3445 2253 4546 
6619 393 394 395 
6620 802 801 803 
6621 1590 1456 1591 
6622 3086 3085 4553 
6623 1986 1988 2349 
6624 671 1446 1686 
6625 3691 3868 4037 
6626 988 2452 3830 
6627 3297 3296 4168 
6628 1613 1611 2080 
6629 716 714 771 
6630 2515 1889 4017 
6631 832 830 944 
6632 1943 2014 2583 
6633 3064 3025 4576 
6634 1355 1344 1356 
6635 395 394 396 
6636 1167 1165 1177 
6637 2096 3817 3818 
6638 1353 252 3746 
6639 1217 1218 1219 
6640 1279 1871 2241 
6641 2236 1980 4052 
6642 1587 1209 3949 
6643 2371 2373 2912 
6644 2497 2623 3871 
6645 250 1009 2935 
6646 1408 1406 3941 
6647 986 988 3830 
6648 3054 770 4697 
6649 1424 1499 1697 
6650 431 429 1562 
6651 1590 1591 1943 
6652 2003 2005 3809 
6653 2543 2545 4223 
6654 422 504 4087 
6655 2471 2323 2472 
6656 2556 2177 3834 
6657 2414 2413 2415 
6658 4192 1562 4745 
6659 2041 2040 2512 
6660 1884 1882 3820 
6661 532 534 535 
6662 1836 1590 3883 
6663 1483 1485 3858 
6664 3011 2420 4224 
6665 3061 3062 4050 
6666 1318 1300 1320 
6667 349 351 1010 
6668 1104 3716 3836 
6669 411 409 3811 
6670 1063 1848 1849 
6671 1557 3169 4533 
6672 1448 1449 1450 
6673 829 828 830 
6674 1707 2006 2007 
6675 1720 1356 1721 
6676 1459 2495 2496 
6677 1215 1214 1216 
6678 1279 1277 1871 
6679 1599 1598 1600 
6680 1575 3679 3969 
6681 2739 2226 4667 
6682 2177 2175 3834 
6683 2040 1721 2042 
6684 626 625 627 
6685 1102 986 3830 
6686 1158 1628 4008 
6687 1100 1303 1702 
6688 1178 1175 1180 
6689 3105 3357 4412 
6690 1446 1447 1448 
6691 371 369 1443 
6692 2451 2333 4040 
6693 375 373 472 
6694 1849 1850 1851 
6695 3506 3507 4188 
6696 1290 1455 3647 
6697 1618 1615 1619 
6698 1458 2259 2260 
6699 3941 2478 4073 
6700 822 803 947 
6701 514 3988 3989 
6702 1082 1192 1193 
6703 1369 1687 1688 
6704 4290 3258 4429 
6705 4187 1717 4254 
6706 744 697 984 
6707 1471 1469 1879 
6708 1697 1499 1698 
6709 3754 1180 3976 
6710 979 1117 1118 
6711 1723 1725 3850 
6712 1986 1698 1988 
6713 626 627 628 
6714 1904 2457 3939 
6715 2766 2423 4399 
6716 3914 3603 4075 
6717 1777 1567 1778 
6718 3339 2452 4120 
6719 4248 3113 4645 
6720 543 544 593 
6721 1215 1216 1217 
6722 1087 951 1089 
6723 696 695 697 
6724 7 288 3803 
6725 820 1098 3884 
6726 2794 2795 2796 
6727 698 697 744 
6728 543 593 1896 
6729 2349 1988 2670 
6730 1455 1456 1590 
6731 871 868 3867 
6732 727 2800 2801 
6733 1344 1821 3901 
6734 1989 1504 2579 
6735 398 1066 3904 
6736 694 693 695 
6737 1178 1180 1424 
6738 1596 1351 4213 
6739 3684 2965 4721 
6740 2053 1783 2085 
6741 1285 1583 2490 
6742 960 236 2822 
6743 816 3560 4138 
6744 1033 1031 1479 
6745 624 623 625 
6746 1013 1011 3836 
6747 389 387 2275 
6748 3484 3476 4462 
6749 807 681 809 
6750 941 942 979 
6751 1441 3247 4176 
6752 979 980 1117 
6753 2891 2893 3876 
6754 894 895 941 
6755 1171 1169 1498 
6756 2241 1871 2266 
6757 2528 2003 3809 
6758 3519 892 4090 
6759 1006 1084 1481 
6760 349 350 351 
6761 595 613 614 
6762 434 3554 4000 
6763 519 909 3859 
6764 3637 1065 4172 
6765 1369 1370 1687 
6766 1136 1538 4011 
6767 1905 1783 2053 
6768 2321 2323 2471 
6769 952 951 1087 
6770 3592 1373 4781 
6771 890 889 951 
6772 1702 1941 2158 
6773 828 826 1477 
6774 641 640 681 
6775 682 681 807 
6776 2375 2539 4146 
6777 799 800 894 
6778 597 596 640 
6779 2158 2369 2374 
6780 2187 1863 2188 
6781 1419 1411 4073 
6782 1117 1306 1369 
6783 808 807 889 
6784 85 1261 4053 
6785 985 984 1135 
6786 2733 2732 2754 
6787 2548 2415 2549 
6788 2326 2327 3985 
6789 1134 1473 3872 
6790 1518 1517 1783 
6791 1100 1075 1303 
6792 1100 1702 3806 
6793 1688 1974 1975 
6794 2319 2222 4100 
6795 1635 1676 3879 
6796 2856 2377 4294 
6797 1924 1513 3806 
6798 1975 2521 2523 
6799 3023 2699 4783 
6800 1011 1104 3836 
6801 2125 2127 3843 
6802 1124 3066 4736 
6803 1179 1178 3955 
6804 2320 1794 2321 
6805 729 726 3847 
6806 774 665 3970 
6807 1645 1700 3869 
6808 2262 2264 3930 
6809 25 1336 4370 
6810 2600 3043 4742 
6811 1698 1699 3905 
6812 2937 2936 2938 
6813 1113 1344 1355 
6814 2658 3853 4702 
6815 1516 1515 1598 
6816 490 489 491 
6817 2175 2525 3834 
6818 2592 2085 2684 
6819 488 487 489 
6820 2467 3835 4039 
6821 596 519 598 
6822 2015 1591 4142 
6823 3654 2934 4063 
6824 1424 1180 1499 
6825 2171 3407 3944 
6826 673 799 801 
6827 1122 1123 1124 
6828 335 24 4370 
6829 868 867 3867 
6830 1896 2559 2769 
6831 1812 1572 1813 
6832 1213 1214 1215 
6833 518 508 519 
6834 859 3517 3839 
6835 2490 1583 2491 
6836 608 3152 4153 
6837 3163 2357 4238 
6838 2983 2982 4762 
6839 2213 3895 4028 
6840 4561 1899 4721 
6841 621 620 623 
6842 486 485 487 
6843 3335 3728 4071 
6844 2752 2243 3968 
6845 1628 1764 1967 
6846 918 859 3839 
6847 2868 2869 2870 
6848 744 3263 4091 
6849 1124 1125 1126 
6850 499 530 1460 
6851 786 1375 3835 
6852 1213 1212 1214 
6853 465 466 473 
6854 1430 865 3912 
6855 1094 1158 4008 
6856 385 384 671 
6857 763 755 3838 
6858 23 335 4366 
6859 473 474 498 
6860 256 320 3753 
6861 2276 1989 2505 
6862 2941 2940 4257 
6863 1142 1089 1145 
6864 351 352 353 
6865 3007 3003 4806 
6866 2550 2549 2551 
6867 1183 1179 3955 
6868 2656 2655 4010 
6869 457 1321 4009 
6870 2234 2232 3855 
6871 1697 1987 4144 
6872 883 816 4138 
6873 1531 1636 3844 
6874 535 899 2353 
6875 507 495 508 
6876 2482 2483 2484 
6877 2484 2573 2574 
6878 1451 1450 1515 
6879 3041 1349 4068 
6880 1517 1145 1563 
6881 624 625 626 
6882 1339 22 4366 
6883 894 941 1857 
6884 257 3753 3761 
6885 1673 1643 3869 
6886 2632 2532 2952 
6887 383 384 385 
6888 353 354 355 
6889 608 672 673 
6890 3081 2991 4104 
6891 1762 1915 1916 
6892 1905 2772 4061 
6893 3503 3505 4038 
6894 355 356 357 
6895 2727 2033 2744 
6896 1505 1504 1989 
6897 357 358 359 
6898 602 609 3877 
6899 1387 258 3761 
6900 484 483 485 
6901 322 4485 4766 
6902 482 440 483 
6903 20 21 4212 
6904 2577 2932 4733 
6905 572 575 4030 
6906 461 462 465 
6907 2471 2472 2760 
6908 3408 1973 3409 
6909 2232 2556 3855 
6910 259 1387 3759 
6911 2477 2098 2688 
6912 2527 3994 3995 
6913 742 736 3882 
6914 2865 3744 4413 
6915 973 3645 4602 
6916 1355 1356 1720 
6917 580 587 3885 
6918 2977 2981 4491 
6919 436 435 437 
6920 2939 2938 2946 
6921 321 260 3759 
6922 1986 2349 3829 
6923 1563 1794 2320 
6924 535 536 899 
6925 656 4226 4318 
6926 1720 1721 2040 
6927 1889 1888 4017 
6928 2324 1123 4060 
6929 2962 2963 4158 
6930 2460 2043 2464 
6931 325 297 3766 
6932 1122 1068 1123 
6933 2254 2717 3853 
6934 1630 3614 4026 
6935 2559 2560 2868 
6936 383 381 384 
6937 451 452 461 
6938 621 623 624 
6939 296 1389 3766 
6940 1355 3815 4012 
6941 2320 2321 3841 
6942 1193 1391 1393 
6943 502 513 930 
6944 2315 3733 3973 
6945 740 729 3847 
6946 2007 2487 2488 
6947 593 544 3728 
6948 1702 1303 1941 
6949 1768 1863 2187 
6950 2158 2374 3810 
6951 3711 509 4062 
6952 2763 2346 2764 
6953 3409 1973 3672 
6954 665 667 3970 
6955 1606 2220 3846 
6956 508 495 3787 
6957 2160 2345 2346 
6958 3352 1774 4580 
6959 1641 1673 3865 
6960 1530 1127 3965 
6961 2488 2780 3065 
6962 2159 1778 2160 
6963 2392 4165 4289 
6964 263 1388 3770 
6965 3564 4520 4627 
6966 1474 1282 4041 
6967 2158 1941 2369 
6968 449 450 451 
6969 367 365 447 
6970 1583 1283 3899 
6971 1126 1125 1127 
6972 2374 2369 2593 
6973 2709 2319 4198 
6974 2520 2297 3816 
6975 3404 3383 4339 
6976 434 433 435 
6977 2268 1871 3992 
6978 1211 1106 1212 
6979 264 3770 3772 
6980 1389 295 3768 
6981 4532 3054 4697 
6982 3358 3359 4448 
6983 2282 2280 3918 
6984 575 589 4030 
6985 556 558 3893 
6986 322 265 3772 
6987 2342 3149 3151 
6988 562 564 3911 
6989 3835 1375 4039 
6990 1311 3093 4617 
6991 1211 1212 1213 
6992 1713 1630 4026 
6993 744 984 985 
6994 525 607 608 
6995 1485 1488 3858 
6996 2046 1894 4422 
6997 619 620 621 
6998 1688 1687 1974 
6999 771 3179 4135 
7000 1724 1607 3846 
7001 1186 1184 3856 
7002 266 322 3778 
7003 3076 3078 3080 
7004 1184 1459 3856 
7005 2560 593 3728 
7006 867 1815 3867 
7007 558 560 3894 
7008 379 448 449 
7009 1975 1974 2521 
7010 1131 1128 3971 
7011 2692 2234 3855 
7012 2873 2875 4029 
7013 1672 1639 3865 
7014 1289 1286 3946 
7015 2053 2085 2592 
7016 1044 1106 1211 
7017 3895 1418 4028 
7018 1087 1089 1142 
7019 1040 1042 1684 
7020 2794 2793 2795 
7021 1124 1123 1125 
7022 1188 1134 3872 
7023 673 672 799 
7024 1482 1770 3891 
7025 2795 2904 2905 
7026 943 933 3861 
7027 1088 1087 4021 
7028 4073 2478 4122 
7029 800 672 3967 
7030 2130 2783 4608 
7031 518 519 596 
7032 2675 899 3745 
7033 3218 2602 4265 
7034 1944 1997 3860 
7035 349 348 350 
7036 632 1432 3889 
7037 1425 572 4030 
7038 507 508 518 
7039 1461 267 3778 
7040 1643 1645 3869 
7041 1142 1145 1517 
7042 1128 1129 3971 
7043 964 622 1502 
7044 713 715 4046 
7045 518 597 3977 
7046 1896 593 2559 
7047 1785 1435 3998 
7048 644 630 3889 
7049 608 607 672 
7050 614 613 615 
7051 2413 2050 2564 
7052 734 737 4677 
7053 3138 3137 4055 
7054 529 474 4421 
7055 2005 2508 3809 
7056 1229 1227 3898 
7057 303 324 3994 
7058 985 1135 1504 
7059 2148 2150 3896 
7060 1129 3844 3971 
7061 3942 337 4770 
7062 2098 1713 4026 
7063 3417 3418 4478 
7064 2880 2878 4078 
7065 1445 384 3993 
7066 899 536 3745 
7067 376 377 378 
7068 2885 2887 3927 
7069 2881 2883 3916 
7070 2238 2240 3902 
7071 268 1461 3779 
7072 559 557 4059 
7073 1790 580 3885 
7074 3264 3845 4426 
7075 1754 1898 3903 
7076 613 612 1038 
7077 3385 3389 4339 
7078 2248 1672 3865 
7079 2470 3406 4764 
7080 1637 1635 3879 
7081 491 489 493 
7082 1197 1200 3870 
7083 494 495 507 
7084 494 493 495 
7085 436 437 440 
7086 1639 1641 3865 
7087 2868 1921 4507 
7088 1607 1606 3846 
7089 4012 3815 4286 
7090 2716 1945 3860 
7091 2034 1520 3887 
7092 1620 1619 1621 
7093 1888 2249 4017 
7094 3518 3938 4160 
7095 736 1791 3882 
7096 485 483 1071 
7097 94 95 4282 
7098 3273 824 4115 
7099 400 398 3904 
7100 1243 1241 3933 
7101 2127 3087 3843 
7102 3888 2479 4123 
7103 2937 2939 3954 
7104 2755 2393 2788 
7105 1108 1074 3880 
7106 164 165 4076 
7107 2187 2188 3663 
7108 351 350 352 
7109 712 710 3910 
7110 3191 1337 4744 
7111 726 1431 3847 
7112 631 3888 4123 
7113 2551 2549 2552 
7114 1437 1383 3891 
7115 3616 356 4024 
7116 1381 1437 3881 
7117 348 269 3779 
7118 2646 2648 4194 
7119 434 435 436 
7120 1829 1814 4033 
7121 525 524 607 
7122 374 375 376 
7123 934 918 3839 
7124 1942 1303 3987 
7125 2518 2517 4192 
7126 2893 2903 3876 
7127 2161 2168 3932 
7128 1219 1497 3862 
7129 3124 2144 4390 
7130 353 352 354 
7131 587 604 3885 
7132 1383 1482 3891 
7133 128 1690 4064 
7134 1098 1196 3884 
7135 1691 149 4065 
7136 751 742 3882 
7137 609 670 3877 
7138 355 354 356 
7139 1622 1621 1624 
7140 1945 1944 3860 
7141 1379 1378 3881 
7142 357 356 358 
7143 359 358 379 
7144 2550 3181 4628 
7145 3231 3465 4371 
7146 892 818 4090 
7147 863 975 3912 
7148 939 3621 4289 
7149 1028 1030 4082 
7150 1378 1381 3881 
7151 1976 1626 1978 
7152 2251 1379 3881 
7153 1681 3643 4086 
7154 432 431 433 
7155 2602 4649 4695 
7156 469 477 1503 
7157 1849 1851 1852 
7158 2253 1198 3870 
7159 1817 2347 4105 
7160 2495 1183 3955 
7161 727 2799 2800 
7162 2436 3118 4452 
7163 2353 899 2674 
7164 620 617 3868 
7165 1625 1624 1626 
7166 2285 2287 4085 
7167 372 373 374 
7168 607 2202 3967 
7169 1852 2049 2050 
7170 3284 3118 4423 
7171 308 279 3788 
7172 931 987 4032 
7173 957 949 3886 
7174 2566 3654 4063 
7175 2835 2837 4237 
7176 280 308 3784 
7177 627 1844 3888 
7178 370 371 372 
7179 2057 1781 3924 
7180 3836 3716 4106 
7181 582 2798 3800 
7182 2830 2831 4727 
7183 2889 2891 3936 
7184 2806 2805 2807 
7185 432 433 434 
7186 2270 507 3977 
7187 278 1397 3788 
7188 32 33 4305 
7189 2087 2180 3915 
7190 2484 2574 2687 
7191 764 3321 4023 
7192 2672 3354 4700 
7193 714 712 3928 
7194 2181 3445 4546 
7195 865 863 3912 
7196 2748 2389 4332 
7197 1198 1197 3870 
7198 1233 1231 3940 
7199 1093 531 4110 
7200 1694 1515 3997 
7201 1227 1458 3898 
7202 1997 2725 3860 
7203 2333 2335 4040 
7204 981 193 4610 
7205 3374 2322 4530 
7206 502 501 512 
7207 2807 2808 2809 
7208 3853 458 4702 
7209 1175 1173 3976 
7210 2529 2408 4266 
7211 3994 324 3995 
7212 1395 281 3784 
7213 513 512 522 
7214 595 594 612 
7215 523 522 594 
7216 1397 277 3790 
7217 631 628 3888 
7218 368 369 370 
7219 1521 1188 3872 
7220 299 298 4098 
7221 1937 1754 3903 
7222 546 548 4071 
7223 1898 2301 3903 
7224 1980 2210 4052 
7225 343 190 4687 
7226 1852 1851 2049 
7227 293 326 4022 
7228 3218 3240 4649 
7229 4249 3684 4506 
7230 3239 3457 4583 
7231 376 375 377 
7232 2615 2618 4248 
7233 2384 2311 3948 
7234 2729 2466 3913 
7235 1941 1942 3982 
7236 1520 1521 3887 
7237 510 524 525 
7238 276 443 3790 
7239 3768 294 4022 
7240 289 428 3807 
7241 2836 2834 3961 
7242 1264 1262 3958 
7243 2309 2245 3945 
7244 1271 1268 3956 
7245 1978 1626 2105 
7246 494 2270 4043 
7247 282 1395 3796 
7248 1226 1186 3856 
7249 1590 1943 3883 
7250 4630 2760 4687 
7251 2586 1996 4231 
7252 933 934 3861 
7253 2456 1903 4056 
7254 538 540 3935 
7255 443 275 3793 
7256 1321 455 4217 
7257 960 4380 4802 
7258 630 632 3889 
7259 1266 1264 3957 
7260 445 511 4180 
7261 1285 2490 3946 
7262 2188 1863 3920 
7263 374 373 375 
7264 2314 644 3889 
7265 3969 3679 4116 
7266 1142 1518 4021 
7267 2303 2305 3942 
7268 1279 2241 3899 
7269 274 1398 3793 
7270 444 283 3796 
7271 3554 3338 4535 
7272 2799 2790 4440 
7273 1806 2419 4196 
7274 1624 1621 1994 
7275 1193 1393 2481 
7276 1294 1292 3950 
7277 1408 3941 4073 
7278 1200 1439 3870 
7279 372 371 373 
7280 2879 2881 4067 
7281 2508 2238 3902 
7282 2393 2105 2580 
7283 370 369 371 
7284 1093 4110 4209 
7285 2249 2250 4054 
7286 1398 273 3792 
7287 2551 2552 2553 
7288 598 519 3859 
7289 2301 2087 3915 
7290 3759 1387 3760 
7291 473 498 500 
7292 3581 3604 4375 
7293 3104 3102 3984 
7294 131 132 4069 
7295 284 444 3798 
7296 2074 2076 4084 
7297 2156 2148 3896 
7298 477 476 501 
7299 1628 1967 4008 
7300 272 310 3792 
7301 2180 2625 3915 
7302 2547 2753 4072 
7303 2284 2282 3960 
7304 3444 1589 4423 
7305 2240 2511 3902 
7306 4461 2409 4478 
7307 469 468 476 
7308 439 438 468 
7309 1239 1237 4070 
7310 2392 1825 4165 
7311 360 361 362 
7312 3331 2618 4678 
7313 2687 2574 2783 
7314 595 612 613 
7315 3513 1909 4363 
7316 360 359 361 
7317 1423 285 3798 
7318 2874 2872 4112 
7319 3325 1324 4088 
7320 523 594 595 
7321 502 512 513 
7322 513 522 523 
7323 1165 1163 3972 
7324 2321 2471 3841 
7325 1075 1035 3987 
7326 430 431 432 
7327 1074 1426 3880 
7328 1444 1131 3971 
7329 2647 1329 4768 
7330 2840 2838 3966 
7331 465 473 4027 
7332 1469 1467 3979 
7333 628 627 3888 
7334 1988 1698 3905 
7335 2914 659 4793 
7336 3402 219 4589 
7337 491 493 494 
7338 3008 2535 4729 
7339 510 509 524 
7340 1418 3771 4028 
7341 2046 4551 4735 
7342 286 1423 3804 
7343 3399 3611 4315 
7344 2229 2503 4349 
7345 302 301 4109 
7346 3704 3703 4314 
7347 1356 1344 3901 
7348 1146 432 4000 
7349 2242 2244 4114 
7350 2481 1393 2482 
7351 3862 3487 3873 
7352 3176 3986 4262 
7353 2248 3865 4124 
7354 4305 2716 4679 
7355 1844 2479 3888 
7356 1970 3846 4092 
7357 2871 2873 4068 
7358 2997 1345 4459 
7359 1527 1229 3898 
7360 530 532 3959 
7361 2260 2261 3929 
7362 2452 990 4120 
7363 2222 3858 4100 
7364 309 287 3804 
7365 477 501 502 
7366 3865 1673 4124 
7367 1411 1408 4073 
7368 4101 2344 4183 
7369 3603 2223 4075 
7370 3382 3404 4470 
7371 1292 3647 3950 
7372 1856 290 3807 
7373 1429 943 3861 
7374 366 367 368 
7375 3258 2034 3887 
7376 1567 1471 3983 
7377 3751 3867 4105 
7378 1160 1108 3880 
7379 2014 2048 3917 
7380 2511 2303 3942 
7381 1275 1273 3980 
7382 368 367 369 
7383 626 629 4004 
7384 2102 1861 4103 
7385 4600 3809 4609 
7386 949 1429 3886 
7387 1135 1762 3925 
7388 1178 1424 3955 
7389 3842 2537 4147 
7390 784 820 3981 
7391 2566 3523 4317 
7392 2693 2257 4134 
7393 3856 1459 4156 
7394 1456 1289 3946 
7395 2595 2263 3929 
7396 2150 2153 3896 
7397 585 556 3893 
7398 3877 670 4783 
7399 566 583 4094 
7400 3337 311 4448 
7401 2307 2371 3964 
7402 3762 1786 4079 
7403 671 1686 3937 
7404 2520 3576 4662 
7405 3057 4193 4282 
7406 3715 3163 4466 
7407 2466 2631 3913 
7408 298 325 4098 
7409 3118 2218 4797 
7410 2583 2014 3917 
7411 992 1090 4120 
7412 1978 2105 2393 
7413 2887 2900 3927 
7414 4221 3329 4521 
7415 324 302 4109 
7416 1450 1757 3997 
7417 1031 1029 3974 
7418 2225 2646 4194 
7419 364 365 366 
7420 3653 1146 4239 
7421 700 698 4091 
7422 437 438 439 
7423 1426 957 3886 
7424 2900 2889 3936 
7425 2406 2681 4186 
7426 3068 1457 4675 
7427 3395 3969 4116 
7428 2305 2661 3942 
7429 934 3839 4132 
7430 1757 2265 3997 
7431 9 10 4304 
7432 301 1386 4109 
7433 363 361 2411 
7434 1231 1527 3940 
7435 195 3275 4590 
7436 2263 2260 3929 
7437 4075 2771 4095 
7438 3938 2217 4160 
7439 710 735 3910 
7440 2426 1088 4021 
7441 1786 3678 4079 
7442 1375 1377 4039 
7443 698 744 4091 
7444 3371 1080 4563 
7445 1106 3441 3951 
7446 1457 834 4005 
7447 2898 2885 3927 
7448 3108 3106 4083 
7449 3292 1357 4681 
7450 2883 2898 3916 
7451 362 363 364 
7452 2172 3821 4020 
7453 3102 3615 3984 
7454 2844 2842 3990 
7455 451 461 926 
7456 2950 2623 4693 
7457 960 2822 4380 
7458 1823 2096 4165 
7459 4204 2865 4413 
7460 2761 2161 3932 
7461 2269 1804 4196 
7462 2458 2421 4340 
7463 469 476 477 
7464 300 299 4126 
7465 4602 3645 4669 
7466 1169 1167 3996 
7467 2448 2172 4020 
7468 674 562 3911 
7469 2440 348 3779 
7470 2834 2847 3961 
7471 3419 3344 4159 
7472 3717 2921 4653 
7473 3728 546 4071 
7474 1554 1548 4284 
7475 2272 2692 4118 
7476 387 385 3937 
7477 310 271 4047 
7478 500 498 509 
7479 2168 2497 3932 
7480 1241 1244 3933 
7481 2345 1778 3983 
7482 2259 1226 3856 
7483 3633 973 4519 
7484 2875 2877 4093 
7485 1055 1058 3963 
7486 2280 2910 3918 
7487 3745 538 3935 
7488 2532 2057 3924 
7489 428 3652 3807 
7490 424 422 4087 
7491 842 784 3981 
7492 1386 300 4126 
7493 1277 1275 3992 
7494 560 674 3894 
7495 788 3361 4584 
7496 1247 1233 3940 
7497 458 35 4117 
7498 3204 3201 4306 
7499 2661 2307 3964 
7500 385 671 3937 
7501 2891 3876 3936 
7502 564 566 4094 
7503 439 468 469 
7504 3463 3462 4323 
7505 500 509 510 
7506 2048 2590 3917 
7507 5 323 4382 
7508 2099 2605 4473 
7509 1087 1142 4021 
7510 3797 2921 4264 
7511 2598 3058 4277 
7512 1301 1294 3950 
7513 526 4500 4698 
7514 824 765 4115 
7515 3781 3685 4167 
7516 3611 14 4315 
7517 2767 1998 4568 
7518 366 365 367 
7519 4573 2477 4601 
7520 1262 1587 3958 
7521 1696 3667 4226 
7522 3682 2485 4541 
7523 820 3884 3981 
7524 2732 2729 3913 
7525 2967 4561 4721 
7526 3439 2997 4585 
7527 3396 3401 4354 
7528 492 491 4043 
7529 3868 615 4037 
7530 2153 2660 3896 
7531 2688 2098 4026 
7532 1268 1886 3956 
7533 656 653 4226 
7534 1580 492 4043 
7535 2266 2679 4089 
7536 3458 167 4460 
7537 1581 1271 3956 
7538 1663 1840 4097 
7539 1393 1391 3975 
7540 1244 1239 4070 
7541 3251 3252 4208 
7542 2845 2836 3961 
7543 1391 1707 3975 
7544 1966 3741 4057 
7545 15 521 4315 
7546 1065 3623 4172 
7547 2267 2266 4089 
7548 2311 2585 3948 
7549 3564 105 4520 
7550 418 463 4295 
7551 1180 1175 3976 
7552 1070 1082 3986 
7553 1886 1266 3957 
7554 2629 2384 3948 
7555 1365 3714 4314 
7556 3678 2209 4079 
7557 3406 2470 4543 
7558 1029 1203 3974 
7559 1840 1665 4240 
7560 2585 2309 3945 
7561 2894 2879 4067 
7562 1332 3966 4759 
7563 1015 1441 4176 
7564 2348 624 4004 
7565 2579 1504 3925 
7566 3464 480 4616 
7567 2852 2844 3990 
7568 2838 2845 3966 
7569 2043 1829 4033 
7570 2846 2840 3966 
7571 364 363 365 
7572 3194 792 4672 
7573 470 402 4250 
7574 2245 2752 3945 
7575 1669 1940 4288 
7576 1615 1613 3991 
7577 3083 2274 4118 
7578 2371 2912 3964 
7579 3741 3720 4057 
7580 357 360 4001 
7581 362 361 363 
7582 3858 1488 4100 
7583 3109 3104 3984 
7584 354 1008 4024 
7585 2022 2567 4409 
7586 1163 1480 3972 
7587 651 1696 4226 
7588 818 823 4090 
7589 430 429 431 
7590 1464 2908 4644 
7591 3786 2073 4234 
7592 834 832 4005 
7593 1467 1506 3979 
7594 3539 3978 4330 
7595 2390 2284 3960 
7596 3893 558 3894 
7597 3720 3495 4057 
7598 428 7 429 
7599 1084 1113 4012 
7600 3106 3109 4083 
7601 4312 4488 4789 
7602 540 543 3935 
7603 634 643 4129 
7604 2335 2342 4040 
7605 1035 1033 4013 
7606 3930 2264 3931 
7607 1273 1581 3980 
7608 3867 1815 4105 
7609 82 83 4139 
7610 379 449 1501 
7611 3878 2363 4141 
7612 1448 1451 4031 
7613 2275 387 3937 
7614 336 3170 4246 
7615 1173 1171 4018 
7616 2478 2235 4122 
7617 3077 3653 4239 
7618 2033 1976 4006 
7619 771 714 3928 
7620 2842 2846 3990 
7621 4054 2250 4055 
7622 601 3518 4160 
7623 1177 1165 3972 
7624 3253 315 4654 
7625 4657 340 4751 
7626 3643 3814 4086 
7627 2573 4189 4324 
7628 2730 2731 4633 
7629 548 669 4071 
7630 3393 3395 4116 
7631 622 619 4007 
7632 756 768 4143 
7633 394 391 4025 
7634 2220 2751 4092 
7635 3422 328 4572 
7636 2431 4234 4337 
7637 288 309 3803 
7638 2369 1941 3982 
7639 1504 1135 3925 
7640 308 3788 3789 
7641 621 2348 4007 
7642 1479 1031 3974 
7643 1360 3637 4730 
7644 2279 2281 4149 
7645 672 607 3967 
7646 2671 3905 4668 
7647 1303 1075 3987 
7648 2076 2651 4084 
7649 3986 2481 4262 
7650 832 944 4005 
7651 885 881 4216 
7652 1879 1469 3979 
7653 506 3439 4438 
7654 4 9 4589 
7655 219 4 4589 
7656 1515 1450 3997 
7657 507 518 3977 
7658 3946 2490 4142 
7659 1354 305 4174 
7660 765 759 4115 
7661 3178 838 4400 
7662 3846 2220 4092 
7663 758 721 4525 
7664 2877 2894 4093 
7665 1357 3502 4130 
7666 1766 1768 4111 
7667 1305 3089 4634 
7668 1550 1682 4284 
7669 498 499 4062 
7670 1147 1017 4176 
7671 624 626 4004 
7672 3291 1693 4512 
7673 3555 3832 4193 
7674 543 1896 3935 
7675 1778 1567 3983 
7676 1202 1252 4147 
7677 554 585 4133 
7678 1390 3051 4622 
7679 270 2450 4047 
7680 1488 3686 4100 
7681 2598 4277 4382 
7682 1366 416 4295 
7683 1471 1879 3983 
7684 1871 1277 3992 
7685 1167 1177 3996 
7686 2904 2737 4539 
7687 355 357 4001 
7688 1354 3366 4368 
7689 1385 1155 4280 
7690 1976 1978 4006 
7691 3571 3575 4128 
7692 391 389 4025 
7693 444 3796 3797 
7694 3188 4609 4642 
7695 1252 3842 4147 
7696 3452 3454 4343 
7697 2637 3051 4547 
7698 3876 2903 4003 
7699 1440 1055 3963 
7700 2881 3916 4067 
7701 72 336 4157 
7702 2274 2272 4118 
7703 2101 4300 4524 
7704 2107 2109 4356 
7705 2079 3343 4434 
7706 1498 1169 3996 
7707 2495 3955 4144 
7708 552 554 4133 
7709 410 460 4333 
7710 2282 3918 3960 
7711 3349 2639 4547 
7712 990 992 4120 
7713 4165 3563 4289 
7714 3431 1426 4245 
7715 3536 3539 4102 
7716 4360 1352 4444 
7717 404 3908 4299 
7718 4350 3072 4795 
7719 1762 1916 3925 
7720 2952 2532 3924 
7721 3755 3535 4102 
7722 4552 3684 4721 
7723 2873 4029 4068 
7724 712 3910 3928 
7725 3679 1385 4116 
7726 532 535 3959 
7727 2702 4665 4732 
7728 1058 1063 3963 
7729 1212 1106 3951 
7730 1119 1436 4269 
7731 2767 4568 4746 
7732 389 2275 4025 
7733 2085 1783 4019 
7734 1369 1688 4042 
7735 2318 4170 4528 
7736 3957 1264 3958 
7737 3710 2209 4293 
7738 2434 2866 4761 
7739 1563 2320 4019 
7740 1815 1817 4105 
7741 2491 4155 4325 
7742 1686 1446 4031 
7743 3240 2193 4649 
7744 1456 3946 4142 
7745 2571 3669 4596 
7746 801 799 4016 
7747 550 552 4137 
7748 944 830 4036 
7749 3852 889 4044 
7750 2475 4225 4373 
7751 315 3255 4520 
7752 3083 4157 4197 
7753 1494 56 4136 
7754 2209 1925 4293 
7755 2401 3781 4167 
7756 1481 1084 4012 
7757 1033 1479 4013 
7758 2239 2237 4151 
7759 3470 3469 4154 
7760 499 1460 4062 
7761 3160 2294 4451 
7762 979 1118 4058 
7763 3911 564 4094 
7764 1517 1563 4019 
7765 1113 1355 4012 
7766 1171 1498 4018 
7767 2918 3789 4150 
7768 1522 1775 4273 
7769 535 2353 3959 
7770 432 434 4000 
7771 2618 2617 4678 
7772 4029 2875 4093 
7773 4167 1776 4298 
7774 2669 2668 4173 
7775 3535 3536 4102 
7776 525 608 4153 
7777 735 708 4152 
7778 3577 3474 4464 
7779 2461 2715 4279 
7780 1611 1609 4171 
7781 351 353 4015 
7782 2259 3856 4156 
7783 1838 355 4001 
7784 3397 3394 4414 
7785 245 573 4127 
7786 472 373 4049 
7787 1443 369 4077 
7788 3300 3298 4511 
7789 1682 1552 4327 
7790 353 1838 4015 
7791 3573 3570 4148 
7792 718 716 4135 
7793 1460 530 3959 
7794 1399 3496 4385 
7795 3955 1424 4144 
7796 3205 1748 4447 
7797 894 1857 4016 
7798 2211 3729 4161 
7799 1354 4174 4274 
7800 428 429 430 
7801 1244 3046 4755 
7802 1090 994 4207 
7803 1118 1117 4042 
7804 1613 2080 3991 
7805 1481 3712 4185 
7806 3716 2231 4106 
7807 1446 1448 4031 
7808 1707 2007 3975 
7809 3117 3100 4436 
7810 619 621 4007 
7811 1432 634 4129 
7812 702 700 4145 
7813 4188 3478 4701 
7814 3774 1907 4095 
7815 669 550 4137 
7816 2932 1616 4733 
7817 830 828 4036 
7818 2081 1805 4418 
7819 476 976 4367 
7820 920 883 4138 
7821 1068 964 4060 
7822 1783 1517 4019 
7823 3420 3419 4159 
7824 299 4098 4126 
7825 304 3994 4174 
7826 807 809 4044 
7827 615 613 4037 
7828 944 4574 4638 
7829 2672 2671 4467 
7830 526 512 4500 
7831 1502 622 4007 
7832 799 894 4016 
7833 523 3332 4221 
7834 2363 2565 4141 
7835 1161 525 4153 
7836 2819 2810 4256 
7837 2864 2665 4784 
7838 2923 3786 4234 
7839 1082 1193 3986 
7840 716 771 4135 
7841 1619 1615 3991 
7842 326 292 4200 
7843 3825 739 4385 
7844 3976 1173 4018 
7845 2378 2825 4326 
7846 613 1038 4037 
7847 828 1477 4036 
7848 4128 3539 4330 
7849 2521 2522 4139 
7850 3682 3681 4465 
7851 2916 2918 4150 
7852 2506 2117 4431 
7853 1632 3708 4336 
7854 106 315 4520 
7855 356 354 4024 
7856 1768 2187 4111 
7857 759 756 4143 
7858 745 1399 4385 
7859 2121 2318 4475 
7860 2464 2043 4033 
7861 767 702 4145 
7862 400 3904 4250 
7863 168 1328 4460 
7864 3101 3110 4319 
7865 2596 2375 4146 
7866 3064 1477 4575 
7867 1275 3980 3992 
7868 4147 2537 4394 
7869 1399 3749 4545 
7870 2250 2248 4124 
7871 2860 4338 4655 
7872 3404 1569 4420 
7873 2717 2716 4305 
7874 708 706 4152 
7875 2699 3877 4783 
7876 2342 3151 4040 
7877 3953 487 4074 
7878 3008 2956 4671 
7879 3057 3555 4193 
7880 1857 941 4058 
7881 1117 1369 4042 
7882 1394 408 4333 
7883 321 3763 4291 
7884 2276 2505 4205 
7885 2319 4100 4198 
7886 2575 2718 4648 
7887 510 1161 4425 
7888 2498 3431 4245 
7889 2361 3083 4197 
7890 371 1443 4049 
7891 3987 1035 4013 
7892 3706 3705 4446 
7893 3255 2123 4627 
7894 3496 1399 4545 
7895 3750 2211 4161 
7896 4193 1309 4282 
7897 2744 2033 4006 
7898 1444 3281 4369 
7899 996 1462 4207 
7900 633 631 4123 
7901 889 807 4044 
7902 941 979 4058 
7903 598 3859 4479 
7904 3042 3043 4203 
7905 491 494 4043 
7906 1215 1217 4181 
7907 33 34 4579 
7908 1867 2485 4407 
7909 1123 1068 4060 
7910 2241 2267 4155 
7911 704 767 4163 
7912 3254 3253 4641 
7913 2422 1968 4300 
7914 2921 2920 4264 
7915 1008 352 4251 
7916 4039 1810 4131 
7917 4203 2796 4362 
7918 473 500 4027 
7919 570 1425 4285 
7920 1099 1004 4185 
7921 3442 1822 4236 
7922 83 84 4175 
7923 1559 1558 4416 
7924 2322 1794 4429 
7925 3832 3432 4193 
7926 1010 351 4015 
7927 1042 1044 4066 
7928 116 339 4548 
7929 305 304 4174 
7930 738 720 4218 
7931 1583 3899 4155 
7932 2545 2644 4184 
7933 1044 1211 4066 
7934 3769 3233 4528 
7935 2154 3658 4484 
7936 2416 1093 4209 
7937 2759 2758 4272 
7938 291 1856 4200 
7939 2859 2860 4108 
7940 1459 2496 4156 
7941 3296 3299 4168 
7942 3692 4450 4522 
7943 2436 2021 4384 
7944 3369 1705 4204 
7945 3790 443 4134 
7946 3210 1394 4333 
7947 3131 3496 4545 
7948 4019 2320 4214 
7949 3638 2703 4492 
7950 2217 3565 4160 
7951 3049 2777 4514 
7952 2890 2888 4178 
7953 4182 2789 4543 
7954 1019 1147 4261 
7955 3259 809 4752 
7956 109 1830 4665 
7957 706 704 4163 
7958 3989 2415 4228 
7959 3498 3499 4501 
7960 2602 2386 4265 
7961 3765 1681 4397 
7962 1684 1042 4066 
7963 1967 1764 4162 
7964 2487 3162 4292 
7965 3260 3257 4290 
7966 2119 2122 4431 
7967 1006 1481 4185 
7968 1627 4312 4789 
7969 4507 1921 4606 
7970 3756 3692 4522 
7971 4155 2267 4325 
7972 3141 3140 4392 
7973 4222 3697 4643 
7974 487 485 4074 
7975 3170 1557 4427 
7976 373 371 4049 
7977 583 568 4285 
7978 964 1502 4060 
7979 2822 761 4709 
7980 2123 2111 4523 
7981 3669 3668 4596 
7982 3812 433 4395 
7983 3899 2241 4155 
7984 2391 3665 4166 
7985 3645 1360 4669 
7986 3516 3515 4586 
7987 1972 2107 4641 
7988 768 753 4267 
7989 367 447 4077 
7990 3677 4495 4708 
7991 2910 2278 4205 
7992 1726 1970 4418 
7993 1764 1766 4162 
7994 4115 759 4143 
7995 2633 3194 4672 
7996 2590 3050 4741 
7997 700 4091 4145 
7998 2660 2659 4640 
7999 261 321 4291 
8000 2416 4209 4303 
8001 1439 1202 4147 
8002 2085 4019 4214 
8003 1862 3265 4502 
8004 1388 262 4291 
8005 3089 1305 4736 
8006 509 498 4062 
8007 961 3607 4565 
8008 292 291 4200 
8009 1591 1456 4142 
8010 1193 2481 3986 
8011 1390 590 4463 
8012 3051 2635 4672 
8013 4226 3667 4318 
8014 3389 3390 4190 
8015 2300 3874 4081 
8016 2970 2971 4202 
8017 3088 3086 4775 
8018 2486 3723 4446 
8019 1424 1697 4144 
8020 966 3704 4465 
8021 2301 3915 4287 
8022 1907 4075 4095 
8023 1348 3440 4685 
8024 4382 323 4386 
8025 1849 1852 4096 
8026 792 3194 4726 
8027 3253 2090 4641 
8028 3441 1047 4750 
8029 2871 4068 4199 
8030 485 1071 4074 
8031 2468 2467 4131 
8032 4074 1071 4119 
8033 1463 1021 4261 
8034 447 365 4121 
8035 2713 2711 4253 
8036 3333 605 4230 
8037 746 751 4310 
8038 2664 2865 4454 
8039 1696 3750 4161 
8040 3556 1928 4571 
8041 2419 1865 4407 
8042 552 4133 4137 
8043 4256 2811 4422 
8044 4122 2399 4215 
8045 3604 1400 4472 
8046 369 367 4077 
8047 1320 3357 4435 
8048 1400 407 4472 
8049 2631 2463 4279 
8050 3969 3398 4389 
8051 2476 3026 4432 
8052 2440 3944 4251 
8053 2956 3215 4271 
8054 3629 3260 4290 
8055 4385 3496 4405 
8056 3092 3761 4358 
8057 3301 3302 4177 
8058 4014 2250 4124 
8059 2405 2406 4186 
8060 911 917 4498 
8061 3813 1678 4406 
8062 3579 693 4346 
8063 817 884 4201 
8064 1462 998 4259 
8065 359 379 4051 
8066 4277 220 4382 
8067 2347 1820 4170 
8068 2261 2259 4156 
8069 2653 2066 4510 
8070 796 2942 4782 
8071 315 107 4654 
8072 350 2440 4251 
8073 2483 3975 4189 
8074 4540 2726 4631 
8075 2115 2506 4503 
8076 1002 1099 4270 
8077 2740 3661 4744 
8078 2472 2721 4309 
8079 1063 1849 4096 
8080 2958 2957 4496 
8081 57 1 4621 
8082 2271 2273 4211 
8083 1 58 4621 
8084 1877 2444 4417 
8085 2928 1206 4591 
8086 3346 2451 4688 
8087 2105 1626 4107 
8088 2202 3625 4486 
8089 1017 1015 4176 
8090 2610 2614 4504 
8091 1329 114 4768 
8092 453 445 4180 
8093 3661 3192 4744 
8094 328 20 4212 
8095 1830 3367 4732 
8096 1825 1823 4165 
8097 2399 2236 4376 
8098 1296 1301 4235 
8099 126 2 4611 
8100 3 151 4612 
8101 1912 2571 4541 
8102 1562 3764 4395 
8103 1569 1153 4420 
8104 2491 1583 4155 
8105 3086 4553 4775 
8106 3771 1419 4215 
8107 3685 3501 4167 
8108 4309 343 4687 
8109 3688 1575 4389 
8110 1400 3604 4554 
8111 466 462 4179 
8112 2359 2358 4187 
8113 4310 751 4795 
8114 2093 2094 4540 
8115 306 1354 4368 
8116 1928 1929 4571 
8117 891 841 4437 
8118 3683 3352 4580 
8119 1437 3697 4222 
8120 1151 1709 4420 
8121 792 663 4622 
8122 2683 1596 4213 
8123 461 465 4099 
8124 423 1368 4598 
8125 3100 3101 4319 
8126 2304 2302 4220 
8127 323 307 4368 
8128 361 359 4051 
8129 3183 4544 4624 
8130 4519 973 4602 
8131 2144 2146 4390 
8132 1004 1006 4185 
8133 2388 3699 4409 
8134 3181 3441 4750 
8135 79 80 4206 
8136 191 4630 4687 
8137 3669 2571 4660 
8138 3432 1309 4193 
8139 1431 724 4372 
8140 2470 2468 4182 
8141 3744 3743 4336 
8142 2860 2314 4338 
8143 2775 2225 4194 
8144 2023 2436 4452 
8145 1177 3972 4140 
8146 664 659 4800 
8147 2528 3809 4600 
8148 2503 3771 4215 
8149 1766 4111 4162 
8150 2609 2954 4479 
8151 3496 2458 4405 
8152 1624 1994 4107 
8153 2782 4408 4581 
8154 4476 3146 4763 
8155 2909 2897 4787 
8156 4032 3363 4232 
8157 1362 3682 4596 
8158 4058 1118 4081 
8159 2820 2561 4607 
8160 2467 4039 4131 
8161 2 127 4611 
8162 150 3 4612 
8163 2997 2067 4585 
8164 3447 4009 4461 
8165 1395 3717 4653 
8166 2193 3240 4734 
8167 2381 2400 4457 
8168 3604 3583 4554 
8169 465 4027 4099 
8170 4081 1118 4275 
8171 1203 1027 4322 
8172 2673 2329 4639 
8173 4100 3686 4198 
8174 1342 3181 4750 
8175 1936 1215 4181 
8176 3201 3206 4306 
8177 3952 3692 4786 
8178 3709 3572 4536 
8179 2396 2361 4197 
8180 601 4160 4301 
8181 3089 2607 4634 
8182 4452 3118 4797 
8183 896 4123 4169 
8184 2080 1611 4171 
8185 2288 3646 4493 
8186 4152 706 4163 
8187 3509 2443 4459 
8188 2415 2413 4228 
8189 2278 2276 4205 
8190 1023 1463 4321 
8191 3507 3805 4188 
8192 2357 3045 4238 
8193 453 4180 4217 
8194 2095 4631 4632 
8195 3788 1397 4125 
8196 3224 668 4260 
8197 1649 1651 4517 
8198 1626 1624 4107 
8199 1358 4486 4573 
8200 2523 2521 4175 
8201 2468 4131 4182 
8202 2686 2258 4480 
8203 479 3811 4636 
8204 4485 3035 4766 
8205 3665 2359 4328 
8206 238 237 4243 
8207 1804 1806 4196 
8208 377 375 4247 
8209 2627 3706 4724 
8210 449 451 4113 
8211 3236 2858 4254 
8212 1353 3356 4562 
8213 2905 2904 4539 
8214 3804 1423 4173 
8215 994 996 4207 
8216 2493 2494 4693 
8217 513 523 4221 
8218 2372 2370 4242 
8219 3520 601 4301 
8220 1580 3550 4509 
8221 3153 2786 4515 
8222 4495 3600 4708 
8223 1235 1247 4345 
8224 2684 2085 4214 
8225 3864 2548 4628 
8226 2919 4480 4733 
8227 4302 2546 4490 
8228 2614 2615 4248 
8229 1537 3802 4805 
8230 2721 2723 4779 
8231 4229 3227 4747 
8232 1896 2769 4296 
8233 881 1109 4216 
8234 2870 2871 4199 
8235 3447 4461 4478 
8236 2411 361 4051 
8237 1940 3752 4494 
8238 2827 2201 4556 
8239 3963 1063 4096 
8240 3709 4536 4594 
8241 4068 1349 4199 
8242 722 738 4372 
8243 720 718 4218 
8244 437 439 4233 
8245 1996 2388 4231 
8246 1071 483 4268 
8247 2851 2833 4283 
8248 455 453 4217 
8249 2573 4324 4388 
8250 405 470 4472 
8251 2485 1910 4541 
8252 2479 2480 4169 
8253 2521 4139 4175 
8254 3183 2816 4666 
8255 2750 3013 4337 
8256 3226 3224 4439 
8257 653 651 4226 
8258 2711 2709 4253 
8259 2515 4017 4455 
8260 693 690 4346 
8261 2944 3567 4232 
8262 965 3751 4316 
8263 2200 2214 4556 
8264 645 4305 4679 
8265 479 4636 4722 
8266 4074 4119 4335 
8267 879 877 4717 
8268 586 3822 4463 
8269 3686 1593 4198 
8270 4253 1593 4273 
8271 1350 4760 4792 
8272 1439 4147 4394 
8273 4042 2437 4275 
8274 2527 2383 4274 
8275 2723 2722 4581 
8276 365 363 4121 
8277 2007 2488 4189 
8278 1831 3810 4415 
8279 926 461 4099 
8280 3961 676 4737 
8281 838 836 4400 
8282 346 3196 4287 
8283 3197 3198 4365 
8284 1951 2079 4434 
8285 1040 1684 4313 
8286 4029 3041 4068 
8287 4224 2420 4723 
8288 463 421 4598 
8289 2073 2750 4234 
8290 2551 2553 4258 
8291 718 4135 4218 
8292 606 1390 4622 
8293 3653 3079 4227 
8294 1133 1444 4369 
8295 947 803 4353 
8296 1774 1260 4580 
8297 2625 2624 4777 
8298 4018 4720 4804 
8299 363 2411 4121 
8300 37 38 4241 
8301 3015 2416 4303 
8302 1506 2953 4592 
8303 1256 1258 4263 
8304 3965 2324 4758 
8305 3789 3788 4125 
8306 451 926 4113 
8307 1350 3371 4760 
8308 2620 2690 4678 
8309 4144 1987 4229 
8310 4134 2685 4743 
8311 2525 4651 4682 
8312 3994 2527 4174 
8313 4500 2744 4698 
8314 4689 2723 4716 
8315 2429 2380 4219 
8316 1665 1667 4240 
8317 379 1501 4051 
8318 3803 309 4191 
8319 1342 1051 4468 
8320 642 896 4793 
8321 2543 4223 4276 
8322 4160 3565 4301 
8323 4190 1385 4280 
8324 2571 1947 4660 
8325 1821 1114 4278 
8326 791 792 4726 
8327 2441 2997 4459 
8328 4002 1831 4415 
8329 2535 2533 4729 
8330 3465 3336 4371 
8331 920 3687 4329 
8332 3429 3610 4704 
8333 3988 404 4299 
8334 3078 3077 4239 
8335 1627 1297 4312 
8336 440 437 4233 
8337 431 1562 4395 
8338 2377 3283 4294 
8339 3738 1371 4555 
8340 2015 4142 4225 
8341 3268 4573 4601 
8342 2294 2292 4451 
8343 4669 1360 4730 
8344 1388 4291 4491 
8345 4157 336 4197 
8346 3516 2568 4797 
8347 4415 2374 4542 
8348 2494 3931 4693 
8349 2360 2362 4281 
8350 4070 1237 4345 
8351 2065 2558 4761 
8352 2648 2774 4352 
8353 3443 4236 4458 
8354 3815 2041 4219 
8355 3975 2007 4189 
8356 3407 3408 4538 
8357 1547 1554 4626 
8358 221 220 4277 
8359 3626 3711 4771 
8360 4009 1321 4461 
8361 686 974 4424 
8362 3799 4722 4781 
8363 3290 3289 4413 
8364 1320 1300 4403 
8365 4013 1479 4184 
8366 4232 1950 4497 
8367 1298 1296 4235 
8368 645 32 4305 
8369 4591 1206 4714 
8370 2496 2495 4229 
8371 3269 3270 4307 
8372 4340 2421 4350 
8373 2490 2491 4225 
8374 2290 2288 4493 
8375 1309 94 4282 
8376 3692 3756 4786 
8377 4108 2860 4164 
8378 4088 1324 4457 
8379 3909 920 4329 
8380 4016 3875 4353 
8381 4184 1479 4223 
8382 930 513 4221 
8383 2320 3841 4214 
8384 3792 310 4210 
8385 2458 4340 4405 
8386 402 400 4250 
8387 2364 2366 4297 
8388 262 261 4291 
8389 2795 2905 4362 
8390 4533 3169 4657 
8391 3567 4032 4232 
8392 2408 2409 4266 
8393 923 364 4623 
8394 2564 2050 4410 
8395 1993 1512 4516 
8396 4124 1673 4252 
8397 2221 2002 4807 
8398 2754 3468 4803 
8399 1501 449 4113 
8400 253 1353 4562 
8401 2438 2740 4361 
8402 4269 2864 4784 
8403 1155 1569 4280 
8404 1305 1122 4736 
8405 2413 2564 4228 
8406 4535 3338 4690 
8407 1440 3864 4468 
8408 3140 4014 4252 
8409 4282 95 4308 
8410 4174 2527 4274 
8411 3844 3355 4195 
8412 875 965 4664 
8413 2400 4088 4457 
8414 2463 2461 4279 
8415 637 648 4595 
8416 4498 917 4536 
8417 3462 3461 4323 
8418 3785 3733 4731 
8419 4037 1038 4313 
8420 3967 2202 4486 
8421 3265 1623 4680 
8422 2714 2713 4719 
8423 3520 4301 4398 
8424 1372 1119 4269 
8425 1318 1320 4435 
8426 2552 3988 4299 
8427 4240 1667 4288 
8428 2398 2396 4246 
8429 3573 4437 4498 
8430 472 4049 4183 
8431 1548 1550 4284 
8432 2907 4518 4735 
8433 4148 891 4437 
8434 4289 3621 4360 
8435 1358 3967 4486 
8436 2428 4386 4695 
8437 2078 2600 4742 
8438 466 4179 4421 
8439 753 749 4267 
8440 3202 3205 4447 
8441 3563 939 4289 
8442 1021 1019 4261 
8443 2484 2687 4401 
8444 1480 1141 4441 
8445 998 1000 4259 
8446 3703 1365 4314 
8447 2267 4089 4208 
8448 648 661 4557 
8449 3953 4074 4335 
8450 2396 4197 4246 
8451 3971 3844 4195 
8452 375 472 4247 
8453 1813 1572 4435 
8454 2600 2599 4387 
8455 1302 1789 4351 
8456 2723 4581 4716 
8457 1593 1522 4273 
8458 3047 2938 4739 
8459 568 570 4285 
8460 3129 4545 4637 
8461 483 440 4268 
8462 4123 2479 4169 
8463 4417 3417 4478 
8464 2581 2802 4684 
8465 4255 3300 4511 
8466 3672 2159 4458 
8467 1000 1002 4270 
8468 3745 3935 4296 
8469 4391 3108 4584 
8470 320 255 4696 
8471 3316 3143 4348 
8472 2966 3684 4249 
8473 3829 2349 4230 
8474 2400 2401 4298 
8475 679 1580 4509 
8476 4001 3715 4466 
8477 2597 2596 4681 
8478 1813 3684 4552 
8479 1667 1669 4288 
8480 1137 1160 4635 
8481 1820 3769 4528 
8482 3230 3231 4311 
8483 2624 2815 4777 
8484 2331 2451 4639 
8485 801 4016 4353 
8486 3565 2387 4301 
8487 2545 4184 4223 
8488 4338 3546 4655 
8489 1479 3974 4223 
8490 2159 2160 4710 
8491 2949 2650 4618 
8492 1925 2394 4293 
8493 444 3797 4272 
8494 4518 1789 4735 
8495 10 1495 4304 
8496 3155 2429 4433 
8497 322 3772 4485 
8498 2706 2827 4341 
8499 1053 1440 4468 
8500 1894 2256 4422 
8501 4631 3370 4632 
8502 416 418 4295 
8503 2401 4167 4298 
8504 4287 3915 4738 
8505 2554 2551 4258 
8506 3255 3254 4356 
8507 352 350 4251 
8508 4105 2347 4316 
8509 4380 2822 4709 
8510 1444 3971 4195 
8511 1850 4262 4374 
8512 4191 2518 4192 
8513 2733 2754 4803 
8514 2495 4144 4229 
8515 2251 3881 4222 
8516 1146 4000 4239 
8517 3440 4231 4685 
8518 1673 3869 4252 
8519 1793 4290 4429 
8520 14 15 4315 
8521 2715 2460 4482 
8522 1848 3176 4262 
8523 2386 2629 4265 
8524 2865 4204 4454 
8525 192 981 4630 
8526 1314 3237 4796 
8527 2837 4140 4237 
8528 4577 1836 4706 
8529 2681 2546 4302 
8530 974 684 4509 
8531 2724 3778 4766 
8532 3774 4095 4364 
8533 4203 3043 4599 
8534 681 640 4629 
8535 3162 3163 4292 
8536 4364 3371 4563 
8537 2725 2438 4361 
8538 3793 1398 4257 
8539 1477 826 4575 
8540 3982 3291 4512 
8541 4142 2490 4225 
8542 2815 2658 4702 
8543 1793 3629 4290 
8544 3056 3057 4308 
8545 3881 1437 4222 
8546 2652 4107 4355 
8547 2816 2739 4666 
8548 3935 1896 4296 
8549 1419 4122 4215 
8550 3647 1836 4577 
8551 2318 4311 4475 
8552 1351 1350 4792 
8553 1994 1621 4474 
8554 2565 2566 4317 
8555 2929 2928 4591 
8556 3071 4310 4795 
8557 3049 1009 4723 
8558 3383 3385 4339 
8559 2191 2193 4734 
8560 3372 2966 4391 
8561 1426 3886 4245 
8562 1554 4284 4534 
8563 4373 3252 4526 
8564 4014 4124 4252 
8565 3088 4132 4402 
8566 2465 2728 4380 
8567 3787 4445 4564 
8568 1337 3190 4361 
8569 2569 3036 4574 
8570 3457 3087 4402 
8571 956 1073 4378 
8572 1915 2405 4544 
8573 3667 2510 4318 
8574 4017 3133 4455 
8575 3799 479 4722 
8576 749 746 4310 
8577 458 3853 4579 
8578 2897 2892 4342 
8579 3661 2768 4643 
8580 676 3020 4737 
8581 4096 2412 4331 
8582 2051 2052 4513 
8583 3691 4037 4313 
8584 1811 2251 4746 
8585 3143 3141 4348 
8586 1552 1729 4327 
8587 2389 2914 4332 
8588 2535 3008 4671 
8589 2595 3929 4260 
8590 3046 2379 4755 
8591 3798 444 4272 
8592 7 3803 4745 
8593 4259 1000 4270 
8594 1647 1649 4483 
8595 2592 3275 4712 
8596 4651 3375 4682 
8597 1686 3673 4383 
8598 3085 4245 4553 
8599 3072 3071 4795 
8600 1968 2426 4300 
8601 2559 2868 4507 
8602 2676 2470 4764 
8603 3719 2597 4785 
8604 4539 2737 4713 
8605 2382 4754 4778 
8606 2041 2512 4433 
8607 4293 2394 4334 
8608 3374 4530 4705 
8609 4574 3036 4638 
8610 2654 4582 4651 
8611 344 3489 4542 
8612 3573 4148 4437 
8613 3110 4235 4319 
8614 596 598 4531 
8615 1812 1813 4552 
8616 347 3192 4381 
8617 2512 2040 4567 
8618 2481 2482 4374 
8619 4267 749 4310 
8620 3841 2471 4537 
8621 3619 3452 4343 
8622 1527 3930 4404 
8623 4139 83 4175 
8624 2787 4027 4425 
8625 2446 2229 4349 
8626 3277 2850 4720 
8627 3100 4319 4436 
8628 4045 1994 4474 
8629 4166 3665 4555 
8630 4301 2387 4398 
8631 2428 2598 4386 
8632 2394 3584 4334 
8633 447 4604 4670 
8634 1049 1342 4750 
8635 440 4233 4268 
8636 3845 656 4318 
8637 2489 4329 4359 
8638 1464 1246 4703 
8639 3761 3753 4358 
8640 1371 4166 4555 
8641 822 947 4575 
8642 3810 2374 4415 
8643 3812 4395 4662 
8644 2605 4430 4473 
8645 3787 1854 4445 
8646 1025 1023 4321 
8647 1027 1025 4322 
8648 3972 1480 4237 
8649 3619 4494 4529 
8650 2760 2472 4309 
8651 4720 2850 4804 
8652 1942 3987 4244 
8653 2553 2552 4299 
8654 2480 2378 4326 
8655 2594 3010 4769 
8656 579 577 4396 
8657 3582 3581 4375 
8658 4027 500 4425 
8659 2369 3982 4512 
8660 3974 1203 4276 
8661 3035 2724 4766 
8662 2072 3585 4352 
8663 3932 2497 4505 
8664 4313 1684 4450 
8665 3889 1432 4338 
8666 1909 2434 4363 
8667 1038 1040 4313 
8668 2156 4663 4699 
8669 3571 4128 4330 
8670 472 4183 4496 
8671 4380 2728 4802 
8672 3480 3520 4398 
8673 3726 2628 4344 
8674 2790 3426 4440 
8675 408 410 4333 
8676 3751 4105 4316 
8677 3549 3396 4354 
8678 1118 4042 4275 
8679 1705 1224 4559 
8680 3207 4381 4772 
8681 3933 2908 4703 
8682 690 688 4346 
8683 2382 2697 4754 
8684 2574 2573 4388 
8685 3175 2612 4676 
8686 4425 1161 4515 
8687 4306 1340 4753 
8688 4610 2684 4615 
8689 3352 3683 4799 
8690 429 7 4745 
8691 1237 1235 4345 
8692 3789 2918 4683 
8693 1243 3933 4703 
8694 4197 336 4246 
8695 1589 3284 4423 
8696 2921 3797 4653 
8697 2812 2907 4551 
8698 517 3823 4388 
8699 307 306 4368 
8700 2555 3068 4675 
8701 3853 2717 4579 
8702 1678 4258 4406 
8703 1756 3205 4659 
8704 2597 4038 4785 
8705 2569 4574 4576 
8706 675 3932 4505 
8707 4189 2488 4324 
8708 1321 4266 4461 
8709 3987 4013 4244 
8710 3614 3286 4471 
8711 2322 4429 4530 
8712 3743 1632 4336 
8713 4033 1899 4561 
8714 1796 3333 4487 
8715 22 23 4366 
8716 2109 2123 4356 
8717 2020 2489 4359 
8718 1966 3683 4580 
8719 1206 3018 4714 
8720 1473 4369 4408 
8721 24 25 4370 
8722 2986 2621 4445 
8723 3677 4025 4495 
8724 4319 1301 4436 
8725 2654 2656 4582 
8726 4140 3972 4237 
8727 2675 3745 4296 
8728 1942 4244 4419 
8729 2587 3638 4492 
8730 4130 2597 4681 
8731 2488 3065 4324 
8732 4427 1557 4533 
8733 4474 3991 4674 
8734 3103 3105 4412 
8735 2253 3870 4393 
8736 4146 2539 4619 
8737 3939 2457 4323 
8738 896 4332 4793 
8739 3734 2081 4549 
8740 1224 3513 4658 
8741 2604 2477 4573 
8742 220 5 4382 
8743 1709 3819 4603 
8744 1025 4321 4322 
8745 724 722 4372 
8746 345 4476 4550 
8747 2423 2694 4399 
8748 3708 2382 4778 
8749 584 247 4357 
8750 3267 2505 4798 
8751 2489 3909 4329 
8752 4183 2958 4496 
8753 4234 2750 4337 
8754 3931 2950 4693 
8755 3219 2556 4715 
8756 2451 4040 4320 
8757 3815 4219 4286 
8758 1298 4235 4403 
8759 3360 3564 4627 
8760 4244 2644 4419 
8761 4349 2399 4376 
8762 3814 3813 4406 
8763 2359 4187 4254 
8764 4343 1940 4494 
8765 3917 4741 4748 
8766 2502 2053 4712 
8767 2314 3889 4338 
8768 3354 1796 4700 
8769 3426 2534 4440 
8770 803 801 4353 
8771 2020 4359 4384 
8772 2459 2765 4456 
8773 4370 1336 4656 
8774 2387 3664 4398 
8775 1619 3991 4474 
8776 3025 2569 4576 
8777 3882 1791 4340 
8778 4491 2981 4646 
8779 311 3358 4448 
8780 2814 4393 4394 
8781 2475 4373 4526 
8782 2444 3774 4364 
8783 1261 3135 4640 
8784 2541 3037 4453 
8785 3820 2392 4360 
8786 4235 1301 4319 
8787 2474 3264 4426 
8788 2021 2020 4384 
8789 3464 4376 4558 
8790 751 3882 4350 
8791 739 745 4385 
8792 3610 3709 4594 
8793 1473 1133 4369 
8794 2796 2795 4362 
8795 3394 3549 4414 
8796 4013 4184 4244 
8797 2908 2524 4644 
8798 2398 4246 4427 
8799 1958 1559 4416 
8800 501 476 4367 
8801 3978 891 4330 
8802 3489 4415 4542 
8803 4219 2380 4286 
8804 2474 4426 4443 
8805 3656 2445 4616 
8806 2966 4249 4391 
8807 3906 2501 4585 
8808 1440 3963 4331 
8809 1313 3154 4469 
8810 3937 1686 4383 
8811 4454 1705 4559 
8812 2797 2796 4599 
8813 3140 4252 4392 
8814 965 4294 4664 
8815 2437 1975 4588 
8816 3172 343 4779 
8817 4340 1791 4405 
8818 2445 2446 4616 
8819 345 3145 4476 
8820 4246 3170 4427 
8821 1691 4065 4341 
8822 4006 2755 4698 
8823 1166 1168 4442 
8824 4223 3974 4276 
8825 4026 3614 4471 
8826 3275 345 4550 
8827 4520 3255 4627 
8828 4230 2349 4487 
8829 3366 2588 4449 
8830 3690 3691 4450 
8831 1854 3953 4335 
8832 3320 4077 4670 
8833 3699 2022 4409 
8834 3480 4398 4499 
8835 3389 4190 4280 
8836 2558 4363 4761 
8837 3087 3088 4402 
8838 3982 1942 4419 
8839 2456 3568 4489 
8840 3226 4439 4605 
8841 944 4036 4574 
8842 3863 1506 4592 
8843 4333 460 4613 
8844 4066 3756 4522 
8845 2117 2119 4431 
8846 474 466 4421 
8847 1153 1151 4420 
8848 2589 2475 4526 
8849 3180 1304 4650 
8850 2359 4254 4328 
8851 3418 3447 4478 
8852 1865 1867 4407 
8853 3268 1358 4573 
8854 2409 1877 4417 
8855 4569 2706 4691 
8856 4347 2353 4430 
8857 308 3789 4683 
8858 1937 3903 4365 
8859 4291 3763 4491 
8860 2267 4208 4325 
8861 2052 2099 4473 
8862 4243 960 4802 
8863 4494 2435 4529 
8864 3797 3796 4653 
8865 2146 2156 4390 
8866 3963 4096 4331 
8867 3878 4141 4625 
8868 2265 3854 4773 
8869 433 431 4395 
8870 2574 4388 4608 
8871 4262 2481 4374 
8872 2524 2953 4644 
8873 1805 1726 4418 
8874 4283 1480 4441 
8875 2772 2773 4740 
8876 3285 1095 4661 
8877 1111 3480 4499 
8878 836 1457 4400 
8879 2603 3259 4752 
8880 4689 3172 4779 
8881 4445 2621 4564 
8882 3188 331 4609 
8883 1300 1298 4403 
8884 4346 688 4424 
8885 3717 3784 4683 
8886 688 686 4424 
8887 2652 4591 4714 
8888 3809 2508 4609 
8889 2494 2492 4477 
8890 4604 4121 4607 
8891 2644 2645 4419 
8892 2703 2474 4443 
8893 4663 3123 4699 
8894 2713 4253 4273 
8895 1681 4086 4397 
8896 3299 3300 4788 
8897 4706 3883 4774 
8898 3705 2486 4446 
8899 1575 3969 4389 
8900 2507 3923 4411 
8901 3477 3478 4565 
8902 1958 4416 4568 
8903 2602 3218 4649 
8904 310 4047 4618 
8905 342 3123 4593 
8906 4255 2714 4719 
8907 3869 1700 4392 
8908 3524 4569 4691 
8909 3752 2435 4494 
8910 2443 2441 4459 
8911 4241 346 4738 
8912 3386 3382 4470 
8913 2956 1627 4789 
8914 4043 2270 4490 
8915 1791 3825 4405 
8916 4364 4095 4760 
8917 3933 1244 4755 
8918 1345 3509 4459 
8919 346 4287 4738 
8920 4254 2858 4328 
8921 3205 3204 4659 
8922 2482 2484 4401 
8923 4040 3151 4320 
8924 1700 1647 4483 
8925 3681 966 4465 
8926 167 168 4460 
8927 4604 2745 4670 
8928 3860 2725 4679 
8929 4327 1729 4785 
8930 1592 3688 4801 
8931 4252 3869 4392 
8932 3474 3493 4464 
8933 2945 2944 4497 
8934 1794 1793 4429 
8935 4235 3110 4403 
8936 2778 3630 4619 
8937 4121 2411 4607 
8938 4398 3664 4499 
8939 3184 3183 4624 
8940 2542 2398 4427 
8941 841 888 4437 
8942 2918 3717 4683 
8943 501 4367 4500 
8944 4225 2491 4373 
8945 4502 3265 4680 
8946 3790 4134 4743 
8947 3870 1439 4393 
8948 4107 1994 4355 
8949 3482 1311 4617 
8950 1111 4499 4569 
8951 1460 3959 4347 
8952 3057 4282 4308 
8953 4395 3764 4662 
8954 3298 3422 4511 
8955 2453 4444 4519 
8956 3546 3545 4655 
8957 3333 4230 4487 
8958 2491 4325 4373 
8959 3980 3055 4532 
8960 3129 3131 4545 
8961 4568 2591 4746 
8962 1261 4640 4647 
8963 3882 4340 4350 
8964 3476 3477 4462 
8965 2747 3863 4592 
8966 1836 3883 4706 
8967 2663 2664 4454 
8968 3010 680 4769 
8969 1304 3188 4642 
8970 2050 2049 4410 
8971 331 4600 4609 
8972 2353 2674 4430 
8973 4566 2221 4807 
8974 2608 2610 4504 
8975 2275 3937 4383 
8976 1572 1318 4435 
8977 3992 3980 4532 
8978 4559 1224 4658 
8979 2685 4125 4743 
8980 3691 4313 4450 
8981 2392 4289 4360 
8982 2712 2714 4572 
8983 1322 3219 4715 
8984 3163 4238 4466 
8985 3959 2353 4347 
8986 4666 2739 4694 
8987 4184 2644 4244 
8988 4204 1705 4454 
8989 3749 773 4637 
8990 1789 2922 4735 
8991 2568 2023 4452 
8992 2122 2121 4475 
8993 2539 2778 4619 
8994 2265 1951 4434 
8995 2762 2154 4484 
8996 1141 1139 4441 
8997 1512 1774 4516 
8998 3478 3805 4565 
8999 4119 2986 4335 
9000 4219 2041 4433 
9001 4266 2409 4461 
9002 4393 1439 4394 
9003 500 510 4425 
9004 337 3180 4770 
9005 3940 1527 4404 
9006 2697 2381 4457 
9007 3610 4594 4704 
9008 3367 2582 4732 
9009 3489 4002 4415 
9010 2667 3640 4756 
9011 2453 3820 4444 
9012 338 3498 4501 
9013 9 4304 4589 
9014 2170 3035 4762 
9015 4208 3252 4325 
9016 1914 3217 4756 
9017 4260 3929 4439 
9018 1051 1053 4468 
9019 3252 758 4526 
9020 1373 3799 4781 
9021 590 586 4463 
9022 327 4146 4619 
9023 4125 1397 4743 
9024 3997 2265 4773 
9025 4437 888 4498 
9026 127 4064 4611 
9027 4065 150 4612 
9028 2113 2115 4503 
9029 2765 2603 4752 
9030 3357 3107 4506 
9031 1095 3268 4601 
9032 3117 4436 4577 
9033 407 405 4472 
9034 1008 4251 4538 
9035 2275 4383 4495 
9036 2525 2654 4651 
9037 191 192 4630 
9038 2578 2515 4455 
9039 4284 3508 4534 
9040 1748 3828 4447 
9041 2598 4382 4386 
9042 2584 3321 4774 
9043 3215 2956 4789 
9044 1712 2051 4606 
9045 4325 3252 4373 
9046 1554 4464 4626 
9047 4141 897 4625 
9048 2639 2637 4547 
9049 1685 3239 4583 
9050 105 106 4520 
9051 2292 2536 4451 
9052 1685 4583 4764 
9053 3820 4360 4444 
9054 2080 4171 4790 
9055 4388 3823 4608 
9056 2808 3215 4488 
9057 2731 2734 4633 
9058 3524 1111 4569 
9059 4020 3821 4656 
9060 2728 2730 4802 
9061 2204 4570 4725 
9062 4355 2929 4591 
9063 2608 4504 4634 
9064 1975 2523 4588 
9065 2113 4503 4523 
9066 3237 2536 4796 
9067 3345 3346 4688 
9068 2429 4219 4433 
9069 2204 2941 4570 
9070 2457 2456 4489 
9071 1336 4020 4656 
9072 4525 723 4560 
9073 1009 2821 4723 
9074 3929 2261 4439 
9075 2420 3049 4723 
9076 331 3220 4600 
9077 2936 2935 4514 
9078 2111 2113 4523 
9079 4443 1993 4516 
9080 2426 4061 4524 
9081 338 4501 4586 
9082 4258 2553 4406 
9083 2612 3859 4676 
9084 1248 3147 4645 
9085 34 458 4579 
9086 2583 3917 4748 
9087 888 911 4498 
9088 2095 2093 4631 
9089 2809 2808 4488 
9090 3036 2555 4638 
9091 1328 3619 4529 
9092 2435 2653 4529 
9093 2066 2866 4510 
9094 2258 2577 4480 
9095 4514 2777 4739 
9096 194 4590 4610 
9097 1651 1674 4517 
9098 2470 4182 4543 
9099 115 116 4548 
9100 2051 4513 4597 
9101 1372 4269 4784 
9102 3999 930 4428 
9103 3583 3588 4554 
9104 3460 3464 4558 
9105 4499 2705 4569 
9106 3664 2705 4499 
9107 721 723 4525 
9108 1080 3417 4563 
9109 3896 2660 4663 
9110 2226 3267 4667 
9111 3478 3577 4701 
9112 3224 4260 4439 
9113 2576 2943 4508 
9114 2965 2967 4721 
9115 1301 3950 4436 
9116 4536 917 4594 
9117 773 772 4782 
9118 3406 1685 4764 
9119 3020 1332 4759 
9120 2579 3925 4694 
9121 2757 2759 4502 
9122 4722 3591 4781 
9123 2268 4532 4697 
9124 2561 2745 4604 
9125 4231 2388 4685 
9126 2663 4454 4559 
9127 3437 497 4582 
9128 3117 4577 4706 
9129 4047 2949 4618 
9130 4635 1160 4727 
9131 3763 2977 4491 
9132 1250 3172 4689 
9133 684 679 4509 
9134 4335 2986 4445 
9135 460 3785 4731 
9136 3640 1914 4756 
9137 3711 4062 4771 
9138 1621 1619 4474 
9139 497 3375 4651 
9140 4582 497 4651 
9141 3572 3573 4536 
9142 4374 2482 4401 
9143 3739 3738 4555 
9144 1998 1958 4568 
9145 2460 2464 4482 
9146 2530 3426 4578 
9147 1989 2579 4798 
9148 1254 734 4677 
9149 1839 3965 4758 
9150 2536 2290 4493 
9151 512 501 4500 
9152 4449 2588 4695 
9153 3024 3023 4783 
9154 4136 57 4621 
9155 2236 4052 4558 
9156 3589 3591 4722 
9157 3003 3006 4806 
9158 2542 4427 4533 
9159 909 4564 4676 
9160 3805 961 4565 
9161 2162 3351 4799 
9162 194 195 4590 
9163 3409 3672 4458 
9164 3375 1322 4682 
9165 2349 2670 4487 
9166 897 4069 4625 
9167 3628 3403 4566 
9168 1929 2442 4571 
9169 723 725 4560 
9170 3668 1362 4596 
9171 1854 4335 4445 
9172 4760 2771 4792 
9173 2897 4342 4787 
9174 4245 3886 4553 
9175 2578 3276 4776 
9176 2094 2576 4540 
9177 4299 3908 4652 
9178 598 4456 4531 
9179 254 253 4562 
9180 842 4072 4684 
9181 2497 3871 4505 
9182 1910 1912 4541 
9183 4564 3175 4676 
9184 3515 338 4586 
9185 2576 4508 4540 
9186 3192 3191 4744 
9187 2786 2787 4515 
9188 2256 4256 4422 
9189 3801 2453 4519 
9190 3321 3099 4774 
9191 193 194 4610 
9192 1066 4708 4794 
9193 1498 3277 4720 
9194 2593 2369 4512 
9195 2674 2675 4513 
9196 4307 3270 4614 
9197 4060 1502 4614 
9198 2769 2559 4507 
9199 2548 2550 4628 
9200 4554 3588 4636 
9201 1838 4001 4466 
9202 3211 3210 4549 
9203 2705 2706 4569 
9204 2831 2851 4727 
9205 2930 4045 4674 
9206 4168 1592 4801 
9207 2718 3129 4637 
9208 2201 2200 4556 
9209 115 4548 4768 
9210 1796 4487 4700 
9211 2621 3175 4564 
9212 4708 3598 4794 
9213 2802 4557 4684 
9214 4439 2261 4605 
9215 1580 4043 4490 
9216 2504 3878 4625 
9217 4348 1700 4483 
9218 2471 2760 4537 
9219 2607 2608 4634 
9220 2203 2204 4725 
9221 772 796 4782 
9222 2544 2542 4533 
9223 3300 3773 4788 
9224 3600 3598 4708 
9225 2617 2620 4678 
9226 2787 4425 4515 
9227 3227 3226 4747 
9228 2688 4026 4471 
9229 2557 4602 4669 
9230 4294 3283 4664 
9231 3099 3117 4706 
9232 3702 2663 4559 
9233 2268 3992 4532 
9234 3276 1250 4776 
9235 3573 4498 4536 
9236 58 3483 4621 
9237 661 842 4557 
9238 2726 3370 4631 
9239 3598 3596 4794 
9240 2942 2575 4648 
9241 4311 3231 4475 
9242 4156 2496 4605 
9243 4064 2403 4611 
9244 2404 4065 4612 
9245 4741 1254 4748 
9246 2722 2782 4581 
9247 1260 1966 4580 
9248 4473 2674 4513 
9249 4429 3258 4530 
9250 447 4121 4604 
9251 2218 3516 4797 
9252 4069 2504 4625 
9253 4689 3635 4776 
9254 2635 2633 4672 
9255 4581 2563 4716 
9256 1460 4347 4771 
9257 4441 1139 4635 
9258 2850 2848 4749 
9259 4045 4474 4674 
9260 640 596 4531 
9261 981 4537 4630 
9262 3802 2173 4805 
9263 190 191 4687 
9264 4654 108 4665 
9265 1899 1812 4552 
9266 1916 1915 4544 
9267 3576 3812 4662 
9268 3630 327 4619 
9269 1584 1547 4626 
9270 107 108 4654 
9271 2090 1972 4641 
9272 3050 1254 4741 
9273 4636 3589 4722 
9274 909 3787 4564 
9275 421 423 4598 
9276 3397 4414 4767 
9277 108 109 4665 
9278 2403 126 4611 
9279 151 2404 4612 
9280 480 3656 4616 
9281 3371 4364 4760 
9282 2329 2331 4639 
9283 339 3262 4711 
9284 930 4221 4521 
9285 3627 1756 4659 
9286 2374 2593 4542 
9287 4470 1709 4603 
9288 2851 4441 4635 
9289 4025 2275 4495 
9290 2757 4502 4680 
9291 4168 3299 4780 
9292 917 3747 4594 
9293 3499 1348 4685 
9294 4347 3626 4771 
9295 2446 4349 4376 
9296 4251 3944 4538 
9297 663 606 4622 
9298 3493 3479 4757 
9299 670 637 4595 
9300 1425 4030 4787 
9301 2067 3906 4585 
9302 2848 4718 4749 
9303 3258 3887 4530 
9304 2052 4473 4513 
9305 4597 2769 4606 
9306 3588 3589 4636 
9307 3099 4706 4774 
9308 4052 3460 4558 
9309 2270 4302 4490 
9310 4005 4638 4675 
9311 3883 2584 4774 
9312 2557 3801 4602 
9313 925 664 4800 
9314 2040 2042 4567 
9315 2783 2574 4608 
9316 3819 2221 4603 
9317 3976 4018 4804 
9318 826 822 4575 
9319 4238 1838 4466 
9320 4605 2496 4747 
9321 1502 4307 4614 
9322 2588 2602 4695 
9323 2665 3429 4784 
9324 3871 2623 4587 
9325 809 681 4629 
9326 2404 3524 4691 
9327 2944 4232 4497 
9328 3370 1592 4780 
9329 4754 3288 4778 
9330 978 3288 4754 
9331 3297 4168 4801 
9332 254 4562 4696 
9333 3288 3290 4778 
9334 3866 2530 4578 
9335 2851 4283 4441 
9336 4005 944 4638 
9337 1250 4689 4776 
9338 114 115 4768 
9339 2623 2493 4693 
9340 2528 3628 4807 
9341 2324 4060 4614 
9342 2778 2779 4753 
9343 3479 4010 4757 
9344 4236 3409 4458 
9345 4550 2502 4712 
9346 3886 1429 4553 
9347 3944 3407 4538 
9348 2760 4309 4687 
9349 364 366 4623 
9350 1947 2246 4660 
9351 3209 3211 4765 
9352 4487 2670 4700 
9353 3619 4343 4494 
9354 3351 3352 4799 
9355 1109 879 4717 
9356 962 3611 4767 
9357 2443 3568 4791 
9358 1139 1137 4635 
9359 2442 2443 4791 
9360 4212 2712 4572 
9361 2477 2688 4601 
9362 4527 2464 4561 
9363 3697 2449 4643 
9364 4660 2246 4692 
9365 4406 2553 4652 
9366 2849 2853 4668 
9367 3702 4559 4658 
9368 877 875 4664 
9369 255 254 4696 
9370 4000 3554 4535 
9371 2614 4248 4645 
9372 3801 4519 4602 
9373 2160 2763 4710 
9374 1684 4066 4522 
9375 3814 4406 4652 
9376 1562 429 4745 
9377 4513 2675 4597 
9378 4296 2769 4597 
9379 2719 2583 4748 
9380 2246 3727 4692 
9381 2544 4533 4657 
9382 4117 2815 4702 
9383 3078 4239 4535 
9384 3725 1347 4707 
9385 3733 3734 4731 
9386 3773 2095 4788 
9387 2051 4597 4606 
9388 2558 3702 4658 
9389 1066 3677 4708 
9390 2628 2627 4724 
9391 4239 4000 4535 
9392 3791 2557 4669 
9393 3950 3647 4577 
9394 4484 2437 4588 
9395 3591 3592 4781 
9396 2563 3635 4716 
9397 2848 2849 4718 
9398 3823 2130 4608 
9399 3108 4083 4584 
9400 2849 4668 4718 
9401 823 791 4726 
9402 2582 2702 4732 
9403 3747 1372 4704 
9404 2771 2770 4792 
9405 4170 1820 4528 
9406 2228 2445 4728 
9407 1936 3952 4786 
9408 4553 1429 4775 
9409 2643 2544 4657 
9410 2714 4255 4511 
9411 4273 1775 4719 
9412 3683 2162 4799 
9413 3210 4333 4613 
9414 4450 1684 4522 
9415 3107 4249 4506 
9416 3483 4136 4621 
9417 2866 2065 4761 
9418 1729 3719 4785 
9419 1122 1124 4736 
9420 1047 1049 4750 
9421 2042 2101 4740 
9422 2053 2592 4712 
9423 4436 3950 4577 
9424 4312 2809 4488 
9425 2756 2757 4680 
9426 4386 323 4449 
9427 2505 1989 4798 
9428 2606 3791 4730 
9429 4594 3747 4704 
9430 3508 4188 4701 
9431 2464 4033 4561 
9432 4247 472 4496 
9433 2411 4051 4481 
9434 3917 2590 4741 
9435 659 642 4793 
9436 2564 4410 4617 
9437 4351 1789 4518 
9438 3859 909 4676 
9439 3821 2781 4656 
9440 2679 2268 4697 
9441 4051 1501 4481 
9442 2444 4364 4563 
9443 2533 2632 4729 
9444 2651 2078 4742 
9445 2580 2652 4714 
9446 1246 1243 4703 
9447 4544 3183 4666 
9448 4332 2914 4793 
9449 2002 2528 4807 
9450 2737 2735 4713 
9451 4376 2236 4558 
9452 3754 3976 4804 
9453 4053 1261 4647 
9454 2625 4241 4738 
9455 2670 2672 4700 
9456 3770 1388 4646 
9457 2508 3902 4642 
9458 4481 2820 4607 
9459 2591 1811 4746 
9460 2691 2191 4734 
9461 3080 3078 4690 
9462 3834 2525 4682 
9463 4428 930 4521 
9464 2716 3860 4679 
9465 2156 3896 4663 
9466 2796 4203 4599 
9467 3180 4650 4770 
9468 3902 2511 4650 
9469 3764 2520 4662 
9470 2556 3834 4715 
9471 4638 2555 4675 
9472 4214 3841 4615 
9473 4650 2511 4770 
9474 1970 4092 4765 
9475 3796 1395 4653 
9476 3756 1936 4786 
9477 2643 4657 4751 
9478 2950 2594 4769 
9479 2938 2936 4739 
9480 2735 2733 4803 
9481 4304 3402 4589 
9482 2645 2643 4751 
9483 4010 1584 4757 
9484 4077 447 4670 
9485 3316 4348 4483 
9486 2781 4370 4656 
9487 3791 4669 4730 
9488 1584 4626 4757 
9489 4601 2688 4661 
9490 3904 1066 4794 
9491 1457 4005 4675 
9492 4056 2442 4791 
9493 4713 2735 4803 
9494 3078 4535 4690 
9495 3784 308 4683 
9496 328 4212 4572 
9497 3635 2578 4776 
9498 3887 1521 4705 
9499 2496 4229 4747 
9500 2660 4593 4663 
9501 1694 3997 4773 
9502 4567 2042 4763 
9503 2561 4604 4607 
9504 4342 1425 4787 
9505 4626 3493 4757 
9506 1064 4482 4527 
9507 2936 4514 4739 
9508 4530 3887 4705 
9509 4430 2674 4473 
9510 2261 4156 4605 
9511 1916 4666 4694 
9512 4410 3482 4617 
9513 2553 4299 4652 
9514 3834 4682 4715 
9515 2675 4296 4597 
9516 2684 4214 4615 
9517 2941 4210 4570 
9518 2409 4417 4478 
9519 4363 2434 4761 
9520 4300 2426 4524 
9521 3991 2080 4674 
9522 1357 4130 4681 
9523 3915 2625 4738 
9524 4210 310 4618 
9525 458 4117 4702 
9526 1095 4601 4661 
9527 3226 4605 4747 
9528 2730 4243 4802 
9529 4642 3902 4650 
9530 4164 2860 4655 
9531 2405 4186 4624 
9532 3596 3904 4794 
9533 2845 4737 4759 
9534 3778 322 4766 
9535 4352 2774 4711 
9536 1397 3790 4743 
9537 1429 3861 4775 
9538 3925 1916 4694 
9539 4682 1322 4715 
9540 3299 4632 4780 
9541 2511 3942 4770 
9542 4632 3299 4788 
9543 2448 4020 4772 
9544 670 4595 4673 
9545 2845 3961 4737 
9546 2744 4006 4698 
9547 4018 1498 4720 
9548 3966 2845 4759 
9549 4062 1460 4771 
9550 1304 4642 4650 
9551 2706 4341 4691 
9552 1388 4491 4646 
9553 4613 460 4731 
9554 4737 3020 4759 
9555 4095 2771 4760 
9556 4030 2909 4787 
9557 4390 2156 4699 
9558 4210 2650 4570 
9559 2650 4210 4618 
9560 1592 4168 4780 
9561 2703 4443 4516 
9562 1775 4255 4719 
9563 4482 2464 4527 
9564 3734 4613 4731 
9565 2579 4667 4798 
9566 2773 4476 4763 
9567 2779 4306 4753 
9568 2652 4355 4591 
9569 4648 773 4782 
9570 3035 4485 4762 
9571 4534 3508 4701 
9572 4629 2765 4752 
9573 4456 2765 4531 
9574 2956 4271 4671 
9575 2713 4273 4719 
9576 2851 4635 4727 
9577 2451 4320 4688 
9578 3386 4470 4603 
9579 2762 4484 4588 
9580 2568 4452 4797 
9581 4377 2228 4728 
9582 4464 3493 4626 
9583 2411 4481 4607 
9584 2769 4507 4606 
9585 4414 962 4767 
9586 4381 2448 4772 
9587 4549 3210 4613 
9588 2688 4471 4661 
9589 751 4350 4795 
9590 4537 2760 4630 
9591 3734 4549 4613 
9592 1916 4544 4666 
9593 4593 3123 4663 
9594 4557 842 4684 
9595 4677 2719 4748 
9596 3577 4534 4701 
9597 4480 2577 4733 
9598 4485 2983 4762 
9599 1899 4552 4721 
9600 3275 4550 4712 
9601 4551 2907 4735 
9602 4488 3215 4789 
9603 2536 4493 4796 
9604 4632 3370 4780 
9605 2095 4632 4788 
9606 3628 4566 4807 
9607 3635 4689 4716 
9608 3146 4567 4763 
9609 809 4629 4752 
9610 4749 3754 4804 
9611 1254 4677 4748 
9612 2942 4648 4782 
9613 4667 3267 4798 
9614 2850 4749 4804 
$EndElements
